s,p,o
ex:person_2,ex:hasPossibleIssuers,ex:issuer_33
ex:person_2,ex:hasPossibleIssuers,ex:issuer_48
ex:person_4,ex:hasPossibleIssuers,ex:issuer_48
ex:person_4,ex:hasPossibleIssuers,ex:issuer_52
ex:person_4,ex:hasPossibleIssuers,ex:issuer_53
ex:person_4,ex:hasPossibleIssuers,ex:issuer_288
ex:person_5,ex:hasPossibleIssuers,ex:issuer_52
ex:person_5,ex:hasPossibleIssuers,ex:issuer_53
ex:person_6,ex:hasPossibleIssuers,ex:issuer_60
ex:person_6,ex:hasPossibleIssuers,ex:issuer_63
ex:person_7,ex:hasPossibleIssuers,ex:issuer_60
ex:person_7,ex:hasPossibleIssuers,ex:issuer_63
ex:person_7,ex:hasPossibleIssuers,ex:issuer_70
ex:person_9,ex:hasPossibleIssuers,ex:issuer_60
ex:person_9,ex:hasPossibleIssuers,ex:issuer_63
ex:person_9,ex:hasPossibleIssuers,ex:issuer_288
ex:person_11,ex:hasPossibleIssuers,ex:issuer_77
ex:person_11,ex:hasPossibleIssuers,ex:issuer_83
ex:person_12,ex:hasPossibleIssuers,ex:issuer_77
ex:person_12,ex:hasPossibleIssuers,ex:issuer_83
ex:person_13,ex:hasPossibleIssuers,ex:issuer_77
ex:person_14,ex:hasPossibleIssuers,ex:issuer_83
ex:person_14,ex:hasPossibleIssuers,ex:issuer_88
ex:person_15,ex:hasPossibleIssuers,ex:issuer_83
ex:person_16,ex:hasPossibleIssuers,ex:issuer_83
ex:person_16,ex:hasPossibleIssuers,ex:issuer_88
ex:person_17,ex:hasPossibleIssuers,ex:issuer_83
ex:person_17,ex:hasPossibleIssuers,ex:issuer_88
ex:person_17,ex:hasPossibleIssuers,ex:issuer_269
ex:person_19,ex:hasPossibleIssuers,ex:issuer_88
ex:person_21,ex:hasPossibleIssuers,ex:issuer_94
ex:person_22,ex:hasPossibleIssuers,ex:issuer_100
ex:person_23,ex:hasPossibleIssuers,ex:issuer_100
ex:person_25,ex:hasPossibleIssuers,ex:issuer_103
ex:person_26,ex:hasPossibleIssuers,ex:issuer_106
ex:person_26,ex:hasPossibleIssuers,ex:issuer_107
ex:person_26,ex:hasPossibleIssuers,ex:issuer_269
ex:person_26,ex:hasPossibleIssuers,ex:issuer_288
ex:person_29,ex:hasPossibleIssuers,ex:issuer_119
ex:person_30,ex:hasPossibleIssuers,ex:issuer_194
ex:person_31,ex:hasPossibleIssuers,ex:issuer_131
ex:person_31,ex:hasPossibleIssuers,ex:issuer_281
ex:person_33,ex:hasPossibleIssuers,ex:issuer_150
ex:person_34,ex:hasPossibleIssuers,ex:issuer_151
ex:person_34,ex:hasPossibleIssuers,ex:issuer_161
ex:person_36,ex:hasPossibleIssuers,ex:issuer_152
ex:person_39,ex:hasPossibleIssuers,ex:issuer_151
ex:person_39,ex:hasPossibleIssuers,ex:issuer_152
ex:person_40,ex:hasPossibleIssuers,ex:issuer_151
ex:person_40,ex:hasPossibleIssuers,ex:issuer_152
ex:person_41,ex:hasPossibleIssuers,ex:issuer_151
ex:person_41,ex:hasPossibleIssuers,ex:issuer_152
ex:person_42,ex:hasPossibleIssuers,ex:issuer_131
ex:person_43,ex:hasPossibleIssuers,ex:issuer_151
ex:person_43,ex:hasPossibleIssuers,ex:issuer_152
ex:person_44,ex:hasPossibleIssuers,ex:issuer_111
ex:person_45,ex:hasPossibleIssuers,ex:issuer_111
ex:person_47,ex:hasPossibleIssuers,ex:issuer_102
ex:person_56,ex:hasPossibleIssuers,ex:issuer_158
ex:person_57,ex:hasPossibleIssuers,ex:issuer_113
ex:person_70,ex:hasPossibleIssuers,ex:issuer_59
ex:person_101,ex:hasPossibleIssuers,ex:issuer_297
ex:person_102,ex:hasPossibleIssuers,ex:issuer_286
ex:person_103,ex:hasPossibleIssuers,ex:issuer_208
ex:person_103,ex:hasPossibleIssuers,ex:issuer_252
ex:person_103,ex:hasPossibleIssuers,ex:issuer_286
ex:person_104,ex:hasPossibleIssuers,ex:issuer_285
ex:person_105,ex:hasPossibleIssuers,ex:issuer_252
ex:person_105,ex:hasPossibleIssuers,ex:issuer_286
ex:person_106,ex:hasPossibleIssuers,ex:issuer_246
ex:person_107,ex:hasPossibleIssuers,ex:issuer_33
ex:person_107,ex:hasPossibleIssuers,ex:issuer_52
ex:person_108,ex:hasPossibleIssuers,ex:issuer_52
ex:person_108,ex:hasPossibleIssuers,ex:issuer_53
ex:person_109,ex:hasPossibleIssuers,ex:issuer_52
ex:person_109,ex:hasPossibleIssuers,ex:issuer_53
ex:person_109,ex:hasPossibleIssuers,ex:issuer_55
ex:person_110,ex:hasPossibleIssuers,ex:issuer_102
ex:person_112,ex:hasPossibleIssuers,ex:issuer_53
ex:person_113,ex:hasPossibleIssuers,ex:issuer_102
ex:person_114,ex:hasPossibleIssuers,ex:issuer_53
ex:person_115,ex:hasPossibleIssuers,ex:issuer_215
ex:person_115,ex:hasPossibleIssuers,ex:issuer_216
ex:person_116,ex:hasPossibleIssuers,ex:issuer_53
ex:person_117,ex:hasPossibleIssuers,ex:issuer_53
ex:person_118,ex:hasPossibleIssuers,ex:issuer_88
ex:person_120,ex:hasPossibleIssuers,ex:issuer_151
ex:person_122,ex:hasPossibleIssuers,ex:issuer_59
ex:person_123,ex:hasPossibleIssuers,ex:issuer_182
ex:person_124,ex:hasPossibleIssuers,ex:issuer_225
ex:person_125,ex:hasPossibleIssuers,ex:issuer_63
ex:person_126,ex:hasPossibleIssuers,ex:issuer_88
ex:person_127,ex:hasPossibleIssuers,ex:issuer_100
ex:person_127,ex:hasPossibleIssuers,ex:issuer_103
ex:person_128,ex:hasPossibleIssuers,ex:issuer_103
ex:person_129,ex:hasPossibleIssuers,ex:issuer_48
ex:person_129,ex:hasPossibleIssuers,ex:issuer_53
ex:person_129,ex:hasPossibleIssuers,ex:issuer_58
ex:person_130,ex:hasPossibleIssuers,ex:issuer_74
ex:person_131,ex:hasPossibleIssuers,ex:issuer_110
ex:person_131,ex:hasPossibleIssuers,ex:issuer_111
ex:person_132,ex:hasPossibleIssuers,ex:issuer_74
ex:person_132,ex:hasPossibleIssuers,ex:issuer_77
ex:person_134,ex:hasPossibleIssuers,ex:issuer_77
ex:person_135,ex:hasPossibleIssuers,ex:issuer_83
ex:person_135,ex:hasPossibleIssuers,ex:issuer_88
ex:person_135,ex:hasPossibleIssuers,ex:issuer_288
ex:person_136,ex:hasPossibleIssuers,ex:issuer_100
ex:person_136,ex:hasPossibleIssuers,ex:issuer_103
ex:person_137,ex:hasPossibleIssuers,ex:issuer_216
ex:person_138,ex:hasPossibleIssuers,ex:issuer_94
ex:person_138,ex:hasPossibleIssuers,ex:issuer_288
ex:person_139,ex:hasPossibleIssuers,ex:issuer_77
ex:person_139,ex:hasPossibleIssuers,ex:issuer_288
ex:person_140,ex:hasPossibleIssuers,ex:issuer_88
ex:person_140,ex:hasPossibleIssuers,ex:issuer_93
ex:person_141,ex:hasPossibleIssuers,ex:issuer_88
ex:person_141,ex:hasPossibleIssuers,ex:issuer_94
ex:person_141,ex:hasPossibleIssuers,ex:issuer_288
ex:person_142,ex:hasPossibleIssuers,ex:issuer_127
ex:person_142,ex:hasPossibleIssuers,ex:issuer_257
ex:person_143,ex:hasPossibleIssuers,ex:issuer_74
ex:person_143,ex:hasPossibleIssuers,ex:issuer_288
ex:person_144,ex:hasPossibleIssuers,ex:issuer_261
ex:person_145,ex:hasPossibleIssuers,ex:issuer_261
ex:person_146,ex:hasPossibleIssuers,ex:issuer_266
ex:person_147,ex:hasPossibleIssuers,ex:issuer_257
ex:person_148,ex:hasPossibleIssuers,ex:issuer_97
ex:person_148,ex:hasPossibleIssuers,ex:issuer_100
ex:person_148,ex:hasPossibleIssuers,ex:issuer_288
ex:person_149,ex:hasPossibleIssuers,ex:issuer_103
ex:person_149,ex:hasPossibleIssuers,ex:issuer_288
ex:person_150,ex:hasPossibleIssuers,ex:issuer_70
ex:person_150,ex:hasPossibleIssuers,ex:issuer_288
ex:person_151,ex:hasPossibleIssuers,ex:issuer_74
ex:person_151,ex:hasPossibleIssuers,ex:issuer_77
ex:person_152,ex:hasPossibleIssuers,ex:issuer_70
ex:person_153,ex:hasPossibleIssuers,ex:issuer_52
ex:person_154,ex:hasPossibleIssuers,ex:issuer_52
ex:person_155,ex:hasPossibleIssuers,ex:issuer_48
ex:person_155,ex:hasPossibleIssuers,ex:issuer_53
ex:person_156,ex:hasPossibleIssuers,ex:issuer_48
ex:person_157,ex:hasPossibleIssuers,ex:issuer_275
ex:person_161,ex:hasPossibleIssuers,ex:issuer_286
ex:person_162,ex:hasPossibleIssuers,ex:issuer_100
ex:person_162,ex:hasPossibleIssuers,ex:issuer_231
ex:person_163,ex:hasPossibleIssuers,ex:issuer_106
ex:person_163,ex:hasPossibleIssuers,ex:issuer_107
ex:person_163,ex:hasPossibleIssuers,ex:issuer_289
ex:person_163,ex:hasPossibleIssuers,ex:issuer_296
ex:person_166,ex:hasPossibleIssuers,ex:issuer_288
ex:person_167,ex:hasPossibleIssuers,ex:issuer_109
ex:person_167,ex:hasPossibleIssuers,ex:issuer_288
ex:person_167,ex:hasPossibleIssuers,ex:issuer_296
ex:person_168,ex:hasPossibleIssuers,ex:issuer_235
ex:person_168,ex:hasPossibleIssuers,ex:issuer_288
ex:person_169,ex:hasPossibleIssuers,ex:issuer_52
ex:person_170,ex:hasPossibleIssuers,ex:issuer_102
ex:person_171,ex:hasPossibleIssuers,ex:issuer_102
ex:person_172,ex:hasPossibleIssuers,ex:issuer_63
ex:person_172,ex:hasPossibleIssuers,ex:issuer_70
ex:person_176,ex:hasPossibleIssuers,ex:issuer_33
ex:person_177,ex:hasPossibleIssuers,ex:issuer_215
ex:person_178,ex:hasPossibleIssuers,ex:issuer_225
ex:person_179,ex:hasPossibleIssuers,ex:issuer_74
ex:person_180,ex:hasPossibleIssuers,ex:issuer_126
ex:person_180,ex:hasPossibleIssuers,ex:issuer_129
ex:person_181,ex:hasPossibleIssuers,ex:issuer_187
ex:person_183,ex:hasPossibleIssuers,ex:issuer_53
ex:person_184,ex:hasPossibleIssuers,ex:issuer_53
ex:person_184,ex:hasPossibleIssuers,ex:issuer_55
ex:person_185,ex:hasPossibleIssuers,ex:issuer_52
ex:person_186,ex:hasPossibleIssuers,ex:issuer_215
ex:person_186,ex:hasPossibleIssuers,ex:issuer_261
ex:person_187,ex:hasPossibleIssuers,ex:issuer_106
ex:person_187,ex:hasPossibleIssuers,ex:issuer_107
ex:person_187,ex:hasPossibleIssuers,ex:issuer_109
ex:person_187,ex:hasPossibleIssuers,ex:issuer_288
ex:person_187,ex:hasPossibleIssuers,ex:issuer_296
ex:person_188,ex:hasPossibleIssuers,ex:issuer_100
ex:person_189,ex:hasPossibleIssuers,ex:issuer_74
ex:person_189,ex:hasPossibleIssuers,ex:issuer_77
ex:person_190,ex:hasPossibleIssuers,ex:issuer_106
ex:person_191,ex:hasPossibleIssuers,ex:issuer_103
ex:person_192,ex:hasPossibleIssuers,ex:issuer_111
ex:person_193,ex:hasPossibleIssuers,ex:issuer_111
ex:person_194,ex:hasPossibleIssuers,ex:issuer_102
ex:person_194,ex:hasPossibleIssuers,ex:issuer_103
ex:person_195,ex:hasPossibleIssuers,ex:issuer_281
ex:person_196,ex:hasPossibleIssuers,ex:issuer_59
ex:person_198,ex:hasPossibleIssuers,ex:issuer_106
ex:person_198,ex:hasPossibleIssuers,ex:issuer_289
ex:person_198,ex:hasPossibleIssuers,ex:issuer_296
ex:issuer_33,ex:inPossibleIssuersOf,ex:person_2
ex:issuer_48,ex:inPossibleIssuersOf,ex:person_2
ex:issuer_48,ex:inPossibleIssuersOf,ex:person_4
ex:issuer_52,ex:inPossibleIssuersOf,ex:person_4
ex:issuer_53,ex:inPossibleIssuersOf,ex:person_4
ex:issuer_288,ex:inPossibleIssuersOf,ex:person_4
ex:issuer_52,ex:inPossibleIssuersOf,ex:person_5
ex:issuer_53,ex:inPossibleIssuersOf,ex:person_5
ex:issuer_60,ex:inPossibleIssuersOf,ex:person_6
ex:issuer_63,ex:inPossibleIssuersOf,ex:person_6
ex:issuer_60,ex:inPossibleIssuersOf,ex:person_7
ex:issuer_63,ex:inPossibleIssuersOf,ex:person_7
ex:issuer_70,ex:inPossibleIssuersOf,ex:person_7
ex:issuer_60,ex:inPossibleIssuersOf,ex:person_9
ex:issuer_63,ex:inPossibleIssuersOf,ex:person_9
ex:issuer_288,ex:inPossibleIssuersOf,ex:person_9
ex:issuer_77,ex:inPossibleIssuersOf,ex:person_11
ex:issuer_83,ex:inPossibleIssuersOf,ex:person_11
ex:issuer_77,ex:inPossibleIssuersOf,ex:person_12
ex:issuer_83,ex:inPossibleIssuersOf,ex:person_12
ex:issuer_77,ex:inPossibleIssuersOf,ex:person_13
ex:issuer_83,ex:inPossibleIssuersOf,ex:person_14
ex:issuer_88,ex:inPossibleIssuersOf,ex:person_14
ex:issuer_83,ex:inPossibleIssuersOf,ex:person_15
ex:issuer_83,ex:inPossibleIssuersOf,ex:person_16
ex:issuer_88,ex:inPossibleIssuersOf,ex:person_16
ex:issuer_83,ex:inPossibleIssuersOf,ex:person_17
ex:issuer_88,ex:inPossibleIssuersOf,ex:person_17
ex:issuer_269,ex:inPossibleIssuersOf,ex:person_17
ex:issuer_88,ex:inPossibleIssuersOf,ex:person_19
ex:issuer_94,ex:inPossibleIssuersOf,ex:person_21
ex:issuer_100,ex:inPossibleIssuersOf,ex:person_22
ex:issuer_100,ex:inPossibleIssuersOf,ex:person_23
ex:issuer_103,ex:inPossibleIssuersOf,ex:person_25
ex:issuer_106,ex:inPossibleIssuersOf,ex:person_26
ex:issuer_107,ex:inPossibleIssuersOf,ex:person_26
ex:issuer_269,ex:inPossibleIssuersOf,ex:person_26
ex:issuer_288,ex:inPossibleIssuersOf,ex:person_26
ex:issuer_119,ex:inPossibleIssuersOf,ex:person_29
ex:issuer_194,ex:inPossibleIssuersOf,ex:person_30
ex:issuer_131,ex:inPossibleIssuersOf,ex:person_31
ex:issuer_281,ex:inPossibleIssuersOf,ex:person_31
ex:issuer_150,ex:inPossibleIssuersOf,ex:person_33
ex:issuer_151,ex:inPossibleIssuersOf,ex:person_34
ex:issuer_161,ex:inPossibleIssuersOf,ex:person_34
ex:issuer_152,ex:inPossibleIssuersOf,ex:person_36
ex:issuer_151,ex:inPossibleIssuersOf,ex:person_39
ex:issuer_152,ex:inPossibleIssuersOf,ex:person_39
ex:issuer_151,ex:inPossibleIssuersOf,ex:person_40
ex:issuer_152,ex:inPossibleIssuersOf,ex:person_40
ex:issuer_151,ex:inPossibleIssuersOf,ex:person_41
ex:issuer_152,ex:inPossibleIssuersOf,ex:person_41
ex:issuer_131,ex:inPossibleIssuersOf,ex:person_42
ex:issuer_151,ex:inPossibleIssuersOf,ex:person_43
ex:issuer_152,ex:inPossibleIssuersOf,ex:person_43
ex:issuer_111,ex:inPossibleIssuersOf,ex:person_44
ex:issuer_111,ex:inPossibleIssuersOf,ex:person_45
ex:issuer_102,ex:inPossibleIssuersOf,ex:person_47
ex:issuer_158,ex:inPossibleIssuersOf,ex:person_56
ex:issuer_113,ex:inPossibleIssuersOf,ex:person_57
ex:issuer_59,ex:inPossibleIssuersOf,ex:person_70
ex:issuer_297,ex:inPossibleIssuersOf,ex:person_101
ex:issuer_286,ex:inPossibleIssuersOf,ex:person_102
ex:issuer_208,ex:inPossibleIssuersOf,ex:person_103
ex:issuer_252,ex:inPossibleIssuersOf,ex:person_103
ex:issuer_286,ex:inPossibleIssuersOf,ex:person_103
ex:issuer_285,ex:inPossibleIssuersOf,ex:person_104
ex:issuer_252,ex:inPossibleIssuersOf,ex:person_105
ex:issuer_286,ex:inPossibleIssuersOf,ex:person_105
ex:issuer_246,ex:inPossibleIssuersOf,ex:person_106
ex:issuer_33,ex:inPossibleIssuersOf,ex:person_107
ex:issuer_52,ex:inPossibleIssuersOf,ex:person_107
ex:issuer_52,ex:inPossibleIssuersOf,ex:person_108
ex:issuer_53,ex:inPossibleIssuersOf,ex:person_108
ex:issuer_52,ex:inPossibleIssuersOf,ex:person_109
ex:issuer_53,ex:inPossibleIssuersOf,ex:person_109
ex:issuer_55,ex:inPossibleIssuersOf,ex:person_109
ex:issuer_102,ex:inPossibleIssuersOf,ex:person_110
ex:issuer_53,ex:inPossibleIssuersOf,ex:person_112
ex:issuer_102,ex:inPossibleIssuersOf,ex:person_113
ex:issuer_53,ex:inPossibleIssuersOf,ex:person_114
ex:issuer_215,ex:inPossibleIssuersOf,ex:person_115
ex:issuer_216,ex:inPossibleIssuersOf,ex:person_115
ex:issuer_53,ex:inPossibleIssuersOf,ex:person_116
ex:issuer_53,ex:inPossibleIssuersOf,ex:person_117
ex:issuer_88,ex:inPossibleIssuersOf,ex:person_118
ex:issuer_151,ex:inPossibleIssuersOf,ex:person_120
ex:issuer_59,ex:inPossibleIssuersOf,ex:person_122
ex:issuer_182,ex:inPossibleIssuersOf,ex:person_123
ex:issuer_225,ex:inPossibleIssuersOf,ex:person_124
ex:issuer_63,ex:inPossibleIssuersOf,ex:person_125
ex:issuer_88,ex:inPossibleIssuersOf,ex:person_126
ex:issuer_100,ex:inPossibleIssuersOf,ex:person_127
ex:issuer_103,ex:inPossibleIssuersOf,ex:person_127
ex:issuer_103,ex:inPossibleIssuersOf,ex:person_128
ex:issuer_48,ex:inPossibleIssuersOf,ex:person_129
ex:issuer_53,ex:inPossibleIssuersOf,ex:person_129
ex:issuer_58,ex:inPossibleIssuersOf,ex:person_129
ex:issuer_74,ex:inPossibleIssuersOf,ex:person_130
ex:issuer_110,ex:inPossibleIssuersOf,ex:person_131
ex:issuer_111,ex:inPossibleIssuersOf,ex:person_131
ex:issuer_74,ex:inPossibleIssuersOf,ex:person_132
ex:issuer_77,ex:inPossibleIssuersOf,ex:person_132
ex:issuer_77,ex:inPossibleIssuersOf,ex:person_134
ex:issuer_83,ex:inPossibleIssuersOf,ex:person_135
ex:issuer_88,ex:inPossibleIssuersOf,ex:person_135
ex:issuer_288,ex:inPossibleIssuersOf,ex:person_135
ex:issuer_100,ex:inPossibleIssuersOf,ex:person_136
ex:issuer_103,ex:inPossibleIssuersOf,ex:person_136
ex:issuer_216,ex:inPossibleIssuersOf,ex:person_137
ex:issuer_94,ex:inPossibleIssuersOf,ex:person_138
ex:issuer_288,ex:inPossibleIssuersOf,ex:person_138
ex:issuer_77,ex:inPossibleIssuersOf,ex:person_139
ex:issuer_288,ex:inPossibleIssuersOf,ex:person_139
ex:issuer_88,ex:inPossibleIssuersOf,ex:person_140
ex:issuer_93,ex:inPossibleIssuersOf,ex:person_140
ex:issuer_88,ex:inPossibleIssuersOf,ex:person_141
ex:issuer_94,ex:inPossibleIssuersOf,ex:person_141
ex:issuer_288,ex:inPossibleIssuersOf,ex:person_141
ex:issuer_127,ex:inPossibleIssuersOf,ex:person_142
ex:issuer_257,ex:inPossibleIssuersOf,ex:person_142
ex:issuer_74,ex:inPossibleIssuersOf,ex:person_143
ex:issuer_288,ex:inPossibleIssuersOf,ex:person_143
ex:issuer_261,ex:inPossibleIssuersOf,ex:person_144
ex:issuer_261,ex:inPossibleIssuersOf,ex:person_145
ex:issuer_266,ex:inPossibleIssuersOf,ex:person_146
ex:issuer_257,ex:inPossibleIssuersOf,ex:person_147
ex:issuer_97,ex:inPossibleIssuersOf,ex:person_148
ex:issuer_100,ex:inPossibleIssuersOf,ex:person_148
ex:issuer_288,ex:inPossibleIssuersOf,ex:person_148
ex:issuer_103,ex:inPossibleIssuersOf,ex:person_149
ex:issuer_288,ex:inPossibleIssuersOf,ex:person_149
ex:issuer_70,ex:inPossibleIssuersOf,ex:person_150
ex:issuer_288,ex:inPossibleIssuersOf,ex:person_150
ex:issuer_74,ex:inPossibleIssuersOf,ex:person_151
ex:issuer_77,ex:inPossibleIssuersOf,ex:person_151
ex:issuer_70,ex:inPossibleIssuersOf,ex:person_152
ex:issuer_52,ex:inPossibleIssuersOf,ex:person_153
ex:issuer_52,ex:inPossibleIssuersOf,ex:person_154
ex:issuer_48,ex:inPossibleIssuersOf,ex:person_155
ex:issuer_53,ex:inPossibleIssuersOf,ex:person_155
ex:issuer_48,ex:inPossibleIssuersOf,ex:person_156
ex:issuer_275,ex:inPossibleIssuersOf,ex:person_157
ex:issuer_286,ex:inPossibleIssuersOf,ex:person_161
ex:issuer_100,ex:inPossibleIssuersOf,ex:person_162
ex:issuer_231,ex:inPossibleIssuersOf,ex:person_162
ex:issuer_106,ex:inPossibleIssuersOf,ex:person_163
ex:issuer_107,ex:inPossibleIssuersOf,ex:person_163
ex:issuer_289,ex:inPossibleIssuersOf,ex:person_163
ex:issuer_296,ex:inPossibleIssuersOf,ex:person_163
ex:issuer_288,ex:inPossibleIssuersOf,ex:person_166
ex:issuer_109,ex:inPossibleIssuersOf,ex:person_167
ex:issuer_288,ex:inPossibleIssuersOf,ex:person_167
ex:issuer_296,ex:inPossibleIssuersOf,ex:person_167
ex:issuer_235,ex:inPossibleIssuersOf,ex:person_168
ex:issuer_288,ex:inPossibleIssuersOf,ex:person_168
ex:issuer_52,ex:inPossibleIssuersOf,ex:person_169
ex:issuer_102,ex:inPossibleIssuersOf,ex:person_170
ex:issuer_102,ex:inPossibleIssuersOf,ex:person_171
ex:issuer_63,ex:inPossibleIssuersOf,ex:person_172
ex:issuer_70,ex:inPossibleIssuersOf,ex:person_172
ex:issuer_33,ex:inPossibleIssuersOf,ex:person_176
ex:issuer_215,ex:inPossibleIssuersOf,ex:person_177
ex:issuer_225,ex:inPossibleIssuersOf,ex:person_178
ex:issuer_74,ex:inPossibleIssuersOf,ex:person_179
ex:issuer_126,ex:inPossibleIssuersOf,ex:person_180
ex:issuer_129,ex:inPossibleIssuersOf,ex:person_180
ex:issuer_187,ex:inPossibleIssuersOf,ex:person_181
ex:issuer_53,ex:inPossibleIssuersOf,ex:person_183
ex:issuer_53,ex:inPossibleIssuersOf,ex:person_184
ex:issuer_55,ex:inPossibleIssuersOf,ex:person_184
ex:issuer_52,ex:inPossibleIssuersOf,ex:person_185
ex:issuer_215,ex:inPossibleIssuersOf,ex:person_186
ex:issuer_261,ex:inPossibleIssuersOf,ex:person_186
ex:issuer_106,ex:inPossibleIssuersOf,ex:person_187
ex:issuer_107,ex:inPossibleIssuersOf,ex:person_187
ex:issuer_109,ex:inPossibleIssuersOf,ex:person_187
ex:issuer_288,ex:inPossibleIssuersOf,ex:person_187
ex:issuer_296,ex:inPossibleIssuersOf,ex:person_187
ex:issuer_100,ex:inPossibleIssuersOf,ex:person_188
ex:issuer_74,ex:inPossibleIssuersOf,ex:person_189
ex:issuer_77,ex:inPossibleIssuersOf,ex:person_189
ex:issuer_106,ex:inPossibleIssuersOf,ex:person_190
ex:issuer_103,ex:inPossibleIssuersOf,ex:person_191
ex:issuer_111,ex:inPossibleIssuersOf,ex:person_192
ex:issuer_111,ex:inPossibleIssuersOf,ex:person_193
ex:issuer_102,ex:inPossibleIssuersOf,ex:person_194
ex:issuer_103,ex:inPossibleIssuersOf,ex:person_194
ex:issuer_281,ex:inPossibleIssuersOf,ex:person_195
ex:issuer_59,ex:inPossibleIssuersOf,ex:person_196
ex:issuer_106,ex:inPossibleIssuersOf,ex:person_198
ex:issuer_289,ex:inPossibleIssuersOf,ex:person_198
ex:issuer_296,ex:inPossibleIssuersOf,ex:person_198
ex:coin_34,nmo:hasIssuer,ex:issuer_6
ex:coin_34,nmo:hasIssuer,ex:issuer_14
ex:coin_126,nmo:hasIssuer,ex:issuer_6
ex:coin_126,nmo:hasIssuer,ex:issuer_14
ex:coin_166,nmo:hasIssuer,ex:issuer_6
ex:coin_166,nmo:hasIssuer,ex:issuer_14
ex:coin_177,nmo:hasIssuer,ex:issuer_6
ex:coin_177,nmo:hasIssuer,ex:issuer_14
ex:coin_210,nmo:hasIssuer,ex:issuer_6
ex:coin_210,nmo:hasIssuer,ex:issuer_14
ex:coin_1416,nmo:hasIssuer,ex:issuer_6
ex:coin_1416,nmo:hasIssuer,ex:issuer_14
ex:coin_1417,nmo:hasIssuer,ex:issuer_6
ex:coin_1417,nmo:hasIssuer,ex:issuer_14
ex:coin_911,nmo:hasIssuer,ex:issuer_20
ex:coin_1534,nmo:hasIssuer,ex:issuer_33
ex:coin_1592,nmo:hasIssuer,ex:issuer_33
ex:coin_1601,nmo:hasIssuer,ex:issuer_33
ex:coin_1607,nmo:hasIssuer,ex:issuer_33
ex:coin_1609,nmo:hasIssuer,ex:issuer_33
ex:coin_1812,nmo:hasIssuer,ex:issuer_33
ex:coin_5770,nmo:hasIssuer,ex:issuer_33
ex:coin_5770,nmo:hasIssuer,ex:issuer_48
ex:coin_6421,nmo:hasIssuer,ex:issuer_33
ex:coin_9073,nmo:hasIssuer,ex:issuer_33
ex:coin_9427,nmo:hasIssuer,ex:issuer_33
ex:coin_9497,nmo:hasIssuer,ex:issuer_33
ex:coin_9497,nmo:hasIssuer,ex:issuer_48
ex:coin_10123,nmo:hasIssuer,ex:issuer_33
ex:coin_10154,nmo:hasIssuer,ex:issuer_33
ex:coin_11651,nmo:hasIssuer,ex:issuer_33
ex:coin_12037,nmo:hasIssuer,ex:issuer_33
ex:coin_12365,nmo:hasIssuer,ex:issuer_33
ex:coin_12366,nmo:hasIssuer,ex:issuer_33
ex:coin_12831,nmo:hasIssuer,ex:issuer_33
ex:coin_13232,nmo:hasIssuer,ex:issuer_33
ex:coin_13504,nmo:hasIssuer,ex:issuer_33
ex:coin_13743,nmo:hasIssuer,ex:issuer_33
ex:coin_14201,nmo:hasIssuer,ex:issuer_33
ex:coin_15055,nmo:hasIssuer,ex:issuer_33
ex:coin_16275,nmo:hasIssuer,ex:issuer_33
ex:coin_16276,nmo:hasIssuer,ex:issuer_33
ex:coin_17623,nmo:hasIssuer,ex:issuer_33
ex:coin_18266,nmo:hasIssuer,ex:issuer_33
ex:coin_18398,nmo:hasIssuer,ex:issuer_33
ex:coin_28157,nmo:hasIssuer,ex:issuer_33
ex:coin_28158,nmo:hasIssuer,ex:issuer_33
ex:coin_28159,nmo:hasIssuer,ex:issuer_33
ex:coin_28160,nmo:hasIssuer,ex:issuer_33
ex:coin_28161,nmo:hasIssuer,ex:issuer_33
ex:coin_28162,nmo:hasIssuer,ex:issuer_33
ex:coin_28163,nmo:hasIssuer,ex:issuer_33
ex:coin_28164,nmo:hasIssuer,ex:issuer_33
ex:coin_28165,nmo:hasIssuer,ex:issuer_33
ex:coin_28166,nmo:hasIssuer,ex:issuer_33
ex:coin_28167,nmo:hasIssuer,ex:issuer_33
ex:coin_28168,nmo:hasIssuer,ex:issuer_33
ex:coin_28169,nmo:hasIssuer,ex:issuer_33
ex:coin_28170,nmo:hasIssuer,ex:issuer_33
ex:coin_28171,nmo:hasIssuer,ex:issuer_33
ex:coin_28172,nmo:hasIssuer,ex:issuer_33
ex:coin_28173,nmo:hasIssuer,ex:issuer_33
ex:coin_28174,nmo:hasIssuer,ex:issuer_33
ex:coin_28175,nmo:hasIssuer,ex:issuer_33
ex:coin_28176,nmo:hasIssuer,ex:issuer_33
ex:coin_28177,nmo:hasIssuer,ex:issuer_33
ex:coin_28178,nmo:hasIssuer,ex:issuer_33
ex:coin_28179,nmo:hasIssuer,ex:issuer_33
ex:coin_28180,nmo:hasIssuer,ex:issuer_33
ex:coin_28181,nmo:hasIssuer,ex:issuer_33
ex:coin_28182,nmo:hasIssuer,ex:issuer_33
ex:coin_28183,nmo:hasIssuer,ex:issuer_33
ex:coin_28184,nmo:hasIssuer,ex:issuer_33
ex:coin_28185,nmo:hasIssuer,ex:issuer_33
ex:coin_28186,nmo:hasIssuer,ex:issuer_33
ex:coin_28187,nmo:hasIssuer,ex:issuer_33
ex:coin_28188,nmo:hasIssuer,ex:issuer_33
ex:coin_28189,nmo:hasIssuer,ex:issuer_33
ex:coin_28190,nmo:hasIssuer,ex:issuer_33
ex:coin_28191,nmo:hasIssuer,ex:issuer_33
ex:coin_28192,nmo:hasIssuer,ex:issuer_33
ex:coin_28193,nmo:hasIssuer,ex:issuer_33
ex:coin_28194,nmo:hasIssuer,ex:issuer_33
ex:coin_28195,nmo:hasIssuer,ex:issuer_33
ex:coin_28196,nmo:hasIssuer,ex:issuer_33
ex:coin_28380,nmo:hasIssuer,ex:issuer_33
ex:coin_29574,nmo:hasIssuer,ex:issuer_33
ex:coin_30207,nmo:hasIssuer,ex:issuer_33
ex:coin_30573,nmo:hasIssuer,ex:issuer_33
ex:coin_30613,nmo:hasIssuer,ex:issuer_33
ex:coin_31632,nmo:hasIssuer,ex:issuer_33
ex:coin_31658,nmo:hasIssuer,ex:issuer_33
ex:coin_31736,nmo:hasIssuer,ex:issuer_33
ex:coin_32034,nmo:hasIssuer,ex:issuer_33
ex:coin_32267,nmo:hasIssuer,ex:issuer_33
ex:coin_32568,nmo:hasIssuer,ex:issuer_33
ex:coin_33331,nmo:hasIssuer,ex:issuer_33
ex:coin_33518,nmo:hasIssuer,ex:issuer_33
ex:coin_33577,nmo:hasIssuer,ex:issuer_33
ex:coin_34220,nmo:hasIssuer,ex:issuer_33
ex:coin_34318,nmo:hasIssuer,ex:issuer_33
ex:coin_34365,nmo:hasIssuer,ex:issuer_33
ex:coin_34522,nmo:hasIssuer,ex:issuer_33
ex:coin_34629,nmo:hasIssuer,ex:issuer_33
ex:coin_34629,nmo:hasIssuer,ex:issuer_48
ex:coin_34697,nmo:hasIssuer,ex:issuer_33
ex:coin_34837,nmo:hasIssuer,ex:issuer_33
ex:coin_35007,nmo:hasIssuer,ex:issuer_33
ex:coin_35008,nmo:hasIssuer,ex:issuer_33
ex:coin_35072,nmo:hasIssuer,ex:issuer_33
ex:coin_35073,nmo:hasIssuer,ex:issuer_33
ex:coin_35074,nmo:hasIssuer,ex:issuer_33
ex:coin_35130,nmo:hasIssuer,ex:issuer_33
ex:coin_35149,nmo:hasIssuer,ex:issuer_33
ex:coin_35235,nmo:hasIssuer,ex:issuer_33
ex:coin_35241,nmo:hasIssuer,ex:issuer_33
ex:coin_35279,nmo:hasIssuer,ex:issuer_33
ex:coin_36829,nmo:hasIssuer,ex:issuer_33
ex:coin_36865,nmo:hasIssuer,ex:issuer_33
ex:coin_36971,nmo:hasIssuer,ex:issuer_33
ex:coin_42921,nmo:hasIssuer,ex:issuer_33
ex:coin_42922,nmo:hasIssuer,ex:issuer_33
ex:coin_284,nmo:hasIssuer,ex:issuer_48
ex:coin_1535,nmo:hasIssuer,ex:issuer_48
ex:coin_1585,nmo:hasIssuer,ex:issuer_48
ex:coin_1791,nmo:hasIssuer,ex:issuer_48
ex:coin_1876,nmo:hasIssuer,ex:issuer_48
ex:coin_1877,nmo:hasIssuer,ex:issuer_48
ex:coin_1878,nmo:hasIssuer,ex:issuer_48
ex:coin_1879,nmo:hasIssuer,ex:issuer_48
ex:coin_1880,nmo:hasIssuer,ex:issuer_48
ex:coin_5350,nmo:hasIssuer,ex:issuer_48
ex:coin_5405,nmo:hasIssuer,ex:issuer_48
ex:coin_5756,nmo:hasIssuer,ex:issuer_48
ex:coin_6197,nmo:hasIssuer,ex:issuer_48
ex:coin_6448,nmo:hasIssuer,ex:issuer_48
ex:coin_6505,nmo:hasIssuer,ex:issuer_48
ex:coin_6555,nmo:hasIssuer,ex:issuer_48
ex:coin_6612,nmo:hasIssuer,ex:issuer_48
ex:coin_7550,nmo:hasIssuer,ex:issuer_48
ex:coin_7922,nmo:hasIssuer,ex:issuer_48
ex:coin_7999,nmo:hasIssuer,ex:issuer_48
ex:coin_8376,nmo:hasIssuer,ex:issuer_48
ex:coin_8562,nmo:hasIssuer,ex:issuer_48
ex:coin_8562,nmo:hasIssuer,ex:issuer_52
ex:coin_8581,nmo:hasIssuer,ex:issuer_48
ex:coin_8681,nmo:hasIssuer,ex:issuer_48
ex:coin_10956,nmo:hasIssuer,ex:issuer_48
ex:coin_11034,nmo:hasIssuer,ex:issuer_48
ex:coin_11035,nmo:hasIssuer,ex:issuer_48
ex:coin_13087,nmo:hasIssuer,ex:issuer_48
ex:coin_13426,nmo:hasIssuer,ex:issuer_48
ex:coin_14185,nmo:hasIssuer,ex:issuer_48
ex:coin_14190,nmo:hasIssuer,ex:issuer_48
ex:coin_14202,nmo:hasIssuer,ex:issuer_48
ex:coin_15659,nmo:hasIssuer,ex:issuer_48
ex:coin_16416,nmo:hasIssuer,ex:issuer_48
ex:coin_16419,nmo:hasIssuer,ex:issuer_48
ex:coin_18377,nmo:hasIssuer,ex:issuer_48
ex:coin_35009,nmo:hasIssuer,ex:issuer_48
ex:coin_35010,nmo:hasIssuer,ex:issuer_48
ex:coin_35011,nmo:hasIssuer,ex:issuer_48
ex:coin_35012,nmo:hasIssuer,ex:issuer_48
ex:coin_35013,nmo:hasIssuer,ex:issuer_48
ex:coin_35014,nmo:hasIssuer,ex:issuer_48
ex:coin_35015,nmo:hasIssuer,ex:issuer_48
ex:coin_35016,nmo:hasIssuer,ex:issuer_48
ex:coin_35077,nmo:hasIssuer,ex:issuer_48
ex:coin_35102,nmo:hasIssuer,ex:issuer_48
ex:coin_35103,nmo:hasIssuer,ex:issuer_48
ex:coin_35118,nmo:hasIssuer,ex:issuer_48
ex:coin_35125,nmo:hasIssuer,ex:issuer_48
ex:coin_35167,nmo:hasIssuer,ex:issuer_48
ex:coin_35169,nmo:hasIssuer,ex:issuer_48
ex:coin_35179,nmo:hasIssuer,ex:issuer_48
ex:coin_35196,nmo:hasIssuer,ex:issuer_48
ex:coin_35203,nmo:hasIssuer,ex:issuer_48
ex:coin_35204,nmo:hasIssuer,ex:issuer_48
ex:coin_35210,nmo:hasIssuer,ex:issuer_48
ex:coin_35212,nmo:hasIssuer,ex:issuer_48
ex:coin_35228,nmo:hasIssuer,ex:issuer_48
ex:coin_35233,nmo:hasIssuer,ex:issuer_48
ex:coin_35243,nmo:hasIssuer,ex:issuer_48
ex:coin_35250,nmo:hasIssuer,ex:issuer_48
ex:coin_35256,nmo:hasIssuer,ex:issuer_48
ex:coin_35261,nmo:hasIssuer,ex:issuer_48
ex:coin_35268,nmo:hasIssuer,ex:issuer_48
ex:coin_35285,nmo:hasIssuer,ex:issuer_48
ex:coin_35289,nmo:hasIssuer,ex:issuer_48
ex:coin_36972,nmo:hasIssuer,ex:issuer_48
ex:coin_36978,nmo:hasIssuer,ex:issuer_48
ex:coin_36986,nmo:hasIssuer,ex:issuer_48
ex:coin_36987,nmo:hasIssuer,ex:issuer_48
ex:coin_36988,nmo:hasIssuer,ex:issuer_48
ex:coin_41407,nmo:hasIssuer,ex:issuer_48
ex:coin_42924,nmo:hasIssuer,ex:issuer_48
ex:coin_795,nmo:hasIssuer,ex:issuer_52
ex:coin_6249,nmo:hasIssuer,ex:issuer_52
ex:coin_6249,nmo:hasIssuer,ex:issuer_53
ex:coin_6567,nmo:hasIssuer,ex:issuer_52
ex:coin_6718,nmo:hasIssuer,ex:issuer_52
ex:coin_6877,nmo:hasIssuer,ex:issuer_52
ex:coin_6877,nmo:hasIssuer,ex:issuer_53
ex:coin_7620,nmo:hasIssuer,ex:issuer_52
ex:coin_9081,nmo:hasIssuer,ex:issuer_52
ex:coin_10543,nmo:hasIssuer,ex:issuer_52
ex:coin_12495,nmo:hasIssuer,ex:issuer_52
ex:coin_12593,nmo:hasIssuer,ex:issuer_52
ex:coin_12636,nmo:hasIssuer,ex:issuer_52
ex:coin_14212,nmo:hasIssuer,ex:issuer_52
ex:coin_15001,nmo:hasIssuer,ex:issuer_52
ex:coin_15115,nmo:hasIssuer,ex:issuer_52
ex:coin_15118,nmo:hasIssuer,ex:issuer_52
ex:coin_16252,nmo:hasIssuer,ex:issuer_52
ex:coin_33323,nmo:hasIssuer,ex:issuer_52
ex:coin_33323,nmo:hasIssuer,ex:issuer_53
ex:coin_34976,nmo:hasIssuer,ex:issuer_52
ex:coin_34977,nmo:hasIssuer,ex:issuer_52
ex:coin_34978,nmo:hasIssuer,ex:issuer_52
ex:coin_34980,nmo:hasIssuer,ex:issuer_52
ex:coin_35021,nmo:hasIssuer,ex:issuer_52
ex:coin_35022,nmo:hasIssuer,ex:issuer_52
ex:coin_35023,nmo:hasIssuer,ex:issuer_52
ex:coin_35024,nmo:hasIssuer,ex:issuer_52
ex:coin_35025,nmo:hasIssuer,ex:issuer_52
ex:coin_35026,nmo:hasIssuer,ex:issuer_52
ex:coin_35027,nmo:hasIssuer,ex:issuer_52
ex:coin_35056,nmo:hasIssuer,ex:issuer_52
ex:coin_35080,nmo:hasIssuer,ex:issuer_52
ex:coin_35081,nmo:hasIssuer,ex:issuer_52
ex:coin_35119,nmo:hasIssuer,ex:issuer_52
ex:coin_35135,nmo:hasIssuer,ex:issuer_52
ex:coin_35140,nmo:hasIssuer,ex:issuer_52
ex:coin_35145,nmo:hasIssuer,ex:issuer_52
ex:coin_35209,nmo:hasIssuer,ex:issuer_52
ex:coin_35217,nmo:hasIssuer,ex:issuer_52
ex:coin_35220,nmo:hasIssuer,ex:issuer_52
ex:coin_35224,nmo:hasIssuer,ex:issuer_52
ex:coin_35225,nmo:hasIssuer,ex:issuer_52
ex:coin_35252,nmo:hasIssuer,ex:issuer_52
ex:coin_35278,nmo:hasIssuer,ex:issuer_52
ex:coin_35293,nmo:hasIssuer,ex:issuer_52
ex:coin_36973,nmo:hasIssuer,ex:issuer_52
ex:coin_1792,nmo:hasIssuer,ex:issuer_53
ex:coin_7490,nmo:hasIssuer,ex:issuer_53
ex:coin_8432,nmo:hasIssuer,ex:issuer_53
ex:coin_8518,nmo:hasIssuer,ex:issuer_53
ex:coin_8583,nmo:hasIssuer,ex:issuer_53
ex:coin_9277,nmo:hasIssuer,ex:issuer_53
ex:coin_12758,nmo:hasIssuer,ex:issuer_53
ex:coin_16622,nmo:hasIssuer,ex:issuer_53
ex:coin_28104,nmo:hasIssuer,ex:issuer_53
ex:coin_34981,nmo:hasIssuer,ex:issuer_53
ex:coin_35262,nmo:hasIssuer,ex:issuer_53
ex:coin_40147,nmo:hasIssuer,ex:issuer_53
ex:coin_41405,nmo:hasIssuer,ex:issuer_53
ex:coin_41535,nmo:hasIssuer,ex:issuer_53
ex:coin_35263,nmo:hasIssuer,ex:issuer_58
ex:coin_35263,nmo:hasIssuer,ex:issuer_60
ex:coin_796,nmo:hasIssuer,ex:issuer_60
ex:coin_799,nmo:hasIssuer,ex:issuer_60
ex:coin_806,nmo:hasIssuer,ex:issuer_60
ex:coin_842,nmo:hasIssuer,ex:issuer_60
ex:coin_844,nmo:hasIssuer,ex:issuer_60
ex:coin_987,nmo:hasIssuer,ex:issuer_60
ex:coin_987,nmo:hasIssuer,ex:issuer_63
ex:coin_1161,nmo:hasIssuer,ex:issuer_60
ex:coin_1202,nmo:hasIssuer,ex:issuer_60
ex:coin_2895,nmo:hasIssuer,ex:issuer_60
ex:coin_2896,nmo:hasIssuer,ex:issuer_60
ex:coin_3158,nmo:hasIssuer,ex:issuer_60
ex:coin_3263,nmo:hasIssuer,ex:issuer_60
ex:coin_3264,nmo:hasIssuer,ex:issuer_60
ex:coin_3265,nmo:hasIssuer,ex:issuer_60
ex:coin_3379,nmo:hasIssuer,ex:issuer_60
ex:coin_3496,nmo:hasIssuer,ex:issuer_60
ex:coin_3497,nmo:hasIssuer,ex:issuer_60
ex:coin_3498,nmo:hasIssuer,ex:issuer_60
ex:coin_3499,nmo:hasIssuer,ex:issuer_60
ex:coin_3638,nmo:hasIssuer,ex:issuer_60
ex:coin_3639,nmo:hasIssuer,ex:issuer_60
ex:coin_3640,nmo:hasIssuer,ex:issuer_60
ex:coin_3641,nmo:hasIssuer,ex:issuer_60
ex:coin_3642,nmo:hasIssuer,ex:issuer_60
ex:coin_3643,nmo:hasIssuer,ex:issuer_60
ex:coin_3920,nmo:hasIssuer,ex:issuer_60
ex:coin_3921,nmo:hasIssuer,ex:issuer_60
ex:coin_3922,nmo:hasIssuer,ex:issuer_60
ex:coin_3923,nmo:hasIssuer,ex:issuer_60
ex:coin_3924,nmo:hasIssuer,ex:issuer_60
ex:coin_3925,nmo:hasIssuer,ex:issuer_60
ex:coin_3926,nmo:hasIssuer,ex:issuer_60
ex:coin_3927,nmo:hasIssuer,ex:issuer_60
ex:coin_4488,nmo:hasIssuer,ex:issuer_60
ex:coin_4489,nmo:hasIssuer,ex:issuer_60
ex:coin_4490,nmo:hasIssuer,ex:issuer_60
ex:coin_4491,nmo:hasIssuer,ex:issuer_60
ex:coin_4492,nmo:hasIssuer,ex:issuer_60
ex:coin_4493,nmo:hasIssuer,ex:issuer_60
ex:coin_4683,nmo:hasIssuer,ex:issuer_60
ex:coin_4797,nmo:hasIssuer,ex:issuer_60
ex:coin_4801,nmo:hasIssuer,ex:issuer_60
ex:coin_4802,nmo:hasIssuer,ex:issuer_60
ex:coin_5001,nmo:hasIssuer,ex:issuer_60
ex:coin_5011,nmo:hasIssuer,ex:issuer_60
ex:coin_5156,nmo:hasIssuer,ex:issuer_60
ex:coin_5157,nmo:hasIssuer,ex:issuer_60
ex:coin_5158,nmo:hasIssuer,ex:issuer_60
ex:coin_5159,nmo:hasIssuer,ex:issuer_60
ex:coin_5160,nmo:hasIssuer,ex:issuer_60
ex:coin_5411,nmo:hasIssuer,ex:issuer_60
ex:coin_5495,nmo:hasIssuer,ex:issuer_60
ex:coin_5655,nmo:hasIssuer,ex:issuer_60
ex:coin_6434,nmo:hasIssuer,ex:issuer_60
ex:coin_6540,nmo:hasIssuer,ex:issuer_60
ex:coin_7697,nmo:hasIssuer,ex:issuer_60
ex:coin_7698,nmo:hasIssuer,ex:issuer_60
ex:coin_7699,nmo:hasIssuer,ex:issuer_60
ex:coin_7700,nmo:hasIssuer,ex:issuer_60
ex:coin_7701,nmo:hasIssuer,ex:issuer_60
ex:coin_7702,nmo:hasIssuer,ex:issuer_60
ex:coin_7703,nmo:hasIssuer,ex:issuer_60
ex:coin_7704,nmo:hasIssuer,ex:issuer_60
ex:coin_7705,nmo:hasIssuer,ex:issuer_60
ex:coin_7706,nmo:hasIssuer,ex:issuer_60
ex:coin_7707,nmo:hasIssuer,ex:issuer_60
ex:coin_7708,nmo:hasIssuer,ex:issuer_60
ex:coin_7709,nmo:hasIssuer,ex:issuer_60
ex:coin_7710,nmo:hasIssuer,ex:issuer_60
ex:coin_8557,nmo:hasIssuer,ex:issuer_60
ex:coin_8925,nmo:hasIssuer,ex:issuer_60
ex:coin_8974,nmo:hasIssuer,ex:issuer_60
ex:coin_9298,nmo:hasIssuer,ex:issuer_60
ex:coin_10155,nmo:hasIssuer,ex:issuer_60
ex:coin_10163,nmo:hasIssuer,ex:issuer_60
ex:coin_10205,nmo:hasIssuer,ex:issuer_60
ex:coin_12028,nmo:hasIssuer,ex:issuer_60
ex:coin_12072,nmo:hasIssuer,ex:issuer_60
ex:coin_12072,nmo:hasIssuer,ex:issuer_63
ex:coin_12072,nmo:hasIssuer,ex:issuer_70
ex:coin_12297,nmo:hasIssuer,ex:issuer_60
ex:coin_12350,nmo:hasIssuer,ex:issuer_60
ex:coin_13130,nmo:hasIssuer,ex:issuer_60
ex:coin_13130,nmo:hasIssuer,ex:issuer_63
ex:coin_13623,nmo:hasIssuer,ex:issuer_60
ex:coin_13623,nmo:hasIssuer,ex:issuer_63
ex:coin_13732,nmo:hasIssuer,ex:issuer_60
ex:coin_13750,nmo:hasIssuer,ex:issuer_60
ex:coin_13778,nmo:hasIssuer,ex:issuer_60
ex:coin_13826,nmo:hasIssuer,ex:issuer_60
ex:coin_13826,nmo:hasIssuer,ex:issuer_63
ex:coin_14317,nmo:hasIssuer,ex:issuer_60
ex:coin_14318,nmo:hasIssuer,ex:issuer_60
ex:coin_14319,nmo:hasIssuer,ex:issuer_60
ex:coin_15563,nmo:hasIssuer,ex:issuer_60
ex:coin_15602,nmo:hasIssuer,ex:issuer_60
ex:coin_15661,nmo:hasIssuer,ex:issuer_60
ex:coin_15661,nmo:hasIssuer,ex:issuer_63
ex:coin_15691,nmo:hasIssuer,ex:issuer_60
ex:coin_16028,nmo:hasIssuer,ex:issuer_60
ex:coin_16043,nmo:hasIssuer,ex:issuer_60
ex:coin_16272,nmo:hasIssuer,ex:issuer_60
ex:coin_16645,nmo:hasIssuer,ex:issuer_60
ex:coin_16646,nmo:hasIssuer,ex:issuer_60
ex:coin_16797,nmo:hasIssuer,ex:issuer_60
ex:coin_17148,nmo:hasIssuer,ex:issuer_60
ex:coin_17795,nmo:hasIssuer,ex:issuer_60
ex:coin_28106,nmo:hasIssuer,ex:issuer_60
ex:coin_28215,nmo:hasIssuer,ex:issuer_60
ex:coin_28215,nmo:hasIssuer,ex:issuer_63
ex:coin_28384,nmo:hasIssuer,ex:issuer_60
ex:coin_28385,nmo:hasIssuer,ex:issuer_60
ex:coin_28646,nmo:hasIssuer,ex:issuer_60
ex:coin_28646,nmo:hasIssuer,ex:issuer_63
ex:coin_28782,nmo:hasIssuer,ex:issuer_60
ex:coin_30166,nmo:hasIssuer,ex:issuer_60
ex:coin_35464,nmo:hasIssuer,ex:issuer_60
ex:coin_35465,nmo:hasIssuer,ex:issuer_60
ex:coin_35466,nmo:hasIssuer,ex:issuer_60
ex:coin_35467,nmo:hasIssuer,ex:issuer_60
ex:coin_35495,nmo:hasIssuer,ex:issuer_60
ex:coin_35522,nmo:hasIssuer,ex:issuer_60
ex:coin_35522,nmo:hasIssuer,ex:issuer_63
ex:coin_35530,nmo:hasIssuer,ex:issuer_60
ex:coin_35531,nmo:hasIssuer,ex:issuer_60
ex:coin_35544,nmo:hasIssuer,ex:issuer_60
ex:coin_35574,nmo:hasIssuer,ex:issuer_60
ex:coin_35602,nmo:hasIssuer,ex:issuer_60
ex:coin_35608,nmo:hasIssuer,ex:issuer_60
ex:coin_35620,nmo:hasIssuer,ex:issuer_60
ex:coin_35622,nmo:hasIssuer,ex:issuer_60
ex:coin_35628,nmo:hasIssuer,ex:issuer_60
ex:coin_35631,nmo:hasIssuer,ex:issuer_60
ex:coin_35633,nmo:hasIssuer,ex:issuer_60
ex:coin_35650,nmo:hasIssuer,ex:issuer_60
ex:coin_35660,nmo:hasIssuer,ex:issuer_60
ex:coin_40188,nmo:hasIssuer,ex:issuer_60
ex:coin_40189,nmo:hasIssuer,ex:issuer_60
ex:coin_40190,nmo:hasIssuer,ex:issuer_60
ex:coin_40191,nmo:hasIssuer,ex:issuer_60
ex:coin_40192,nmo:hasIssuer,ex:issuer_60
ex:coin_788,nmo:hasIssuer,ex:issuer_63
ex:coin_820,nmo:hasIssuer,ex:issuer_63
ex:coin_1129,nmo:hasIssuer,ex:issuer_63
ex:coin_1681,nmo:hasIssuer,ex:issuer_63
ex:coin_1966,nmo:hasIssuer,ex:issuer_63
ex:coin_2898,nmo:hasIssuer,ex:issuer_63
ex:coin_2982,nmo:hasIssuer,ex:issuer_63
ex:coin_3159,nmo:hasIssuer,ex:issuer_63
ex:coin_3160,nmo:hasIssuer,ex:issuer_63
ex:coin_3647,nmo:hasIssuer,ex:issuer_63
ex:coin_3648,nmo:hasIssuer,ex:issuer_63
ex:coin_3649,nmo:hasIssuer,ex:issuer_63
ex:coin_3650,nmo:hasIssuer,ex:issuer_63
ex:coin_3937,nmo:hasIssuer,ex:issuer_63
ex:coin_3938,nmo:hasIssuer,ex:issuer_63
ex:coin_3939,nmo:hasIssuer,ex:issuer_63
ex:coin_3940,nmo:hasIssuer,ex:issuer_63
ex:coin_3941,nmo:hasIssuer,ex:issuer_63
ex:coin_3942,nmo:hasIssuer,ex:issuer_63
ex:coin_3943,nmo:hasIssuer,ex:issuer_63
ex:coin_3944,nmo:hasIssuer,ex:issuer_63
ex:coin_3945,nmo:hasIssuer,ex:issuer_63
ex:coin_3946,nmo:hasIssuer,ex:issuer_63
ex:coin_3947,nmo:hasIssuer,ex:issuer_63
ex:coin_3948,nmo:hasIssuer,ex:issuer_63
ex:coin_3949,nmo:hasIssuer,ex:issuer_63
ex:coin_3950,nmo:hasIssuer,ex:issuer_63
ex:coin_4499,nmo:hasIssuer,ex:issuer_63
ex:coin_4799,nmo:hasIssuer,ex:issuer_63
ex:coin_4800,nmo:hasIssuer,ex:issuer_63
ex:coin_4876,nmo:hasIssuer,ex:issuer_63
ex:coin_5164,nmo:hasIssuer,ex:issuer_63
ex:coin_5165,nmo:hasIssuer,ex:issuer_63
ex:coin_5166,nmo:hasIssuer,ex:issuer_63
ex:coin_7502,nmo:hasIssuer,ex:issuer_63
ex:coin_7721,nmo:hasIssuer,ex:issuer_63
ex:coin_7722,nmo:hasIssuer,ex:issuer_63
ex:coin_7723,nmo:hasIssuer,ex:issuer_63
ex:coin_7724,nmo:hasIssuer,ex:issuer_63
ex:coin_7725,nmo:hasIssuer,ex:issuer_63
ex:coin_7726,nmo:hasIssuer,ex:issuer_63
ex:coin_8058,nmo:hasIssuer,ex:issuer_63
ex:coin_8137,nmo:hasIssuer,ex:issuer_63
ex:coin_8138,nmo:hasIssuer,ex:issuer_63
ex:coin_9498,nmo:hasIssuer,ex:issuer_63
ex:coin_10048,nmo:hasIssuer,ex:issuer_63
ex:coin_11581,nmo:hasIssuer,ex:issuer_63
ex:coin_13527,nmo:hasIssuer,ex:issuer_63
ex:coin_14115,nmo:hasIssuer,ex:issuer_63
ex:coin_14195,nmo:hasIssuer,ex:issuer_63
ex:coin_14975,nmo:hasIssuer,ex:issuer_63
ex:coin_15958,nmo:hasIssuer,ex:issuer_63
ex:coin_16287,nmo:hasIssuer,ex:issuer_63
ex:coin_17815,nmo:hasIssuer,ex:issuer_63
ex:coin_27298,nmo:hasIssuer,ex:issuer_63
ex:coin_33483,nmo:hasIssuer,ex:issuer_63
ex:coin_35473,nmo:hasIssuer,ex:issuer_63
ex:coin_35497,nmo:hasIssuer,ex:issuer_63
ex:coin_35498,nmo:hasIssuer,ex:issuer_63
ex:coin_35512,nmo:hasIssuer,ex:issuer_63
ex:coin_35570,nmo:hasIssuer,ex:issuer_63
ex:coin_35609,nmo:hasIssuer,ex:issuer_63
ex:coin_35634,nmo:hasIssuer,ex:issuer_63
ex:coin_35647,nmo:hasIssuer,ex:issuer_63
ex:coin_39116,nmo:hasIssuer,ex:issuer_63
ex:coin_42931,nmo:hasIssuer,ex:issuer_63
ex:coin_3996,nmo:hasIssuer,ex:issuer_70
ex:coin_5542,nmo:hasIssuer,ex:issuer_70
ex:coin_12497,nmo:hasIssuer,ex:issuer_70
ex:coin_35357,nmo:hasIssuer,ex:issuer_73
ex:coin_35414,nmo:hasIssuer,ex:issuer_73
ex:coin_1861,nmo:hasIssuer,ex:issuer_74
ex:coin_3553,nmo:hasIssuer,ex:issuer_74
ex:coin_3554,nmo:hasIssuer,ex:issuer_74
ex:coin_4285,nmo:hasIssuer,ex:issuer_74
ex:coin_4286,nmo:hasIssuer,ex:issuer_74
ex:coin_4287,nmo:hasIssuer,ex:issuer_74
ex:coin_6322,nmo:hasIssuer,ex:issuer_74
ex:coin_7738,nmo:hasIssuer,ex:issuer_74
ex:coin_40180,nmo:hasIssuer,ex:issuer_74
ex:coin_42315,nmo:hasIssuer,ex:issuer_74
ex:coin_269,nmo:hasIssuer,ex:issuer_77
ex:coin_762,nmo:hasIssuer,ex:issuer_77
ex:coin_1173,nmo:hasIssuer,ex:issuer_77
ex:coin_1648,nmo:hasIssuer,ex:issuer_77
ex:coin_1657,nmo:hasIssuer,ex:issuer_77
ex:coin_1820,nmo:hasIssuer,ex:issuer_77
ex:coin_1921,nmo:hasIssuer,ex:issuer_77
ex:coin_1922,nmo:hasIssuer,ex:issuer_77
ex:coin_1923,nmo:hasIssuer,ex:issuer_77
ex:coin_2137,nmo:hasIssuer,ex:issuer_77
ex:coin_2235,nmo:hasIssuer,ex:issuer_77
ex:coin_2268,nmo:hasIssuer,ex:issuer_77
ex:coin_2269,nmo:hasIssuer,ex:issuer_77
ex:coin_2270,nmo:hasIssuer,ex:issuer_77
ex:coin_2271,nmo:hasIssuer,ex:issuer_77
ex:coin_2272,nmo:hasIssuer,ex:issuer_77
ex:coin_2273,nmo:hasIssuer,ex:issuer_77
ex:coin_2274,nmo:hasIssuer,ex:issuer_77
ex:coin_2275,nmo:hasIssuer,ex:issuer_77
ex:coin_2276,nmo:hasIssuer,ex:issuer_77
ex:coin_2277,nmo:hasIssuer,ex:issuer_77
ex:coin_2884,nmo:hasIssuer,ex:issuer_77
ex:coin_2967,nmo:hasIssuer,ex:issuer_77
ex:coin_3101,nmo:hasIssuer,ex:issuer_77
ex:coin_3277,nmo:hasIssuer,ex:issuer_77
ex:coin_3278,nmo:hasIssuer,ex:issuer_77
ex:coin_3279,nmo:hasIssuer,ex:issuer_77
ex:coin_3565,nmo:hasIssuer,ex:issuer_77
ex:coin_3566,nmo:hasIssuer,ex:issuer_77
ex:coin_3831,nmo:hasIssuer,ex:issuer_77
ex:coin_4431,nmo:hasIssuer,ex:issuer_77
ex:coin_4432,nmo:hasIssuer,ex:issuer_77
ex:coin_4433,nmo:hasIssuer,ex:issuer_77
ex:coin_4706,nmo:hasIssuer,ex:issuer_77
ex:coin_4861,nmo:hasIssuer,ex:issuer_77
ex:coin_4897,nmo:hasIssuer,ex:issuer_77
ex:coin_4898,nmo:hasIssuer,ex:issuer_77
ex:coin_4942,nmo:hasIssuer,ex:issuer_77
ex:coin_5259,nmo:hasIssuer,ex:issuer_77
ex:coin_5260,nmo:hasIssuer,ex:issuer_77
ex:coin_5261,nmo:hasIssuer,ex:issuer_77
ex:coin_5262,nmo:hasIssuer,ex:issuer_77
ex:coin_5263,nmo:hasIssuer,ex:issuer_77
ex:coin_5264,nmo:hasIssuer,ex:issuer_77
ex:coin_5451,nmo:hasIssuer,ex:issuer_77
ex:coin_5479,nmo:hasIssuer,ex:issuer_77
ex:coin_5584,nmo:hasIssuer,ex:issuer_77
ex:coin_5805,nmo:hasIssuer,ex:issuer_77
ex:coin_6275,nmo:hasIssuer,ex:issuer_77
ex:coin_6354,nmo:hasIssuer,ex:issuer_77
ex:coin_6587,nmo:hasIssuer,ex:issuer_77
ex:coin_7750,nmo:hasIssuer,ex:issuer_77
ex:coin_7751,nmo:hasIssuer,ex:issuer_77
ex:coin_8171,nmo:hasIssuer,ex:issuer_77
ex:coin_8172,nmo:hasIssuer,ex:issuer_77
ex:coin_8173,nmo:hasIssuer,ex:issuer_77
ex:coin_8174,nmo:hasIssuer,ex:issuer_77
ex:coin_8913,nmo:hasIssuer,ex:issuer_77
ex:coin_9249,nmo:hasIssuer,ex:issuer_77
ex:coin_10186,nmo:hasIssuer,ex:issuer_77
ex:coin_11877,nmo:hasIssuer,ex:issuer_77
ex:coin_12322,nmo:hasIssuer,ex:issuer_77
ex:coin_13027,nmo:hasIssuer,ex:issuer_77
ex:coin_13141,nmo:hasIssuer,ex:issuer_77
ex:coin_13855,nmo:hasIssuer,ex:issuer_77
ex:coin_15669,nmo:hasIssuer,ex:issuer_77
ex:coin_15710,nmo:hasIssuer,ex:issuer_77
ex:coin_15975,nmo:hasIssuer,ex:issuer_77
ex:coin_16032,nmo:hasIssuer,ex:issuer_288
ex:coin_16032,nmo:hasIssuer,ex:issuer_77
ex:coin_16164,nmo:hasIssuer,ex:issuer_77
ex:coin_16354,nmo:hasIssuer,ex:issuer_77
ex:coin_17167,nmo:hasIssuer,ex:issuer_77
ex:coin_17963,nmo:hasIssuer,ex:issuer_77
ex:coin_18338,nmo:hasIssuer,ex:issuer_77
ex:coin_18690,nmo:hasIssuer,ex:issuer_77
ex:coin_18690,nmo:hasIssuer,ex:issuer_83
ex:coin_28283,nmo:hasIssuer,ex:issuer_77
ex:coin_28284,nmo:hasIssuer,ex:issuer_77
ex:coin_28919,nmo:hasIssuer,ex:issuer_77
ex:coin_29263,nmo:hasIssuer,ex:issuer_77
ex:coin_33830,nmo:hasIssuer,ex:issuer_77
ex:coin_35684,nmo:hasIssuer,ex:issuer_77
ex:coin_35685,nmo:hasIssuer,ex:issuer_77
ex:coin_35686,nmo:hasIssuer,ex:issuer_77
ex:coin_35713,nmo:hasIssuer,ex:issuer_77
ex:coin_35714,nmo:hasIssuer,ex:issuer_77
ex:coin_35715,nmo:hasIssuer,ex:issuer_77
ex:coin_35737,nmo:hasIssuer,ex:issuer_77
ex:coin_35757,nmo:hasIssuer,ex:issuer_77
ex:coin_35782,nmo:hasIssuer,ex:issuer_77
ex:coin_35790,nmo:hasIssuer,ex:issuer_77
ex:coin_42909,nmo:hasIssuer,ex:issuer_77
ex:coin_273,nmo:hasIssuer,ex:issuer_83
ex:coin_737,nmo:hasIssuer,ex:issuer_83
ex:coin_738,nmo:hasIssuer,ex:issuer_83
ex:coin_748,nmo:hasIssuer,ex:issuer_83
ex:coin_770,nmo:hasIssuer,ex:issuer_83
ex:coin_841,nmo:hasIssuer,ex:issuer_83
ex:coin_855,nmo:hasIssuer,ex:issuer_83
ex:coin_862,nmo:hasIssuer,ex:issuer_83
ex:coin_866,nmo:hasIssuer,ex:issuer_83
ex:coin_869,nmo:hasIssuer,ex:issuer_83
ex:coin_876,nmo:hasIssuer,ex:issuer_83
ex:coin_878,nmo:hasIssuer,ex:issuer_83
ex:coin_886,nmo:hasIssuer,ex:issuer_83
ex:coin_899,nmo:hasIssuer,ex:issuer_83
ex:coin_999,nmo:hasIssuer,ex:issuer_83
ex:coin_1013,nmo:hasIssuer,ex:issuer_83
ex:coin_1201,nmo:hasIssuer,ex:issuer_83
ex:coin_1605,nmo:hasIssuer,ex:issuer_83
ex:coin_1758,nmo:hasIssuer,ex:issuer_83
ex:coin_1804,nmo:hasIssuer,ex:issuer_83
ex:coin_1817,nmo:hasIssuer,ex:issuer_83
ex:coin_1931,nmo:hasIssuer,ex:issuer_83
ex:coin_1932,nmo:hasIssuer,ex:issuer_83
ex:coin_1933,nmo:hasIssuer,ex:issuer_83
ex:coin_1934,nmo:hasIssuer,ex:issuer_83
ex:coin_1935,nmo:hasIssuer,ex:issuer_83
ex:coin_1937,nmo:hasIssuer,ex:issuer_83
ex:coin_1938,nmo:hasIssuer,ex:issuer_83
ex:coin_1939,nmo:hasIssuer,ex:issuer_83
ex:coin_1942,nmo:hasIssuer,ex:issuer_83
ex:coin_1943,nmo:hasIssuer,ex:issuer_83
ex:coin_1944,nmo:hasIssuer,ex:issuer_83
ex:coin_1945,nmo:hasIssuer,ex:issuer_83
ex:coin_1946,nmo:hasIssuer,ex:issuer_83
ex:coin_1947,nmo:hasIssuer,ex:issuer_83
ex:coin_1961,nmo:hasIssuer,ex:issuer_83
ex:coin_1962,nmo:hasIssuer,ex:issuer_83
ex:coin_1969,nmo:hasIssuer,ex:issuer_83
ex:coin_2049,nmo:hasIssuer,ex:issuer_83
ex:coin_2105,nmo:hasIssuer,ex:issuer_83
ex:coin_2116,nmo:hasIssuer,ex:issuer_83
ex:coin_2121,nmo:hasIssuer,ex:issuer_83
ex:coin_2162,nmo:hasIssuer,ex:issuer_83
ex:coin_2165,nmo:hasIssuer,ex:issuer_83
ex:coin_2526,nmo:hasIssuer,ex:issuer_83
ex:coin_2527,nmo:hasIssuer,ex:issuer_83
ex:coin_2528,nmo:hasIssuer,ex:issuer_83
ex:coin_2529,nmo:hasIssuer,ex:issuer_83
ex:coin_2530,nmo:hasIssuer,ex:issuer_83
ex:coin_2531,nmo:hasIssuer,ex:issuer_83
ex:coin_2532,nmo:hasIssuer,ex:issuer_83
ex:coin_2533,nmo:hasIssuer,ex:issuer_83
ex:coin_2534,nmo:hasIssuer,ex:issuer_83
ex:coin_2535,nmo:hasIssuer,ex:issuer_83
ex:coin_2536,nmo:hasIssuer,ex:issuer_83
ex:coin_2537,nmo:hasIssuer,ex:issuer_83
ex:coin_2538,nmo:hasIssuer,ex:issuer_83
ex:coin_2539,nmo:hasIssuer,ex:issuer_83
ex:coin_2540,nmo:hasIssuer,ex:issuer_83
ex:coin_2541,nmo:hasIssuer,ex:issuer_83
ex:coin_2542,nmo:hasIssuer,ex:issuer_83
ex:coin_2543,nmo:hasIssuer,ex:issuer_83
ex:coin_2544,nmo:hasIssuer,ex:issuer_83
ex:coin_2545,nmo:hasIssuer,ex:issuer_83
ex:coin_2546,nmo:hasIssuer,ex:issuer_83
ex:coin_2547,nmo:hasIssuer,ex:issuer_83
ex:coin_2548,nmo:hasIssuer,ex:issuer_83
ex:coin_2549,nmo:hasIssuer,ex:issuer_83
ex:coin_2550,nmo:hasIssuer,ex:issuer_83
ex:coin_2551,nmo:hasIssuer,ex:issuer_83
ex:coin_2552,nmo:hasIssuer,ex:issuer_83
ex:coin_2553,nmo:hasIssuer,ex:issuer_83
ex:coin_2554,nmo:hasIssuer,ex:issuer_83
ex:coin_2555,nmo:hasIssuer,ex:issuer_83
ex:coin_2556,nmo:hasIssuer,ex:issuer_83
ex:coin_2557,nmo:hasIssuer,ex:issuer_83
ex:coin_2558,nmo:hasIssuer,ex:issuer_83
ex:coin_2559,nmo:hasIssuer,ex:issuer_83
ex:coin_2560,nmo:hasIssuer,ex:issuer_83
ex:coin_2561,nmo:hasIssuer,ex:issuer_83
ex:coin_2562,nmo:hasIssuer,ex:issuer_83
ex:coin_2563,nmo:hasIssuer,ex:issuer_83
ex:coin_2564,nmo:hasIssuer,ex:issuer_83
ex:coin_2565,nmo:hasIssuer,ex:issuer_83
ex:coin_2566,nmo:hasIssuer,ex:issuer_83
ex:coin_2567,nmo:hasIssuer,ex:issuer_83
ex:coin_2568,nmo:hasIssuer,ex:issuer_83
ex:coin_2569,nmo:hasIssuer,ex:issuer_83
ex:coin_2570,nmo:hasIssuer,ex:issuer_83
ex:coin_2571,nmo:hasIssuer,ex:issuer_83
ex:coin_2572,nmo:hasIssuer,ex:issuer_83
ex:coin_2573,nmo:hasIssuer,ex:issuer_83
ex:coin_2574,nmo:hasIssuer,ex:issuer_83
ex:coin_2575,nmo:hasIssuer,ex:issuer_83
ex:coin_2602,nmo:hasIssuer,ex:issuer_83
ex:coin_2603,nmo:hasIssuer,ex:issuer_83
ex:coin_2604,nmo:hasIssuer,ex:issuer_83
ex:coin_2605,nmo:hasIssuer,ex:issuer_83
ex:coin_2606,nmo:hasIssuer,ex:issuer_83
ex:coin_2607,nmo:hasIssuer,ex:issuer_83
ex:coin_2608,nmo:hasIssuer,ex:issuer_83
ex:coin_2609,nmo:hasIssuer,ex:issuer_83
ex:coin_2610,nmo:hasIssuer,ex:issuer_83
ex:coin_2611,nmo:hasIssuer,ex:issuer_83
ex:coin_2612,nmo:hasIssuer,ex:issuer_83
ex:coin_2847,nmo:hasIssuer,ex:issuer_83
ex:coin_2887,nmo:hasIssuer,ex:issuer_83
ex:coin_2888,nmo:hasIssuer,ex:issuer_83
ex:coin_2970,nmo:hasIssuer,ex:issuer_83
ex:coin_3013,nmo:hasIssuer,ex:issuer_83
ex:coin_3014,nmo:hasIssuer,ex:issuer_83
ex:coin_3028,nmo:hasIssuer,ex:issuer_83
ex:coin_3029,nmo:hasIssuer,ex:issuer_83
ex:coin_3030,nmo:hasIssuer,ex:issuer_83
ex:coin_3031,nmo:hasIssuer,ex:issuer_83
ex:coin_3104,nmo:hasIssuer,ex:issuer_83
ex:coin_3105,nmo:hasIssuer,ex:issuer_83
ex:coin_3106,nmo:hasIssuer,ex:issuer_83
ex:coin_3107,nmo:hasIssuer,ex:issuer_83
ex:coin_3108,nmo:hasIssuer,ex:issuer_83
ex:coin_3109,nmo:hasIssuer,ex:issuer_83
ex:coin_3110,nmo:hasIssuer,ex:issuer_83
ex:coin_3111,nmo:hasIssuer,ex:issuer_83
ex:coin_3112,nmo:hasIssuer,ex:issuer_83
ex:coin_3113,nmo:hasIssuer,ex:issuer_83
ex:coin_3114,nmo:hasIssuer,ex:issuer_83
ex:coin_3115,nmo:hasIssuer,ex:issuer_83
ex:coin_3116,nmo:hasIssuer,ex:issuer_83
ex:coin_3117,nmo:hasIssuer,ex:issuer_83
ex:coin_3118,nmo:hasIssuer,ex:issuer_83
ex:coin_3122,nmo:hasIssuer,ex:issuer_83
ex:coin_3122,nmo:hasIssuer,ex:issuer_88
ex:coin_3131,nmo:hasIssuer,ex:issuer_83
ex:coin_3131,nmo:hasIssuer,ex:issuer_88
ex:coin_3135,nmo:hasIssuer,ex:issuer_83
ex:coin_3136,nmo:hasIssuer,ex:issuer_83
ex:coin_3144,nmo:hasIssuer,ex:issuer_83
ex:coin_3196,nmo:hasIssuer,ex:issuer_83
ex:coin_3197,nmo:hasIssuer,ex:issuer_83
ex:coin_3198,nmo:hasIssuer,ex:issuer_83
ex:coin_3199,nmo:hasIssuer,ex:issuer_83
ex:coin_3296,nmo:hasIssuer,ex:issuer_83
ex:coin_3297,nmo:hasIssuer,ex:issuer_83
ex:coin_3298,nmo:hasIssuer,ex:issuer_83
ex:coin_3299,nmo:hasIssuer,ex:issuer_83
ex:coin_3300,nmo:hasIssuer,ex:issuer_83
ex:coin_3301,nmo:hasIssuer,ex:issuer_83
ex:coin_3302,nmo:hasIssuer,ex:issuer_83
ex:coin_3302,nmo:hasIssuer,ex:issuer_88
ex:coin_3327,nmo:hasIssuer,ex:issuer_83
ex:coin_3328,nmo:hasIssuer,ex:issuer_83
ex:coin_3329,nmo:hasIssuer,ex:issuer_83
ex:coin_3356,nmo:hasIssuer,ex:issuer_83
ex:coin_3381,nmo:hasIssuer,ex:issuer_83
ex:coin_3424,nmo:hasIssuer,ex:issuer_83
ex:coin_3425,nmo:hasIssuer,ex:issuer_83
ex:coin_3426,nmo:hasIssuer,ex:issuer_83
ex:coin_3427,nmo:hasIssuer,ex:issuer_83
ex:coin_3428,nmo:hasIssuer,ex:issuer_83
ex:coin_3429,nmo:hasIssuer,ex:issuer_83
ex:coin_3430,nmo:hasIssuer,ex:issuer_83
ex:coin_3431,nmo:hasIssuer,ex:issuer_83
ex:coin_3432,nmo:hasIssuer,ex:issuer_83
ex:coin_3433,nmo:hasIssuer,ex:issuer_83
ex:coin_3434,nmo:hasIssuer,ex:issuer_83
ex:coin_3435,nmo:hasIssuer,ex:issuer_83
ex:coin_3436,nmo:hasIssuer,ex:issuer_83
ex:coin_3437,nmo:hasIssuer,ex:issuer_83
ex:coin_3438,nmo:hasIssuer,ex:issuer_83
ex:coin_3439,nmo:hasIssuer,ex:issuer_83
ex:coin_3440,nmo:hasIssuer,ex:issuer_83
ex:coin_3441,nmo:hasIssuer,ex:issuer_83
ex:coin_3569,nmo:hasIssuer,ex:issuer_83
ex:coin_3575,nmo:hasIssuer,ex:issuer_83
ex:coin_3833,nmo:hasIssuer,ex:issuer_83
ex:coin_3834,nmo:hasIssuer,ex:issuer_83
ex:coin_3835,nmo:hasIssuer,ex:issuer_83
ex:coin_3840,nmo:hasIssuer,ex:issuer_83
ex:coin_3863,nmo:hasIssuer,ex:issuer_83
ex:coin_3864,nmo:hasIssuer,ex:issuer_83
ex:coin_3911,nmo:hasIssuer,ex:issuer_83
ex:coin_4164,nmo:hasIssuer,ex:issuer_83
ex:coin_4165,nmo:hasIssuer,ex:issuer_83
ex:coin_4166,nmo:hasIssuer,ex:issuer_83
ex:coin_4167,nmo:hasIssuer,ex:issuer_83
ex:coin_4440,nmo:hasIssuer,ex:issuer_83
ex:coin_4441,nmo:hasIssuer,ex:issuer_83
ex:coin_4442,nmo:hasIssuer,ex:issuer_83
ex:coin_4443,nmo:hasIssuer,ex:issuer_83
ex:coin_4584,nmo:hasIssuer,ex:issuer_83
ex:coin_4585,nmo:hasIssuer,ex:issuer_83
ex:coin_4589,nmo:hasIssuer,ex:issuer_83
ex:coin_4601,nmo:hasIssuer,ex:issuer_83
ex:coin_4602,nmo:hasIssuer,ex:issuer_83
ex:coin_4628,nmo:hasIssuer,ex:issuer_83
ex:coin_4644,nmo:hasIssuer,ex:issuer_83
ex:coin_4711,nmo:hasIssuer,ex:issuer_83
ex:coin_4712,nmo:hasIssuer,ex:issuer_83
ex:coin_4713,nmo:hasIssuer,ex:issuer_83
ex:coin_4726,nmo:hasIssuer,ex:issuer_83
ex:coin_4726,nmo:hasIssuer,ex:issuer_88
ex:coin_4733,nmo:hasIssuer,ex:issuer_83
ex:coin_4733,nmo:hasIssuer,ex:issuer_88
ex:coin_4734,nmo:hasIssuer,ex:issuer_83
ex:coin_4734,nmo:hasIssuer,ex:issuer_88
ex:coin_4735,nmo:hasIssuer,ex:issuer_83
ex:coin_4736,nmo:hasIssuer,ex:issuer_83
ex:coin_4737,nmo:hasIssuer,ex:issuer_83
ex:coin_4737,nmo:hasIssuer,ex:issuer_88
ex:coin_4738,nmo:hasIssuer,ex:issuer_83
ex:coin_4738,nmo:hasIssuer,ex:issuer_88
ex:coin_4866,nmo:hasIssuer,ex:issuer_83
ex:coin_4867,nmo:hasIssuer,ex:issuer_83
ex:coin_4889,nmo:hasIssuer,ex:issuer_83
ex:coin_4890,nmo:hasIssuer,ex:issuer_83
ex:coin_4891,nmo:hasIssuer,ex:issuer_83
ex:coin_4900,nmo:hasIssuer,ex:issuer_83
ex:coin_4956,nmo:hasIssuer,ex:issuer_83
ex:coin_4957,nmo:hasIssuer,ex:issuer_83
ex:coin_4958,nmo:hasIssuer,ex:issuer_83
ex:coin_4959,nmo:hasIssuer,ex:issuer_83
ex:coin_4960,nmo:hasIssuer,ex:issuer_83
ex:coin_4961,nmo:hasIssuer,ex:issuer_83
ex:coin_4962,nmo:hasIssuer,ex:issuer_83
ex:coin_4963,nmo:hasIssuer,ex:issuer_83
ex:coin_4964,nmo:hasIssuer,ex:issuer_83
ex:coin_4965,nmo:hasIssuer,ex:issuer_83
ex:coin_5015,nmo:hasIssuer,ex:issuer_83
ex:coin_5016,nmo:hasIssuer,ex:issuer_83
ex:coin_5017,nmo:hasIssuer,ex:issuer_83
ex:coin_5064,nmo:hasIssuer,ex:issuer_83
ex:coin_5077,nmo:hasIssuer,ex:issuer_83
ex:coin_5316,nmo:hasIssuer,ex:issuer_83
ex:coin_5355,nmo:hasIssuer,ex:issuer_83
ex:coin_5355,nmo:hasIssuer,ex:issuer_88
ex:coin_5365,nmo:hasIssuer,ex:issuer_83
ex:coin_5366,nmo:hasIssuer,ex:issuer_83
ex:coin_5366,nmo:hasIssuer,ex:issuer_88
ex:coin_5389,nmo:hasIssuer,ex:issuer_83
ex:coin_5403,nmo:hasIssuer,ex:issuer_83
ex:coin_5437,nmo:hasIssuer,ex:issuer_83
ex:coin_5442,nmo:hasIssuer,ex:issuer_83
ex:coin_5446,nmo:hasIssuer,ex:issuer_83
ex:coin_5481,nmo:hasIssuer,ex:issuer_83
ex:coin_5482,nmo:hasIssuer,ex:issuer_83
ex:coin_5591,nmo:hasIssuer,ex:issuer_83
ex:coin_5592,nmo:hasIssuer,ex:issuer_83
ex:coin_5593,nmo:hasIssuer,ex:issuer_83
ex:coin_5618,nmo:hasIssuer,ex:issuer_83
ex:coin_5639,nmo:hasIssuer,ex:issuer_83
ex:coin_5652,nmo:hasIssuer,ex:issuer_83
ex:coin_5690,nmo:hasIssuer,ex:issuer_83
ex:coin_5690,nmo:hasIssuer,ex:issuer_88
ex:coin_5692,nmo:hasIssuer,ex:issuer_83
ex:coin_5743,nmo:hasIssuer,ex:issuer_83
ex:coin_5743,nmo:hasIssuer,ex:issuer_88
ex:coin_5778,nmo:hasIssuer,ex:issuer_83
ex:coin_5778,nmo:hasIssuer,ex:issuer_88
ex:coin_5779,nmo:hasIssuer,ex:issuer_83
ex:coin_5831,nmo:hasIssuer,ex:issuer_83
ex:coin_5929,nmo:hasIssuer,ex:issuer_83
ex:coin_5975,nmo:hasIssuer,ex:issuer_83
ex:coin_5975,nmo:hasIssuer,ex:issuer_88
ex:coin_6090,nmo:hasIssuer,ex:issuer_83
ex:coin_6114,nmo:hasIssuer,ex:issuer_83
ex:coin_6153,nmo:hasIssuer,ex:issuer_83
ex:coin_6160,nmo:hasIssuer,ex:issuer_83
ex:coin_6189,nmo:hasIssuer,ex:issuer_83
ex:coin_6195,nmo:hasIssuer,ex:issuer_83
ex:coin_6221,nmo:hasIssuer,ex:issuer_83
ex:coin_6226,nmo:hasIssuer,ex:issuer_83
ex:coin_6231,nmo:hasIssuer,ex:issuer_83
ex:coin_6237,nmo:hasIssuer,ex:issuer_83
ex:coin_6237,nmo:hasIssuer,ex:issuer_88
ex:coin_6251,nmo:hasIssuer,ex:issuer_83
ex:coin_6251,nmo:hasIssuer,ex:issuer_88
ex:coin_6385,nmo:hasIssuer,ex:issuer_83
ex:coin_6437,nmo:hasIssuer,ex:issuer_83
ex:coin_6440,nmo:hasIssuer,ex:issuer_83
ex:coin_6455,nmo:hasIssuer,ex:issuer_83
ex:coin_6455,nmo:hasIssuer,ex:issuer_88
ex:coin_6507,nmo:hasIssuer,ex:issuer_83
ex:coin_6527,nmo:hasIssuer,ex:issuer_83
ex:coin_6528,nmo:hasIssuer,ex:issuer_83
ex:coin_6531,nmo:hasIssuer,ex:issuer_83
ex:coin_6538,nmo:hasIssuer,ex:issuer_83
ex:coin_6581,nmo:hasIssuer,ex:issuer_83
ex:coin_6586,nmo:hasIssuer,ex:issuer_83
ex:coin_6588,nmo:hasIssuer,ex:issuer_83
ex:coin_6594,nmo:hasIssuer,ex:issuer_83
ex:coin_6622,nmo:hasIssuer,ex:issuer_83
ex:coin_6622,nmo:hasIssuer,ex:issuer_88
ex:coin_6671,nmo:hasIssuer,ex:issuer_83
ex:coin_6778,nmo:hasIssuer,ex:issuer_83
ex:coin_6778,nmo:hasIssuer,ex:issuer_88
ex:coin_6783,nmo:hasIssuer,ex:issuer_83
ex:coin_6835,nmo:hasIssuer,ex:issuer_83
ex:coin_6835,nmo:hasIssuer,ex:issuer_88
ex:coin_6866,nmo:hasIssuer,ex:issuer_83
ex:coin_6867,nmo:hasIssuer,ex:issuer_83
ex:coin_6900,nmo:hasIssuer,ex:issuer_83
ex:coin_6911,nmo:hasIssuer,ex:issuer_83
ex:coin_7475,nmo:hasIssuer,ex:issuer_83
ex:coin_7493,nmo:hasIssuer,ex:issuer_83
ex:coin_7493,nmo:hasIssuer,ex:issuer_88
ex:coin_7512,nmo:hasIssuer,ex:issuer_83
ex:coin_7530,nmo:hasIssuer,ex:issuer_83
ex:coin_7530,nmo:hasIssuer,ex:issuer_88
ex:coin_7531,nmo:hasIssuer,ex:issuer_83
ex:coin_7531,nmo:hasIssuer,ex:issuer_88
ex:coin_7758,nmo:hasIssuer,ex:issuer_83
ex:coin_7759,nmo:hasIssuer,ex:issuer_83
ex:coin_7760,nmo:hasIssuer,ex:issuer_83
ex:coin_7761,nmo:hasIssuer,ex:issuer_83
ex:coin_7772,nmo:hasIssuer,ex:issuer_83
ex:coin_7915,nmo:hasIssuer,ex:issuer_83
ex:coin_7946,nmo:hasIssuer,ex:issuer_83
ex:coin_7957,nmo:hasIssuer,ex:issuer_83
ex:coin_7959,nmo:hasIssuer,ex:issuer_83
ex:coin_7959,nmo:hasIssuer,ex:issuer_88
ex:coin_8196,nmo:hasIssuer,ex:issuer_83
ex:coin_8197,nmo:hasIssuer,ex:issuer_83
ex:coin_8198,nmo:hasIssuer,ex:issuer_83
ex:coin_8199,nmo:hasIssuer,ex:issuer_83
ex:coin_8200,nmo:hasIssuer,ex:issuer_83
ex:coin_8201,nmo:hasIssuer,ex:issuer_83
ex:coin_8202,nmo:hasIssuer,ex:issuer_83
ex:coin_8203,nmo:hasIssuer,ex:issuer_83
ex:coin_8204,nmo:hasIssuer,ex:issuer_83
ex:coin_8205,nmo:hasIssuer,ex:issuer_83
ex:coin_8206,nmo:hasIssuer,ex:issuer_83
ex:coin_8207,nmo:hasIssuer,ex:issuer_83
ex:coin_8208,nmo:hasIssuer,ex:issuer_83
ex:coin_8209,nmo:hasIssuer,ex:issuer_83
ex:coin_8210,nmo:hasIssuer,ex:issuer_83
ex:coin_8211,nmo:hasIssuer,ex:issuer_83
ex:coin_8212,nmo:hasIssuer,ex:issuer_83
ex:coin_8213,nmo:hasIssuer,ex:issuer_83
ex:coin_8214,nmo:hasIssuer,ex:issuer_83
ex:coin_8215,nmo:hasIssuer,ex:issuer_83
ex:coin_8216,nmo:hasIssuer,ex:issuer_83
ex:coin_8217,nmo:hasIssuer,ex:issuer_83
ex:coin_8218,nmo:hasIssuer,ex:issuer_83
ex:coin_8219,nmo:hasIssuer,ex:issuer_83
ex:coin_8220,nmo:hasIssuer,ex:issuer_83
ex:coin_8221,nmo:hasIssuer,ex:issuer_83
ex:coin_8222,nmo:hasIssuer,ex:issuer_83
ex:coin_8223,nmo:hasIssuer,ex:issuer_83
ex:coin_8223,nmo:hasIssuer,ex:issuer_88
ex:coin_8298,nmo:hasIssuer,ex:issuer_83
ex:coin_8299,nmo:hasIssuer,ex:issuer_83
ex:coin_8300,nmo:hasIssuer,ex:issuer_83
ex:coin_8301,nmo:hasIssuer,ex:issuer_83
ex:coin_8302,nmo:hasIssuer,ex:issuer_83
ex:coin_8318,nmo:hasIssuer,ex:issuer_83
ex:coin_8318,nmo:hasIssuer,ex:issuer_88
ex:coin_8354,nmo:hasIssuer,ex:issuer_83
ex:coin_8354,nmo:hasIssuer,ex:issuer_88
ex:coin_8384,nmo:hasIssuer,ex:issuer_83
ex:coin_8547,nmo:hasIssuer,ex:issuer_83
ex:coin_8560,nmo:hasIssuer,ex:issuer_83
ex:coin_8560,nmo:hasIssuer,ex:issuer_88
ex:coin_8567,nmo:hasIssuer,ex:issuer_83
ex:coin_8594,nmo:hasIssuer,ex:issuer_83
ex:coin_8605,nmo:hasIssuer,ex:issuer_83
ex:coin_8605,nmo:hasIssuer,ex:issuer_88
ex:coin_8607,nmo:hasIssuer,ex:issuer_83
ex:coin_8625,nmo:hasIssuer,ex:issuer_83
ex:coin_8625,nmo:hasIssuer,ex:issuer_88
ex:coin_8703,nmo:hasIssuer,ex:issuer_83
ex:coin_8704,nmo:hasIssuer,ex:issuer_83
ex:coin_8705,nmo:hasIssuer,ex:issuer_83
ex:coin_8706,nmo:hasIssuer,ex:issuer_83
ex:coin_8707,nmo:hasIssuer,ex:issuer_83
ex:coin_8713,nmo:hasIssuer,ex:issuer_83
ex:coin_8720,nmo:hasIssuer,ex:issuer_83
ex:coin_8747,nmo:hasIssuer,ex:issuer_83
ex:coin_8775,nmo:hasIssuer,ex:issuer_83
ex:coin_8786,nmo:hasIssuer,ex:issuer_83
ex:coin_8911,nmo:hasIssuer,ex:issuer_83
ex:coin_8945,nmo:hasIssuer,ex:issuer_83
ex:coin_8945,nmo:hasIssuer,ex:issuer_88
ex:coin_8957,nmo:hasIssuer,ex:issuer_83
ex:coin_9010,nmo:hasIssuer,ex:issuer_83
ex:coin_9024,nmo:hasIssuer,ex:issuer_83
ex:coin_9039,nmo:hasIssuer,ex:issuer_83
ex:coin_9039,nmo:hasIssuer,ex:issuer_88
ex:coin_9063,nmo:hasIssuer,ex:issuer_83
ex:coin_9084,nmo:hasIssuer,ex:issuer_83
ex:coin_9087,nmo:hasIssuer,ex:issuer_83
ex:coin_9092,nmo:hasIssuer,ex:issuer_83
ex:coin_9100,nmo:hasIssuer,ex:issuer_83
ex:coin_9101,nmo:hasIssuer,ex:issuer_83
ex:coin_9120,nmo:hasIssuer,ex:issuer_83
ex:coin_9121,nmo:hasIssuer,ex:issuer_83
ex:coin_9190,nmo:hasIssuer,ex:issuer_83
ex:coin_9200,nmo:hasIssuer,ex:issuer_83
ex:coin_9200,nmo:hasIssuer,ex:issuer_88
ex:coin_9227,nmo:hasIssuer,ex:issuer_83
ex:coin_9257,nmo:hasIssuer,ex:issuer_83
ex:coin_9257,nmo:hasIssuer,ex:issuer_88
ex:coin_9286,nmo:hasIssuer,ex:issuer_83
ex:coin_9297,nmo:hasIssuer,ex:issuer_83
ex:coin_9297,nmo:hasIssuer,ex:issuer_88
ex:coin_9341,nmo:hasIssuer,ex:issuer_83
ex:coin_9460,nmo:hasIssuer,ex:issuer_83
ex:coin_9487,nmo:hasIssuer,ex:issuer_83
ex:coin_9488,nmo:hasIssuer,ex:issuer_83
ex:coin_9499,nmo:hasIssuer,ex:issuer_83
ex:coin_9499,nmo:hasIssuer,ex:issuer_88
ex:coin_9671,nmo:hasIssuer,ex:issuer_83
ex:coin_9806,nmo:hasIssuer,ex:issuer_83
ex:coin_9808,nmo:hasIssuer,ex:issuer_83
ex:coin_9808,nmo:hasIssuer,ex:issuer_88
ex:coin_9827,nmo:hasIssuer,ex:issuer_83
ex:coin_9828,nmo:hasIssuer,ex:issuer_83
ex:coin_9834,nmo:hasIssuer,ex:issuer_83
ex:coin_9856,nmo:hasIssuer,ex:issuer_83
ex:coin_9856,nmo:hasIssuer,ex:issuer_88
ex:coin_9864,nmo:hasIssuer,ex:issuer_83
ex:coin_9864,nmo:hasIssuer,ex:issuer_88
ex:coin_9876,nmo:hasIssuer,ex:issuer_83
ex:coin_9914,nmo:hasIssuer,ex:issuer_83
ex:coin_9927,nmo:hasIssuer,ex:issuer_83
ex:coin_9965,nmo:hasIssuer,ex:issuer_83
ex:coin_9965,nmo:hasIssuer,ex:issuer_88
ex:coin_9987,nmo:hasIssuer,ex:issuer_83
ex:coin_10142,nmo:hasIssuer,ex:issuer_83
ex:coin_10143,nmo:hasIssuer,ex:issuer_83
ex:coin_10143,nmo:hasIssuer,ex:issuer_88
ex:coin_10156,nmo:hasIssuer,ex:issuer_83
ex:coin_10165,nmo:hasIssuer,ex:issuer_83
ex:coin_10165,nmo:hasIssuer,ex:issuer_88
ex:coin_10202,nmo:hasIssuer,ex:issuer_83
ex:coin_10202,nmo:hasIssuer,ex:issuer_88
ex:coin_10354,nmo:hasIssuer,ex:issuer_83
ex:coin_10355,nmo:hasIssuer,ex:issuer_83
ex:coin_10363,nmo:hasIssuer,ex:issuer_83
ex:coin_10409,nmo:hasIssuer,ex:issuer_83
ex:coin_10449,nmo:hasIssuer,ex:issuer_83
ex:coin_10484,nmo:hasIssuer,ex:issuer_83
ex:coin_10508,nmo:hasIssuer,ex:issuer_83
ex:coin_10524,nmo:hasIssuer,ex:issuer_83
ex:coin_10537,nmo:hasIssuer,ex:issuer_83
ex:coin_11430,nmo:hasIssuer,ex:issuer_83
ex:coin_11431,nmo:hasIssuer,ex:issuer_83
ex:coin_11432,nmo:hasIssuer,ex:issuer_83
ex:coin_11480,nmo:hasIssuer,ex:issuer_83
ex:coin_11490,nmo:hasIssuer,ex:issuer_83
ex:coin_11498,nmo:hasIssuer,ex:issuer_83
ex:coin_11502,nmo:hasIssuer,ex:issuer_83
ex:coin_11502,nmo:hasIssuer,ex:issuer_88
ex:coin_11509,nmo:hasIssuer,ex:issuer_83
ex:coin_11586,nmo:hasIssuer,ex:issuer_83
ex:coin_11587,nmo:hasIssuer,ex:issuer_83
ex:coin_11608,nmo:hasIssuer,ex:issuer_83
ex:coin_11627,nmo:hasIssuer,ex:issuer_83
ex:coin_11628,nmo:hasIssuer,ex:issuer_83
ex:coin_11653,nmo:hasIssuer,ex:issuer_83
ex:coin_11654,nmo:hasIssuer,ex:issuer_83
ex:coin_11676,nmo:hasIssuer,ex:issuer_83
ex:coin_11682,nmo:hasIssuer,ex:issuer_83
ex:coin_11683,nmo:hasIssuer,ex:issuer_83
ex:coin_11684,nmo:hasIssuer,ex:issuer_83
ex:coin_11685,nmo:hasIssuer,ex:issuer_83
ex:coin_11692,nmo:hasIssuer,ex:issuer_83
ex:coin_11692,nmo:hasIssuer,ex:issuer_88
ex:coin_11880,nmo:hasIssuer,ex:issuer_83
ex:coin_11880,nmo:hasIssuer,ex:issuer_88
ex:coin_11903,nmo:hasIssuer,ex:issuer_83
ex:coin_11937,nmo:hasIssuer,ex:issuer_83
ex:coin_11960,nmo:hasIssuer,ex:issuer_83
ex:coin_12010,nmo:hasIssuer,ex:issuer_83
ex:coin_12035,nmo:hasIssuer,ex:issuer_83
ex:coin_12059,nmo:hasIssuer,ex:issuer_83
ex:coin_12098,nmo:hasIssuer,ex:issuer_83
ex:coin_12098,nmo:hasIssuer,ex:issuer_88
ex:coin_12253,nmo:hasIssuer,ex:issuer_83
ex:coin_12276,nmo:hasIssuer,ex:issuer_83
ex:coin_12282,nmo:hasIssuer,ex:issuer_83
ex:coin_12284,nmo:hasIssuer,ex:issuer_83
ex:coin_12292,nmo:hasIssuer,ex:issuer_83
ex:coin_12311,nmo:hasIssuer,ex:issuer_83
ex:coin_12321,nmo:hasIssuer,ex:issuer_83
ex:coin_12330,nmo:hasIssuer,ex:issuer_83
ex:coin_12355,nmo:hasIssuer,ex:issuer_83
ex:coin_12374,nmo:hasIssuer,ex:issuer_83
ex:coin_12578,nmo:hasIssuer,ex:issuer_83
ex:coin_12615,nmo:hasIssuer,ex:issuer_83
ex:coin_12616,nmo:hasIssuer,ex:issuer_83
ex:coin_12617,nmo:hasIssuer,ex:issuer_83
ex:coin_12618,nmo:hasIssuer,ex:issuer_83
ex:coin_12619,nmo:hasIssuer,ex:issuer_83
ex:coin_12620,nmo:hasIssuer,ex:issuer_83
ex:coin_12621,nmo:hasIssuer,ex:issuer_83
ex:coin_12641,nmo:hasIssuer,ex:issuer_83
ex:coin_12641,nmo:hasIssuer,ex:issuer_88
ex:coin_12642,nmo:hasIssuer,ex:issuer_83
ex:coin_12642,nmo:hasIssuer,ex:issuer_88
ex:coin_12643,nmo:hasIssuer,ex:issuer_83
ex:coin_12643,nmo:hasIssuer,ex:issuer_88
ex:coin_12644,nmo:hasIssuer,ex:issuer_83
ex:coin_12644,nmo:hasIssuer,ex:issuer_88
ex:coin_12645,nmo:hasIssuer,ex:issuer_83
ex:coin_12645,nmo:hasIssuer,ex:issuer_88
ex:coin_12751,nmo:hasIssuer,ex:issuer_83
ex:coin_12771,nmo:hasIssuer,ex:issuer_83
ex:coin_12785,nmo:hasIssuer,ex:issuer_83
ex:coin_12829,nmo:hasIssuer,ex:issuer_83
ex:coin_12879,nmo:hasIssuer,ex:issuer_83
ex:coin_12934,nmo:hasIssuer,ex:issuer_83
ex:coin_12935,nmo:hasIssuer,ex:issuer_83
ex:coin_12980,nmo:hasIssuer,ex:issuer_83
ex:coin_12981,nmo:hasIssuer,ex:issuer_83
ex:coin_12982,nmo:hasIssuer,ex:issuer_83
ex:coin_12983,nmo:hasIssuer,ex:issuer_83
ex:coin_12984,nmo:hasIssuer,ex:issuer_83
ex:coin_13023,nmo:hasIssuer,ex:issuer_83
ex:coin_13023,nmo:hasIssuer,ex:issuer_88
ex:coin_13150,nmo:hasIssuer,ex:issuer_83
ex:coin_13150,nmo:hasIssuer,ex:issuer_88
ex:coin_13181,nmo:hasIssuer,ex:issuer_83
ex:coin_13181,nmo:hasIssuer,ex:issuer_88
ex:coin_13184,nmo:hasIssuer,ex:issuer_83
ex:coin_13416,nmo:hasIssuer,ex:issuer_83
ex:coin_13485,nmo:hasIssuer,ex:issuer_83
ex:coin_13544,nmo:hasIssuer,ex:issuer_83
ex:coin_13549,nmo:hasIssuer,ex:issuer_83
ex:coin_13679,nmo:hasIssuer,ex:issuer_83
ex:coin_13742,nmo:hasIssuer,ex:issuer_83
ex:coin_13825,nmo:hasIssuer,ex:issuer_83
ex:coin_13825,nmo:hasIssuer,ex:issuer_88
ex:coin_13913,nmo:hasIssuer,ex:issuer_83
ex:coin_14016,nmo:hasIssuer,ex:issuer_83
ex:coin_14288,nmo:hasIssuer,ex:issuer_83
ex:coin_14289,nmo:hasIssuer,ex:issuer_83
ex:coin_14335,nmo:hasIssuer,ex:issuer_83
ex:coin_14405,nmo:hasIssuer,ex:issuer_83
ex:coin_14710,nmo:hasIssuer,ex:issuer_83
ex:coin_14910,nmo:hasIssuer,ex:issuer_83
ex:coin_14989,nmo:hasIssuer,ex:issuer_83
ex:coin_15080,nmo:hasIssuer,ex:issuer_83
ex:coin_15090,nmo:hasIssuer,ex:issuer_83
ex:coin_15091,nmo:hasIssuer,ex:issuer_83
ex:coin_15091,nmo:hasIssuer,ex:issuer_88
ex:coin_15195,nmo:hasIssuer,ex:issuer_83
ex:coin_15196,nmo:hasIssuer,ex:issuer_83
ex:coin_15574,nmo:hasIssuer,ex:issuer_83
ex:coin_15580,nmo:hasIssuer,ex:issuer_83
ex:coin_15581,nmo:hasIssuer,ex:issuer_83
ex:coin_15587,nmo:hasIssuer,ex:issuer_83
ex:coin_15589,nmo:hasIssuer,ex:issuer_83
ex:coin_15595,nmo:hasIssuer,ex:issuer_83
ex:coin_15663,nmo:hasIssuer,ex:issuer_83
ex:coin_15688,nmo:hasIssuer,ex:issuer_83
ex:coin_15765,nmo:hasIssuer,ex:issuer_83
ex:coin_15773,nmo:hasIssuer,ex:issuer_83
ex:coin_15847,nmo:hasIssuer,ex:issuer_83
ex:coin_15885,nmo:hasIssuer,ex:issuer_83
ex:coin_15942,nmo:hasIssuer,ex:issuer_83
ex:coin_15943,nmo:hasIssuer,ex:issuer_83
ex:coin_15944,nmo:hasIssuer,ex:issuer_83
ex:coin_15945,nmo:hasIssuer,ex:issuer_83
ex:coin_15946,nmo:hasIssuer,ex:issuer_83
ex:coin_15947,nmo:hasIssuer,ex:issuer_83
ex:coin_15954,nmo:hasIssuer,ex:issuer_83
ex:coin_15955,nmo:hasIssuer,ex:issuer_83
ex:coin_15962,nmo:hasIssuer,ex:issuer_83
ex:coin_15967,nmo:hasIssuer,ex:issuer_83
ex:coin_15970,nmo:hasIssuer,ex:issuer_83
ex:coin_15973,nmo:hasIssuer,ex:issuer_83
ex:coin_15976,nmo:hasIssuer,ex:issuer_83
ex:coin_16003,nmo:hasIssuer,ex:issuer_83
ex:coin_16012,nmo:hasIssuer,ex:issuer_83
ex:coin_16012,nmo:hasIssuer,ex:issuer_88
ex:coin_16024,nmo:hasIssuer,ex:issuer_83
ex:coin_16051,nmo:hasIssuer,ex:issuer_83
ex:coin_16056,nmo:hasIssuer,ex:issuer_83
ex:coin_16059,nmo:hasIssuer,ex:issuer_83
ex:coin_16062,nmo:hasIssuer,ex:issuer_83
ex:coin_16067,nmo:hasIssuer,ex:issuer_83
ex:coin_16074,nmo:hasIssuer,ex:issuer_83
ex:coin_16153,nmo:hasIssuer,ex:issuer_83
ex:coin_16166,nmo:hasIssuer,ex:issuer_83
ex:coin_16179,nmo:hasIssuer,ex:issuer_83
ex:coin_16182,nmo:hasIssuer,ex:issuer_83
ex:coin_16185,nmo:hasIssuer,ex:issuer_83
ex:coin_16189,nmo:hasIssuer,ex:issuer_83
ex:coin_16205,nmo:hasIssuer,ex:issuer_83
ex:coin_16215,nmo:hasIssuer,ex:issuer_83
ex:coin_16219,nmo:hasIssuer,ex:issuer_83
ex:coin_16227,nmo:hasIssuer,ex:issuer_83
ex:coin_16228,nmo:hasIssuer,ex:issuer_83
ex:coin_16230,nmo:hasIssuer,ex:issuer_83
ex:coin_16251,nmo:hasIssuer,ex:issuer_83
ex:coin_16264,nmo:hasIssuer,ex:issuer_83
ex:coin_16279,nmo:hasIssuer,ex:issuer_83
ex:coin_16297,nmo:hasIssuer,ex:issuer_83
ex:coin_16302,nmo:hasIssuer,ex:issuer_83
ex:coin_16494,nmo:hasIssuer,ex:issuer_83
ex:coin_16625,nmo:hasIssuer,ex:issuer_83
ex:coin_16649,nmo:hasIssuer,ex:issuer_83
ex:coin_16653,nmo:hasIssuer,ex:issuer_83
ex:coin_16689,nmo:hasIssuer,ex:issuer_83
ex:coin_16699,nmo:hasIssuer,ex:issuer_83
ex:coin_16704,nmo:hasIssuer,ex:issuer_83
ex:coin_16798,nmo:hasIssuer,ex:issuer_83
ex:coin_16799,nmo:hasIssuer,ex:issuer_83
ex:coin_16800,nmo:hasIssuer,ex:issuer_83
ex:coin_16855,nmo:hasIssuer,ex:issuer_83
ex:coin_16880,nmo:hasIssuer,ex:issuer_83
ex:coin_16885,nmo:hasIssuer,ex:issuer_83
ex:coin_16899,nmo:hasIssuer,ex:issuer_83
ex:coin_16900,nmo:hasIssuer,ex:issuer_83
ex:coin_16910,nmo:hasIssuer,ex:issuer_83
ex:coin_16919,nmo:hasIssuer,ex:issuer_83
ex:coin_16927,nmo:hasIssuer,ex:issuer_83
ex:coin_16932,nmo:hasIssuer,ex:issuer_83
ex:coin_16939,nmo:hasIssuer,ex:issuer_83
ex:coin_16940,nmo:hasIssuer,ex:issuer_83
ex:coin_16955,nmo:hasIssuer,ex:issuer_83
ex:coin_16979,nmo:hasIssuer,ex:issuer_83
ex:coin_17147,nmo:hasIssuer,ex:issuer_83
ex:coin_17147,nmo:hasIssuer,ex:issuer_88
ex:coin_17152,nmo:hasIssuer,ex:issuer_83
ex:coin_17170,nmo:hasIssuer,ex:issuer_83
ex:coin_17206,nmo:hasIssuer,ex:issuer_83
ex:coin_17206,nmo:hasIssuer,ex:issuer_88
ex:coin_17223,nmo:hasIssuer,ex:issuer_83
ex:coin_17279,nmo:hasIssuer,ex:issuer_83
ex:coin_17621,nmo:hasIssuer,ex:issuer_83
ex:coin_17688,nmo:hasIssuer,ex:issuer_83
ex:coin_17741,nmo:hasIssuer,ex:issuer_83
ex:coin_17758,nmo:hasIssuer,ex:issuer_83
ex:coin_17762,nmo:hasIssuer,ex:issuer_83
ex:coin_17775,nmo:hasIssuer,ex:issuer_83
ex:coin_17805,nmo:hasIssuer,ex:issuer_83
ex:coin_17818,nmo:hasIssuer,ex:issuer_83
ex:coin_17826,nmo:hasIssuer,ex:issuer_83
ex:coin_17829,nmo:hasIssuer,ex:issuer_83
ex:coin_17876,nmo:hasIssuer,ex:issuer_83
ex:coin_17881,nmo:hasIssuer,ex:issuer_83
ex:coin_17883,nmo:hasIssuer,ex:issuer_83
ex:coin_17893,nmo:hasIssuer,ex:issuer_83
ex:coin_17894,nmo:hasIssuer,ex:issuer_83
ex:coin_17910,nmo:hasIssuer,ex:issuer_83
ex:coin_17914,nmo:hasIssuer,ex:issuer_83
ex:coin_17916,nmo:hasIssuer,ex:issuer_83
ex:coin_17929,nmo:hasIssuer,ex:issuer_83
ex:coin_17938,nmo:hasIssuer,ex:issuer_83
ex:coin_17956,nmo:hasIssuer,ex:issuer_83
ex:coin_17959,nmo:hasIssuer,ex:issuer_83
ex:coin_17971,nmo:hasIssuer,ex:issuer_83
ex:coin_17977,nmo:hasIssuer,ex:issuer_83
ex:coin_17983,nmo:hasIssuer,ex:issuer_83
ex:coin_18021,nmo:hasIssuer,ex:issuer_83
ex:coin_18031,nmo:hasIssuer,ex:issuer_83
ex:coin_18050,nmo:hasIssuer,ex:issuer_83
ex:coin_18235,nmo:hasIssuer,ex:issuer_83
ex:coin_18275,nmo:hasIssuer,ex:issuer_83
ex:coin_18327,nmo:hasIssuer,ex:issuer_83
ex:coin_18420,nmo:hasIssuer,ex:issuer_83
ex:coin_18438,nmo:hasIssuer,ex:issuer_83
ex:coin_18450,nmo:hasIssuer,ex:issuer_83
ex:coin_18467,nmo:hasIssuer,ex:issuer_83
ex:coin_18470,nmo:hasIssuer,ex:issuer_83
ex:coin_18488,nmo:hasIssuer,ex:issuer_83
ex:coin_18491,nmo:hasIssuer,ex:issuer_83
ex:coin_18705,nmo:hasIssuer,ex:issuer_83
ex:coin_18720,nmo:hasIssuer,ex:issuer_83
ex:coin_18730,nmo:hasIssuer,ex:issuer_83
ex:coin_27971,nmo:hasIssuer,ex:issuer_83
ex:coin_27983,nmo:hasIssuer,ex:issuer_83
ex:coin_27983,nmo:hasIssuer,ex:issuer_88
ex:coin_27987,nmo:hasIssuer,ex:issuer_83
ex:coin_27989,nmo:hasIssuer,ex:issuer_83
ex:coin_27989,nmo:hasIssuer,ex:issuer_88
ex:coin_27990,nmo:hasIssuer,ex:issuer_83
ex:coin_27991,nmo:hasIssuer,ex:issuer_83
ex:coin_27991,nmo:hasIssuer,ex:issuer_88
ex:coin_28045,nmo:hasIssuer,ex:issuer_83
ex:coin_28045,nmo:hasIssuer,ex:issuer_88
ex:coin_28049,nmo:hasIssuer,ex:issuer_83
ex:coin_28049,nmo:hasIssuer,ex:issuer_88
ex:coin_28293,nmo:hasIssuer,ex:issuer_83
ex:coin_28294,nmo:hasIssuer,ex:issuer_83
ex:coin_28295,nmo:hasIssuer,ex:issuer_83
ex:coin_28296,nmo:hasIssuer,ex:issuer_83
ex:coin_28297,nmo:hasIssuer,ex:issuer_83
ex:coin_28298,nmo:hasIssuer,ex:issuer_83
ex:coin_28299,nmo:hasIssuer,ex:issuer_83
ex:coin_28300,nmo:hasIssuer,ex:issuer_83
ex:coin_28301,nmo:hasIssuer,ex:issuer_83
ex:coin_28302,nmo:hasIssuer,ex:issuer_83
ex:coin_28303,nmo:hasIssuer,ex:issuer_83
ex:coin_28304,nmo:hasIssuer,ex:issuer_83
ex:coin_28555,nmo:hasIssuer,ex:issuer_83
ex:coin_28670,nmo:hasIssuer,ex:issuer_83
ex:coin_28678,nmo:hasIssuer,ex:issuer_83
ex:coin_28679,nmo:hasIssuer,ex:issuer_83
ex:coin_28680,nmo:hasIssuer,ex:issuer_83
ex:coin_28681,nmo:hasIssuer,ex:issuer_83
ex:coin_28686,nmo:hasIssuer,ex:issuer_83
ex:coin_28686,nmo:hasIssuer,ex:issuer_88
ex:coin_28687,nmo:hasIssuer,ex:issuer_83
ex:coin_28687,nmo:hasIssuer,ex:issuer_88
ex:coin_28688,nmo:hasIssuer,ex:issuer_83
ex:coin_28688,nmo:hasIssuer,ex:issuer_88
ex:coin_28771,nmo:hasIssuer,ex:issuer_83
ex:coin_28771,nmo:hasIssuer,ex:issuer_88
ex:coin_28889,nmo:hasIssuer,ex:issuer_83
ex:coin_28920,nmo:hasIssuer,ex:issuer_83
ex:coin_28920,nmo:hasIssuer,ex:issuer_88
ex:coin_28926,nmo:hasIssuer,ex:issuer_83
ex:coin_28934,nmo:hasIssuer,ex:issuer_83
ex:coin_29182,nmo:hasIssuer,ex:issuer_83
ex:coin_29336,nmo:hasIssuer,ex:issuer_83
ex:coin_29336,nmo:hasIssuer,ex:issuer_88
ex:coin_29512,nmo:hasIssuer,ex:issuer_83
ex:coin_29695,nmo:hasIssuer,ex:issuer_83
ex:coin_29695,nmo:hasIssuer,ex:issuer_88
ex:coin_29784,nmo:hasIssuer,ex:issuer_83
ex:coin_29864,nmo:hasIssuer,ex:issuer_83
ex:coin_29923,nmo:hasIssuer,ex:issuer_83
ex:coin_30074,nmo:hasIssuer,ex:issuer_83
ex:coin_30074,nmo:hasIssuer,ex:issuer_88
ex:coin_30160,nmo:hasIssuer,ex:issuer_83
ex:coin_30160,nmo:hasIssuer,ex:issuer_88
ex:coin_30220,nmo:hasIssuer,ex:issuer_83
ex:coin_30639,nmo:hasIssuer,ex:issuer_83
ex:coin_31004,nmo:hasIssuer,ex:issuer_83
ex:coin_31004,nmo:hasIssuer,ex:issuer_88
ex:coin_31253,nmo:hasIssuer,ex:issuer_83
ex:coin_31838,nmo:hasIssuer,ex:issuer_83
ex:coin_32069,nmo:hasIssuer,ex:issuer_83
ex:coin_32069,nmo:hasIssuer,ex:issuer_88
ex:coin_32387,nmo:hasIssuer,ex:issuer_83
ex:coin_33018,nmo:hasIssuer,ex:issuer_83
ex:coin_33018,nmo:hasIssuer,ex:issuer_88
ex:coin_33141,nmo:hasIssuer,ex:issuer_83
ex:coin_33141,nmo:hasIssuer,ex:issuer_88
ex:coin_33141,nmo:hasIssuer,ex:issuer_94
ex:coin_33162,nmo:hasIssuer,ex:issuer_83
ex:coin_33254,nmo:hasIssuer,ex:issuer_83
ex:coin_33254,nmo:hasIssuer,ex:issuer_88
ex:coin_33254,nmo:hasIssuer,ex:issuer_94
ex:coin_33447,nmo:hasIssuer,ex:issuer_83
ex:coin_33447,nmo:hasIssuer,ex:issuer_88
ex:coin_33447,nmo:hasIssuer,ex:issuer_94
ex:coin_33713,nmo:hasIssuer,ex:issuer_83
ex:coin_33739,nmo:hasIssuer,ex:issuer_83
ex:coin_33739,nmo:hasIssuer,ex:issuer_88
ex:coin_33792,nmo:hasIssuer,ex:issuer_83
ex:coin_33995,nmo:hasIssuer,ex:issuer_83
ex:coin_34113,nmo:hasIssuer,ex:issuer_83
ex:coin_34113,nmo:hasIssuer,ex:issuer_88
ex:coin_34579,nmo:hasIssuer,ex:issuer_83
ex:coin_34579,nmo:hasIssuer,ex:issuer_88
ex:coin_34794,nmo:hasIssuer,ex:issuer_88
ex:coin_34794,nmo:hasIssuer,ex:issuer_83
ex:coin_35798,nmo:hasIssuer,ex:issuer_83
ex:coin_35824,nmo:hasIssuer,ex:issuer_83
ex:coin_35825,nmo:hasIssuer,ex:issuer_83
ex:coin_35826,nmo:hasIssuer,ex:issuer_83
ex:coin_35827,nmo:hasIssuer,ex:issuer_83
ex:coin_35828,nmo:hasIssuer,ex:issuer_83
ex:coin_35829,nmo:hasIssuer,ex:issuer_83
ex:coin_35830,nmo:hasIssuer,ex:issuer_83
ex:coin_35831,nmo:hasIssuer,ex:issuer_83
ex:coin_35832,nmo:hasIssuer,ex:issuer_83
ex:coin_35833,nmo:hasIssuer,ex:issuer_83
ex:coin_35834,nmo:hasIssuer,ex:issuer_83
ex:coin_35835,nmo:hasIssuer,ex:issuer_83
ex:coin_35836,nmo:hasIssuer,ex:issuer_83
ex:coin_35837,nmo:hasIssuer,ex:issuer_83
ex:coin_35838,nmo:hasIssuer,ex:issuer_83
ex:coin_35839,nmo:hasIssuer,ex:issuer_83
ex:coin_35840,nmo:hasIssuer,ex:issuer_83
ex:coin_35841,nmo:hasIssuer,ex:issuer_83
ex:coin_35842,nmo:hasIssuer,ex:issuer_83
ex:coin_35843,nmo:hasIssuer,ex:issuer_83
ex:coin_35844,nmo:hasIssuer,ex:issuer_83
ex:coin_35845,nmo:hasIssuer,ex:issuer_83
ex:coin_35846,nmo:hasIssuer,ex:issuer_83
ex:coin_35847,nmo:hasIssuer,ex:issuer_83
ex:coin_35848,nmo:hasIssuer,ex:issuer_83
ex:coin_35923,nmo:hasIssuer,ex:issuer_83
ex:coin_35924,nmo:hasIssuer,ex:issuer_83
ex:coin_35925,nmo:hasIssuer,ex:issuer_83
ex:coin_35926,nmo:hasIssuer,ex:issuer_83
ex:coin_35927,nmo:hasIssuer,ex:issuer_83
ex:coin_35928,nmo:hasIssuer,ex:issuer_83
ex:coin_35929,nmo:hasIssuer,ex:issuer_83
ex:coin_35930,nmo:hasIssuer,ex:issuer_83
ex:coin_35931,nmo:hasIssuer,ex:issuer_83
ex:coin_35932,nmo:hasIssuer,ex:issuer_83
ex:coin_35933,nmo:hasIssuer,ex:issuer_83
ex:coin_35934,nmo:hasIssuer,ex:issuer_83
ex:coin_35935,nmo:hasIssuer,ex:issuer_83
ex:coin_35936,nmo:hasIssuer,ex:issuer_83
ex:coin_35937,nmo:hasIssuer,ex:issuer_83
ex:coin_35938,nmo:hasIssuer,ex:issuer_83
ex:coin_35939,nmo:hasIssuer,ex:issuer_83
ex:coin_35940,nmo:hasIssuer,ex:issuer_83
ex:coin_35941,nmo:hasIssuer,ex:issuer_83
ex:coin_35942,nmo:hasIssuer,ex:issuer_83
ex:coin_35988,nmo:hasIssuer,ex:issuer_83
ex:coin_36007,nmo:hasIssuer,ex:issuer_83
ex:coin_36015,nmo:hasIssuer,ex:issuer_83
ex:coin_36016,nmo:hasIssuer,ex:issuer_83
ex:coin_36017,nmo:hasIssuer,ex:issuer_83
ex:coin_36018,nmo:hasIssuer,ex:issuer_83
ex:coin_36019,nmo:hasIssuer,ex:issuer_83
ex:coin_36020,nmo:hasIssuer,ex:issuer_83
ex:coin_36021,nmo:hasIssuer,ex:issuer_83
ex:coin_36022,nmo:hasIssuer,ex:issuer_83
ex:coin_36023,nmo:hasIssuer,ex:issuer_83
ex:coin_36024,nmo:hasIssuer,ex:issuer_83
ex:coin_36025,nmo:hasIssuer,ex:issuer_83
ex:coin_36050,nmo:hasIssuer,ex:issuer_83
ex:coin_36051,nmo:hasIssuer,ex:issuer_83
ex:coin_36061,nmo:hasIssuer,ex:issuer_83
ex:coin_36062,nmo:hasIssuer,ex:issuer_83
ex:coin_36063,nmo:hasIssuer,ex:issuer_83
ex:coin_36067,nmo:hasIssuer,ex:issuer_83
ex:coin_36075,nmo:hasIssuer,ex:issuer_83
ex:coin_36079,nmo:hasIssuer,ex:issuer_83
ex:coin_36084,nmo:hasIssuer,ex:issuer_83
ex:coin_36085,nmo:hasIssuer,ex:issuer_83
ex:coin_36090,nmo:hasIssuer,ex:issuer_83
ex:coin_36092,nmo:hasIssuer,ex:issuer_83
ex:coin_36093,nmo:hasIssuer,ex:issuer_83
ex:coin_36100,nmo:hasIssuer,ex:issuer_83
ex:coin_36102,nmo:hasIssuer,ex:issuer_83
ex:coin_36103,nmo:hasIssuer,ex:issuer_83
ex:coin_36114,nmo:hasIssuer,ex:issuer_83
ex:coin_36130,nmo:hasIssuer,ex:issuer_83
ex:coin_36134,nmo:hasIssuer,ex:issuer_83
ex:coin_36146,nmo:hasIssuer,ex:issuer_83
ex:coin_36153,nmo:hasIssuer,ex:issuer_83
ex:coin_36155,nmo:hasIssuer,ex:issuer_83
ex:coin_36160,nmo:hasIssuer,ex:issuer_83
ex:coin_36162,nmo:hasIssuer,ex:issuer_83
ex:coin_36163,nmo:hasIssuer,ex:issuer_83
ex:coin_36165,nmo:hasIssuer,ex:issuer_83
ex:coin_36166,nmo:hasIssuer,ex:issuer_83
ex:coin_36167,nmo:hasIssuer,ex:issuer_83
ex:coin_36179,nmo:hasIssuer,ex:issuer_83
ex:coin_36183,nmo:hasIssuer,ex:issuer_83
ex:coin_36190,nmo:hasIssuer,ex:issuer_83
ex:coin_36201,nmo:hasIssuer,ex:issuer_83
ex:coin_36203,nmo:hasIssuer,ex:issuer_83
ex:coin_36211,nmo:hasIssuer,ex:issuer_83
ex:coin_36231,nmo:hasIssuer,ex:issuer_83
ex:coin_36233,nmo:hasIssuer,ex:issuer_83
ex:coin_36235,nmo:hasIssuer,ex:issuer_83
ex:coin_36241,nmo:hasIssuer,ex:issuer_83
ex:coin_36253,nmo:hasIssuer,ex:issuer_83
ex:coin_36259,nmo:hasIssuer,ex:issuer_83
ex:coin_36260,nmo:hasIssuer,ex:issuer_83
ex:coin_36271,nmo:hasIssuer,ex:issuer_83
ex:coin_36283,nmo:hasIssuer,ex:issuer_83
ex:coin_36294,nmo:hasIssuer,ex:issuer_83
ex:coin_36298,nmo:hasIssuer,ex:issuer_83
ex:coin_36302,nmo:hasIssuer,ex:issuer_83
ex:coin_36313,nmo:hasIssuer,ex:issuer_83
ex:coin_36314,nmo:hasIssuer,ex:issuer_83
ex:coin_36319,nmo:hasIssuer,ex:issuer_83
ex:coin_36323,nmo:hasIssuer,ex:issuer_83
ex:coin_36325,nmo:hasIssuer,ex:issuer_83
ex:coin_36337,nmo:hasIssuer,ex:issuer_83
ex:coin_36340,nmo:hasIssuer,ex:issuer_83
ex:coin_39112,nmo:hasIssuer,ex:issuer_83
ex:coin_39112,nmo:hasIssuer,ex:issuer_88
ex:coin_42731,nmo:hasIssuer,ex:issuer_83
ex:coin_42854,nmo:hasIssuer,ex:issuer_83
ex:coin_42858,nmo:hasIssuer,ex:issuer_83
ex:coin_42886,nmo:hasIssuer,ex:issuer_83
ex:coin_42900,nmo:hasIssuer,ex:issuer_83
ex:coin_42910,nmo:hasIssuer,ex:issuer_83
ex:coin_42915,nmo:hasIssuer,ex:issuer_83
ex:coin_740,nmo:hasIssuer,ex:issuer_88
ex:coin_741,nmo:hasIssuer,ex:issuer_88
ex:coin_883,nmo:hasIssuer,ex:issuer_88
ex:coin_1652,nmo:hasIssuer,ex:issuer_88
ex:coin_1660,nmo:hasIssuer,ex:issuer_88
ex:coin_1661,nmo:hasIssuer,ex:issuer_88
ex:coin_1743,nmo:hasIssuer,ex:issuer_88
ex:coin_1770,nmo:hasIssuer,ex:issuer_88
ex:coin_1805,nmo:hasIssuer,ex:issuer_88
ex:coin_1818,nmo:hasIssuer,ex:issuer_88
ex:coin_1821,nmo:hasIssuer,ex:issuer_88
ex:coin_2044,nmo:hasIssuer,ex:issuer_88
ex:coin_2703,nmo:hasIssuer,ex:issuer_88
ex:coin_2704,nmo:hasIssuer,ex:issuer_88
ex:coin_2705,nmo:hasIssuer,ex:issuer_88
ex:coin_2706,nmo:hasIssuer,ex:issuer_88
ex:coin_2707,nmo:hasIssuer,ex:issuer_88
ex:coin_2708,nmo:hasIssuer,ex:issuer_88
ex:coin_2709,nmo:hasIssuer,ex:issuer_88
ex:coin_2710,nmo:hasIssuer,ex:issuer_88
ex:coin_2711,nmo:hasIssuer,ex:issuer_88
ex:coin_2712,nmo:hasIssuer,ex:issuer_88
ex:coin_2713,nmo:hasIssuer,ex:issuer_88
ex:coin_2714,nmo:hasIssuer,ex:issuer_88
ex:coin_2715,nmo:hasIssuer,ex:issuer_88
ex:coin_2716,nmo:hasIssuer,ex:issuer_88
ex:coin_2717,nmo:hasIssuer,ex:issuer_88
ex:coin_2718,nmo:hasIssuer,ex:issuer_88
ex:coin_2719,nmo:hasIssuer,ex:issuer_88
ex:coin_2720,nmo:hasIssuer,ex:issuer_88
ex:coin_2721,nmo:hasIssuer,ex:issuer_88
ex:coin_2722,nmo:hasIssuer,ex:issuer_88
ex:coin_2723,nmo:hasIssuer,ex:issuer_88
ex:coin_2724,nmo:hasIssuer,ex:issuer_88
ex:coin_2725,nmo:hasIssuer,ex:issuer_88
ex:coin_2726,nmo:hasIssuer,ex:issuer_88
ex:coin_2727,nmo:hasIssuer,ex:issuer_88
ex:coin_2728,nmo:hasIssuer,ex:issuer_88
ex:coin_2729,nmo:hasIssuer,ex:issuer_88
ex:coin_2730,nmo:hasIssuer,ex:issuer_88
ex:coin_2731,nmo:hasIssuer,ex:issuer_88
ex:coin_2732,nmo:hasIssuer,ex:issuer_88
ex:coin_2733,nmo:hasIssuer,ex:issuer_88
ex:coin_2734,nmo:hasIssuer,ex:issuer_88
ex:coin_2735,nmo:hasIssuer,ex:issuer_88
ex:coin_2736,nmo:hasIssuer,ex:issuer_88
ex:coin_2737,nmo:hasIssuer,ex:issuer_88
ex:coin_2738,nmo:hasIssuer,ex:issuer_88
ex:coin_2739,nmo:hasIssuer,ex:issuer_88
ex:coin_2740,nmo:hasIssuer,ex:issuer_88
ex:coin_2741,nmo:hasIssuer,ex:issuer_88
ex:coin_2742,nmo:hasIssuer,ex:issuer_88
ex:coin_2743,nmo:hasIssuer,ex:issuer_88
ex:coin_2744,nmo:hasIssuer,ex:issuer_88
ex:coin_2745,nmo:hasIssuer,ex:issuer_88
ex:coin_2746,nmo:hasIssuer,ex:issuer_88
ex:coin_2747,nmo:hasIssuer,ex:issuer_88
ex:coin_2748,nmo:hasIssuer,ex:issuer_88
ex:coin_2749,nmo:hasIssuer,ex:issuer_88
ex:coin_2750,nmo:hasIssuer,ex:issuer_88
ex:coin_2751,nmo:hasIssuer,ex:issuer_88
ex:coin_2752,nmo:hasIssuer,ex:issuer_88
ex:coin_2753,nmo:hasIssuer,ex:issuer_88
ex:coin_2754,nmo:hasIssuer,ex:issuer_88
ex:coin_2755,nmo:hasIssuer,ex:issuer_88
ex:coin_2756,nmo:hasIssuer,ex:issuer_88
ex:coin_2757,nmo:hasIssuer,ex:issuer_88
ex:coin_2758,nmo:hasIssuer,ex:issuer_88
ex:coin_2759,nmo:hasIssuer,ex:issuer_88
ex:coin_2760,nmo:hasIssuer,ex:issuer_88
ex:coin_2761,nmo:hasIssuer,ex:issuer_88
ex:coin_2762,nmo:hasIssuer,ex:issuer_88
ex:coin_2763,nmo:hasIssuer,ex:issuer_88
ex:coin_2764,nmo:hasIssuer,ex:issuer_88
ex:coin_2765,nmo:hasIssuer,ex:issuer_88
ex:coin_2766,nmo:hasIssuer,ex:issuer_88
ex:coin_2767,nmo:hasIssuer,ex:issuer_88
ex:coin_2768,nmo:hasIssuer,ex:issuer_88
ex:coin_2769,nmo:hasIssuer,ex:issuer_88
ex:coin_2770,nmo:hasIssuer,ex:issuer_88
ex:coin_2771,nmo:hasIssuer,ex:issuer_88
ex:coin_2772,nmo:hasIssuer,ex:issuer_88
ex:coin_2773,nmo:hasIssuer,ex:issuer_88
ex:coin_2774,nmo:hasIssuer,ex:issuer_88
ex:coin_2775,nmo:hasIssuer,ex:issuer_88
ex:coin_2776,nmo:hasIssuer,ex:issuer_88
ex:coin_2777,nmo:hasIssuer,ex:issuer_88
ex:coin_2778,nmo:hasIssuer,ex:issuer_88
ex:coin_2779,nmo:hasIssuer,ex:issuer_88
ex:coin_2780,nmo:hasIssuer,ex:issuer_88
ex:coin_2890,nmo:hasIssuer,ex:issuer_88
ex:coin_2891,nmo:hasIssuer,ex:issuer_88
ex:coin_2974,nmo:hasIssuer,ex:issuer_88
ex:coin_3039,nmo:hasIssuer,ex:issuer_88
ex:coin_3040,nmo:hasIssuer,ex:issuer_88
ex:coin_3041,nmo:hasIssuer,ex:issuer_88
ex:coin_3042,nmo:hasIssuer,ex:issuer_88
ex:coin_3120,nmo:hasIssuer,ex:issuer_88
ex:coin_3121,nmo:hasIssuer,ex:issuer_88
ex:coin_3123,nmo:hasIssuer,ex:issuer_88
ex:coin_3137,nmo:hasIssuer,ex:issuer_88
ex:coin_3138,nmo:hasIssuer,ex:issuer_88
ex:coin_3201,nmo:hasIssuer,ex:issuer_88
ex:coin_3234,nmo:hasIssuer,ex:issuer_88
ex:coin_3306,nmo:hasIssuer,ex:issuer_88
ex:coin_3309,nmo:hasIssuer,ex:issuer_88
ex:coin_3310,nmo:hasIssuer,ex:issuer_88
ex:coin_3311,nmo:hasIssuer,ex:issuer_88
ex:coin_3330,nmo:hasIssuer,ex:issuer_88
ex:coin_3331,nmo:hasIssuer,ex:issuer_88
ex:coin_3448,nmo:hasIssuer,ex:issuer_88
ex:coin_3500,nmo:hasIssuer,ex:issuer_88
ex:coin_3501,nmo:hasIssuer,ex:issuer_88
ex:coin_3506,nmo:hasIssuer,ex:issuer_88
ex:coin_3507,nmo:hasIssuer,ex:issuer_88
ex:coin_3508,nmo:hasIssuer,ex:issuer_88
ex:coin_3509,nmo:hasIssuer,ex:issuer_88
ex:coin_3510,nmo:hasIssuer,ex:issuer_88
ex:coin_3511,nmo:hasIssuer,ex:issuer_88
ex:coin_3512,nmo:hasIssuer,ex:issuer_88
ex:coin_3513,nmo:hasIssuer,ex:issuer_88
ex:coin_3577,nmo:hasIssuer,ex:issuer_88
ex:coin_3579,nmo:hasIssuer,ex:issuer_88
ex:coin_3580,nmo:hasIssuer,ex:issuer_88
ex:coin_3843,nmo:hasIssuer,ex:issuer_88
ex:coin_3866,nmo:hasIssuer,ex:issuer_88
ex:coin_3913,nmo:hasIssuer,ex:issuer_88
ex:coin_4171,nmo:hasIssuer,ex:issuer_88
ex:coin_4172,nmo:hasIssuer,ex:issuer_88
ex:coin_4173,nmo:hasIssuer,ex:issuer_88
ex:coin_4646,nmo:hasIssuer,ex:issuer_88
ex:coin_4647,nmo:hasIssuer,ex:issuer_88
ex:coin_4893,nmo:hasIssuer,ex:issuer_88
ex:coin_4902,nmo:hasIssuer,ex:issuer_88
ex:coin_4974,nmo:hasIssuer,ex:issuer_88
ex:coin_4975,nmo:hasIssuer,ex:issuer_88
ex:coin_4976,nmo:hasIssuer,ex:issuer_88
ex:coin_4977,nmo:hasIssuer,ex:issuer_88
ex:coin_4978,nmo:hasIssuer,ex:issuer_88
ex:coin_5024,nmo:hasIssuer,ex:issuer_88
ex:coin_5025,nmo:hasIssuer,ex:issuer_88
ex:coin_5065,nmo:hasIssuer,ex:issuer_88
ex:coin_5079,nmo:hasIssuer,ex:issuer_88
ex:coin_5079,nmo:hasIssuer,ex:issuer_94
ex:coin_5323,nmo:hasIssuer,ex:issuer_88
ex:coin_5359,nmo:hasIssuer,ex:issuer_88
ex:coin_5370,nmo:hasIssuer,ex:issuer_88
ex:coin_5387,nmo:hasIssuer,ex:issuer_88
ex:coin_5493,nmo:hasIssuer,ex:issuer_88
ex:coin_5520,nmo:hasIssuer,ex:issuer_88
ex:coin_5595,nmo:hasIssuer,ex:issuer_88
ex:coin_5596,nmo:hasIssuer,ex:issuer_88
ex:coin_5597,nmo:hasIssuer,ex:issuer_88
ex:coin_5669,nmo:hasIssuer,ex:issuer_88
ex:coin_5711,nmo:hasIssuer,ex:issuer_88
ex:coin_5817,nmo:hasIssuer,ex:issuer_88
ex:coin_5830,nmo:hasIssuer,ex:issuer_88
ex:coin_5832,nmo:hasIssuer,ex:issuer_88
ex:coin_5860,nmo:hasIssuer,ex:issuer_88
ex:coin_5971,nmo:hasIssuer,ex:issuer_88
ex:coin_6089,nmo:hasIssuer,ex:issuer_88
ex:coin_6130,nmo:hasIssuer,ex:issuer_88
ex:coin_6234,nmo:hasIssuer,ex:issuer_88
ex:coin_6235,nmo:hasIssuer,ex:issuer_88
ex:coin_6269,nmo:hasIssuer,ex:issuer_88
ex:coin_6390,nmo:hasIssuer,ex:issuer_88
ex:coin_6432,nmo:hasIssuer,ex:issuer_88
ex:coin_6582,nmo:hasIssuer,ex:issuer_88
ex:coin_6590,nmo:hasIssuer,ex:issuer_88
ex:coin_6592,nmo:hasIssuer,ex:issuer_88
ex:coin_6596,nmo:hasIssuer,ex:issuer_88
ex:coin_6597,nmo:hasIssuer,ex:issuer_88
ex:coin_6599,nmo:hasIssuer,ex:issuer_88
ex:coin_6600,nmo:hasIssuer,ex:issuer_88
ex:coin_6679,nmo:hasIssuer,ex:issuer_88
ex:coin_6687,nmo:hasIssuer,ex:issuer_88
ex:coin_6688,nmo:hasIssuer,ex:issuer_88
ex:coin_6689,nmo:hasIssuer,ex:issuer_88
ex:coin_6905,nmo:hasIssuer,ex:issuer_88
ex:coin_7619,nmo:hasIssuer,ex:issuer_88
ex:coin_7762,nmo:hasIssuer,ex:issuer_88
ex:coin_7763,nmo:hasIssuer,ex:issuer_88
ex:coin_7827,nmo:hasIssuer,ex:issuer_88
ex:coin_7828,nmo:hasIssuer,ex:issuer_88
ex:coin_7932,nmo:hasIssuer,ex:issuer_88
ex:coin_7947,nmo:hasIssuer,ex:issuer_88
ex:coin_8001,nmo:hasIssuer,ex:issuer_88
ex:coin_8039,nmo:hasIssuer,ex:issuer_88
ex:coin_8055,nmo:hasIssuer,ex:issuer_88
ex:coin_8124,nmo:hasIssuer,ex:issuer_88
ex:coin_8246,nmo:hasIssuer,ex:issuer_88
ex:coin_8247,nmo:hasIssuer,ex:issuer_88
ex:coin_8248,nmo:hasIssuer,ex:issuer_88
ex:coin_8249,nmo:hasIssuer,ex:issuer_88
ex:coin_8250,nmo:hasIssuer,ex:issuer_88
ex:coin_8251,nmo:hasIssuer,ex:issuer_88
ex:coin_8252,nmo:hasIssuer,ex:issuer_88
ex:coin_8253,nmo:hasIssuer,ex:issuer_88
ex:coin_8254,nmo:hasIssuer,ex:issuer_88
ex:coin_8255,nmo:hasIssuer,ex:issuer_88
ex:coin_8256,nmo:hasIssuer,ex:issuer_88
ex:coin_8257,nmo:hasIssuer,ex:issuer_88
ex:coin_8258,nmo:hasIssuer,ex:issuer_88
ex:coin_8259,nmo:hasIssuer,ex:issuer_88
ex:coin_8260,nmo:hasIssuer,ex:issuer_88
ex:coin_8261,nmo:hasIssuer,ex:issuer_88
ex:coin_8262,nmo:hasIssuer,ex:issuer_88
ex:coin_8263,nmo:hasIssuer,ex:issuer_88
ex:coin_8264,nmo:hasIssuer,ex:issuer_88
ex:coin_8265,nmo:hasIssuer,ex:issuer_88
ex:coin_8266,nmo:hasIssuer,ex:issuer_88
ex:coin_8267,nmo:hasIssuer,ex:issuer_88
ex:coin_8268,nmo:hasIssuer,ex:issuer_88
ex:coin_8269,nmo:hasIssuer,ex:issuer_88
ex:coin_8270,nmo:hasIssuer,ex:issuer_88
ex:coin_8271,nmo:hasIssuer,ex:issuer_88
ex:coin_8272,nmo:hasIssuer,ex:issuer_88
ex:coin_8303,nmo:hasIssuer,ex:issuer_88
ex:coin_8304,nmo:hasIssuer,ex:issuer_88
ex:coin_8549,nmo:hasIssuer,ex:issuer_88
ex:coin_8568,nmo:hasIssuer,ex:issuer_88
ex:coin_8569,nmo:hasIssuer,ex:issuer_88
ex:coin_8570,nmo:hasIssuer,ex:issuer_88
ex:coin_8750,nmo:hasIssuer,ex:issuer_88
ex:coin_8958,nmo:hasIssuer,ex:issuer_88
ex:coin_8976,nmo:hasIssuer,ex:issuer_88
ex:coin_9175,nmo:hasIssuer,ex:issuer_88
ex:coin_9268,nmo:hasIssuer,ex:issuer_88
ex:coin_9313,nmo:hasIssuer,ex:issuer_88
ex:coin_9484,nmo:hasIssuer,ex:issuer_88
ex:coin_9830,nmo:hasIssuer,ex:issuer_88
ex:coin_9890,nmo:hasIssuer,ex:issuer_88
ex:coin_9926,nmo:hasIssuer,ex:issuer_88
ex:coin_10125,nmo:hasIssuer,ex:issuer_88
ex:coin_10410,nmo:hasIssuer,ex:issuer_88
ex:coin_10442,nmo:hasIssuer,ex:issuer_88
ex:coin_10536,nmo:hasIssuer,ex:issuer_88
ex:coin_10544,nmo:hasIssuer,ex:issuer_88
ex:coin_10546,nmo:hasIssuer,ex:issuer_88
ex:coin_10547,nmo:hasIssuer,ex:issuer_88
ex:coin_11549,nmo:hasIssuer,ex:issuer_88
ex:coin_11573,nmo:hasIssuer,ex:issuer_88
ex:coin_11618,nmo:hasIssuer,ex:issuer_88
ex:coin_11647,nmo:hasIssuer,ex:issuer_88
ex:coin_11670,nmo:hasIssuer,ex:issuer_88
ex:coin_11687,nmo:hasIssuer,ex:issuer_88
ex:coin_11688,nmo:hasIssuer,ex:issuer_88
ex:coin_11689,nmo:hasIssuer,ex:issuer_88
ex:coin_11690,nmo:hasIssuer,ex:issuer_88
ex:coin_11906,nmo:hasIssuer,ex:issuer_88
ex:coin_11946,nmo:hasIssuer,ex:issuer_88
ex:coin_12040,nmo:hasIssuer,ex:issuer_88
ex:coin_12257,nmo:hasIssuer,ex:issuer_88
ex:coin_12273,nmo:hasIssuer,ex:issuer_88
ex:coin_12287,nmo:hasIssuer,ex:issuer_88
ex:coin_12294,nmo:hasIssuer,ex:issuer_88
ex:coin_12303,nmo:hasIssuer,ex:issuer_88
ex:coin_12323,nmo:hasIssuer,ex:issuer_88
ex:coin_12343,nmo:hasIssuer,ex:issuer_88
ex:coin_12369,nmo:hasIssuer,ex:issuer_88
ex:coin_12376,nmo:hasIssuer,ex:issuer_88
ex:coin_12377,nmo:hasIssuer,ex:issuer_88
ex:coin_12378,nmo:hasIssuer,ex:issuer_88
ex:coin_12513,nmo:hasIssuer,ex:issuer_88
ex:coin_12601,nmo:hasIssuer,ex:issuer_88
ex:coin_12653,nmo:hasIssuer,ex:issuer_88
ex:coin_12654,nmo:hasIssuer,ex:issuer_88
ex:coin_12655,nmo:hasIssuer,ex:issuer_88
ex:coin_12656,nmo:hasIssuer,ex:issuer_88
ex:coin_12657,nmo:hasIssuer,ex:issuer_88
ex:coin_12658,nmo:hasIssuer,ex:issuer_88
ex:coin_12659,nmo:hasIssuer,ex:issuer_88
ex:coin_12660,nmo:hasIssuer,ex:issuer_88
ex:coin_12772,nmo:hasIssuer,ex:issuer_88
ex:coin_12848,nmo:hasIssuer,ex:issuer_88
ex:coin_12853,nmo:hasIssuer,ex:issuer_88
ex:coin_12853,nmo:hasIssuer,ex:issuer_94
ex:coin_12888,nmo:hasIssuer,ex:issuer_88
ex:coin_13028,nmo:hasIssuer,ex:issuer_88
ex:coin_13157,nmo:hasIssuer,ex:issuer_88
ex:coin_13163,nmo:hasIssuer,ex:issuer_88
ex:coin_13188,nmo:hasIssuer,ex:issuer_88
ex:coin_13460,nmo:hasIssuer,ex:issuer_88
ex:coin_13462,nmo:hasIssuer,ex:issuer_88
ex:coin_13479,nmo:hasIssuer,ex:issuer_93
ex:coin_13479,nmo:hasIssuer,ex:issuer_88
ex:coin_13579,nmo:hasIssuer,ex:issuer_88
ex:coin_13618,nmo:hasIssuer,ex:issuer_88
ex:coin_13736,nmo:hasIssuer,ex:issuer_88
ex:coin_13752,nmo:hasIssuer,ex:issuer_88
ex:coin_13753,nmo:hasIssuer,ex:issuer_88
ex:coin_13754,nmo:hasIssuer,ex:issuer_88
ex:coin_14263,nmo:hasIssuer,ex:issuer_88
ex:coin_14267,nmo:hasIssuer,ex:issuer_88
ex:coin_14271,nmo:hasIssuer,ex:issuer_88
ex:coin_14275,nmo:hasIssuer,ex:issuer_88
ex:coin_14286,nmo:hasIssuer,ex:issuer_88
ex:coin_14307,nmo:hasIssuer,ex:issuer_88
ex:coin_14404,nmo:hasIssuer,ex:issuer_88
ex:coin_14406,nmo:hasIssuer,ex:issuer_88
ex:coin_15024,nmo:hasIssuer,ex:issuer_88
ex:coin_15126,nmo:hasIssuer,ex:issuer_88
ex:coin_15127,nmo:hasIssuer,ex:issuer_88
ex:coin_15150,nmo:hasIssuer,ex:issuer_88
ex:coin_15216,nmo:hasIssuer,ex:issuer_88
ex:coin_15410,nmo:hasIssuer,ex:issuer_88
ex:coin_15568,nmo:hasIssuer,ex:issuer_88
ex:coin_15613,nmo:hasIssuer,ex:issuer_88
ex:coin_15700,nmo:hasIssuer,ex:issuer_88
ex:coin_15709,nmo:hasIssuer,ex:issuer_88
ex:coin_15719,nmo:hasIssuer,ex:issuer_88
ex:coin_15764,nmo:hasIssuer,ex:issuer_88
ex:coin_15849,nmo:hasIssuer,ex:issuer_88
ex:coin_15886,nmo:hasIssuer,ex:issuer_88
ex:coin_15950,nmo:hasIssuer,ex:issuer_88
ex:coin_15966,nmo:hasIssuer,ex:issuer_88
ex:coin_15974,nmo:hasIssuer,ex:issuer_88
ex:coin_16055,nmo:hasIssuer,ex:issuer_88
ex:coin_16065,nmo:hasIssuer,ex:issuer_88
ex:coin_16068,nmo:hasIssuer,ex:issuer_88
ex:coin_16072,nmo:hasIssuer,ex:issuer_88
ex:coin_16073,nmo:hasIssuer,ex:issuer_88
ex:coin_16171,nmo:hasIssuer,ex:issuer_88
ex:coin_16172,nmo:hasIssuer,ex:issuer_88
ex:coin_16175,nmo:hasIssuer,ex:issuer_88
ex:coin_16192,nmo:hasIssuer,ex:issuer_88
ex:coin_16193,nmo:hasIssuer,ex:issuer_88
ex:coin_16198,nmo:hasIssuer,ex:issuer_88
ex:coin_16200,nmo:hasIssuer,ex:issuer_88
ex:coin_16213,nmo:hasIssuer,ex:issuer_88
ex:coin_16214,nmo:hasIssuer,ex:issuer_88
ex:coin_16220,nmo:hasIssuer,ex:issuer_88
ex:coin_16221,nmo:hasIssuer,ex:issuer_88
ex:coin_16232,nmo:hasIssuer,ex:issuer_88
ex:coin_16267,nmo:hasIssuer,ex:issuer_88
ex:coin_16298,nmo:hasIssuer,ex:issuer_88
ex:coin_16298,nmo:hasIssuer,ex:issuer_94
ex:coin_16630,nmo:hasIssuer,ex:issuer_88
ex:coin_16652,nmo:hasIssuer,ex:issuer_88
ex:coin_16683,nmo:hasIssuer,ex:issuer_88
ex:coin_16685,nmo:hasIssuer,ex:issuer_88
ex:coin_16686,nmo:hasIssuer,ex:issuer_88
ex:coin_16688,nmo:hasIssuer,ex:issuer_88
ex:coin_16702,nmo:hasIssuer,ex:issuer_88
ex:coin_16801,nmo:hasIssuer,ex:issuer_88
ex:coin_16815,nmo:hasIssuer,ex:issuer_88
ex:coin_16826,nmo:hasIssuer,ex:issuer_88
ex:coin_16842,nmo:hasIssuer,ex:issuer_88
ex:coin_16905,nmo:hasIssuer,ex:issuer_88
ex:coin_16913,nmo:hasIssuer,ex:issuer_88
ex:coin_16918,nmo:hasIssuer,ex:issuer_88
ex:coin_16941,nmo:hasIssuer,ex:issuer_88
ex:coin_16948,nmo:hasIssuer,ex:issuer_88
ex:coin_16951,nmo:hasIssuer,ex:issuer_88
ex:coin_17171,nmo:hasIssuer,ex:issuer_88
ex:coin_17351,nmo:hasIssuer,ex:issuer_88
ex:coin_17457,nmo:hasIssuer,ex:issuer_88
ex:coin_17659,nmo:hasIssuer,ex:issuer_88
ex:coin_17660,nmo:hasIssuer,ex:issuer_88
ex:coin_17701,nmo:hasIssuer,ex:issuer_88
ex:coin_17702,nmo:hasIssuer,ex:issuer_88
ex:coin_17763,nmo:hasIssuer,ex:issuer_88
ex:coin_17768,nmo:hasIssuer,ex:issuer_88
ex:coin_17798,nmo:hasIssuer,ex:issuer_88
ex:coin_17811,nmo:hasIssuer,ex:issuer_88
ex:coin_17812,nmo:hasIssuer,ex:issuer_88
ex:coin_17842,nmo:hasIssuer,ex:issuer_88
ex:coin_17865,nmo:hasIssuer,ex:issuer_88
ex:coin_17868,nmo:hasIssuer,ex:issuer_88
ex:coin_17871,nmo:hasIssuer,ex:issuer_88
ex:coin_17880,nmo:hasIssuer,ex:issuer_88
ex:coin_17889,nmo:hasIssuer,ex:issuer_88
ex:coin_17902,nmo:hasIssuer,ex:issuer_88
ex:coin_17922,nmo:hasIssuer,ex:issuer_88
ex:coin_17935,nmo:hasIssuer,ex:issuer_88
ex:coin_17937,nmo:hasIssuer,ex:issuer_88
ex:coin_17953,nmo:hasIssuer,ex:issuer_88
ex:coin_17966,nmo:hasIssuer,ex:issuer_88
ex:coin_17982,nmo:hasIssuer,ex:issuer_88
ex:coin_17989,nmo:hasIssuer,ex:issuer_88
ex:coin_18020,nmo:hasIssuer,ex:issuer_88
ex:coin_18030,nmo:hasIssuer,ex:issuer_88
ex:coin_18034,nmo:hasIssuer,ex:issuer_88
ex:coin_18055,nmo:hasIssuer,ex:issuer_88
ex:coin_18056,nmo:hasIssuer,ex:issuer_88
ex:coin_18075,nmo:hasIssuer,ex:issuer_88
ex:coin_18077,nmo:hasIssuer,ex:issuer_88
ex:coin_18083,nmo:hasIssuer,ex:issuer_88
ex:coin_18296,nmo:hasIssuer,ex:issuer_88
ex:coin_18368,nmo:hasIssuer,ex:issuer_88
ex:coin_18437,nmo:hasIssuer,ex:issuer_88
ex:coin_18457,nmo:hasIssuer,ex:issuer_88
ex:coin_18478,nmo:hasIssuer,ex:issuer_88
ex:coin_18484,nmo:hasIssuer,ex:issuer_88
ex:coin_18492,nmo:hasIssuer,ex:issuer_88
ex:coin_18494,nmo:hasIssuer,ex:issuer_88
ex:coin_18498,nmo:hasIssuer,ex:issuer_88
ex:coin_18630,nmo:hasIssuer,ex:issuer_88
ex:coin_18644,nmo:hasIssuer,ex:issuer_88
ex:coin_18675,nmo:hasIssuer,ex:issuer_88
ex:coin_18676,nmo:hasIssuer,ex:issuer_88
ex:coin_18678,nmo:hasIssuer,ex:issuer_88
ex:coin_18711,nmo:hasIssuer,ex:issuer_88
ex:coin_18718,nmo:hasIssuer,ex:issuer_88
ex:coin_27988,nmo:hasIssuer,ex:issuer_88
ex:coin_28316,nmo:hasIssuer,ex:issuer_88
ex:coin_28317,nmo:hasIssuer,ex:issuer_88
ex:coin_28318,nmo:hasIssuer,ex:issuer_88
ex:coin_28319,nmo:hasIssuer,ex:issuer_88
ex:coin_28320,nmo:hasIssuer,ex:issuer_88
ex:coin_28321,nmo:hasIssuer,ex:issuer_88
ex:coin_28981,nmo:hasIssuer,ex:issuer_94
ex:coin_28981,nmo:hasIssuer,ex:issuer_88
ex:coin_29721,nmo:hasIssuer,ex:issuer_88
ex:coin_30093,nmo:hasIssuer,ex:issuer_88
ex:coin_30122,nmo:hasIssuer,ex:issuer_88
ex:coin_30191,nmo:hasIssuer,ex:issuer_88
ex:coin_30238,nmo:hasIssuer,ex:issuer_88
ex:coin_30277,nmo:hasIssuer,ex:issuer_88
ex:coin_30578,nmo:hasIssuer,ex:issuer_88
ex:coin_31273,nmo:hasIssuer,ex:issuer_88
ex:coin_32360,nmo:hasIssuer,ex:issuer_88
ex:coin_33226,nmo:hasIssuer,ex:issuer_88
ex:coin_33233,nmo:hasIssuer,ex:issuer_88
ex:coin_33655,nmo:hasIssuer,ex:issuer_88
ex:coin_33686,nmo:hasIssuer,ex:issuer_88
ex:coin_33762,nmo:hasIssuer,ex:issuer_88
ex:coin_34817,nmo:hasIssuer,ex:issuer_88
ex:coin_35799,nmo:hasIssuer,ex:issuer_88
ex:coin_35866,nmo:hasIssuer,ex:issuer_88
ex:coin_35867,nmo:hasIssuer,ex:issuer_88
ex:coin_35868,nmo:hasIssuer,ex:issuer_88
ex:coin_35869,nmo:hasIssuer,ex:issuer_88
ex:coin_35870,nmo:hasIssuer,ex:issuer_88
ex:coin_35871,nmo:hasIssuer,ex:issuer_88
ex:coin_35872,nmo:hasIssuer,ex:issuer_88
ex:coin_35873,nmo:hasIssuer,ex:issuer_88
ex:coin_35874,nmo:hasIssuer,ex:issuer_88
ex:coin_35875,nmo:hasIssuer,ex:issuer_88
ex:coin_35876,nmo:hasIssuer,ex:issuer_88
ex:coin_35877,nmo:hasIssuer,ex:issuer_88
ex:coin_35878,nmo:hasIssuer,ex:issuer_88
ex:coin_35879,nmo:hasIssuer,ex:issuer_88
ex:coin_35880,nmo:hasIssuer,ex:issuer_88
ex:coin_35884,nmo:hasIssuer,ex:issuer_88
ex:coin_35885,nmo:hasIssuer,ex:issuer_88
ex:coin_35886,nmo:hasIssuer,ex:issuer_88
ex:coin_35887,nmo:hasIssuer,ex:issuer_88
ex:coin_35888,nmo:hasIssuer,ex:issuer_88
ex:coin_35889,nmo:hasIssuer,ex:issuer_88
ex:coin_35906,nmo:hasIssuer,ex:issuer_88
ex:coin_35907,nmo:hasIssuer,ex:issuer_88
ex:coin_35961,nmo:hasIssuer,ex:issuer_88
ex:coin_35962,nmo:hasIssuer,ex:issuer_88
ex:coin_35963,nmo:hasIssuer,ex:issuer_88
ex:coin_35964,nmo:hasIssuer,ex:issuer_88
ex:coin_35965,nmo:hasIssuer,ex:issuer_88
ex:coin_35966,nmo:hasIssuer,ex:issuer_88
ex:coin_35967,nmo:hasIssuer,ex:issuer_88
ex:coin_35987,nmo:hasIssuer,ex:issuer_88
ex:coin_35990,nmo:hasIssuer,ex:issuer_88
ex:coin_35991,nmo:hasIssuer,ex:issuer_88
ex:coin_35997,nmo:hasIssuer,ex:issuer_88
ex:coin_36000,nmo:hasIssuer,ex:issuer_88
ex:coin_36002,nmo:hasIssuer,ex:issuer_88
ex:coin_36003,nmo:hasIssuer,ex:issuer_88
ex:coin_36004,nmo:hasIssuer,ex:issuer_88
ex:coin_36032,nmo:hasIssuer,ex:issuer_88
ex:coin_36033,nmo:hasIssuer,ex:issuer_88
ex:coin_36034,nmo:hasIssuer,ex:issuer_88
ex:coin_36045,nmo:hasIssuer,ex:issuer_88
ex:coin_36047,nmo:hasIssuer,ex:issuer_88
ex:coin_36049,nmo:hasIssuer,ex:issuer_88
ex:coin_36052,nmo:hasIssuer,ex:issuer_88
ex:coin_36053,nmo:hasIssuer,ex:issuer_88
ex:coin_36059,nmo:hasIssuer,ex:issuer_88
ex:coin_36065,nmo:hasIssuer,ex:issuer_88
ex:coin_36076,nmo:hasIssuer,ex:issuer_88
ex:coin_36077,nmo:hasIssuer,ex:issuer_88
ex:coin_36083,nmo:hasIssuer,ex:issuer_88
ex:coin_36086,nmo:hasIssuer,ex:issuer_88
ex:coin_36087,nmo:hasIssuer,ex:issuer_88
ex:coin_36088,nmo:hasIssuer,ex:issuer_88
ex:coin_36095,nmo:hasIssuer,ex:issuer_88
ex:coin_36096,nmo:hasIssuer,ex:issuer_88
ex:coin_36106,nmo:hasIssuer,ex:issuer_88
ex:coin_36117,nmo:hasIssuer,ex:issuer_88
ex:coin_36121,nmo:hasIssuer,ex:issuer_88
ex:coin_36123,nmo:hasIssuer,ex:issuer_88
ex:coin_36132,nmo:hasIssuer,ex:issuer_88
ex:coin_36138,nmo:hasIssuer,ex:issuer_88
ex:coin_36142,nmo:hasIssuer,ex:issuer_88
ex:coin_36144,nmo:hasIssuer,ex:issuer_88
ex:coin_36147,nmo:hasIssuer,ex:issuer_88
ex:coin_36164,nmo:hasIssuer,ex:issuer_88
ex:coin_36168,nmo:hasIssuer,ex:issuer_88
ex:coin_36172,nmo:hasIssuer,ex:issuer_88
ex:coin_36175,nmo:hasIssuer,ex:issuer_88
ex:coin_36184,nmo:hasIssuer,ex:issuer_88
ex:coin_36187,nmo:hasIssuer,ex:issuer_88
ex:coin_36189,nmo:hasIssuer,ex:issuer_88
ex:coin_36192,nmo:hasIssuer,ex:issuer_88
ex:coin_36197,nmo:hasIssuer,ex:issuer_88
ex:coin_36198,nmo:hasIssuer,ex:issuer_88
ex:coin_36207,nmo:hasIssuer,ex:issuer_88
ex:coin_36208,nmo:hasIssuer,ex:issuer_88
ex:coin_36216,nmo:hasIssuer,ex:issuer_88
ex:coin_36247,nmo:hasIssuer,ex:issuer_88
ex:coin_36248,nmo:hasIssuer,ex:issuer_88
ex:coin_36249,nmo:hasIssuer,ex:issuer_88
ex:coin_36250,nmo:hasIssuer,ex:issuer_88
ex:coin_36255,nmo:hasIssuer,ex:issuer_88
ex:coin_36268,nmo:hasIssuer,ex:issuer_88
ex:coin_36269,nmo:hasIssuer,ex:issuer_88
ex:coin_36278,nmo:hasIssuer,ex:issuer_88
ex:coin_36281,nmo:hasIssuer,ex:issuer_88
ex:coin_36282,nmo:hasIssuer,ex:issuer_88
ex:coin_36285,nmo:hasIssuer,ex:issuer_88
ex:coin_36290,nmo:hasIssuer,ex:issuer_88
ex:coin_36292,nmo:hasIssuer,ex:issuer_88
ex:coin_36296,nmo:hasIssuer,ex:issuer_88
ex:coin_36297,nmo:hasIssuer,ex:issuer_88
ex:coin_36300,nmo:hasIssuer,ex:issuer_88
ex:coin_36303,nmo:hasIssuer,ex:issuer_88
ex:coin_36305,nmo:hasIssuer,ex:issuer_88
ex:coin_36308,nmo:hasIssuer,ex:issuer_88
ex:coin_36316,nmo:hasIssuer,ex:issuer_88
ex:coin_36318,nmo:hasIssuer,ex:issuer_88
ex:coin_36331,nmo:hasIssuer,ex:issuer_88
ex:coin_36338,nmo:hasIssuer,ex:issuer_88
ex:coin_41306,nmo:hasIssuer,ex:issuer_88
ex:coin_41309,nmo:hasIssuer,ex:issuer_88
ex:coin_42735,nmo:hasIssuer,ex:issuer_88
ex:coin_42797,nmo:hasIssuer,ex:issuer_88
ex:coin_42809,nmo:hasIssuer,ex:issuer_88
ex:coin_42841,nmo:hasIssuer,ex:issuer_88
ex:coin_42848,nmo:hasIssuer,ex:issuer_88
ex:coin_42865,nmo:hasIssuer,ex:issuer_88
ex:coin_42880,nmo:hasIssuer,ex:issuer_88
ex:coin_4590,nmo:hasIssuer,ex:issuer_93
ex:coin_4615,nmo:hasIssuer,ex:issuer_93
ex:coin_4982,nmo:hasIssuer,ex:issuer_93
ex:coin_5420,nmo:hasIssuer,ex:issuer_93
ex:coin_5695,nmo:hasIssuer,ex:issuer_93
ex:coin_6436,nmo:hasIssuer,ex:issuer_93
ex:coin_6537,nmo:hasIssuer,ex:issuer_93
ex:coin_7917,nmo:hasIssuer,ex:issuer_93
ex:coin_8398,nmo:hasIssuer,ex:issuer_93
ex:coin_8516,nmo:hasIssuer,ex:issuer_93
ex:coin_8641,nmo:hasIssuer,ex:issuer_93
ex:coin_8716,nmo:hasIssuer,ex:issuer_93
ex:coin_8995,nmo:hasIssuer,ex:issuer_93
ex:coin_9666,nmo:hasIssuer,ex:issuer_93
ex:coin_9857,nmo:hasIssuer,ex:issuer_93
ex:coin_11453,nmo:hasIssuer,ex:issuer_93
ex:coin_11691,nmo:hasIssuer,ex:issuer_93
ex:coin_12077,nmo:hasIssuer,ex:issuer_93
ex:coin_12958,nmo:hasIssuer,ex:issuer_93
ex:coin_13461,nmo:hasIssuer,ex:issuer_93
ex:coin_14800,nmo:hasIssuer,ex:issuer_93
ex:coin_15157,nmo:hasIssuer,ex:issuer_93
ex:coin_15842,nmo:hasIssuer,ex:issuer_93
ex:coin_15843,nmo:hasIssuer,ex:issuer_93
ex:coin_991,nmo:hasIssuer,ex:issuer_94
ex:coin_1735,nmo:hasIssuer,ex:issuer_94
ex:coin_2833,nmo:hasIssuer,ex:issuer_94
ex:coin_2834,nmo:hasIssuer,ex:issuer_94
ex:coin_2835,nmo:hasIssuer,ex:issuer_94
ex:coin_2836,nmo:hasIssuer,ex:issuer_94
ex:coin_2837,nmo:hasIssuer,ex:issuer_94
ex:coin_2838,nmo:hasIssuer,ex:issuer_94
ex:coin_2839,nmo:hasIssuer,ex:issuer_94
ex:coin_2840,nmo:hasIssuer,ex:issuer_94
ex:coin_2841,nmo:hasIssuer,ex:issuer_94
ex:coin_2842,nmo:hasIssuer,ex:issuer_94
ex:coin_3045,nmo:hasIssuer,ex:issuer_94
ex:coin_3151,nmo:hasIssuer,ex:issuer_94
ex:coin_3521,nmo:hasIssuer,ex:issuer_94
ex:coin_3582,nmo:hasIssuer,ex:issuer_94
ex:coin_4650,nmo:hasIssuer,ex:issuer_94
ex:coin_4997,nmo:hasIssuer,ex:issuer_94
ex:coin_4998,nmo:hasIssuer,ex:issuer_94
ex:coin_5667,nmo:hasIssuer,ex:issuer_94
ex:coin_6137,nmo:hasIssuer,ex:issuer_94
ex:coin_6619,nmo:hasIssuer,ex:issuer_94
ex:coin_8282,nmo:hasIssuer,ex:issuer_94
ex:coin_8283,nmo:hasIssuer,ex:issuer_94
ex:coin_8307,nmo:hasIssuer,ex:issuer_94
ex:coin_8435,nmo:hasIssuer,ex:issuer_94
ex:coin_8729,nmo:hasIssuer,ex:issuer_94
ex:coin_9011,nmo:hasIssuer,ex:issuer_94
ex:coin_9076,nmo:hasIssuer,ex:issuer_94
ex:coin_9301,nmo:hasIssuer,ex:issuer_94
ex:coin_9859,nmo:hasIssuer,ex:issuer_94
ex:coin_11591,nmo:hasIssuer,ex:issuer_94
ex:coin_11640,nmo:hasIssuer,ex:issuer_94
ex:coin_12281,nmo:hasIssuer,ex:issuer_94
ex:coin_12380,nmo:hasIssuer,ex:issuer_94
ex:coin_12474,nmo:hasIssuer,ex:issuer_94
ex:coin_12668,nmo:hasIssuer,ex:issuer_94
ex:coin_12872,nmo:hasIssuer,ex:issuer_94
ex:coin_13151,nmo:hasIssuer,ex:issuer_94
ex:coin_13587,nmo:hasIssuer,ex:issuer_94
ex:coin_13779,nmo:hasIssuer,ex:issuer_94
ex:coin_13915,nmo:hasIssuer,ex:issuer_94
ex:coin_15037,nmo:hasIssuer,ex:issuer_94
ex:coin_15093,nmo:hasIssuer,ex:issuer_94
ex:coin_15694,nmo:hasIssuer,ex:issuer_94
ex:coin_15701,nmo:hasIssuer,ex:issuer_94
ex:coin_16057,nmo:hasIssuer,ex:issuer_94
ex:coin_16191,nmo:hasIssuer,ex:issuer_94
ex:coin_16277,nmo:hasIssuer,ex:issuer_94
ex:coin_16294,nmo:hasIssuer,ex:issuer_94
ex:coin_16628,nmo:hasIssuer,ex:issuer_94
ex:coin_16635,nmo:hasIssuer,ex:issuer_94
ex:coin_16703,nmo:hasIssuer,ex:issuer_94
ex:coin_17179,nmo:hasIssuer,ex:issuer_94
ex:coin_17585,nmo:hasIssuer,ex:issuer_94
ex:coin_17873,nmo:hasIssuer,ex:issuer_94
ex:coin_17936,nmo:hasIssuer,ex:issuer_94
ex:coin_17943,nmo:hasIssuer,ex:issuer_94
ex:coin_18375,nmo:hasIssuer,ex:issuer_94
ex:coin_18460,nmo:hasIssuer,ex:issuer_94
ex:coin_18462,nmo:hasIssuer,ex:issuer_94
ex:coin_28077,nmo:hasIssuer,ex:issuer_94
ex:coin_35800,nmo:hasIssuer,ex:issuer_94
ex:coin_35801,nmo:hasIssuer,ex:issuer_94
ex:coin_35802,nmo:hasIssuer,ex:issuer_94
ex:coin_35803,nmo:hasIssuer,ex:issuer_94
ex:coin_35983,nmo:hasIssuer,ex:issuer_94
ex:coin_35984,nmo:hasIssuer,ex:issuer_94
ex:coin_35985,nmo:hasIssuer,ex:issuer_94
ex:coin_36044,nmo:hasIssuer,ex:issuer_94
ex:coin_36046,nmo:hasIssuer,ex:issuer_94
ex:coin_36073,nmo:hasIssuer,ex:issuer_94
ex:coin_36104,nmo:hasIssuer,ex:issuer_94
ex:coin_36137,nmo:hasIssuer,ex:issuer_94
ex:coin_36322,nmo:hasIssuer,ex:issuer_94
ex:coin_36332,nmo:hasIssuer,ex:issuer_94
ex:coin_42744,nmo:hasIssuer,ex:issuer_94
ex:coin_42907,nmo:hasIssuer,ex:issuer_94
ex:coin_829,nmo:hasIssuer,ex:issuer_97
ex:coin_1150,nmo:hasIssuer,ex:issuer_97
ex:coin_1726,nmo:hasIssuer,ex:issuer_97
ex:coin_1727,nmo:hasIssuer,ex:issuer_97
ex:coin_1837,nmo:hasIssuer,ex:issuer_97
ex:coin_1963,nmo:hasIssuer,ex:issuer_97
ex:coin_1968,nmo:hasIssuer,ex:issuer_97
ex:coin_2844,nmo:hasIssuer,ex:issuer_97
ex:coin_3915,nmo:hasIssuer,ex:issuer_97
ex:coin_4743,nmo:hasIssuer,ex:issuer_97
ex:coin_4908,nmo:hasIssuer,ex:issuer_97
ex:coin_4909,nmo:hasIssuer,ex:issuer_97
ex:coin_5385,nmo:hasIssuer,ex:issuer_97
ex:coin_5623,nmo:hasIssuer,ex:issuer_97
ex:coin_5624,nmo:hasIssuer,ex:issuer_97
ex:coin_5625,nmo:hasIssuer,ex:issuer_97
ex:coin_5626,nmo:hasIssuer,ex:issuer_97
ex:coin_5755,nmo:hasIssuer,ex:issuer_97
ex:coin_6319,nmo:hasIssuer,ex:issuer_97
ex:coin_6680,nmo:hasIssuer,ex:issuer_97
ex:coin_7557,nmo:hasIssuer,ex:issuer_97
ex:coin_7557,nmo:hasIssuer,ex:issuer_100
ex:coin_8309,nmo:hasIssuer,ex:issuer_97
ex:coin_8573,nmo:hasIssuer,ex:issuer_97
ex:coin_8632,nmo:hasIssuer,ex:issuer_97
ex:coin_9238,nmo:hasIssuer,ex:issuer_97
ex:coin_9346,nmo:hasIssuer,ex:issuer_97
ex:coin_9495,nmo:hasIssuer,ex:issuer_97
ex:coin_9495,nmo:hasIssuer,ex:issuer_100
ex:coin_9860,nmo:hasIssuer,ex:issuer_97
ex:coin_9860,nmo:hasIssuer,ex:issuer_100
ex:coin_11467,nmo:hasIssuer,ex:issuer_97
ex:coin_11467,nmo:hasIssuer,ex:issuer_100
ex:coin_11604,nmo:hasIssuer,ex:issuer_97
ex:coin_11610,nmo:hasIssuer,ex:issuer_97
ex:coin_11909,nmo:hasIssuer,ex:issuer_97
ex:coin_11930,nmo:hasIssuer,ex:issuer_97
ex:coin_12022,nmo:hasIssuer,ex:issuer_97
ex:coin_12928,nmo:hasIssuer,ex:issuer_97
ex:coin_12929,nmo:hasIssuer,ex:issuer_97
ex:coin_12941,nmo:hasIssuer,ex:issuer_97
ex:coin_12942,nmo:hasIssuer,ex:issuer_97
ex:coin_12989,nmo:hasIssuer,ex:issuer_97
ex:coin_13465,nmo:hasIssuer,ex:issuer_97
ex:coin_13472,nmo:hasIssuer,ex:issuer_97
ex:coin_13788,nmo:hasIssuer,ex:issuer_97
ex:coin_13842,nmo:hasIssuer,ex:issuer_97
ex:coin_14032,nmo:hasIssuer,ex:issuer_97
ex:coin_14303,nmo:hasIssuer,ex:issuer_97
ex:coin_15069,nmo:hasIssuer,ex:issuer_97
ex:coin_15128,nmo:hasIssuer,ex:issuer_97
ex:coin_15144,nmo:hasIssuer,ex:issuer_97
ex:coin_15716,nmo:hasIssuer,ex:issuer_97
ex:coin_16229,nmo:hasIssuer,ex:issuer_97
ex:coin_16295,nmo:hasIssuer,ex:issuer_97
ex:coin_16386,nmo:hasIssuer,ex:issuer_97
ex:coin_16613,nmo:hasIssuer,ex:issuer_97
ex:coin_16890,nmo:hasIssuer,ex:issuer_97
ex:coin_16903,nmo:hasIssuer,ex:issuer_97
ex:coin_17172,nmo:hasIssuer,ex:issuer_97
ex:coin_17706,nmo:hasIssuer,ex:issuer_97
ex:coin_17736,nmo:hasIssuer,ex:issuer_97
ex:coin_17745,nmo:hasIssuer,ex:issuer_97
ex:coin_17863,nmo:hasIssuer,ex:issuer_97
ex:coin_18060,nmo:hasIssuer,ex:issuer_97
ex:coin_18200,nmo:hasIssuer,ex:issuer_97
ex:coin_18200,nmo:hasIssuer,ex:issuer_103
ex:coin_18480,nmo:hasIssuer,ex:issuer_97
ex:coin_18639,nmo:hasIssuer,ex:issuer_97
ex:coin_27300,nmo:hasIssuer,ex:issuer_97
ex:coin_28122,nmo:hasIssuer,ex:issuer_97
ex:coin_28123,nmo:hasIssuer,ex:issuer_97
ex:coin_28124,nmo:hasIssuer,ex:issuer_97
ex:coin_36342,nmo:hasIssuer,ex:issuer_97
ex:coin_36344,nmo:hasIssuer,ex:issuer_97
ex:coin_36345,nmo:hasIssuer,ex:issuer_97
ex:coin_36349,nmo:hasIssuer,ex:issuer_97
ex:coin_36372,nmo:hasIssuer,ex:issuer_97
ex:coin_36373,nmo:hasIssuer,ex:issuer_97
ex:coin_36374,nmo:hasIssuer,ex:issuer_97
ex:coin_36375,nmo:hasIssuer,ex:issuer_97
ex:coin_36389,nmo:hasIssuer,ex:issuer_97
ex:coin_36390,nmo:hasIssuer,ex:issuer_97
ex:coin_36393,nmo:hasIssuer,ex:issuer_97
ex:coin_36394,nmo:hasIssuer,ex:issuer_97
ex:coin_36395,nmo:hasIssuer,ex:issuer_97
ex:coin_36396,nmo:hasIssuer,ex:issuer_97
ex:coin_36399,nmo:hasIssuer,ex:issuer_97
ex:coin_36400,nmo:hasIssuer,ex:issuer_97
ex:coin_36409,nmo:hasIssuer,ex:issuer_97
ex:coin_36410,nmo:hasIssuer,ex:issuer_97
ex:coin_36412,nmo:hasIssuer,ex:issuer_97
ex:coin_36417,nmo:hasIssuer,ex:issuer_97
ex:coin_36418,nmo:hasIssuer,ex:issuer_97
ex:coin_36422,nmo:hasIssuer,ex:issuer_97
ex:coin_36423,nmo:hasIssuer,ex:issuer_97
ex:coin_36426,nmo:hasIssuer,ex:issuer_97
ex:coin_36433,nmo:hasIssuer,ex:issuer_97
ex:coin_36434,nmo:hasIssuer,ex:issuer_97
ex:coin_36435,nmo:hasIssuer,ex:issuer_97
ex:coin_36435,nmo:hasIssuer,ex:issuer_100
ex:coin_40199,nmo:hasIssuer,ex:issuer_97
ex:coin_40243,nmo:hasIssuer,ex:issuer_97
ex:coin_40244,nmo:hasIssuer,ex:issuer_97
ex:coin_40245,nmo:hasIssuer,ex:issuer_97
ex:coin_40246,nmo:hasIssuer,ex:issuer_97
ex:coin_40247,nmo:hasIssuer,ex:issuer_97
ex:coin_40248,nmo:hasIssuer,ex:issuer_97
ex:coin_40249,nmo:hasIssuer,ex:issuer_97
ex:coin_40250,nmo:hasIssuer,ex:issuer_97
ex:coin_40251,nmo:hasIssuer,ex:issuer_97
ex:coin_40252,nmo:hasIssuer,ex:issuer_97
ex:coin_40253,nmo:hasIssuer,ex:issuer_97
ex:coin_40254,nmo:hasIssuer,ex:issuer_97
ex:coin_40255,nmo:hasIssuer,ex:issuer_97
ex:coin_40256,nmo:hasIssuer,ex:issuer_97
ex:coin_40257,nmo:hasIssuer,ex:issuer_97
ex:coin_40258,nmo:hasIssuer,ex:issuer_97
ex:coin_40259,nmo:hasIssuer,ex:issuer_97
ex:coin_40260,nmo:hasIssuer,ex:issuer_97
ex:coin_40261,nmo:hasIssuer,ex:issuer_97
ex:coin_40262,nmo:hasIssuer,ex:issuer_97
ex:coin_40263,nmo:hasIssuer,ex:issuer_97
ex:coin_41408,nmo:hasIssuer,ex:issuer_97
ex:coin_41409,nmo:hasIssuer,ex:issuer_97
ex:coin_41739,nmo:hasIssuer,ex:issuer_97
ex:coin_41759,nmo:hasIssuer,ex:issuer_97
ex:coin_41765,nmo:hasIssuer,ex:issuer_97
ex:coin_41800,nmo:hasIssuer,ex:issuer_97
ex:coin_41810,nmo:hasIssuer,ex:issuer_97
ex:coin_41852,nmo:hasIssuer,ex:issuer_97
ex:coin_41876,nmo:hasIssuer,ex:issuer_97
ex:coin_42635,nmo:hasIssuer,ex:issuer_97
ex:coin_42645,nmo:hasIssuer,ex:issuer_97
ex:coin_42646,nmo:hasIssuer,ex:issuer_97
ex:coin_42647,nmo:hasIssuer,ex:issuer_97
ex:coin_42648,nmo:hasIssuer,ex:issuer_97
ex:coin_42651,nmo:hasIssuer,ex:issuer_97
ex:coin_42655,nmo:hasIssuer,ex:issuer_97
ex:coin_42740,nmo:hasIssuer,ex:issuer_97
ex:coin_42917,nmo:hasIssuer,ex:issuer_97
ex:coin_13174,nmo:hasIssuer,ex:issuer_100
ex:coin_13786,nmo:hasIssuer,ex:issuer_100
ex:coin_14009,nmo:hasIssuer,ex:issuer_100
ex:coin_14385,nmo:hasIssuer,ex:issuer_100
ex:coin_15703,nmo:hasIssuer,ex:issuer_100
ex:coin_18039,nmo:hasIssuer,ex:issuer_100
ex:coin_18059,nmo:hasIssuer,ex:issuer_100
ex:coin_18225,nmo:hasIssuer,ex:issuer_100
ex:coin_18254,nmo:hasIssuer,ex:issuer_100
ex:coin_18390,nmo:hasIssuer,ex:issuer_100
ex:coin_36376,nmo:hasIssuer,ex:issuer_100
ex:coin_36406,nmo:hasIssuer,ex:issuer_100
ex:coin_36436,nmo:hasIssuer,ex:issuer_100
ex:coin_40274,nmo:hasIssuer,ex:issuer_100
ex:coin_40275,nmo:hasIssuer,ex:issuer_100
ex:coin_40276,nmo:hasIssuer,ex:issuer_100
ex:coin_722,nmo:hasIssuer,ex:issuer_102
ex:coin_752,nmo:hasIssuer,ex:issuer_102
ex:coin_4593,nmo:hasIssuer,ex:issuer_102
ex:coin_4594,nmo:hasIssuer,ex:issuer_102
ex:coin_4920,nmo:hasIssuer,ex:issuer_102
ex:coin_4921,nmo:hasIssuer,ex:issuer_102
ex:coin_5037,nmo:hasIssuer,ex:issuer_102
ex:coin_5038,nmo:hasIssuer,ex:issuer_102
ex:coin_6152,nmo:hasIssuer,ex:issuer_102
ex:coin_6252,nmo:hasIssuer,ex:issuer_102
ex:coin_6252,nmo:hasIssuer,ex:issuer_103
ex:coin_8553,nmo:hasIssuer,ex:issuer_102
ex:coin_9316,nmo:hasIssuer,ex:issuer_102
ex:coin_9677,nmo:hasIssuer,ex:issuer_102
ex:coin_11671,nmo:hasIssuer,ex:issuer_102
ex:coin_11856,nmo:hasIssuer,ex:issuer_102
ex:coin_11956,nmo:hasIssuer,ex:issuer_102
ex:coin_12074,nmo:hasIssuer,ex:issuer_102
ex:coin_12944,nmo:hasIssuer,ex:issuer_102
ex:coin_13684,nmo:hasIssuer,ex:issuer_102
ex:coin_13850,nmo:hasIssuer,ex:issuer_102
ex:coin_14034,nmo:hasIssuer,ex:issuer_102
ex:coin_18064,nmo:hasIssuer,ex:issuer_102
ex:coin_18227,nmo:hasIssuer,ex:issuer_102
ex:coin_18321,nmo:hasIssuer,ex:issuer_102
ex:coin_36448,nmo:hasIssuer,ex:issuer_102
ex:coin_36449,nmo:hasIssuer,ex:issuer_102
ex:coin_36456,nmo:hasIssuer,ex:issuer_102
ex:coin_36457,nmo:hasIssuer,ex:issuer_102
ex:coin_36466,nmo:hasIssuer,ex:issuer_102
ex:coin_36485,nmo:hasIssuer,ex:issuer_102
ex:coin_36488,nmo:hasIssuer,ex:issuer_102
ex:coin_36506,nmo:hasIssuer,ex:issuer_102
ex:coin_40335,nmo:hasIssuer,ex:issuer_102
ex:coin_40336,nmo:hasIssuer,ex:issuer_102
ex:coin_40337,nmo:hasIssuer,ex:issuer_102
ex:coin_40338,nmo:hasIssuer,ex:issuer_102
ex:coin_40339,nmo:hasIssuer,ex:issuer_102
ex:coin_40340,nmo:hasIssuer,ex:issuer_102
ex:coin_40341,nmo:hasIssuer,ex:issuer_102
ex:coin_40342,nmo:hasIssuer,ex:issuer_102
ex:coin_40343,nmo:hasIssuer,ex:issuer_102
ex:coin_40344,nmo:hasIssuer,ex:issuer_102
ex:coin_40345,nmo:hasIssuer,ex:issuer_102
ex:coin_40346,nmo:hasIssuer,ex:issuer_102
ex:coin_40347,nmo:hasIssuer,ex:issuer_102
ex:coin_40348,nmo:hasIssuer,ex:issuer_102
ex:coin_40349,nmo:hasIssuer,ex:issuer_102
ex:coin_40350,nmo:hasIssuer,ex:issuer_102
ex:coin_40351,nmo:hasIssuer,ex:issuer_102
ex:coin_40352,nmo:hasIssuer,ex:issuer_102
ex:coin_42775,nmo:hasIssuer,ex:issuer_102
ex:coin_764,nmo:hasIssuer,ex:issuer_103
ex:coin_3867,nmo:hasIssuer,ex:issuer_103
ex:coin_4666,nmo:hasIssuer,ex:issuer_103
ex:coin_4930,nmo:hasIssuer,ex:issuer_103
ex:coin_4931,nmo:hasIssuer,ex:issuer_103
ex:coin_4932,nmo:hasIssuer,ex:issuer_103
ex:coin_5041,nmo:hasIssuer,ex:issuer_103
ex:coin_5042,nmo:hasIssuer,ex:issuer_103
ex:coin_5823,nmo:hasIssuer,ex:issuer_103
ex:coin_5984,nmo:hasIssuer,ex:issuer_103
ex:coin_7533,nmo:hasIssuer,ex:issuer_103
ex:coin_7534,nmo:hasIssuer,ex:issuer_103
ex:coin_8572,nmo:hasIssuer,ex:issuer_103
ex:coin_9333,nmo:hasIssuer,ex:issuer_103
ex:coin_9347,nmo:hasIssuer,ex:issuer_103
ex:coin_9349,nmo:hasIssuer,ex:issuer_103
ex:coin_9424,nmo:hasIssuer,ex:issuer_103
ex:coin_9888,nmo:hasIssuer,ex:issuer_103
ex:coin_9904,nmo:hasIssuer,ex:issuer_103
ex:coin_9936,nmo:hasIssuer,ex:issuer_103
ex:coin_12681,nmo:hasIssuer,ex:issuer_103
ex:coin_12682,nmo:hasIssuer,ex:issuer_103
ex:coin_12776,nmo:hasIssuer,ex:issuer_103
ex:coin_12789,nmo:hasIssuer,ex:issuer_103
ex:coin_12875,nmo:hasIssuer,ex:issuer_103
ex:coin_13437,nmo:hasIssuer,ex:issuer_103
ex:coin_13509,nmo:hasIssuer,ex:issuer_103
ex:coin_13681,nmo:hasIssuer,ex:issuer_103
ex:coin_15016,nmo:hasIssuer,ex:issuer_103
ex:coin_15129,nmo:hasIssuer,ex:issuer_103
ex:coin_15130,nmo:hasIssuer,ex:issuer_103
ex:coin_15131,nmo:hasIssuer,ex:issuer_103
ex:coin_16891,nmo:hasIssuer,ex:issuer_103
ex:coin_18176,nmo:hasIssuer,ex:issuer_103
ex:coin_18683,nmo:hasIssuer,ex:issuer_103
ex:coin_36462,nmo:hasIssuer,ex:issuer_103
ex:coin_36463,nmo:hasIssuer,ex:issuer_103
ex:coin_36480,nmo:hasIssuer,ex:issuer_103
ex:coin_36482,nmo:hasIssuer,ex:issuer_103
ex:coin_36494,nmo:hasIssuer,ex:issuer_103
ex:coin_36498,nmo:hasIssuer,ex:issuer_103
ex:coin_36501,nmo:hasIssuer,ex:issuer_103
ex:coin_36505,nmo:hasIssuer,ex:issuer_103
ex:coin_36519,nmo:hasIssuer,ex:issuer_103
ex:coin_36523,nmo:hasIssuer,ex:issuer_103
ex:coin_39011,nmo:hasIssuer,ex:issuer_103
ex:coin_40430,nmo:hasIssuer,ex:issuer_103
ex:coin_40431,nmo:hasIssuer,ex:issuer_103
ex:coin_40432,nmo:hasIssuer,ex:issuer_103
ex:coin_40433,nmo:hasIssuer,ex:issuer_103
ex:coin_40434,nmo:hasIssuer,ex:issuer_103
ex:coin_40435,nmo:hasIssuer,ex:issuer_103
ex:coin_40436,nmo:hasIssuer,ex:issuer_103
ex:coin_40437,nmo:hasIssuer,ex:issuer_103
ex:coin_40438,nmo:hasIssuer,ex:issuer_103
ex:coin_40439,nmo:hasIssuer,ex:issuer_103
ex:coin_40440,nmo:hasIssuer,ex:issuer_103
ex:coin_40441,nmo:hasIssuer,ex:issuer_103
ex:coin_42324,nmo:hasIssuer,ex:issuer_103
ex:coin_42670,nmo:hasIssuer,ex:issuer_103
ex:coin_42811,nmo:hasIssuer,ex:issuer_103
ex:coin_12778,nmo:hasIssuer,ex:issuer_105
ex:coin_12783,nmo:hasIssuer,ex:issuer_105
ex:coin_16981,nmo:hasIssuer,ex:issuer_105
ex:coin_17839,nmo:hasIssuer,ex:issuer_106
ex:coin_17839,nmo:hasIssuer,ex:issuer_107
ex:coin_693,nmo:hasIssuer,ex:issuer_107
ex:coin_1164,nmo:hasIssuer,ex:issuer_107
ex:coin_5684,nmo:hasIssuer,ex:issuer_107
ex:coin_5784,nmo:hasIssuer,ex:issuer_107
ex:coin_6123,nmo:hasIssuer,ex:issuer_107
ex:coin_6361,nmo:hasIssuer,ex:issuer_107
ex:coin_7538,nmo:hasIssuer,ex:issuer_107
ex:coin_7549,nmo:hasIssuer,ex:issuer_107
ex:coin_7829,nmo:hasIssuer,ex:issuer_107
ex:coin_8127,nmo:hasIssuer,ex:issuer_107
ex:coin_8971,nmo:hasIssuer,ex:issuer_107
ex:coin_8982,nmo:hasIssuer,ex:issuer_107
ex:coin_9005,nmo:hasIssuer,ex:issuer_107
ex:coin_9431,nmo:hasIssuer,ex:issuer_107
ex:coin_11437,nmo:hasIssuer,ex:issuer_107
ex:coin_11612,nmo:hasIssuer,ex:issuer_107
ex:coin_12779,nmo:hasIssuer,ex:issuer_107
ex:coin_16086,nmo:hasIssuer,ex:issuer_107
ex:coin_16089,nmo:hasIssuer,ex:issuer_107
ex:coin_16129,nmo:hasIssuer,ex:issuer_107
ex:coin_16658,nmo:hasIssuer,ex:issuer_107
ex:coin_16709,nmo:hasIssuer,ex:issuer_107
ex:coin_16723,nmo:hasIssuer,ex:issuer_107
ex:coin_16726,nmo:hasIssuer,ex:issuer_107
ex:coin_36546,nmo:hasIssuer,ex:issuer_107
ex:coin_40568,nmo:hasIssuer,ex:issuer_107
ex:coin_40569,nmo:hasIssuer,ex:issuer_107
ex:coin_40570,nmo:hasIssuer,ex:issuer_107
ex:coin_40571,nmo:hasIssuer,ex:issuer_107
ex:coin_42325,nmo:hasIssuer,ex:issuer_107
ex:coin_42327,nmo:hasIssuer,ex:issuer_107
ex:coin_42328,nmo:hasIssuer,ex:issuer_107
ex:coin_42671,nmo:hasIssuer,ex:issuer_107
ex:coin_42672,nmo:hasIssuer,ex:issuer_107
ex:coin_42673,nmo:hasIssuer,ex:issuer_107
ex:coin_42674,nmo:hasIssuer,ex:issuer_107
ex:coin_42675,nmo:hasIssuer,ex:issuer_107
ex:coin_42676,nmo:hasIssuer,ex:issuer_107
ex:coin_42677,nmo:hasIssuer,ex:issuer_107
ex:coin_42678,nmo:hasIssuer,ex:issuer_107
ex:coin_5558,nmo:hasIssuer,ex:issuer_110
ex:coin_7494,nmo:hasIssuer,ex:issuer_110
ex:coin_8575,nmo:hasIssuer,ex:issuer_110
ex:coin_9324,nmo:hasIssuer,ex:issuer_110
ex:coin_9324,nmo:hasIssuer,ex:issuer_111
ex:coin_13189,nmo:hasIssuer,ex:issuer_110
ex:coin_13250,nmo:hasIssuer,ex:issuer_110
ex:coin_13251,nmo:hasIssuer,ex:issuer_110
ex:coin_16125,nmo:hasIssuer,ex:issuer_110
ex:coin_16130,nmo:hasIssuer,ex:issuer_110
ex:coin_16130,nmo:hasIssuer,ex:issuer_111
ex:coin_29827,nmo:hasIssuer,ex:issuer_110
ex:coin_29827,nmo:hasIssuer,ex:issuer_111
ex:coin_36691,nmo:hasIssuer,ex:issuer_110
ex:coin_42323,nmo:hasIssuer,ex:issuer_110
ex:coin_682,nmo:hasIssuer,ex:issuer_111
ex:coin_684,nmo:hasIssuer,ex:issuer_111
ex:coin_685,nmo:hasIssuer,ex:issuer_111
ex:coin_718,nmo:hasIssuer,ex:issuer_111
ex:coin_3489,nmo:hasIssuer,ex:issuer_111
ex:coin_3490,nmo:hasIssuer,ex:issuer_111
ex:coin_4674,nmo:hasIssuer,ex:issuer_111
ex:coin_4675,nmo:hasIssuer,ex:issuer_111
ex:coin_5438,nmo:hasIssuer,ex:issuer_111
ex:coin_5560,nmo:hasIssuer,ex:issuer_111
ex:coin_5561,nmo:hasIssuer,ex:issuer_111
ex:coin_5712,nmo:hasIssuer,ex:issuer_111
ex:coin_5878,nmo:hasIssuer,ex:issuer_111
ex:coin_5917,nmo:hasIssuer,ex:issuer_111
ex:coin_6294,nmo:hasIssuer,ex:issuer_111
ex:coin_6396,nmo:hasIssuer,ex:issuer_111
ex:coin_8329,nmo:hasIssuer,ex:issuer_111
ex:coin_8623,nmo:hasIssuer,ex:issuer_111
ex:coin_8992,nmo:hasIssuer,ex:issuer_111
ex:coin_9326,nmo:hasIssuer,ex:issuer_111
ex:coin_9469,nmo:hasIssuer,ex:issuer_111
ex:coin_9811,nmo:hasIssuer,ex:issuer_111
ex:coin_9980,nmo:hasIssuer,ex:issuer_111
ex:coin_10389,nmo:hasIssuer,ex:issuer_111
ex:coin_11438,nmo:hasIssuer,ex:issuer_111
ex:coin_11593,nmo:hasIssuer,ex:issuer_111
ex:coin_11790,nmo:hasIssuer,ex:issuer_111
ex:coin_11791,nmo:hasIssuer,ex:issuer_111
ex:coin_11792,nmo:hasIssuer,ex:issuer_111
ex:coin_11793,nmo:hasIssuer,ex:issuer_111
ex:coin_11794,nmo:hasIssuer,ex:issuer_111
ex:coin_11795,nmo:hasIssuer,ex:issuer_111
ex:coin_11796,nmo:hasIssuer,ex:issuer_111
ex:coin_11797,nmo:hasIssuer,ex:issuer_111
ex:coin_11798,nmo:hasIssuer,ex:issuer_111
ex:coin_11799,nmo:hasIssuer,ex:issuer_111
ex:coin_11800,nmo:hasIssuer,ex:issuer_111
ex:coin_11801,nmo:hasIssuer,ex:issuer_111
ex:coin_11802,nmo:hasIssuer,ex:issuer_111
ex:coin_11803,nmo:hasIssuer,ex:issuer_111
ex:coin_11804,nmo:hasIssuer,ex:issuer_111
ex:coin_11805,nmo:hasIssuer,ex:issuer_111
ex:coin_12313,nmo:hasIssuer,ex:issuer_111
ex:coin_12805,nmo:hasIssuer,ex:issuer_111
ex:coin_12806,nmo:hasIssuer,ex:issuer_111
ex:coin_12807,nmo:hasIssuer,ex:issuer_111
ex:coin_12946,nmo:hasIssuer,ex:issuer_111
ex:coin_13322,nmo:hasIssuer,ex:issuer_111
ex:coin_13323,nmo:hasIssuer,ex:issuer_111
ex:coin_13324,nmo:hasIssuer,ex:issuer_111
ex:coin_13325,nmo:hasIssuer,ex:issuer_111
ex:coin_13326,nmo:hasIssuer,ex:issuer_111
ex:coin_13327,nmo:hasIssuer,ex:issuer_111
ex:coin_13328,nmo:hasIssuer,ex:issuer_111
ex:coin_13329,nmo:hasIssuer,ex:issuer_111
ex:coin_13330,nmo:hasIssuer,ex:issuer_111
ex:coin_13331,nmo:hasIssuer,ex:issuer_111
ex:coin_13332,nmo:hasIssuer,ex:issuer_111
ex:coin_13333,nmo:hasIssuer,ex:issuer_111
ex:coin_13334,nmo:hasIssuer,ex:issuer_111
ex:coin_13335,nmo:hasIssuer,ex:issuer_111
ex:coin_13336,nmo:hasIssuer,ex:issuer_111
ex:coin_13337,nmo:hasIssuer,ex:issuer_111
ex:coin_13338,nmo:hasIssuer,ex:issuer_111
ex:coin_13339,nmo:hasIssuer,ex:issuer_111
ex:coin_13340,nmo:hasIssuer,ex:issuer_111
ex:coin_13341,nmo:hasIssuer,ex:issuer_111
ex:coin_13342,nmo:hasIssuer,ex:issuer_111
ex:coin_13343,nmo:hasIssuer,ex:issuer_111
ex:coin_13636,nmo:hasIssuer,ex:issuer_111
ex:coin_15674,nmo:hasIssuer,ex:issuer_111
ex:coin_16360,nmo:hasIssuer,ex:issuer_111
ex:coin_16506,nmo:hasIssuer,ex:issuer_111
ex:coin_16657,nmo:hasIssuer,ex:issuer_111
ex:coin_16672,nmo:hasIssuer,ex:issuer_111
ex:coin_16710,nmo:hasIssuer,ex:issuer_111
ex:coin_17757,nmo:hasIssuer,ex:issuer_111
ex:coin_27296,nmo:hasIssuer,ex:issuer_111
ex:coin_28053,nmo:hasIssuer,ex:issuer_111
ex:coin_28977,nmo:hasIssuer,ex:issuer_111
ex:coin_30150,nmo:hasIssuer,ex:issuer_111
ex:coin_30151,nmo:hasIssuer,ex:issuer_111
ex:coin_30383,nmo:hasIssuer,ex:issuer_111
ex:coin_31176,nmo:hasIssuer,ex:issuer_111
ex:coin_31530,nmo:hasIssuer,ex:issuer_111
ex:coin_33949,nmo:hasIssuer,ex:issuer_111
ex:coin_33991,nmo:hasIssuer,ex:issuer_111
ex:coin_36586,nmo:hasIssuer,ex:issuer_111
ex:coin_36587,nmo:hasIssuer,ex:issuer_111
ex:coin_36607,nmo:hasIssuer,ex:issuer_111
ex:coin_36632,nmo:hasIssuer,ex:issuer_111
ex:coin_36637,nmo:hasIssuer,ex:issuer_111
ex:coin_36643,nmo:hasIssuer,ex:issuer_111
ex:coin_36648,nmo:hasIssuer,ex:issuer_111
ex:coin_36653,nmo:hasIssuer,ex:issuer_111
ex:coin_36663,nmo:hasIssuer,ex:issuer_111
ex:coin_36672,nmo:hasIssuer,ex:issuer_111
ex:coin_36674,nmo:hasIssuer,ex:issuer_111
ex:coin_36695,nmo:hasIssuer,ex:issuer_111
ex:coin_36701,nmo:hasIssuer,ex:issuer_111
ex:coin_36709,nmo:hasIssuer,ex:issuer_111
ex:coin_40648,nmo:hasIssuer,ex:issuer_111
ex:coin_6575,nmo:hasIssuer,ex:issuer_113
ex:coin_7444,nmo:hasIssuer,ex:issuer_113
ex:coin_7923,nmo:hasIssuer,ex:issuer_113
ex:coin_41406,nmo:hasIssuer,ex:issuer_113
ex:coin_41406,nmo:hasIssuer,ex:issuer_114
ex:coin_1136,nmo:hasIssuer,ex:issuer_114
ex:coin_1744,nmo:hasIssuer,ex:issuer_114
ex:coin_11454,nmo:hasIssuer,ex:issuer_114
ex:coin_11454,nmo:hasIssuer,ex:issuer_116
ex:coin_14055,nmo:hasIssuer,ex:issuer_114
ex:coin_14056,nmo:hasIssuer,ex:issuer_114
ex:coin_14411,nmo:hasIssuer,ex:issuer_114
ex:coin_14819,nmo:hasIssuer,ex:issuer_114
ex:coin_15262,nmo:hasIssuer,ex:issuer_114
ex:coin_15793,nmo:hasIssuer,ex:issuer_114
ex:coin_15833,nmo:hasIssuer,ex:issuer_114
ex:coin_16441,nmo:hasIssuer,ex:issuer_114
ex:coin_18033,nmo:hasIssuer,ex:issuer_114
ex:coin_31074,nmo:hasIssuer,ex:issuer_114
ex:coin_32275,nmo:hasIssuer,ex:issuer_114
ex:coin_33946,nmo:hasIssuer,ex:issuer_114
ex:coin_33947,nmo:hasIssuer,ex:issuer_114
ex:coin_33948,nmo:hasIssuer,ex:issuer_114
ex:coin_33951,nmo:hasIssuer,ex:issuer_114
ex:coin_33952,nmo:hasIssuer,ex:issuer_114
ex:coin_33953,nmo:hasIssuer,ex:issuer_114
ex:coin_33954,nmo:hasIssuer,ex:issuer_114
ex:coin_33955,nmo:hasIssuer,ex:issuer_114
ex:coin_33956,nmo:hasIssuer,ex:issuer_114
ex:coin_33957,nmo:hasIssuer,ex:issuer_114
ex:coin_33958,nmo:hasIssuer,ex:issuer_114
ex:coin_33959,nmo:hasIssuer,ex:issuer_114
ex:coin_33961,nmo:hasIssuer,ex:issuer_114
ex:coin_33962,nmo:hasIssuer,ex:issuer_114
ex:coin_33963,nmo:hasIssuer,ex:issuer_114
ex:coin_33964,nmo:hasIssuer,ex:issuer_114
ex:coin_33965,nmo:hasIssuer,ex:issuer_114
ex:coin_33967,nmo:hasIssuer,ex:issuer_114
ex:coin_33968,nmo:hasIssuer,ex:issuer_114
ex:coin_33969,nmo:hasIssuer,ex:issuer_114
ex:coin_33970,nmo:hasIssuer,ex:issuer_114
ex:coin_33972,nmo:hasIssuer,ex:issuer_114
ex:coin_33974,nmo:hasIssuer,ex:issuer_114
ex:coin_33975,nmo:hasIssuer,ex:issuer_114
ex:coin_33976,nmo:hasIssuer,ex:issuer_114
ex:coin_33977,nmo:hasIssuer,ex:issuer_114
ex:coin_33978,nmo:hasIssuer,ex:issuer_114
ex:coin_33979,nmo:hasIssuer,ex:issuer_114
ex:coin_33981,nmo:hasIssuer,ex:issuer_114
ex:coin_33982,nmo:hasIssuer,ex:issuer_114
ex:coin_33984,nmo:hasIssuer,ex:issuer_114
ex:coin_33986,nmo:hasIssuer,ex:issuer_114
ex:coin_33987,nmo:hasIssuer,ex:issuer_114
ex:coin_33988,nmo:hasIssuer,ex:issuer_114
ex:coin_33989,nmo:hasIssuer,ex:issuer_114
ex:coin_33990,nmo:hasIssuer,ex:issuer_114
ex:coin_33993,nmo:hasIssuer,ex:issuer_114
ex:coin_33996,nmo:hasIssuer,ex:issuer_114
ex:coin_33997,nmo:hasIssuer,ex:issuer_114
ex:coin_33998,nmo:hasIssuer,ex:issuer_114
ex:coin_33999,nmo:hasIssuer,ex:issuer_114
ex:coin_34000,nmo:hasIssuer,ex:issuer_114
ex:coin_34420,nmo:hasIssuer,ex:issuer_114
ex:coin_34748,nmo:hasIssuer,ex:issuer_114
ex:coin_34770,nmo:hasIssuer,ex:issuer_114
ex:coin_34771,nmo:hasIssuer,ex:issuer_114
ex:coin_34807,nmo:hasIssuer,ex:issuer_114
ex:coin_34828,nmo:hasIssuer,ex:issuer_114
ex:coin_34876,nmo:hasIssuer,ex:issuer_114
ex:coin_34887,nmo:hasIssuer,ex:issuer_114
ex:coin_34916,nmo:hasIssuer,ex:issuer_114
ex:coin_34933,nmo:hasIssuer,ex:issuer_114
ex:coin_34945,nmo:hasIssuer,ex:issuer_114
ex:coin_34952,nmo:hasIssuer,ex:issuer_114
ex:coin_34954,nmo:hasIssuer,ex:issuer_114
ex:coin_35165,nmo:hasIssuer,ex:issuer_114
ex:coin_36596,nmo:hasIssuer,ex:issuer_114
ex:coin_36597,nmo:hasIssuer,ex:issuer_114
ex:coin_36598,nmo:hasIssuer,ex:issuer_114
ex:coin_36599,nmo:hasIssuer,ex:issuer_114
ex:coin_36600,nmo:hasIssuer,ex:issuer_114
ex:coin_36619,nmo:hasIssuer,ex:issuer_114
ex:coin_36620,nmo:hasIssuer,ex:issuer_114
ex:coin_36621,nmo:hasIssuer,ex:issuer_114
ex:coin_36622,nmo:hasIssuer,ex:issuer_114
ex:coin_36628,nmo:hasIssuer,ex:issuer_114
ex:coin_36629,nmo:hasIssuer,ex:issuer_114
ex:coin_36630,nmo:hasIssuer,ex:issuer_114
ex:coin_36640,nmo:hasIssuer,ex:issuer_114
ex:coin_36641,nmo:hasIssuer,ex:issuer_114
ex:coin_36642,nmo:hasIssuer,ex:issuer_114
ex:coin_36654,nmo:hasIssuer,ex:issuer_114
ex:coin_36682,nmo:hasIssuer,ex:issuer_114
ex:coin_36688,nmo:hasIssuer,ex:issuer_114
ex:coin_36728,nmo:hasIssuer,ex:issuer_114
ex:coin_36740,nmo:hasIssuer,ex:issuer_114
ex:coin_36762,nmo:hasIssuer,ex:issuer_114
ex:coin_36781,nmo:hasIssuer,ex:issuer_114
ex:coin_36782,nmo:hasIssuer,ex:issuer_114
ex:coin_36783,nmo:hasIssuer,ex:issuer_114
ex:coin_36784,nmo:hasIssuer,ex:issuer_114
ex:coin_36789,nmo:hasIssuer,ex:issuer_114
ex:coin_36804,nmo:hasIssuer,ex:issuer_114
ex:coin_36805,nmo:hasIssuer,ex:issuer_114
ex:coin_36842,nmo:hasIssuer,ex:issuer_114
ex:coin_36911,nmo:hasIssuer,ex:issuer_114
ex:coin_36911,nmo:hasIssuer,ex:issuer_119
ex:coin_36946,nmo:hasIssuer,ex:issuer_114
ex:coin_36996,nmo:hasIssuer,ex:issuer_114
ex:coin_36997,nmo:hasIssuer,ex:issuer_114
ex:coin_36998,nmo:hasIssuer,ex:issuer_114
ex:coin_36999,nmo:hasIssuer,ex:issuer_114
ex:coin_37000,nmo:hasIssuer,ex:issuer_114
ex:coin_37001,nmo:hasIssuer,ex:issuer_114
ex:coin_37002,nmo:hasIssuer,ex:issuer_114
ex:coin_37003,nmo:hasIssuer,ex:issuer_114
ex:coin_37004,nmo:hasIssuer,ex:issuer_114
ex:coin_37005,nmo:hasIssuer,ex:issuer_114
ex:coin_37006,nmo:hasIssuer,ex:issuer_114
ex:coin_37007,nmo:hasIssuer,ex:issuer_114
ex:coin_37008,nmo:hasIssuer,ex:issuer_114
ex:coin_37009,nmo:hasIssuer,ex:issuer_114
ex:coin_37010,nmo:hasIssuer,ex:issuer_114
ex:coin_37011,nmo:hasIssuer,ex:issuer_114
ex:coin_37015,nmo:hasIssuer,ex:issuer_114
ex:coin_37016,nmo:hasIssuer,ex:issuer_114
ex:coin_37017,nmo:hasIssuer,ex:issuer_114
ex:coin_37018,nmo:hasIssuer,ex:issuer_114
ex:coin_37019,nmo:hasIssuer,ex:issuer_114
ex:coin_37020,nmo:hasIssuer,ex:issuer_114
ex:coin_37021,nmo:hasIssuer,ex:issuer_114
ex:coin_37022,nmo:hasIssuer,ex:issuer_114
ex:coin_37023,nmo:hasIssuer,ex:issuer_114
ex:coin_37024,nmo:hasIssuer,ex:issuer_114
ex:coin_37025,nmo:hasIssuer,ex:issuer_114
ex:coin_37026,nmo:hasIssuer,ex:issuer_114
ex:coin_37027,nmo:hasIssuer,ex:issuer_114
ex:coin_37028,nmo:hasIssuer,ex:issuer_114
ex:coin_37029,nmo:hasIssuer,ex:issuer_114
ex:coin_37030,nmo:hasIssuer,ex:issuer_114
ex:coin_37031,nmo:hasIssuer,ex:issuer_114
ex:coin_37032,nmo:hasIssuer,ex:issuer_114
ex:coin_37033,nmo:hasIssuer,ex:issuer_114
ex:coin_37034,nmo:hasIssuer,ex:issuer_114
ex:coin_37035,nmo:hasIssuer,ex:issuer_114
ex:coin_37036,nmo:hasIssuer,ex:issuer_114
ex:coin_37037,nmo:hasIssuer,ex:issuer_114
ex:coin_37038,nmo:hasIssuer,ex:issuer_114
ex:coin_37039,nmo:hasIssuer,ex:issuer_114
ex:coin_37040,nmo:hasIssuer,ex:issuer_114
ex:coin_37041,nmo:hasIssuer,ex:issuer_114
ex:coin_37042,nmo:hasIssuer,ex:issuer_114
ex:coin_37043,nmo:hasIssuer,ex:issuer_114
ex:coin_37044,nmo:hasIssuer,ex:issuer_114
ex:coin_37045,nmo:hasIssuer,ex:issuer_114
ex:coin_37047,nmo:hasIssuer,ex:issuer_114
ex:coin_37048,nmo:hasIssuer,ex:issuer_114
ex:coin_37049,nmo:hasIssuer,ex:issuer_114
ex:coin_37050,nmo:hasIssuer,ex:issuer_114
ex:coin_37051,nmo:hasIssuer,ex:issuer_114
ex:coin_37052,nmo:hasIssuer,ex:issuer_114
ex:coin_37053,nmo:hasIssuer,ex:issuer_114
ex:coin_37054,nmo:hasIssuer,ex:issuer_114
ex:coin_37055,nmo:hasIssuer,ex:issuer_114
ex:coin_37056,nmo:hasIssuer,ex:issuer_114
ex:coin_37057,nmo:hasIssuer,ex:issuer_114
ex:coin_37058,nmo:hasIssuer,ex:issuer_114
ex:coin_37059,nmo:hasIssuer,ex:issuer_114
ex:coin_37060,nmo:hasIssuer,ex:issuer_114
ex:coin_37061,nmo:hasIssuer,ex:issuer_114
ex:coin_37062,nmo:hasIssuer,ex:issuer_114
ex:coin_37063,nmo:hasIssuer,ex:issuer_114
ex:coin_37064,nmo:hasIssuer,ex:issuer_114
ex:coin_37065,nmo:hasIssuer,ex:issuer_114
ex:coin_37066,nmo:hasIssuer,ex:issuer_114
ex:coin_37067,nmo:hasIssuer,ex:issuer_114
ex:coin_37068,nmo:hasIssuer,ex:issuer_114
ex:coin_37069,nmo:hasIssuer,ex:issuer_114
ex:coin_37071,nmo:hasIssuer,ex:issuer_114
ex:coin_40080,nmo:hasIssuer,ex:issuer_114
ex:coin_40839,nmo:hasIssuer,ex:issuer_114
ex:coin_40845,nmo:hasIssuer,ex:issuer_114
ex:coin_41010,nmo:hasIssuer,ex:issuer_114
ex:coin_41011,nmo:hasIssuer,ex:issuer_114
ex:coin_41012,nmo:hasIssuer,ex:issuer_114
ex:coin_41013,nmo:hasIssuer,ex:issuer_114
ex:coin_41014,nmo:hasIssuer,ex:issuer_114
ex:coin_41015,nmo:hasIssuer,ex:issuer_114
ex:coin_13396,nmo:hasIssuer,ex:issuer_116
ex:coin_13463,nmo:hasIssuer,ex:issuer_116
ex:coin_42351,nmo:hasIssuer,ex:issuer_116
ex:coin_5394,nmo:hasIssuer,ex:issuer_119
ex:coin_5853,nmo:hasIssuer,ex:issuer_119
ex:coin_6012,nmo:hasIssuer,ex:issuer_119
ex:coin_6013,nmo:hasIssuer,ex:issuer_119
ex:coin_6016,nmo:hasIssuer,ex:issuer_119
ex:coin_6017,nmo:hasIssuer,ex:issuer_119
ex:coin_6018,nmo:hasIssuer,ex:issuer_119
ex:coin_6146,nmo:hasIssuer,ex:issuer_119
ex:coin_6348,nmo:hasIssuer,ex:issuer_119
ex:coin_6349,nmo:hasIssuer,ex:issuer_119
ex:coin_6364,nmo:hasIssuer,ex:issuer_119
ex:coin_6602,nmo:hasIssuer,ex:issuer_119
ex:coin_6913,nmo:hasIssuer,ex:issuer_119
ex:coin_7384,nmo:hasIssuer,ex:issuer_119
ex:coin_8451,nmo:hasIssuer,ex:issuer_119
ex:coin_10196,nmo:hasIssuer,ex:issuer_119
ex:coin_10200,nmo:hasIssuer,ex:issuer_119
ex:coin_12754,nmo:hasIssuer,ex:issuer_119
ex:coin_12962,nmo:hasIssuer,ex:issuer_119
ex:coin_13020,nmo:hasIssuer,ex:issuer_119
ex:coin_13611,nmo:hasIssuer,ex:issuer_119
ex:coin_13666,nmo:hasIssuer,ex:issuer_119
ex:coin_16333,nmo:hasIssuer,ex:issuer_119
ex:coin_16876,nmo:hasIssuer,ex:issuer_119
ex:coin_17030,nmo:hasIssuer,ex:issuer_119
ex:coin_17220,nmo:hasIssuer,ex:issuer_119
ex:coin_17525,nmo:hasIssuer,ex:issuer_119
ex:coin_17579,nmo:hasIssuer,ex:issuer_119
ex:coin_18392,nmo:hasIssuer,ex:issuer_119
ex:coin_18424,nmo:hasIssuer,ex:issuer_119
ex:coin_28589,nmo:hasIssuer,ex:issuer_119
ex:coin_28983,nmo:hasIssuer,ex:issuer_119
ex:coin_29057,nmo:hasIssuer,ex:issuer_119
ex:coin_29438,nmo:hasIssuer,ex:issuer_119
ex:coin_29439,nmo:hasIssuer,ex:issuer_119
ex:coin_29440,nmo:hasIssuer,ex:issuer_119
ex:coin_29938,nmo:hasIssuer,ex:issuer_119
ex:coin_29939,nmo:hasIssuer,ex:issuer_119
ex:coin_30101,nmo:hasIssuer,ex:issuer_119
ex:coin_30128,nmo:hasIssuer,ex:issuer_119
ex:coin_30152,nmo:hasIssuer,ex:issuer_119
ex:coin_30185,nmo:hasIssuer,ex:issuer_119
ex:coin_30495,nmo:hasIssuer,ex:issuer_119
ex:coin_30925,nmo:hasIssuer,ex:issuer_119
ex:coin_30945,nmo:hasIssuer,ex:issuer_119
ex:coin_31076,nmo:hasIssuer,ex:issuer_119
ex:coin_31468,nmo:hasIssuer,ex:issuer_119
ex:coin_31870,nmo:hasIssuer,ex:issuer_119
ex:coin_31965,nmo:hasIssuer,ex:issuer_119
ex:coin_32107,nmo:hasIssuer,ex:issuer_119
ex:coin_32258,nmo:hasIssuer,ex:issuer_119
ex:coin_32377,nmo:hasIssuer,ex:issuer_119
ex:coin_32814,nmo:hasIssuer,ex:issuer_119
ex:coin_33485,nmo:hasIssuer,ex:issuer_119
ex:coin_33727,nmo:hasIssuer,ex:issuer_119
ex:coin_33906,nmo:hasIssuer,ex:issuer_119
ex:coin_33907,nmo:hasIssuer,ex:issuer_119
ex:coin_34014,nmo:hasIssuer,ex:issuer_119
ex:coin_34032,nmo:hasIssuer,ex:issuer_119
ex:coin_34033,nmo:hasIssuer,ex:issuer_119
ex:coin_34034,nmo:hasIssuer,ex:issuer_119
ex:coin_34035,nmo:hasIssuer,ex:issuer_119
ex:coin_34036,nmo:hasIssuer,ex:issuer_119
ex:coin_34037,nmo:hasIssuer,ex:issuer_119
ex:coin_34066,nmo:hasIssuer,ex:issuer_119
ex:coin_34067,nmo:hasIssuer,ex:issuer_119
ex:coin_34068,nmo:hasIssuer,ex:issuer_119
ex:coin_34069,nmo:hasIssuer,ex:issuer_119
ex:coin_34074,nmo:hasIssuer,ex:issuer_119
ex:coin_34086,nmo:hasIssuer,ex:issuer_119
ex:coin_34087,nmo:hasIssuer,ex:issuer_119
ex:coin_34090,nmo:hasIssuer,ex:issuer_119
ex:coin_34092,nmo:hasIssuer,ex:issuer_119
ex:coin_34097,nmo:hasIssuer,ex:issuer_119
ex:coin_34106,nmo:hasIssuer,ex:issuer_119
ex:coin_34119,nmo:hasIssuer,ex:issuer_119
ex:coin_34130,nmo:hasIssuer,ex:issuer_119
ex:coin_34136,nmo:hasIssuer,ex:issuer_119
ex:coin_34138,nmo:hasIssuer,ex:issuer_119
ex:coin_34145,nmo:hasIssuer,ex:issuer_119
ex:coin_34161,nmo:hasIssuer,ex:issuer_119
ex:coin_34165,nmo:hasIssuer,ex:issuer_119
ex:coin_34172,nmo:hasIssuer,ex:issuer_119
ex:coin_34173,nmo:hasIssuer,ex:issuer_119
ex:coin_34180,nmo:hasIssuer,ex:issuer_119
ex:coin_34184,nmo:hasIssuer,ex:issuer_119
ex:coin_34187,nmo:hasIssuer,ex:issuer_119
ex:coin_34189,nmo:hasIssuer,ex:issuer_119
ex:coin_34190,nmo:hasIssuer,ex:issuer_119
ex:coin_34212,nmo:hasIssuer,ex:issuer_119
ex:coin_34213,nmo:hasIssuer,ex:issuer_119
ex:coin_34214,nmo:hasIssuer,ex:issuer_119
ex:coin_34223,nmo:hasIssuer,ex:issuer_119
ex:coin_34225,nmo:hasIssuer,ex:issuer_119
ex:coin_34228,nmo:hasIssuer,ex:issuer_119
ex:coin_34238,nmo:hasIssuer,ex:issuer_119
ex:coin_34240,nmo:hasIssuer,ex:issuer_119
ex:coin_34242,nmo:hasIssuer,ex:issuer_119
ex:coin_34246,nmo:hasIssuer,ex:issuer_119
ex:coin_34249,nmo:hasIssuer,ex:issuer_119
ex:coin_34254,nmo:hasIssuer,ex:issuer_119
ex:coin_34255,nmo:hasIssuer,ex:issuer_119
ex:coin_34266,nmo:hasIssuer,ex:issuer_119
ex:coin_34267,nmo:hasIssuer,ex:issuer_119
ex:coin_34270,nmo:hasIssuer,ex:issuer_119
ex:coin_34275,nmo:hasIssuer,ex:issuer_119
ex:coin_34277,nmo:hasIssuer,ex:issuer_119
ex:coin_34295,nmo:hasIssuer,ex:issuer_119
ex:coin_34296,nmo:hasIssuer,ex:issuer_119
ex:coin_34312,nmo:hasIssuer,ex:issuer_119
ex:coin_34313,nmo:hasIssuer,ex:issuer_119
ex:coin_34325,nmo:hasIssuer,ex:issuer_119
ex:coin_34357,nmo:hasIssuer,ex:issuer_119
ex:coin_34358,nmo:hasIssuer,ex:issuer_119
ex:coin_34359,nmo:hasIssuer,ex:issuer_119
ex:coin_34397,nmo:hasIssuer,ex:issuer_119
ex:coin_34413,nmo:hasIssuer,ex:issuer_119
ex:coin_34417,nmo:hasIssuer,ex:issuer_119
ex:coin_34418,nmo:hasIssuer,ex:issuer_119
ex:coin_34423,nmo:hasIssuer,ex:issuer_119
ex:coin_34504,nmo:hasIssuer,ex:issuer_119
ex:coin_34505,nmo:hasIssuer,ex:issuer_119
ex:coin_34519,nmo:hasIssuer,ex:issuer_119
ex:coin_34520,nmo:hasIssuer,ex:issuer_119
ex:coin_34521,nmo:hasIssuer,ex:issuer_119
ex:coin_34524,nmo:hasIssuer,ex:issuer_119
ex:coin_34525,nmo:hasIssuer,ex:issuer_119
ex:coin_34526,nmo:hasIssuer,ex:issuer_119
ex:coin_34530,nmo:hasIssuer,ex:issuer_119
ex:coin_34531,nmo:hasIssuer,ex:issuer_119
ex:coin_34532,nmo:hasIssuer,ex:issuer_119
ex:coin_34533,nmo:hasIssuer,ex:issuer_119
ex:coin_34534,nmo:hasIssuer,ex:issuer_119
ex:coin_34561,nmo:hasIssuer,ex:issuer_119
ex:coin_34562,nmo:hasIssuer,ex:issuer_119
ex:coin_34563,nmo:hasIssuer,ex:issuer_119
ex:coin_34602,nmo:hasIssuer,ex:issuer_119
ex:coin_34603,nmo:hasIssuer,ex:issuer_119
ex:coin_34604,nmo:hasIssuer,ex:issuer_119
ex:coin_34605,nmo:hasIssuer,ex:issuer_119
ex:coin_34606,nmo:hasIssuer,ex:issuer_119
ex:coin_34607,nmo:hasIssuer,ex:issuer_119
ex:coin_34608,nmo:hasIssuer,ex:issuer_119
ex:coin_34609,nmo:hasIssuer,ex:issuer_119
ex:coin_34610,nmo:hasIssuer,ex:issuer_119
ex:coin_34611,nmo:hasIssuer,ex:issuer_119
ex:coin_34612,nmo:hasIssuer,ex:issuer_119
ex:coin_34613,nmo:hasIssuer,ex:issuer_119
ex:coin_34614,nmo:hasIssuer,ex:issuer_119
ex:coin_34615,nmo:hasIssuer,ex:issuer_119
ex:coin_34616,nmo:hasIssuer,ex:issuer_119
ex:coin_34617,nmo:hasIssuer,ex:issuer_119
ex:coin_34618,nmo:hasIssuer,ex:issuer_119
ex:coin_34619,nmo:hasIssuer,ex:issuer_119
ex:coin_34620,nmo:hasIssuer,ex:issuer_119
ex:coin_34621,nmo:hasIssuer,ex:issuer_119
ex:coin_34622,nmo:hasIssuer,ex:issuer_119
ex:coin_34630,nmo:hasIssuer,ex:issuer_119
ex:coin_34631,nmo:hasIssuer,ex:issuer_119
ex:coin_34632,nmo:hasIssuer,ex:issuer_119
ex:coin_34633,nmo:hasIssuer,ex:issuer_119
ex:coin_34634,nmo:hasIssuer,ex:issuer_119
ex:coin_34635,nmo:hasIssuer,ex:issuer_119
ex:coin_34734,nmo:hasIssuer,ex:issuer_119
ex:coin_34749,nmo:hasIssuer,ex:issuer_119
ex:coin_34753,nmo:hasIssuer,ex:issuer_119
ex:coin_34790,nmo:hasIssuer,ex:issuer_119
ex:coin_34791,nmo:hasIssuer,ex:issuer_119
ex:coin_34845,nmo:hasIssuer,ex:issuer_119
ex:coin_34861,nmo:hasIssuer,ex:issuer_119
ex:coin_34890,nmo:hasIssuer,ex:issuer_119
ex:coin_36945,nmo:hasIssuer,ex:issuer_119
ex:coin_37072,nmo:hasIssuer,ex:issuer_119
ex:coin_37093,nmo:hasIssuer,ex:issuer_119
ex:coin_37094,nmo:hasIssuer,ex:issuer_119
ex:coin_37095,nmo:hasIssuer,ex:issuer_119
ex:coin_37279,nmo:hasIssuer,ex:issuer_119
ex:coin_37345,nmo:hasIssuer,ex:issuer_119
ex:coin_37379,nmo:hasIssuer,ex:issuer_119
ex:coin_37399,nmo:hasIssuer,ex:issuer_119
ex:coin_37413,nmo:hasIssuer,ex:issuer_119
ex:coin_37420,nmo:hasIssuer,ex:issuer_119
ex:coin_37511,nmo:hasIssuer,ex:issuer_119
ex:coin_38300,nmo:hasIssuer,ex:issuer_119
ex:coin_38301,nmo:hasIssuer,ex:issuer_119
ex:coin_38434,nmo:hasIssuer,ex:issuer_119
ex:coin_38446,nmo:hasIssuer,ex:issuer_119
ex:coin_38450,nmo:hasIssuer,ex:issuer_119
ex:coin_38470,nmo:hasIssuer,ex:issuer_119
ex:coin_38493,nmo:hasIssuer,ex:issuer_119
ex:coin_38524,nmo:hasIssuer,ex:issuer_119
ex:coin_38525,nmo:hasIssuer,ex:issuer_119
ex:coin_38526,nmo:hasIssuer,ex:issuer_119
ex:coin_38539,nmo:hasIssuer,ex:issuer_119
ex:coin_38540,nmo:hasIssuer,ex:issuer_119
ex:coin_38541,nmo:hasIssuer,ex:issuer_119
ex:coin_38549,nmo:hasIssuer,ex:issuer_119
ex:coin_38550,nmo:hasIssuer,ex:issuer_119
ex:coin_38551,nmo:hasIssuer,ex:issuer_119
ex:coin_38552,nmo:hasIssuer,ex:issuer_119
ex:coin_38553,nmo:hasIssuer,ex:issuer_119
ex:coin_38554,nmo:hasIssuer,ex:issuer_119
ex:coin_38555,nmo:hasIssuer,ex:issuer_119
ex:coin_38562,nmo:hasIssuer,ex:issuer_119
ex:coin_38567,nmo:hasIssuer,ex:issuer_119
ex:coin_38572,nmo:hasIssuer,ex:issuer_119
ex:coin_38578,nmo:hasIssuer,ex:issuer_119
ex:coin_38878,nmo:hasIssuer,ex:issuer_119
ex:coin_40095,nmo:hasIssuer,ex:issuer_119
ex:coin_40627,nmo:hasIssuer,ex:issuer_119
ex:coin_40657,nmo:hasIssuer,ex:issuer_119
ex:coin_40667,nmo:hasIssuer,ex:issuer_119
ex:coin_40677,nmo:hasIssuer,ex:issuer_119
ex:coin_40680,nmo:hasIssuer,ex:issuer_119
ex:coin_40718,nmo:hasIssuer,ex:issuer_119
ex:coin_40733,nmo:hasIssuer,ex:issuer_119
ex:coin_40792,nmo:hasIssuer,ex:issuer_119
ex:coin_40930,nmo:hasIssuer,ex:issuer_119
ex:coin_40938,nmo:hasIssuer,ex:issuer_119
ex:coin_40940,nmo:hasIssuer,ex:issuer_119
ex:coin_40960,nmo:hasIssuer,ex:issuer_119
ex:coin_40989,nmo:hasIssuer,ex:issuer_119
ex:coin_40994,nmo:hasIssuer,ex:issuer_119
ex:coin_41105,nmo:hasIssuer,ex:issuer_119
ex:coin_41196,nmo:hasIssuer,ex:issuer_119
ex:coin_41200,nmo:hasIssuer,ex:issuer_119
ex:coin_41203,nmo:hasIssuer,ex:issuer_119
ex:coin_41204,nmo:hasIssuer,ex:issuer_119
ex:coin_41209,nmo:hasIssuer,ex:issuer_119
ex:coin_41210,nmo:hasIssuer,ex:issuer_119
ex:coin_41215,nmo:hasIssuer,ex:issuer_119
ex:coin_41221,nmo:hasIssuer,ex:issuer_119
ex:coin_41223,nmo:hasIssuer,ex:issuer_119
ex:coin_41226,nmo:hasIssuer,ex:issuer_119
ex:coin_41234,nmo:hasIssuer,ex:issuer_119
ex:coin_41235,nmo:hasIssuer,ex:issuer_119
ex:coin_41243,nmo:hasIssuer,ex:issuer_119
ex:coin_41247,nmo:hasIssuer,ex:issuer_119
ex:coin_41260,nmo:hasIssuer,ex:issuer_119
ex:coin_41286,nmo:hasIssuer,ex:issuer_119
ex:coin_41288,nmo:hasIssuer,ex:issuer_119
ex:coin_41297,nmo:hasIssuer,ex:issuer_119
ex:coin_1724,nmo:hasIssuer,ex:issuer_126
ex:coin_13638,nmo:hasIssuer,ex:issuer_126
ex:coin_5091,nmo:hasIssuer,ex:issuer_127
ex:coin_9138,nmo:hasIssuer,ex:issuer_127
ex:coin_37275,nmo:hasIssuer,ex:issuer_127
ex:coin_9170,nmo:hasIssuer,ex:issuer_129
ex:coin_783,nmo:hasIssuer,ex:issuer_131
ex:coin_968,nmo:hasIssuer,ex:issuer_131
ex:coin_969,nmo:hasIssuer,ex:issuer_131
ex:coin_973,nmo:hasIssuer,ex:issuer_131
ex:coin_974,nmo:hasIssuer,ex:issuer_131
ex:coin_975,nmo:hasIssuer,ex:issuer_131
ex:coin_976,nmo:hasIssuer,ex:issuer_131
ex:coin_976,nmo:hasIssuer,ex:issuer_154
ex:coin_978,nmo:hasIssuer,ex:issuer_131
ex:coin_981,nmo:hasIssuer,ex:issuer_131
ex:coin_981,nmo:hasIssuer,ex:issuer_154
ex:coin_982,nmo:hasIssuer,ex:issuer_131
ex:coin_983,nmo:hasIssuer,ex:issuer_131
ex:coin_985,nmo:hasIssuer,ex:issuer_131
ex:coin_1025,nmo:hasIssuer,ex:issuer_131
ex:coin_1026,nmo:hasIssuer,ex:issuer_131
ex:coin_1027,nmo:hasIssuer,ex:issuer_131
ex:coin_1030,nmo:hasIssuer,ex:issuer_131
ex:coin_1030,nmo:hasIssuer,ex:issuer_154
ex:coin_1031,nmo:hasIssuer,ex:issuer_131
ex:coin_1036,nmo:hasIssuer,ex:issuer_131
ex:coin_1036,nmo:hasIssuer,ex:issuer_154
ex:coin_1043,nmo:hasIssuer,ex:issuer_131
ex:coin_1047,nmo:hasIssuer,ex:issuer_131
ex:coin_1050,nmo:hasIssuer,ex:issuer_131
ex:coin_1051,nmo:hasIssuer,ex:issuer_131
ex:coin_1051,nmo:hasIssuer,ex:issuer_154
ex:coin_1054,nmo:hasIssuer,ex:issuer_131
ex:coin_1054,nmo:hasIssuer,ex:issuer_154
ex:coin_1060,nmo:hasIssuer,ex:issuer_131
ex:coin_1060,nmo:hasIssuer,ex:issuer_154
ex:coin_1061,nmo:hasIssuer,ex:issuer_131
ex:coin_1061,nmo:hasIssuer,ex:issuer_154
ex:coin_1066,nmo:hasIssuer,ex:issuer_131
ex:coin_1068,nmo:hasIssuer,ex:issuer_131
ex:coin_1077,nmo:hasIssuer,ex:issuer_131
ex:coin_1077,nmo:hasIssuer,ex:issuer_154
ex:coin_1079,nmo:hasIssuer,ex:issuer_131
ex:coin_1080,nmo:hasIssuer,ex:issuer_131
ex:coin_1083,nmo:hasIssuer,ex:issuer_131
ex:coin_1083,nmo:hasIssuer,ex:issuer_154
ex:coin_1084,nmo:hasIssuer,ex:issuer_154
ex:coin_1084,nmo:hasIssuer,ex:issuer_131
ex:coin_1087,nmo:hasIssuer,ex:issuer_131
ex:coin_1088,nmo:hasIssuer,ex:issuer_131
ex:coin_1090,nmo:hasIssuer,ex:issuer_154
ex:coin_1090,nmo:hasIssuer,ex:issuer_131
ex:coin_1091,nmo:hasIssuer,ex:issuer_131
ex:coin_1091,nmo:hasIssuer,ex:issuer_154
ex:coin_1098,nmo:hasIssuer,ex:issuer_131
ex:coin_1100,nmo:hasIssuer,ex:issuer_154
ex:coin_1100,nmo:hasIssuer,ex:issuer_131
ex:coin_1106,nmo:hasIssuer,ex:issuer_131
ex:coin_1107,nmo:hasIssuer,ex:issuer_131
ex:coin_1107,nmo:hasIssuer,ex:issuer_154
ex:coin_1110,nmo:hasIssuer,ex:issuer_131
ex:coin_1110,nmo:hasIssuer,ex:issuer_154
ex:coin_1112,nmo:hasIssuer,ex:issuer_131
ex:coin_1119,nmo:hasIssuer,ex:issuer_131
ex:coin_1119,nmo:hasIssuer,ex:issuer_154
ex:coin_1128,nmo:hasIssuer,ex:issuer_131
ex:coin_1134,nmo:hasIssuer,ex:issuer_131
ex:coin_1137,nmo:hasIssuer,ex:issuer_131
ex:coin_1137,nmo:hasIssuer,ex:issuer_154
ex:coin_1138,nmo:hasIssuer,ex:issuer_154
ex:coin_1138,nmo:hasIssuer,ex:issuer_131
ex:coin_1172,nmo:hasIssuer,ex:issuer_131
ex:coin_1433,nmo:hasIssuer,ex:issuer_131
ex:coin_1433,nmo:hasIssuer,ex:issuer_154
ex:coin_1488,nmo:hasIssuer,ex:issuer_131
ex:coin_1489,nmo:hasIssuer,ex:issuer_131
ex:coin_1490,nmo:hasIssuer,ex:issuer_131
ex:coin_1491,nmo:hasIssuer,ex:issuer_131
ex:coin_1492,nmo:hasIssuer,ex:issuer_131
ex:coin_1493,nmo:hasIssuer,ex:issuer_131
ex:coin_1668,nmo:hasIssuer,ex:issuer_131
ex:coin_1672,nmo:hasIssuer,ex:issuer_131
ex:coin_1672,nmo:hasIssuer,ex:issuer_154
ex:coin_1709,nmo:hasIssuer,ex:issuer_131
ex:coin_1711,nmo:hasIssuer,ex:issuer_131
ex:coin_1713,nmo:hasIssuer,ex:issuer_154
ex:coin_1713,nmo:hasIssuer,ex:issuer_131
ex:coin_1714,nmo:hasIssuer,ex:issuer_131
ex:coin_1714,nmo:hasIssuer,ex:issuer_154
ex:coin_1719,nmo:hasIssuer,ex:issuer_131
ex:coin_1720,nmo:hasIssuer,ex:issuer_131
ex:coin_1721,nmo:hasIssuer,ex:issuer_131
ex:coin_1745,nmo:hasIssuer,ex:issuer_131
ex:coin_1749,nmo:hasIssuer,ex:issuer_131
ex:coin_1771,nmo:hasIssuer,ex:issuer_131
ex:coin_1772,nmo:hasIssuer,ex:issuer_131
ex:coin_1773,nmo:hasIssuer,ex:issuer_131
ex:coin_1843,nmo:hasIssuer,ex:issuer_154
ex:coin_1843,nmo:hasIssuer,ex:issuer_131
ex:coin_2011,nmo:hasIssuer,ex:issuer_131
ex:coin_2012,nmo:hasIssuer,ex:issuer_131
ex:coin_2012,nmo:hasIssuer,ex:issuer_154
ex:coin_2013,nmo:hasIssuer,ex:issuer_154
ex:coin_2013,nmo:hasIssuer,ex:issuer_131
ex:coin_2017,nmo:hasIssuer,ex:issuer_131
ex:coin_2020,nmo:hasIssuer,ex:issuer_131
ex:coin_2020,nmo:hasIssuer,ex:issuer_154
ex:coin_2021,nmo:hasIssuer,ex:issuer_154
ex:coin_2021,nmo:hasIssuer,ex:issuer_131
ex:coin_2022,nmo:hasIssuer,ex:issuer_131
ex:coin_2022,nmo:hasIssuer,ex:issuer_154
ex:coin_2023,nmo:hasIssuer,ex:issuer_154
ex:coin_2023,nmo:hasIssuer,ex:issuer_131
ex:coin_2024,nmo:hasIssuer,ex:issuer_131
ex:coin_2024,nmo:hasIssuer,ex:issuer_154
ex:coin_2029,nmo:hasIssuer,ex:issuer_131
ex:coin_2031,nmo:hasIssuer,ex:issuer_131
ex:coin_2032,nmo:hasIssuer,ex:issuer_131
ex:coin_2033,nmo:hasIssuer,ex:issuer_131
ex:coin_2034,nmo:hasIssuer,ex:issuer_131
ex:coin_2036,nmo:hasIssuer,ex:issuer_131
ex:coin_2059,nmo:hasIssuer,ex:issuer_131
ex:coin_2062,nmo:hasIssuer,ex:issuer_131
ex:coin_2064,nmo:hasIssuer,ex:issuer_131
ex:coin_2064,nmo:hasIssuer,ex:issuer_154
ex:coin_2074,nmo:hasIssuer,ex:issuer_154
ex:coin_2074,nmo:hasIssuer,ex:issuer_131
ex:coin_2084,nmo:hasIssuer,ex:issuer_131
ex:coin_2084,nmo:hasIssuer,ex:issuer_152
ex:coin_5093,nmo:hasIssuer,ex:issuer_131
ex:coin_5093,nmo:hasIssuer,ex:issuer_154
ex:coin_5094,nmo:hasIssuer,ex:issuer_131
ex:coin_5100,nmo:hasIssuer,ex:issuer_131
ex:coin_5104,nmo:hasIssuer,ex:issuer_131
ex:coin_5105,nmo:hasIssuer,ex:issuer_131
ex:coin_5106,nmo:hasIssuer,ex:issuer_131
ex:coin_5106,nmo:hasIssuer,ex:issuer_154
ex:coin_5303,nmo:hasIssuer,ex:issuer_131
ex:coin_5306,nmo:hasIssuer,ex:issuer_131
ex:coin_5306,nmo:hasIssuer,ex:issuer_154
ex:coin_5396,nmo:hasIssuer,ex:issuer_131
ex:coin_5397,nmo:hasIssuer,ex:issuer_131
ex:coin_5472,nmo:hasIssuer,ex:issuer_131
ex:coin_5630,nmo:hasIssuer,ex:issuer_131
ex:coin_5660,nmo:hasIssuer,ex:issuer_131
ex:coin_5671,nmo:hasIssuer,ex:issuer_131
ex:coin_5705,nmo:hasIssuer,ex:issuer_131
ex:coin_5787,nmo:hasIssuer,ex:issuer_131
ex:coin_5788,nmo:hasIssuer,ex:issuer_131
ex:coin_5811,nmo:hasIssuer,ex:issuer_131
ex:coin_5841,nmo:hasIssuer,ex:issuer_131
ex:coin_5842,nmo:hasIssuer,ex:issuer_131
ex:coin_5842,nmo:hasIssuer,ex:issuer_154
ex:coin_5843,nmo:hasIssuer,ex:issuer_154
ex:coin_5843,nmo:hasIssuer,ex:issuer_131
ex:coin_5893,nmo:hasIssuer,ex:issuer_131
ex:coin_5894,nmo:hasIssuer,ex:issuer_131
ex:coin_5895,nmo:hasIssuer,ex:issuer_131
ex:coin_5896,nmo:hasIssuer,ex:issuer_131
ex:coin_5897,nmo:hasIssuer,ex:issuer_131
ex:coin_5898,nmo:hasIssuer,ex:issuer_131
ex:coin_5899,nmo:hasIssuer,ex:issuer_131
ex:coin_5924,nmo:hasIssuer,ex:issuer_131
ex:coin_6059,nmo:hasIssuer,ex:issuer_131
ex:coin_6060,nmo:hasIssuer,ex:issuer_131
ex:coin_6061,nmo:hasIssuer,ex:issuer_131
ex:coin_6062,nmo:hasIssuer,ex:issuer_131
ex:coin_6063,nmo:hasIssuer,ex:issuer_131
ex:coin_6064,nmo:hasIssuer,ex:issuer_131
ex:coin_6065,nmo:hasIssuer,ex:issuer_131
ex:coin_6066,nmo:hasIssuer,ex:issuer_131
ex:coin_6067,nmo:hasIssuer,ex:issuer_131
ex:coin_6068,nmo:hasIssuer,ex:issuer_131
ex:coin_6069,nmo:hasIssuer,ex:issuer_131
ex:coin_6070,nmo:hasIssuer,ex:issuer_131
ex:coin_6086,nmo:hasIssuer,ex:issuer_131
ex:coin_6127,nmo:hasIssuer,ex:issuer_131
ex:coin_6170,nmo:hasIssuer,ex:issuer_131
ex:coin_6171,nmo:hasIssuer,ex:issuer_131
ex:coin_6245,nmo:hasIssuer,ex:issuer_131
ex:coin_6270,nmo:hasIssuer,ex:issuer_131
ex:coin_6270,nmo:hasIssuer,ex:issuer_150
ex:coin_6292,nmo:hasIssuer,ex:issuer_131
ex:coin_6316,nmo:hasIssuer,ex:issuer_131
ex:coin_6339,nmo:hasIssuer,ex:issuer_131
ex:coin_6340,nmo:hasIssuer,ex:issuer_131
ex:coin_6365,nmo:hasIssuer,ex:issuer_131
ex:coin_6366,nmo:hasIssuer,ex:issuer_131
ex:coin_6388,nmo:hasIssuer,ex:issuer_131
ex:coin_6389,nmo:hasIssuer,ex:issuer_131
ex:coin_6391,nmo:hasIssuer,ex:issuer_131
ex:coin_6414,nmo:hasIssuer,ex:issuer_131
ex:coin_6466,nmo:hasIssuer,ex:issuer_131
ex:coin_6559,nmo:hasIssuer,ex:issuer_131
ex:coin_6559,nmo:hasIssuer,ex:issuer_151
ex:coin_6626,nmo:hasIssuer,ex:issuer_131
ex:coin_6626,nmo:hasIssuer,ex:issuer_151
ex:coin_6640,nmo:hasIssuer,ex:issuer_131
ex:coin_6641,nmo:hasIssuer,ex:issuer_131
ex:coin_6642,nmo:hasIssuer,ex:issuer_131
ex:coin_6643,nmo:hasIssuer,ex:issuer_131
ex:coin_6644,nmo:hasIssuer,ex:issuer_131
ex:coin_6645,nmo:hasIssuer,ex:issuer_131
ex:coin_6646,nmo:hasIssuer,ex:issuer_131
ex:coin_6647,nmo:hasIssuer,ex:issuer_131
ex:coin_6648,nmo:hasIssuer,ex:issuer_131
ex:coin_6651,nmo:hasIssuer,ex:issuer_131
ex:coin_6652,nmo:hasIssuer,ex:issuer_131
ex:coin_6653,nmo:hasIssuer,ex:issuer_131
ex:coin_6654,nmo:hasIssuer,ex:issuer_131
ex:coin_6655,nmo:hasIssuer,ex:issuer_131
ex:coin_6656,nmo:hasIssuer,ex:issuer_131
ex:coin_6657,nmo:hasIssuer,ex:issuer_131
ex:coin_6658,nmo:hasIssuer,ex:issuer_131
ex:coin_6659,nmo:hasIssuer,ex:issuer_131
ex:coin_6665,nmo:hasIssuer,ex:issuer_131
ex:coin_6666,nmo:hasIssuer,ex:issuer_131
ex:coin_6789,nmo:hasIssuer,ex:issuer_131
ex:coin_6806,nmo:hasIssuer,ex:issuer_131
ex:coin_6880,nmo:hasIssuer,ex:issuer_131
ex:coin_6892,nmo:hasIssuer,ex:issuer_131
ex:coin_6892,nmo:hasIssuer,ex:issuer_150
ex:coin_6928,nmo:hasIssuer,ex:issuer_131
ex:coin_6929,nmo:hasIssuer,ex:issuer_131
ex:coin_6930,nmo:hasIssuer,ex:issuer_131
ex:coin_6931,nmo:hasIssuer,ex:issuer_131
ex:coin_6932,nmo:hasIssuer,ex:issuer_131
ex:coin_6933,nmo:hasIssuer,ex:issuer_131
ex:coin_6934,nmo:hasIssuer,ex:issuer_131
ex:coin_6935,nmo:hasIssuer,ex:issuer_131
ex:coin_6936,nmo:hasIssuer,ex:issuer_131
ex:coin_6937,nmo:hasIssuer,ex:issuer_131
ex:coin_6938,nmo:hasIssuer,ex:issuer_131
ex:coin_6939,nmo:hasIssuer,ex:issuer_131
ex:coin_6940,nmo:hasIssuer,ex:issuer_131
ex:coin_6941,nmo:hasIssuer,ex:issuer_131
ex:coin_7396,nmo:hasIssuer,ex:issuer_131
ex:coin_7399,nmo:hasIssuer,ex:issuer_131
ex:coin_7405,nmo:hasIssuer,ex:issuer_131
ex:coin_7473,nmo:hasIssuer,ex:issuer_131
ex:coin_7483,nmo:hasIssuer,ex:issuer_131
ex:coin_7498,nmo:hasIssuer,ex:issuer_131
ex:coin_7518,nmo:hasIssuer,ex:issuer_131
ex:coin_7560,nmo:hasIssuer,ex:issuer_131
ex:coin_7588,nmo:hasIssuer,ex:issuer_131
ex:coin_7589,nmo:hasIssuer,ex:issuer_131
ex:coin_7590,nmo:hasIssuer,ex:issuer_131
ex:coin_7591,nmo:hasIssuer,ex:issuer_131
ex:coin_7769,nmo:hasIssuer,ex:issuer_131
ex:coin_7783,nmo:hasIssuer,ex:issuer_131
ex:coin_7784,nmo:hasIssuer,ex:issuer_131
ex:coin_7785,nmo:hasIssuer,ex:issuer_131
ex:coin_7786,nmo:hasIssuer,ex:issuer_131
ex:coin_7787,nmo:hasIssuer,ex:issuer_131
ex:coin_7788,nmo:hasIssuer,ex:issuer_131
ex:coin_7789,nmo:hasIssuer,ex:issuer_131
ex:coin_7790,nmo:hasIssuer,ex:issuer_131
ex:coin_7791,nmo:hasIssuer,ex:issuer_131
ex:coin_7792,nmo:hasIssuer,ex:issuer_131
ex:coin_7793,nmo:hasIssuer,ex:issuer_131
ex:coin_7794,nmo:hasIssuer,ex:issuer_131
ex:coin_7795,nmo:hasIssuer,ex:issuer_131
ex:coin_7796,nmo:hasIssuer,ex:issuer_131
ex:coin_7797,nmo:hasIssuer,ex:issuer_131
ex:coin_7855,nmo:hasIssuer,ex:issuer_131
ex:coin_7856,nmo:hasIssuer,ex:issuer_131
ex:coin_7858,nmo:hasIssuer,ex:issuer_131
ex:coin_7859,nmo:hasIssuer,ex:issuer_131
ex:coin_7860,nmo:hasIssuer,ex:issuer_131
ex:coin_7861,nmo:hasIssuer,ex:issuer_131
ex:coin_7862,nmo:hasIssuer,ex:issuer_131
ex:coin_7863,nmo:hasIssuer,ex:issuer_131
ex:coin_7864,nmo:hasIssuer,ex:issuer_131
ex:coin_7865,nmo:hasIssuer,ex:issuer_131
ex:coin_7866,nmo:hasIssuer,ex:issuer_131
ex:coin_7867,nmo:hasIssuer,ex:issuer_131
ex:coin_7868,nmo:hasIssuer,ex:issuer_131
ex:coin_7869,nmo:hasIssuer,ex:issuer_131
ex:coin_7870,nmo:hasIssuer,ex:issuer_131
ex:coin_7871,nmo:hasIssuer,ex:issuer_131
ex:coin_7872,nmo:hasIssuer,ex:issuer_131
ex:coin_7873,nmo:hasIssuer,ex:issuer_131
ex:coin_7910,nmo:hasIssuer,ex:issuer_131
ex:coin_7951,nmo:hasIssuer,ex:issuer_131
ex:coin_8004,nmo:hasIssuer,ex:issuer_131
ex:coin_8042,nmo:hasIssuer,ex:issuer_131
ex:coin_8048,nmo:hasIssuer,ex:issuer_131
ex:coin_8067,nmo:hasIssuer,ex:issuer_131
ex:coin_8069,nmo:hasIssuer,ex:issuer_131
ex:coin_8099,nmo:hasIssuer,ex:issuer_131
ex:coin_8100,nmo:hasIssuer,ex:issuer_131
ex:coin_8101,nmo:hasIssuer,ex:issuer_131
ex:coin_8330,nmo:hasIssuer,ex:issuer_131
ex:coin_8428,nmo:hasIssuer,ex:issuer_131
ex:coin_8477,nmo:hasIssuer,ex:issuer_131
ex:coin_8478,nmo:hasIssuer,ex:issuer_131
ex:coin_8479,nmo:hasIssuer,ex:issuer_131
ex:coin_8480,nmo:hasIssuer,ex:issuer_131
ex:coin_8481,nmo:hasIssuer,ex:issuer_131
ex:coin_8482,nmo:hasIssuer,ex:issuer_131
ex:coin_8483,nmo:hasIssuer,ex:issuer_131
ex:coin_8484,nmo:hasIssuer,ex:issuer_131
ex:coin_8485,nmo:hasIssuer,ex:issuer_131
ex:coin_8486,nmo:hasIssuer,ex:issuer_131
ex:coin_8487,nmo:hasIssuer,ex:issuer_131
ex:coin_8488,nmo:hasIssuer,ex:issuer_131
ex:coin_8489,nmo:hasIssuer,ex:issuer_131
ex:coin_8490,nmo:hasIssuer,ex:issuer_131
ex:coin_8491,nmo:hasIssuer,ex:issuer_131
ex:coin_8492,nmo:hasIssuer,ex:issuer_131
ex:coin_8493,nmo:hasIssuer,ex:issuer_131
ex:coin_8494,nmo:hasIssuer,ex:issuer_131
ex:coin_8495,nmo:hasIssuer,ex:issuer_131
ex:coin_8496,nmo:hasIssuer,ex:issuer_131
ex:coin_8497,nmo:hasIssuer,ex:issuer_131
ex:coin_8498,nmo:hasIssuer,ex:issuer_131
ex:coin_8499,nmo:hasIssuer,ex:issuer_131
ex:coin_8517,nmo:hasIssuer,ex:issuer_131
ex:coin_8758,nmo:hasIssuer,ex:issuer_131
ex:coin_8760,nmo:hasIssuer,ex:issuer_131
ex:coin_8776,nmo:hasIssuer,ex:issuer_131
ex:coin_8777,nmo:hasIssuer,ex:issuer_131
ex:coin_8783,nmo:hasIssuer,ex:issuer_131
ex:coin_8784,nmo:hasIssuer,ex:issuer_131
ex:coin_8799,nmo:hasIssuer,ex:issuer_131
ex:coin_8806,nmo:hasIssuer,ex:issuer_131
ex:coin_8807,nmo:hasIssuer,ex:issuer_131
ex:coin_8808,nmo:hasIssuer,ex:issuer_131
ex:coin_8809,nmo:hasIssuer,ex:issuer_131
ex:coin_8810,nmo:hasIssuer,ex:issuer_131
ex:coin_8811,nmo:hasIssuer,ex:issuer_131
ex:coin_8812,nmo:hasIssuer,ex:issuer_131
ex:coin_8813,nmo:hasIssuer,ex:issuer_131
ex:coin_8814,nmo:hasIssuer,ex:issuer_131
ex:coin_8815,nmo:hasIssuer,ex:issuer_131
ex:coin_8816,nmo:hasIssuer,ex:issuer_131
ex:coin_8817,nmo:hasIssuer,ex:issuer_131
ex:coin_8818,nmo:hasIssuer,ex:issuer_131
ex:coin_8819,nmo:hasIssuer,ex:issuer_131
ex:coin_8820,nmo:hasIssuer,ex:issuer_131
ex:coin_8821,nmo:hasIssuer,ex:issuer_131
ex:coin_8822,nmo:hasIssuer,ex:issuer_131
ex:coin_8823,nmo:hasIssuer,ex:issuer_131
ex:coin_8824,nmo:hasIssuer,ex:issuer_131
ex:coin_8825,nmo:hasIssuer,ex:issuer_131
ex:coin_8940,nmo:hasIssuer,ex:issuer_131
ex:coin_8941,nmo:hasIssuer,ex:issuer_131
ex:coin_9050,nmo:hasIssuer,ex:issuer_131
ex:coin_9140,nmo:hasIssuer,ex:issuer_131
ex:coin_9141,nmo:hasIssuer,ex:issuer_131
ex:coin_9142,nmo:hasIssuer,ex:issuer_131
ex:coin_9142,nmo:hasIssuer,ex:issuer_154
ex:coin_9180,nmo:hasIssuer,ex:issuer_131
ex:coin_9234,nmo:hasIssuer,ex:issuer_131
ex:coin_9241,nmo:hasIssuer,ex:issuer_131
ex:coin_9353,nmo:hasIssuer,ex:issuer_131
ex:coin_9354,nmo:hasIssuer,ex:issuer_131
ex:coin_9355,nmo:hasIssuer,ex:issuer_131
ex:coin_9470,nmo:hasIssuer,ex:issuer_131
ex:coin_9734,nmo:hasIssuer,ex:issuer_131
ex:coin_9735,nmo:hasIssuer,ex:issuer_131
ex:coin_9735,nmo:hasIssuer,ex:issuer_154
ex:coin_9736,nmo:hasIssuer,ex:issuer_131
ex:coin_9737,nmo:hasIssuer,ex:issuer_131
ex:coin_9738,nmo:hasIssuer,ex:issuer_131
ex:coin_9753,nmo:hasIssuer,ex:issuer_131
ex:coin_9754,nmo:hasIssuer,ex:issuer_131
ex:coin_9755,nmo:hasIssuer,ex:issuer_131
ex:coin_9755,nmo:hasIssuer,ex:issuer_154
ex:coin_9777,nmo:hasIssuer,ex:issuer_131
ex:coin_9779,nmo:hasIssuer,ex:issuer_131
ex:coin_9794,nmo:hasIssuer,ex:issuer_154
ex:coin_9794,nmo:hasIssuer,ex:issuer_131
ex:coin_9815,nmo:hasIssuer,ex:issuer_131
ex:coin_9815,nmo:hasIssuer,ex:issuer_152
ex:coin_9825,nmo:hasIssuer,ex:issuer_131
ex:coin_10190,nmo:hasIssuer,ex:issuer_131
ex:coin_10191,nmo:hasIssuer,ex:issuer_131
ex:coin_10197,nmo:hasIssuer,ex:issuer_131
ex:coin_10419,nmo:hasIssuer,ex:issuer_131
ex:coin_10421,nmo:hasIssuer,ex:issuer_131
ex:coin_10421,nmo:hasIssuer,ex:issuer_154
ex:coin_10448,nmo:hasIssuer,ex:issuer_131
ex:coin_10501,nmo:hasIssuer,ex:issuer_131
ex:coin_10944,nmo:hasIssuer,ex:issuer_131
ex:coin_10944,nmo:hasIssuer,ex:issuer_154
ex:coin_10946,nmo:hasIssuer,ex:issuer_131
ex:coin_10947,nmo:hasIssuer,ex:issuer_131
ex:coin_10947,nmo:hasIssuer,ex:issuer_154
ex:coin_10954,nmo:hasIssuer,ex:issuer_131
ex:coin_10976,nmo:hasIssuer,ex:issuer_131
ex:coin_10983,nmo:hasIssuer,ex:issuer_154
ex:coin_10983,nmo:hasIssuer,ex:issuer_131
ex:coin_10984,nmo:hasIssuer,ex:issuer_131
ex:coin_10985,nmo:hasIssuer,ex:issuer_131
ex:coin_10988,nmo:hasIssuer,ex:issuer_131
ex:coin_10989,nmo:hasIssuer,ex:issuer_131
ex:coin_10989,nmo:hasIssuer,ex:issuer_154
ex:coin_10990,nmo:hasIssuer,ex:issuer_154
ex:coin_10990,nmo:hasIssuer,ex:issuer_131
ex:coin_10991,nmo:hasIssuer,ex:issuer_131
ex:coin_10991,nmo:hasIssuer,ex:issuer_154
ex:coin_10992,nmo:hasIssuer,ex:issuer_154
ex:coin_10992,nmo:hasIssuer,ex:issuer_131
ex:coin_10993,nmo:hasIssuer,ex:issuer_131
ex:coin_10993,nmo:hasIssuer,ex:issuer_154
ex:coin_10996,nmo:hasIssuer,ex:issuer_131
ex:coin_11005,nmo:hasIssuer,ex:issuer_131
ex:coin_11005,nmo:hasIssuer,ex:issuer_154
ex:coin_11006,nmo:hasIssuer,ex:issuer_154
ex:coin_11006,nmo:hasIssuer,ex:issuer_131
ex:coin_11007,nmo:hasIssuer,ex:issuer_131
ex:coin_11007,nmo:hasIssuer,ex:issuer_154
ex:coin_11008,nmo:hasIssuer,ex:issuer_154
ex:coin_11008,nmo:hasIssuer,ex:issuer_131
ex:coin_11009,nmo:hasIssuer,ex:issuer_131
ex:coin_11009,nmo:hasIssuer,ex:issuer_154
ex:coin_11010,nmo:hasIssuer,ex:issuer_154
ex:coin_11010,nmo:hasIssuer,ex:issuer_131
ex:coin_11016,nmo:hasIssuer,ex:issuer_131
ex:coin_11026,nmo:hasIssuer,ex:issuer_131
ex:coin_11026,nmo:hasIssuer,ex:issuer_154
ex:coin_11493,nmo:hasIssuer,ex:issuer_131
ex:coin_11505,nmo:hasIssuer,ex:issuer_131
ex:coin_11535,nmo:hasIssuer,ex:issuer_131
ex:coin_11595,nmo:hasIssuer,ex:issuer_131
ex:coin_11615,nmo:hasIssuer,ex:issuer_131
ex:coin_11616,nmo:hasIssuer,ex:issuer_131
ex:coin_12114,nmo:hasIssuer,ex:issuer_131
ex:coin_12117,nmo:hasIssuer,ex:issuer_154
ex:coin_12117,nmo:hasIssuer,ex:issuer_131
ex:coin_12129,nmo:hasIssuer,ex:issuer_131
ex:coin_12130,nmo:hasIssuer,ex:issuer_131
ex:coin_12132,nmo:hasIssuer,ex:issuer_131
ex:coin_12132,nmo:hasIssuer,ex:issuer_154
ex:coin_12133,nmo:hasIssuer,ex:issuer_154
ex:coin_12133,nmo:hasIssuer,ex:issuer_131
ex:coin_12172,nmo:hasIssuer,ex:issuer_131
ex:coin_12270,nmo:hasIssuer,ex:issuer_131
ex:coin_12390,nmo:hasIssuer,ex:issuer_154
ex:coin_12390,nmo:hasIssuer,ex:issuer_131
ex:coin_12391,nmo:hasIssuer,ex:issuer_131
ex:coin_12391,nmo:hasIssuer,ex:issuer_154
ex:coin_12393,nmo:hasIssuer,ex:issuer_131
ex:coin_12406,nmo:hasIssuer,ex:issuer_154
ex:coin_12406,nmo:hasIssuer,ex:issuer_131
ex:coin_12407,nmo:hasIssuer,ex:issuer_131
ex:coin_12407,nmo:hasIssuer,ex:issuer_154
ex:coin_12408,nmo:hasIssuer,ex:issuer_154
ex:coin_12408,nmo:hasIssuer,ex:issuer_131
ex:coin_12409,nmo:hasIssuer,ex:issuer_131
ex:coin_12409,nmo:hasIssuer,ex:issuer_154
ex:coin_12418,nmo:hasIssuer,ex:issuer_131
ex:coin_12419,nmo:hasIssuer,ex:issuer_131
ex:coin_12421,nmo:hasIssuer,ex:issuer_131
ex:coin_12423,nmo:hasIssuer,ex:issuer_131
ex:coin_12424,nmo:hasIssuer,ex:issuer_131
ex:coin_12424,nmo:hasIssuer,ex:issuer_154
ex:coin_12444,nmo:hasIssuer,ex:issuer_131
ex:coin_12475,nmo:hasIssuer,ex:issuer_131
ex:coin_12475,nmo:hasIssuer,ex:issuer_154
ex:coin_12477,nmo:hasIssuer,ex:issuer_131
ex:coin_12478,nmo:hasIssuer,ex:issuer_131
ex:coin_12487,nmo:hasIssuer,ex:issuer_131
ex:coin_12487,nmo:hasIssuer,ex:issuer_154
ex:coin_12488,nmo:hasIssuer,ex:issuer_154
ex:coin_12488,nmo:hasIssuer,ex:issuer_131
ex:coin_12504,nmo:hasIssuer,ex:issuer_131
ex:coin_12550,nmo:hasIssuer,ex:issuer_131
ex:coin_12566,nmo:hasIssuer,ex:issuer_131
ex:coin_12857,nmo:hasIssuer,ex:issuer_131
ex:coin_12858,nmo:hasIssuer,ex:issuer_131
ex:coin_12859,nmo:hasIssuer,ex:issuer_131
ex:coin_12860,nmo:hasIssuer,ex:issuer_131
ex:coin_12898,nmo:hasIssuer,ex:issuer_131
ex:coin_12920,nmo:hasIssuer,ex:issuer_131
ex:coin_13204,nmo:hasIssuer,ex:issuer_131
ex:coin_13205,nmo:hasIssuer,ex:issuer_131
ex:coin_13239,nmo:hasIssuer,ex:issuer_131
ex:coin_13240,nmo:hasIssuer,ex:issuer_131
ex:coin_13456,nmo:hasIssuer,ex:issuer_131
ex:coin_13475,nmo:hasIssuer,ex:issuer_131
ex:coin_13475,nmo:hasIssuer,ex:issuer_150
ex:coin_13477,nmo:hasIssuer,ex:issuer_131
ex:coin_13511,nmo:hasIssuer,ex:issuer_131
ex:coin_13512,nmo:hasIssuer,ex:issuer_131
ex:coin_13512,nmo:hasIssuer,ex:issuer_154
ex:coin_13538,nmo:hasIssuer,ex:issuer_131
ex:coin_13540,nmo:hasIssuer,ex:issuer_131
ex:coin_13545,nmo:hasIssuer,ex:issuer_131
ex:coin_13546,nmo:hasIssuer,ex:issuer_131
ex:coin_13645,nmo:hasIssuer,ex:issuer_131
ex:coin_13693,nmo:hasIssuer,ex:issuer_131
ex:coin_13694,nmo:hasIssuer,ex:issuer_131
ex:coin_13700,nmo:hasIssuer,ex:issuer_131
ex:coin_13702,nmo:hasIssuer,ex:issuer_131
ex:coin_13724,nmo:hasIssuer,ex:issuer_154
ex:coin_13724,nmo:hasIssuer,ex:issuer_131
ex:coin_13725,nmo:hasIssuer,ex:issuer_131
ex:coin_13725,nmo:hasIssuer,ex:issuer_154
ex:coin_13726,nmo:hasIssuer,ex:issuer_154
ex:coin_13726,nmo:hasIssuer,ex:issuer_131
ex:coin_13727,nmo:hasIssuer,ex:issuer_131
ex:coin_13727,nmo:hasIssuer,ex:issuer_154
ex:coin_13757,nmo:hasIssuer,ex:issuer_131
ex:coin_13892,nmo:hasIssuer,ex:issuer_131
ex:coin_13901,nmo:hasIssuer,ex:issuer_154
ex:coin_13901,nmo:hasIssuer,ex:issuer_131
ex:coin_13902,nmo:hasIssuer,ex:issuer_131
ex:coin_13902,nmo:hasIssuer,ex:issuer_154
ex:coin_13903,nmo:hasIssuer,ex:issuer_154
ex:coin_13903,nmo:hasIssuer,ex:issuer_131
ex:coin_13922,nmo:hasIssuer,ex:issuer_131
ex:coin_13923,nmo:hasIssuer,ex:issuer_131
ex:coin_13924,nmo:hasIssuer,ex:issuer_131
ex:coin_13924,nmo:hasIssuer,ex:issuer_154
ex:coin_13925,nmo:hasIssuer,ex:issuer_131
ex:coin_13926,nmo:hasIssuer,ex:issuer_131
ex:coin_13927,nmo:hasIssuer,ex:issuer_131
ex:coin_13929,nmo:hasIssuer,ex:issuer_131
ex:coin_13934,nmo:hasIssuer,ex:issuer_131
ex:coin_13935,nmo:hasIssuer,ex:issuer_131
ex:coin_13936,nmo:hasIssuer,ex:issuer_131
ex:coin_13937,nmo:hasIssuer,ex:issuer_131
ex:coin_13938,nmo:hasIssuer,ex:issuer_131
ex:coin_13939,nmo:hasIssuer,ex:issuer_131
ex:coin_13939,nmo:hasIssuer,ex:issuer_154
ex:coin_13940,nmo:hasIssuer,ex:issuer_131
ex:coin_13951,nmo:hasIssuer,ex:issuer_131
ex:coin_13954,nmo:hasIssuer,ex:issuer_131
ex:coin_13963,nmo:hasIssuer,ex:issuer_131
ex:coin_13964,nmo:hasIssuer,ex:issuer_131
ex:coin_13976,nmo:hasIssuer,ex:issuer_131
ex:coin_13999,nmo:hasIssuer,ex:issuer_154
ex:coin_13999,nmo:hasIssuer,ex:issuer_131
ex:coin_14000,nmo:hasIssuer,ex:issuer_131
ex:coin_14000,nmo:hasIssuer,ex:issuer_154
ex:coin_14004,nmo:hasIssuer,ex:issuer_131
ex:coin_14043,nmo:hasIssuer,ex:issuer_131
ex:coin_14049,nmo:hasIssuer,ex:issuer_131
ex:coin_14050,nmo:hasIssuer,ex:issuer_131
ex:coin_14050,nmo:hasIssuer,ex:issuer_154
ex:coin_14052,nmo:hasIssuer,ex:issuer_131
ex:coin_14052,nmo:hasIssuer,ex:issuer_154
ex:coin_14119,nmo:hasIssuer,ex:issuer_131
ex:coin_14122,nmo:hasIssuer,ex:issuer_131
ex:coin_14123,nmo:hasIssuer,ex:issuer_131
ex:coin_14128,nmo:hasIssuer,ex:issuer_131
ex:coin_14130,nmo:hasIssuer,ex:issuer_131
ex:coin_14130,nmo:hasIssuer,ex:issuer_154
ex:coin_14131,nmo:hasIssuer,ex:issuer_154
ex:coin_14131,nmo:hasIssuer,ex:issuer_131
ex:coin_14132,nmo:hasIssuer,ex:issuer_131
ex:coin_14132,nmo:hasIssuer,ex:issuer_154
ex:coin_14133,nmo:hasIssuer,ex:issuer_131
ex:coin_14134,nmo:hasIssuer,ex:issuer_131
ex:coin_14135,nmo:hasIssuer,ex:issuer_131
ex:coin_14137,nmo:hasIssuer,ex:issuer_154
ex:coin_14137,nmo:hasIssuer,ex:issuer_131
ex:coin_14138,nmo:hasIssuer,ex:issuer_131
ex:coin_14210,nmo:hasIssuer,ex:issuer_154
ex:coin_14210,nmo:hasIssuer,ex:issuer_131
ex:coin_14211,nmo:hasIssuer,ex:issuer_131
ex:coin_14230,nmo:hasIssuer,ex:issuer_131
ex:coin_14231,nmo:hasIssuer,ex:issuer_131
ex:coin_14234,nmo:hasIssuer,ex:issuer_131
ex:coin_14242,nmo:hasIssuer,ex:issuer_131
ex:coin_14341,nmo:hasIssuer,ex:issuer_154
ex:coin_14341,nmo:hasIssuer,ex:issuer_131
ex:coin_14346,nmo:hasIssuer,ex:issuer_131
ex:coin_14346,nmo:hasIssuer,ex:issuer_154
ex:coin_14347,nmo:hasIssuer,ex:issuer_154
ex:coin_14347,nmo:hasIssuer,ex:issuer_131
ex:coin_14350,nmo:hasIssuer,ex:issuer_131
ex:coin_14354,nmo:hasIssuer,ex:issuer_131
ex:coin_14388,nmo:hasIssuer,ex:issuer_154
ex:coin_14388,nmo:hasIssuer,ex:issuer_131
ex:coin_14392,nmo:hasIssuer,ex:issuer_131
ex:coin_14392,nmo:hasIssuer,ex:issuer_154
ex:coin_14437,nmo:hasIssuer,ex:issuer_131
ex:coin_14437,nmo:hasIssuer,ex:issuer_154
ex:coin_14449,nmo:hasIssuer,ex:issuer_131
ex:coin_14493,nmo:hasIssuer,ex:issuer_131
ex:coin_14494,nmo:hasIssuer,ex:issuer_131
ex:coin_14496,nmo:hasIssuer,ex:issuer_131
ex:coin_14497,nmo:hasIssuer,ex:issuer_131
ex:coin_14500,nmo:hasIssuer,ex:issuer_131
ex:coin_14501,nmo:hasIssuer,ex:issuer_131
ex:coin_14504,nmo:hasIssuer,ex:issuer_131
ex:coin_14505,nmo:hasIssuer,ex:issuer_131
ex:coin_14506,nmo:hasIssuer,ex:issuer_131
ex:coin_14507,nmo:hasIssuer,ex:issuer_131
ex:coin_14508,nmo:hasIssuer,ex:issuer_131
ex:coin_14509,nmo:hasIssuer,ex:issuer_131
ex:coin_14511,nmo:hasIssuer,ex:issuer_131
ex:coin_14512,nmo:hasIssuer,ex:issuer_131
ex:coin_14513,nmo:hasIssuer,ex:issuer_131
ex:coin_14514,nmo:hasIssuer,ex:issuer_131
ex:coin_14515,nmo:hasIssuer,ex:issuer_131
ex:coin_14516,nmo:hasIssuer,ex:issuer_131
ex:coin_14517,nmo:hasIssuer,ex:issuer_131
ex:coin_14518,nmo:hasIssuer,ex:issuer_131
ex:coin_14519,nmo:hasIssuer,ex:issuer_131
ex:coin_14520,nmo:hasIssuer,ex:issuer_131
ex:coin_14521,nmo:hasIssuer,ex:issuer_131
ex:coin_14522,nmo:hasIssuer,ex:issuer_131
ex:coin_14523,nmo:hasIssuer,ex:issuer_131
ex:coin_14636,nmo:hasIssuer,ex:issuer_131
ex:coin_14925,nmo:hasIssuer,ex:issuer_131
ex:coin_14926,nmo:hasIssuer,ex:issuer_131
ex:coin_14926,nmo:hasIssuer,ex:issuer_154
ex:coin_14929,nmo:hasIssuer,ex:issuer_131
ex:coin_14930,nmo:hasIssuer,ex:issuer_131
ex:coin_14930,nmo:hasIssuer,ex:issuer_154
ex:coin_14947,nmo:hasIssuer,ex:issuer_131
ex:coin_14958,nmo:hasIssuer,ex:issuer_131
ex:coin_14959,nmo:hasIssuer,ex:issuer_131
ex:coin_14959,nmo:hasIssuer,ex:issuer_154
ex:coin_14960,nmo:hasIssuer,ex:issuer_154
ex:coin_14960,nmo:hasIssuer,ex:issuer_131
ex:coin_14962,nmo:hasIssuer,ex:issuer_131
ex:coin_14963,nmo:hasIssuer,ex:issuer_131
ex:coin_14990,nmo:hasIssuer,ex:issuer_131
ex:coin_15028,nmo:hasIssuer,ex:issuer_131
ex:coin_15029,nmo:hasIssuer,ex:issuer_131
ex:coin_15030,nmo:hasIssuer,ex:issuer_131
ex:coin_15031,nmo:hasIssuer,ex:issuer_131
ex:coin_15032,nmo:hasIssuer,ex:issuer_131
ex:coin_15033,nmo:hasIssuer,ex:issuer_131
ex:coin_15034,nmo:hasIssuer,ex:issuer_131
ex:coin_15075,nmo:hasIssuer,ex:issuer_131
ex:coin_15136,nmo:hasIssuer,ex:issuer_131
ex:coin_15161,nmo:hasIssuer,ex:issuer_131
ex:coin_15161,nmo:hasIssuer,ex:issuer_154
ex:coin_15162,nmo:hasIssuer,ex:issuer_131
ex:coin_15163,nmo:hasIssuer,ex:issuer_131
ex:coin_15178,nmo:hasIssuer,ex:issuer_131
ex:coin_15180,nmo:hasIssuer,ex:issuer_131
ex:coin_15183,nmo:hasIssuer,ex:issuer_131
ex:coin_15184,nmo:hasIssuer,ex:issuer_131
ex:coin_15184,nmo:hasIssuer,ex:issuer_154
ex:coin_15185,nmo:hasIssuer,ex:issuer_154
ex:coin_15185,nmo:hasIssuer,ex:issuer_131
ex:coin_15186,nmo:hasIssuer,ex:issuer_131
ex:coin_15187,nmo:hasIssuer,ex:issuer_131
ex:coin_15187,nmo:hasIssuer,ex:issuer_154
ex:coin_15202,nmo:hasIssuer,ex:issuer_131
ex:coin_15202,nmo:hasIssuer,ex:issuer_154
ex:coin_15203,nmo:hasIssuer,ex:issuer_154
ex:coin_15203,nmo:hasIssuer,ex:issuer_131
ex:coin_15205,nmo:hasIssuer,ex:issuer_131
ex:coin_15205,nmo:hasIssuer,ex:issuer_154
ex:coin_15210,nmo:hasIssuer,ex:issuer_154
ex:coin_15210,nmo:hasIssuer,ex:issuer_131
ex:coin_15230,nmo:hasIssuer,ex:issuer_131
ex:coin_15231,nmo:hasIssuer,ex:issuer_131
ex:coin_15261,nmo:hasIssuer,ex:issuer_131
ex:coin_15261,nmo:hasIssuer,ex:issuer_154
ex:coin_15265,nmo:hasIssuer,ex:issuer_131
ex:coin_15266,nmo:hasIssuer,ex:issuer_131
ex:coin_15413,nmo:hasIssuer,ex:issuer_131
ex:coin_15416,nmo:hasIssuer,ex:issuer_131
ex:coin_15417,nmo:hasIssuer,ex:issuer_131
ex:coin_15418,nmo:hasIssuer,ex:issuer_131
ex:coin_15420,nmo:hasIssuer,ex:issuer_131
ex:coin_15420,nmo:hasIssuer,ex:issuer_154
ex:coin_15467,nmo:hasIssuer,ex:issuer_154
ex:coin_15467,nmo:hasIssuer,ex:issuer_131
ex:coin_15468,nmo:hasIssuer,ex:issuer_131
ex:coin_15468,nmo:hasIssuer,ex:issuer_154
ex:coin_15469,nmo:hasIssuer,ex:issuer_154
ex:coin_15469,nmo:hasIssuer,ex:issuer_131
ex:coin_15470,nmo:hasIssuer,ex:issuer_131
ex:coin_15470,nmo:hasIssuer,ex:issuer_154
ex:coin_15471,nmo:hasIssuer,ex:issuer_154
ex:coin_15471,nmo:hasIssuer,ex:issuer_131
ex:coin_15472,nmo:hasIssuer,ex:issuer_131
ex:coin_15472,nmo:hasIssuer,ex:issuer_154
ex:coin_15473,nmo:hasIssuer,ex:issuer_154
ex:coin_15473,nmo:hasIssuer,ex:issuer_131
ex:coin_15474,nmo:hasIssuer,ex:issuer_131
ex:coin_15474,nmo:hasIssuer,ex:issuer_154
ex:coin_15475,nmo:hasIssuer,ex:issuer_154
ex:coin_15475,nmo:hasIssuer,ex:issuer_131
ex:coin_15476,nmo:hasIssuer,ex:issuer_131
ex:coin_15476,nmo:hasIssuer,ex:issuer_154
ex:coin_15477,nmo:hasIssuer,ex:issuer_154
ex:coin_15477,nmo:hasIssuer,ex:issuer_131
ex:coin_15478,nmo:hasIssuer,ex:issuer_131
ex:coin_15478,nmo:hasIssuer,ex:issuer_154
ex:coin_15479,nmo:hasIssuer,ex:issuer_154
ex:coin_15479,nmo:hasIssuer,ex:issuer_131
ex:coin_15480,nmo:hasIssuer,ex:issuer_131
ex:coin_15480,nmo:hasIssuer,ex:issuer_154
ex:coin_15500,nmo:hasIssuer,ex:issuer_131
ex:coin_15501,nmo:hasIssuer,ex:issuer_131
ex:coin_15540,nmo:hasIssuer,ex:issuer_131
ex:coin_15540,nmo:hasIssuer,ex:issuer_154
ex:coin_15541,nmo:hasIssuer,ex:issuer_154
ex:coin_15541,nmo:hasIssuer,ex:issuer_131
ex:coin_15542,nmo:hasIssuer,ex:issuer_131
ex:coin_15542,nmo:hasIssuer,ex:issuer_154
ex:coin_15543,nmo:hasIssuer,ex:issuer_154
ex:coin_15543,nmo:hasIssuer,ex:issuer_131
ex:coin_15544,nmo:hasIssuer,ex:issuer_131
ex:coin_15544,nmo:hasIssuer,ex:issuer_154
ex:coin_15600,nmo:hasIssuer,ex:issuer_131
ex:coin_15601,nmo:hasIssuer,ex:issuer_131
ex:coin_15603,nmo:hasIssuer,ex:issuer_131
ex:coin_15603,nmo:hasIssuer,ex:issuer_154
ex:coin_15604,nmo:hasIssuer,ex:issuer_131
ex:coin_15611,nmo:hasIssuer,ex:issuer_131
ex:coin_15611,nmo:hasIssuer,ex:issuer_154
ex:coin_15619,nmo:hasIssuer,ex:issuer_131
ex:coin_15620,nmo:hasIssuer,ex:issuer_131
ex:coin_15630,nmo:hasIssuer,ex:issuer_154
ex:coin_15630,nmo:hasIssuer,ex:issuer_131
ex:coin_15633,nmo:hasIssuer,ex:issuer_131
ex:coin_15633,nmo:hasIssuer,ex:issuer_154
ex:coin_15639,nmo:hasIssuer,ex:issuer_131
ex:coin_15643,nmo:hasIssuer,ex:issuer_131
ex:coin_15644,nmo:hasIssuer,ex:issuer_131
ex:coin_15657,nmo:hasIssuer,ex:issuer_131
ex:coin_15658,nmo:hasIssuer,ex:issuer_131
ex:coin_15721,nmo:hasIssuer,ex:issuer_154
ex:coin_15721,nmo:hasIssuer,ex:issuer_131
ex:coin_15792,nmo:hasIssuer,ex:issuer_131
ex:coin_15792,nmo:hasIssuer,ex:issuer_154
ex:coin_15815,nmo:hasIssuer,ex:issuer_131
ex:coin_15817,nmo:hasIssuer,ex:issuer_154
ex:coin_15817,nmo:hasIssuer,ex:issuer_131
ex:coin_16134,nmo:hasIssuer,ex:issuer_131
ex:coin_16321,nmo:hasIssuer,ex:issuer_131
ex:coin_16321,nmo:hasIssuer,ex:issuer_154
ex:coin_16322,nmo:hasIssuer,ex:issuer_131
ex:coin_16349,nmo:hasIssuer,ex:issuer_154
ex:coin_16349,nmo:hasIssuer,ex:issuer_131
ex:coin_16375,nmo:hasIssuer,ex:issuer_131
ex:coin_16378,nmo:hasIssuer,ex:issuer_131
ex:coin_16378,nmo:hasIssuer,ex:issuer_154
ex:coin_16390,nmo:hasIssuer,ex:issuer_131
ex:coin_16390,nmo:hasIssuer,ex:issuer_154
ex:coin_16403,nmo:hasIssuer,ex:issuer_131
ex:coin_16403,nmo:hasIssuer,ex:issuer_154
ex:coin_16407,nmo:hasIssuer,ex:issuer_131
ex:coin_16407,nmo:hasIssuer,ex:issuer_154
ex:coin_16438,nmo:hasIssuer,ex:issuer_131
ex:coin_16449,nmo:hasIssuer,ex:issuer_131
ex:coin_16468,nmo:hasIssuer,ex:issuer_131
ex:coin_16470,nmo:hasIssuer,ex:issuer_131
ex:coin_16607,nmo:hasIssuer,ex:issuer_154
ex:coin_16607,nmo:hasIssuer,ex:issuer_131
ex:coin_16608,nmo:hasIssuer,ex:issuer_131
ex:coin_16610,nmo:hasIssuer,ex:issuer_131
ex:coin_16614,nmo:hasIssuer,ex:issuer_131
ex:coin_16753,nmo:hasIssuer,ex:issuer_131
ex:coin_16758,nmo:hasIssuer,ex:issuer_131
ex:coin_16758,nmo:hasIssuer,ex:issuer_154
ex:coin_16781,nmo:hasIssuer,ex:issuer_154
ex:coin_16781,nmo:hasIssuer,ex:issuer_131
ex:coin_16783,nmo:hasIssuer,ex:issuer_131
ex:coin_16784,nmo:hasIssuer,ex:issuer_131
ex:coin_16786,nmo:hasIssuer,ex:issuer_131
ex:coin_16787,nmo:hasIssuer,ex:issuer_131
ex:coin_16787,nmo:hasIssuer,ex:issuer_154
ex:coin_16790,nmo:hasIssuer,ex:issuer_131
ex:coin_16792,nmo:hasIssuer,ex:issuer_131
ex:coin_16793,nmo:hasIssuer,ex:issuer_131
ex:coin_16802,nmo:hasIssuer,ex:issuer_131
ex:coin_16804,nmo:hasIssuer,ex:issuer_131
ex:coin_16807,nmo:hasIssuer,ex:issuer_131
ex:coin_16808,nmo:hasIssuer,ex:issuer_131
ex:coin_16808,nmo:hasIssuer,ex:issuer_154
ex:coin_16809,nmo:hasIssuer,ex:issuer_154
ex:coin_16809,nmo:hasIssuer,ex:issuer_131
ex:coin_16810,nmo:hasIssuer,ex:issuer_131
ex:coin_16813,nmo:hasIssuer,ex:issuer_131
ex:coin_16813,nmo:hasIssuer,ex:issuer_154
ex:coin_16822,nmo:hasIssuer,ex:issuer_154
ex:coin_16822,nmo:hasIssuer,ex:issuer_131
ex:coin_16824,nmo:hasIssuer,ex:issuer_154
ex:coin_16824,nmo:hasIssuer,ex:issuer_131
ex:coin_16827,nmo:hasIssuer,ex:issuer_131
ex:coin_16832,nmo:hasIssuer,ex:issuer_131
ex:coin_16838,nmo:hasIssuer,ex:issuer_131
ex:coin_16839,nmo:hasIssuer,ex:issuer_131
ex:coin_16841,nmo:hasIssuer,ex:issuer_131
ex:coin_16844,nmo:hasIssuer,ex:issuer_131
ex:coin_16847,nmo:hasIssuer,ex:issuer_131
ex:coin_16849,nmo:hasIssuer,ex:issuer_131
ex:coin_16852,nmo:hasIssuer,ex:issuer_131
ex:coin_16864,nmo:hasIssuer,ex:issuer_154
ex:coin_16864,nmo:hasIssuer,ex:issuer_131
ex:coin_16868,nmo:hasIssuer,ex:issuer_131
ex:coin_16869,nmo:hasIssuer,ex:issuer_131
ex:coin_17118,nmo:hasIssuer,ex:issuer_131
ex:coin_17209,nmo:hasIssuer,ex:issuer_154
ex:coin_17209,nmo:hasIssuer,ex:issuer_131
ex:coin_17210,nmo:hasIssuer,ex:issuer_131
ex:coin_17210,nmo:hasIssuer,ex:issuer_154
ex:coin_17256,nmo:hasIssuer,ex:issuer_131
ex:coin_17257,nmo:hasIssuer,ex:issuer_131
ex:coin_17257,nmo:hasIssuer,ex:issuer_154
ex:coin_17262,nmo:hasIssuer,ex:issuer_131
ex:coin_17267,nmo:hasIssuer,ex:issuer_131
ex:coin_17271,nmo:hasIssuer,ex:issuer_131
ex:coin_17277,nmo:hasIssuer,ex:issuer_154
ex:coin_17277,nmo:hasIssuer,ex:issuer_131
ex:coin_17281,nmo:hasIssuer,ex:issuer_131
ex:coin_17289,nmo:hasIssuer,ex:issuer_131
ex:coin_17289,nmo:hasIssuer,ex:issuer_154
ex:coin_17295,nmo:hasIssuer,ex:issuer_131
ex:coin_17325,nmo:hasIssuer,ex:issuer_131
ex:coin_17327,nmo:hasIssuer,ex:issuer_131
ex:coin_17327,nmo:hasIssuer,ex:issuer_154
ex:coin_17333,nmo:hasIssuer,ex:issuer_131
ex:coin_17335,nmo:hasIssuer,ex:issuer_131
ex:coin_17345,nmo:hasIssuer,ex:issuer_131
ex:coin_17350,nmo:hasIssuer,ex:issuer_154
ex:coin_17350,nmo:hasIssuer,ex:issuer_131
ex:coin_17361,nmo:hasIssuer,ex:issuer_131
ex:coin_17364,nmo:hasIssuer,ex:issuer_131
ex:coin_17365,nmo:hasIssuer,ex:issuer_131
ex:coin_17365,nmo:hasIssuer,ex:issuer_154
ex:coin_17372,nmo:hasIssuer,ex:issuer_154
ex:coin_17372,nmo:hasIssuer,ex:issuer_131
ex:coin_17375,nmo:hasIssuer,ex:issuer_131
ex:coin_17375,nmo:hasIssuer,ex:issuer_154
ex:coin_17388,nmo:hasIssuer,ex:issuer_131
ex:coin_17389,nmo:hasIssuer,ex:issuer_131
ex:coin_17389,nmo:hasIssuer,ex:issuer_154
ex:coin_17391,nmo:hasIssuer,ex:issuer_154
ex:coin_17391,nmo:hasIssuer,ex:issuer_131
ex:coin_17395,nmo:hasIssuer,ex:issuer_131
ex:coin_17405,nmo:hasIssuer,ex:issuer_131
ex:coin_17413,nmo:hasIssuer,ex:issuer_131
ex:coin_17415,nmo:hasIssuer,ex:issuer_131
ex:coin_17420,nmo:hasIssuer,ex:issuer_154
ex:coin_17420,nmo:hasIssuer,ex:issuer_131
ex:coin_17425,nmo:hasIssuer,ex:issuer_154
ex:coin_17425,nmo:hasIssuer,ex:issuer_131
ex:coin_17427,nmo:hasIssuer,ex:issuer_154
ex:coin_17427,nmo:hasIssuer,ex:issuer_131
ex:coin_17432,nmo:hasIssuer,ex:issuer_131
ex:coin_17432,nmo:hasIssuer,ex:issuer_154
ex:coin_17442,nmo:hasIssuer,ex:issuer_131
ex:coin_17453,nmo:hasIssuer,ex:issuer_131
ex:coin_17453,nmo:hasIssuer,ex:issuer_154
ex:coin_17458,nmo:hasIssuer,ex:issuer_131
ex:coin_17474,nmo:hasIssuer,ex:issuer_154
ex:coin_17474,nmo:hasIssuer,ex:issuer_131
ex:coin_17475,nmo:hasIssuer,ex:issuer_131
ex:coin_17475,nmo:hasIssuer,ex:issuer_154
ex:coin_17476,nmo:hasIssuer,ex:issuer_131
ex:coin_17481,nmo:hasIssuer,ex:issuer_131
ex:coin_17482,nmo:hasIssuer,ex:issuer_131
ex:coin_17482,nmo:hasIssuer,ex:issuer_154
ex:coin_17486,nmo:hasIssuer,ex:issuer_131
ex:coin_17488,nmo:hasIssuer,ex:issuer_154
ex:coin_17488,nmo:hasIssuer,ex:issuer_131
ex:coin_17497,nmo:hasIssuer,ex:issuer_131
ex:coin_17497,nmo:hasIssuer,ex:issuer_154
ex:coin_17498,nmo:hasIssuer,ex:issuer_154
ex:coin_17498,nmo:hasIssuer,ex:issuer_131
ex:coin_17514,nmo:hasIssuer,ex:issuer_131
ex:coin_17516,nmo:hasIssuer,ex:issuer_131
ex:coin_17516,nmo:hasIssuer,ex:issuer_154
ex:coin_17527,nmo:hasIssuer,ex:issuer_131
ex:coin_17528,nmo:hasIssuer,ex:issuer_131
ex:coin_17529,nmo:hasIssuer,ex:issuer_131
ex:coin_17529,nmo:hasIssuer,ex:issuer_154
ex:coin_17530,nmo:hasIssuer,ex:issuer_154
ex:coin_17530,nmo:hasIssuer,ex:issuer_131
ex:coin_17536,nmo:hasIssuer,ex:issuer_154
ex:coin_17536,nmo:hasIssuer,ex:issuer_131
ex:coin_17543,nmo:hasIssuer,ex:issuer_131
ex:coin_17544,nmo:hasIssuer,ex:issuer_131
ex:coin_17566,nmo:hasIssuer,ex:issuer_131
ex:coin_17569,nmo:hasIssuer,ex:issuer_131
ex:coin_17580,nmo:hasIssuer,ex:issuer_131
ex:coin_17604,nmo:hasIssuer,ex:issuer_131
ex:coin_17604,nmo:hasIssuer,ex:issuer_154
ex:coin_17620,nmo:hasIssuer,ex:issuer_131
ex:coin_17628,nmo:hasIssuer,ex:issuer_131
ex:coin_17629,nmo:hasIssuer,ex:issuer_131
ex:coin_17630,nmo:hasIssuer,ex:issuer_131
ex:coin_17631,nmo:hasIssuer,ex:issuer_131
ex:coin_17634,nmo:hasIssuer,ex:issuer_131
ex:coin_17635,nmo:hasIssuer,ex:issuer_131
ex:coin_17635,nmo:hasIssuer,ex:issuer_154
ex:coin_17639,nmo:hasIssuer,ex:issuer_131
ex:coin_17641,nmo:hasIssuer,ex:issuer_131
ex:coin_17643,nmo:hasIssuer,ex:issuer_154
ex:coin_17643,nmo:hasIssuer,ex:issuer_131
ex:coin_17644,nmo:hasIssuer,ex:issuer_131
ex:coin_17646,nmo:hasIssuer,ex:issuer_131
ex:coin_17647,nmo:hasIssuer,ex:issuer_131
ex:coin_17648,nmo:hasIssuer,ex:issuer_131
ex:coin_17649,nmo:hasIssuer,ex:issuer_131
ex:coin_17651,nmo:hasIssuer,ex:issuer_131
ex:coin_17652,nmo:hasIssuer,ex:issuer_131
ex:coin_17652,nmo:hasIssuer,ex:issuer_154
ex:coin_17654,nmo:hasIssuer,ex:issuer_131
ex:coin_17654,nmo:hasIssuer,ex:issuer_154
ex:coin_17661,nmo:hasIssuer,ex:issuer_131
ex:coin_17662,nmo:hasIssuer,ex:issuer_131
ex:coin_17663,nmo:hasIssuer,ex:issuer_131
ex:coin_17665,nmo:hasIssuer,ex:issuer_131
ex:coin_17666,nmo:hasIssuer,ex:issuer_131
ex:coin_17667,nmo:hasIssuer,ex:issuer_131
ex:coin_17669,nmo:hasIssuer,ex:issuer_131
ex:coin_17671,nmo:hasIssuer,ex:issuer_154
ex:coin_17671,nmo:hasIssuer,ex:issuer_131
ex:coin_17672,nmo:hasIssuer,ex:issuer_131
ex:coin_17672,nmo:hasIssuer,ex:issuer_154
ex:coin_17673,nmo:hasIssuer,ex:issuer_154
ex:coin_17673,nmo:hasIssuer,ex:issuer_131
ex:coin_17674,nmo:hasIssuer,ex:issuer_131
ex:coin_17674,nmo:hasIssuer,ex:issuer_154
ex:coin_17675,nmo:hasIssuer,ex:issuer_154
ex:coin_17675,nmo:hasIssuer,ex:issuer_131
ex:coin_17676,nmo:hasIssuer,ex:issuer_131
ex:coin_17676,nmo:hasIssuer,ex:issuer_154
ex:coin_17677,nmo:hasIssuer,ex:issuer_154
ex:coin_17677,nmo:hasIssuer,ex:issuer_131
ex:coin_17678,nmo:hasIssuer,ex:issuer_131
ex:coin_17678,nmo:hasIssuer,ex:issuer_154
ex:coin_17679,nmo:hasIssuer,ex:issuer_131
ex:coin_17719,nmo:hasIssuer,ex:issuer_131
ex:coin_17719,nmo:hasIssuer,ex:issuer_154
ex:coin_17720,nmo:hasIssuer,ex:issuer_154
ex:coin_17720,nmo:hasIssuer,ex:issuer_131
ex:coin_17721,nmo:hasIssuer,ex:issuer_131
ex:coin_17722,nmo:hasIssuer,ex:issuer_131
ex:coin_17734,nmo:hasIssuer,ex:issuer_154
ex:coin_17734,nmo:hasIssuer,ex:issuer_131
ex:coin_17746,nmo:hasIssuer,ex:issuer_131
ex:coin_17746,nmo:hasIssuer,ex:issuer_154
ex:coin_18001,nmo:hasIssuer,ex:issuer_154
ex:coin_18001,nmo:hasIssuer,ex:issuer_131
ex:coin_18002,nmo:hasIssuer,ex:issuer_131
ex:coin_18010,nmo:hasIssuer,ex:issuer_131
ex:coin_18011,nmo:hasIssuer,ex:issuer_131
ex:coin_18012,nmo:hasIssuer,ex:issuer_131
ex:coin_18013,nmo:hasIssuer,ex:issuer_131
ex:coin_18203,nmo:hasIssuer,ex:issuer_131
ex:coin_27445,nmo:hasIssuer,ex:issuer_131
ex:coin_27998,nmo:hasIssuer,ex:issuer_131
ex:coin_28001,nmo:hasIssuer,ex:issuer_131
ex:coin_28003,nmo:hasIssuer,ex:issuer_131
ex:coin_28005,nmo:hasIssuer,ex:issuer_131
ex:coin_28008,nmo:hasIssuer,ex:issuer_131
ex:coin_28080,nmo:hasIssuer,ex:issuer_131
ex:coin_28083,nmo:hasIssuer,ex:issuer_131
ex:coin_28086,nmo:hasIssuer,ex:issuer_131
ex:coin_28087,nmo:hasIssuer,ex:issuer_131
ex:coin_28352,nmo:hasIssuer,ex:issuer_131
ex:coin_28353,nmo:hasIssuer,ex:issuer_131
ex:coin_28365,nmo:hasIssuer,ex:issuer_131
ex:coin_28371,nmo:hasIssuer,ex:issuer_131
ex:coin_28371,nmo:hasIssuer,ex:issuer_154
ex:coin_28401,nmo:hasIssuer,ex:issuer_131
ex:coin_28402,nmo:hasIssuer,ex:issuer_131
ex:coin_28405,nmo:hasIssuer,ex:issuer_131
ex:coin_28406,nmo:hasIssuer,ex:issuer_131
ex:coin_28407,nmo:hasIssuer,ex:issuer_131
ex:coin_28444,nmo:hasIssuer,ex:issuer_154
ex:coin_28444,nmo:hasIssuer,ex:issuer_131
ex:coin_28446,nmo:hasIssuer,ex:issuer_131
ex:coin_28451,nmo:hasIssuer,ex:issuer_131
ex:coin_28452,nmo:hasIssuer,ex:issuer_131
ex:coin_28460,nmo:hasIssuer,ex:issuer_131
ex:coin_28461,nmo:hasIssuer,ex:issuer_131
ex:coin_28462,nmo:hasIssuer,ex:issuer_131
ex:coin_28477,nmo:hasIssuer,ex:issuer_131
ex:coin_28477,nmo:hasIssuer,ex:issuer_150
ex:coin_28478,nmo:hasIssuer,ex:issuer_131
ex:coin_28478,nmo:hasIssuer,ex:issuer_150
ex:coin_28481,nmo:hasIssuer,ex:issuer_131
ex:coin_28481,nmo:hasIssuer,ex:issuer_150
ex:coin_28484,nmo:hasIssuer,ex:issuer_131
ex:coin_28484,nmo:hasIssuer,ex:issuer_150
ex:coin_28485,nmo:hasIssuer,ex:issuer_131
ex:coin_28485,nmo:hasIssuer,ex:issuer_154
ex:coin_28486,nmo:hasIssuer,ex:issuer_131
ex:coin_28486,nmo:hasIssuer,ex:issuer_151
ex:coin_28489,nmo:hasIssuer,ex:issuer_131
ex:coin_28489,nmo:hasIssuer,ex:issuer_150
ex:coin_28492,nmo:hasIssuer,ex:issuer_131
ex:coin_28493,nmo:hasIssuer,ex:issuer_131
ex:coin_28494,nmo:hasIssuer,ex:issuer_131
ex:coin_28495,nmo:hasIssuer,ex:issuer_131
ex:coin_28495,nmo:hasIssuer,ex:issuer_154
ex:coin_28496,nmo:hasIssuer,ex:issuer_154
ex:coin_28496,nmo:hasIssuer,ex:issuer_131
ex:coin_28575,nmo:hasIssuer,ex:issuer_131
ex:coin_28575,nmo:hasIssuer,ex:issuer_150
ex:coin_28591,nmo:hasIssuer,ex:issuer_131
ex:coin_28591,nmo:hasIssuer,ex:issuer_150
ex:coin_28592,nmo:hasIssuer,ex:issuer_131
ex:coin_28592,nmo:hasIssuer,ex:issuer_154
ex:coin_28845,nmo:hasIssuer,ex:issuer_131
ex:coin_28859,nmo:hasIssuer,ex:issuer_154
ex:coin_28859,nmo:hasIssuer,ex:issuer_131
ex:coin_28876,nmo:hasIssuer,ex:issuer_131
ex:coin_28877,nmo:hasIssuer,ex:issuer_131
ex:coin_28877,nmo:hasIssuer,ex:issuer_154
ex:coin_28879,nmo:hasIssuer,ex:issuer_131
ex:coin_28879,nmo:hasIssuer,ex:issuer_154
ex:coin_28880,nmo:hasIssuer,ex:issuer_154
ex:coin_28880,nmo:hasIssuer,ex:issuer_131
ex:coin_28887,nmo:hasIssuer,ex:issuer_131
ex:coin_28888,nmo:hasIssuer,ex:issuer_131
ex:coin_28898,nmo:hasIssuer,ex:issuer_154
ex:coin_28898,nmo:hasIssuer,ex:issuer_131
ex:coin_28899,nmo:hasIssuer,ex:issuer_131
ex:coin_28899,nmo:hasIssuer,ex:issuer_154
ex:coin_28900,nmo:hasIssuer,ex:issuer_154
ex:coin_28900,nmo:hasIssuer,ex:issuer_131
ex:coin_28901,nmo:hasIssuer,ex:issuer_131
ex:coin_28901,nmo:hasIssuer,ex:issuer_154
ex:coin_28988,nmo:hasIssuer,ex:issuer_131
ex:coin_28989,nmo:hasIssuer,ex:issuer_131
ex:coin_28989,nmo:hasIssuer,ex:issuer_154
ex:coin_28990,nmo:hasIssuer,ex:issuer_154
ex:coin_28990,nmo:hasIssuer,ex:issuer_131
ex:coin_28991,nmo:hasIssuer,ex:issuer_131
ex:coin_28991,nmo:hasIssuer,ex:issuer_154
ex:coin_29041,nmo:hasIssuer,ex:issuer_131
ex:coin_29041,nmo:hasIssuer,ex:issuer_154
ex:coin_29043,nmo:hasIssuer,ex:issuer_131
ex:coin_29043,nmo:hasIssuer,ex:issuer_154
ex:coin_29066,nmo:hasIssuer,ex:issuer_131
ex:coin_29067,nmo:hasIssuer,ex:issuer_131
ex:coin_29069,nmo:hasIssuer,ex:issuer_131
ex:coin_29072,nmo:hasIssuer,ex:issuer_154
ex:coin_29072,nmo:hasIssuer,ex:issuer_131
ex:coin_29160,nmo:hasIssuer,ex:issuer_131
ex:coin_29201,nmo:hasIssuer,ex:issuer_131
ex:coin_29215,nmo:hasIssuer,ex:issuer_131
ex:coin_29216,nmo:hasIssuer,ex:issuer_131
ex:coin_29216,nmo:hasIssuer,ex:issuer_154
ex:coin_29237,nmo:hasIssuer,ex:issuer_131
ex:coin_29264,nmo:hasIssuer,ex:issuer_131
ex:coin_29264,nmo:hasIssuer,ex:issuer_154
ex:coin_29303,nmo:hasIssuer,ex:issuer_131
ex:coin_29304,nmo:hasIssuer,ex:issuer_131
ex:coin_29304,nmo:hasIssuer,ex:issuer_152
ex:coin_29358,nmo:hasIssuer,ex:issuer_131
ex:coin_29358,nmo:hasIssuer,ex:issuer_150
ex:coin_29358,nmo:hasIssuer,ex:issuer_151
ex:coin_29362,nmo:hasIssuer,ex:issuer_131
ex:coin_29362,nmo:hasIssuer,ex:issuer_150
ex:coin_29362,nmo:hasIssuer,ex:issuer_151
ex:coin_29370,nmo:hasIssuer,ex:issuer_154
ex:coin_29370,nmo:hasIssuer,ex:issuer_131
ex:coin_29402,nmo:hasIssuer,ex:issuer_131
ex:coin_29405,nmo:hasIssuer,ex:issuer_131
ex:coin_29425,nmo:hasIssuer,ex:issuer_131
ex:coin_29428,nmo:hasIssuer,ex:issuer_131
ex:coin_29511,nmo:hasIssuer,ex:issuer_131
ex:coin_29532,nmo:hasIssuer,ex:issuer_131
ex:coin_29532,nmo:hasIssuer,ex:issuer_154
ex:coin_29553,nmo:hasIssuer,ex:issuer_131
ex:coin_29612,nmo:hasIssuer,ex:issuer_131
ex:coin_29623,nmo:hasIssuer,ex:issuer_154
ex:coin_29623,nmo:hasIssuer,ex:issuer_131
ex:coin_29624,nmo:hasIssuer,ex:issuer_131
ex:coin_29624,nmo:hasIssuer,ex:issuer_154
ex:coin_29677,nmo:hasIssuer,ex:issuer_131
ex:coin_29677,nmo:hasIssuer,ex:issuer_154
ex:coin_29681,nmo:hasIssuer,ex:issuer_154
ex:coin_29681,nmo:hasIssuer,ex:issuer_131
ex:coin_29682,nmo:hasIssuer,ex:issuer_131
ex:coin_29682,nmo:hasIssuer,ex:issuer_154
ex:coin_29710,nmo:hasIssuer,ex:issuer_131
ex:coin_29710,nmo:hasIssuer,ex:issuer_150
ex:coin_29726,nmo:hasIssuer,ex:issuer_131
ex:coin_29729,nmo:hasIssuer,ex:issuer_131
ex:coin_29729,nmo:hasIssuer,ex:issuer_154
ex:coin_29738,nmo:hasIssuer,ex:issuer_131
ex:coin_29749,nmo:hasIssuer,ex:issuer_154
ex:coin_29749,nmo:hasIssuer,ex:issuer_131
ex:coin_29780,nmo:hasIssuer,ex:issuer_131
ex:coin_29781,nmo:hasIssuer,ex:issuer_131
ex:coin_29787,nmo:hasIssuer,ex:issuer_131
ex:coin_29831,nmo:hasIssuer,ex:issuer_131
ex:coin_29831,nmo:hasIssuer,ex:issuer_154
ex:coin_29875,nmo:hasIssuer,ex:issuer_131
ex:coin_29921,nmo:hasIssuer,ex:issuer_131
ex:coin_29922,nmo:hasIssuer,ex:issuer_131
ex:coin_29922,nmo:hasIssuer,ex:issuer_154
ex:coin_29924,nmo:hasIssuer,ex:issuer_131
ex:coin_29927,nmo:hasIssuer,ex:issuer_131
ex:coin_29927,nmo:hasIssuer,ex:issuer_154
ex:coin_29928,nmo:hasIssuer,ex:issuer_131
ex:coin_29957,nmo:hasIssuer,ex:issuer_131
ex:coin_29994,nmo:hasIssuer,ex:issuer_131
ex:coin_29994,nmo:hasIssuer,ex:issuer_151
ex:coin_29995,nmo:hasIssuer,ex:issuer_131
ex:coin_29995,nmo:hasIssuer,ex:issuer_154
ex:coin_29996,nmo:hasIssuer,ex:issuer_154
ex:coin_29996,nmo:hasIssuer,ex:issuer_131
ex:coin_29997,nmo:hasIssuer,ex:issuer_131
ex:coin_29997,nmo:hasIssuer,ex:issuer_154
ex:coin_30007,nmo:hasIssuer,ex:issuer_154
ex:coin_30007,nmo:hasIssuer,ex:issuer_131
ex:coin_30010,nmo:hasIssuer,ex:issuer_131
ex:coin_30010,nmo:hasIssuer,ex:issuer_154
ex:coin_30011,nmo:hasIssuer,ex:issuer_154
ex:coin_30011,nmo:hasIssuer,ex:issuer_131
ex:coin_30014,nmo:hasIssuer,ex:issuer_131
ex:coin_30014,nmo:hasIssuer,ex:issuer_154
ex:coin_30016,nmo:hasIssuer,ex:issuer_154
ex:coin_30016,nmo:hasIssuer,ex:issuer_131
ex:coin_30017,nmo:hasIssuer,ex:issuer_131
ex:coin_30017,nmo:hasIssuer,ex:issuer_154
ex:coin_30023,nmo:hasIssuer,ex:issuer_131
ex:coin_30027,nmo:hasIssuer,ex:issuer_154
ex:coin_30027,nmo:hasIssuer,ex:issuer_131
ex:coin_30028,nmo:hasIssuer,ex:issuer_131
ex:coin_30028,nmo:hasIssuer,ex:issuer_154
ex:coin_30029,nmo:hasIssuer,ex:issuer_154
ex:coin_30029,nmo:hasIssuer,ex:issuer_131
ex:coin_30032,nmo:hasIssuer,ex:issuer_131
ex:coin_30033,nmo:hasIssuer,ex:issuer_131
ex:coin_30033,nmo:hasIssuer,ex:issuer_154
ex:coin_30034,nmo:hasIssuer,ex:issuer_154
ex:coin_30034,nmo:hasIssuer,ex:issuer_131
ex:coin_30036,nmo:hasIssuer,ex:issuer_131
ex:coin_30050,nmo:hasIssuer,ex:issuer_131
ex:coin_30050,nmo:hasIssuer,ex:issuer_154
ex:coin_30056,nmo:hasIssuer,ex:issuer_154
ex:coin_30056,nmo:hasIssuer,ex:issuer_131
ex:coin_30061,nmo:hasIssuer,ex:issuer_131
ex:coin_30061,nmo:hasIssuer,ex:issuer_151
ex:coin_30067,nmo:hasIssuer,ex:issuer_131
ex:coin_30068,nmo:hasIssuer,ex:issuer_131
ex:coin_30071,nmo:hasIssuer,ex:issuer_131
ex:coin_30071,nmo:hasIssuer,ex:issuer_154
ex:coin_30082,nmo:hasIssuer,ex:issuer_131
ex:coin_30082,nmo:hasIssuer,ex:issuer_154
ex:coin_30096,nmo:hasIssuer,ex:issuer_154
ex:coin_30096,nmo:hasIssuer,ex:issuer_131
ex:coin_30107,nmo:hasIssuer,ex:issuer_154
ex:coin_30107,nmo:hasIssuer,ex:issuer_131
ex:coin_30131,nmo:hasIssuer,ex:issuer_131
ex:coin_30131,nmo:hasIssuer,ex:issuer_154
ex:coin_30141,nmo:hasIssuer,ex:issuer_131
ex:coin_30142,nmo:hasIssuer,ex:issuer_131
ex:coin_30142,nmo:hasIssuer,ex:issuer_150
ex:coin_30143,nmo:hasIssuer,ex:issuer_131
ex:coin_30143,nmo:hasIssuer,ex:issuer_154
ex:coin_30170,nmo:hasIssuer,ex:issuer_131
ex:coin_30170,nmo:hasIssuer,ex:issuer_151
ex:coin_30184,nmo:hasIssuer,ex:issuer_131
ex:coin_30184,nmo:hasIssuer,ex:issuer_150
ex:coin_30205,nmo:hasIssuer,ex:issuer_131
ex:coin_30205,nmo:hasIssuer,ex:issuer_154
ex:coin_30209,nmo:hasIssuer,ex:issuer_154
ex:coin_30209,nmo:hasIssuer,ex:issuer_131
ex:coin_30214,nmo:hasIssuer,ex:issuer_131
ex:coin_30215,nmo:hasIssuer,ex:issuer_131
ex:coin_30215,nmo:hasIssuer,ex:issuer_151
ex:coin_30216,nmo:hasIssuer,ex:issuer_131
ex:coin_30216,nmo:hasIssuer,ex:issuer_150
ex:coin_30216,nmo:hasIssuer,ex:issuer_152
ex:coin_30226,nmo:hasIssuer,ex:issuer_131
ex:coin_30226,nmo:hasIssuer,ex:issuer_154
ex:coin_30255,nmo:hasIssuer,ex:issuer_131
ex:coin_30255,nmo:hasIssuer,ex:issuer_154
ex:coin_30288,nmo:hasIssuer,ex:issuer_131
ex:coin_30288,nmo:hasIssuer,ex:issuer_154
ex:coin_30293,nmo:hasIssuer,ex:issuer_131
ex:coin_30294,nmo:hasIssuer,ex:issuer_131
ex:coin_30294,nmo:hasIssuer,ex:issuer_154
ex:coin_30295,nmo:hasIssuer,ex:issuer_154
ex:coin_30295,nmo:hasIssuer,ex:issuer_131
ex:coin_30296,nmo:hasIssuer,ex:issuer_131
ex:coin_30296,nmo:hasIssuer,ex:issuer_154
ex:coin_30298,nmo:hasIssuer,ex:issuer_154
ex:coin_30298,nmo:hasIssuer,ex:issuer_131
ex:coin_30320,nmo:hasIssuer,ex:issuer_131
ex:coin_30321,nmo:hasIssuer,ex:issuer_131
ex:coin_30321,nmo:hasIssuer,ex:issuer_154
ex:coin_30323,nmo:hasIssuer,ex:issuer_154
ex:coin_30323,nmo:hasIssuer,ex:issuer_131
ex:coin_30332,nmo:hasIssuer,ex:issuer_131
ex:coin_30333,nmo:hasIssuer,ex:issuer_131
ex:coin_30333,nmo:hasIssuer,ex:issuer_154
ex:coin_30339,nmo:hasIssuer,ex:issuer_131
ex:coin_30341,nmo:hasIssuer,ex:issuer_131
ex:coin_30341,nmo:hasIssuer,ex:issuer_154
ex:coin_30367,nmo:hasIssuer,ex:issuer_131
ex:coin_30368,nmo:hasIssuer,ex:issuer_131
ex:coin_30385,nmo:hasIssuer,ex:issuer_154
ex:coin_30385,nmo:hasIssuer,ex:issuer_131
ex:coin_30394,nmo:hasIssuer,ex:issuer_131
ex:coin_30394,nmo:hasIssuer,ex:issuer_154
ex:coin_30401,nmo:hasIssuer,ex:issuer_154
ex:coin_30401,nmo:hasIssuer,ex:issuer_131
ex:coin_30402,nmo:hasIssuer,ex:issuer_131
ex:coin_30411,nmo:hasIssuer,ex:issuer_131
ex:coin_30413,nmo:hasIssuer,ex:issuer_131
ex:coin_30414,nmo:hasIssuer,ex:issuer_131
ex:coin_30415,nmo:hasIssuer,ex:issuer_131
ex:coin_30436,nmo:hasIssuer,ex:issuer_131
ex:coin_30436,nmo:hasIssuer,ex:issuer_154
ex:coin_30447,nmo:hasIssuer,ex:issuer_131
ex:coin_30510,nmo:hasIssuer,ex:issuer_131
ex:coin_30510,nmo:hasIssuer,ex:issuer_154
ex:coin_30548,nmo:hasIssuer,ex:issuer_131
ex:coin_30565,nmo:hasIssuer,ex:issuer_154
ex:coin_30565,nmo:hasIssuer,ex:issuer_131
ex:coin_30567,nmo:hasIssuer,ex:issuer_131
ex:coin_30567,nmo:hasIssuer,ex:issuer_152
ex:coin_30585,nmo:hasIssuer,ex:issuer_131
ex:coin_30586,nmo:hasIssuer,ex:issuer_131
ex:coin_30591,nmo:hasIssuer,ex:issuer_131
ex:coin_30591,nmo:hasIssuer,ex:issuer_154
ex:coin_30597,nmo:hasIssuer,ex:issuer_154
ex:coin_30597,nmo:hasIssuer,ex:issuer_131
ex:coin_30615,nmo:hasIssuer,ex:issuer_131
ex:coin_30619,nmo:hasIssuer,ex:issuer_131
ex:coin_30627,nmo:hasIssuer,ex:issuer_131
ex:coin_30627,nmo:hasIssuer,ex:issuer_154
ex:coin_30631,nmo:hasIssuer,ex:issuer_154
ex:coin_30631,nmo:hasIssuer,ex:issuer_131
ex:coin_30641,nmo:hasIssuer,ex:issuer_131
ex:coin_30675,nmo:hasIssuer,ex:issuer_131
ex:coin_30675,nmo:hasIssuer,ex:issuer_154
ex:coin_30714,nmo:hasIssuer,ex:issuer_131
ex:coin_30714,nmo:hasIssuer,ex:issuer_154
ex:coin_30723,nmo:hasIssuer,ex:issuer_131
ex:coin_30723,nmo:hasIssuer,ex:issuer_154
ex:coin_30724,nmo:hasIssuer,ex:issuer_154
ex:coin_30724,nmo:hasIssuer,ex:issuer_131
ex:coin_30725,nmo:hasIssuer,ex:issuer_131
ex:coin_30725,nmo:hasIssuer,ex:issuer_154
ex:coin_30728,nmo:hasIssuer,ex:issuer_131
ex:coin_30758,nmo:hasIssuer,ex:issuer_154
ex:coin_30758,nmo:hasIssuer,ex:issuer_131
ex:coin_30762,nmo:hasIssuer,ex:issuer_131
ex:coin_30771,nmo:hasIssuer,ex:issuer_154
ex:coin_30771,nmo:hasIssuer,ex:issuer_131
ex:coin_30792,nmo:hasIssuer,ex:issuer_154
ex:coin_30792,nmo:hasIssuer,ex:issuer_131
ex:coin_30794,nmo:hasIssuer,ex:issuer_131
ex:coin_30794,nmo:hasIssuer,ex:issuer_154
ex:coin_30811,nmo:hasIssuer,ex:issuer_131
ex:coin_30811,nmo:hasIssuer,ex:issuer_154
ex:coin_30813,nmo:hasIssuer,ex:issuer_154
ex:coin_30813,nmo:hasIssuer,ex:issuer_131
ex:coin_30866,nmo:hasIssuer,ex:issuer_131
ex:coin_30866,nmo:hasIssuer,ex:issuer_154
ex:coin_30867,nmo:hasIssuer,ex:issuer_131
ex:coin_30880,nmo:hasIssuer,ex:issuer_131
ex:coin_30880,nmo:hasIssuer,ex:issuer_150
ex:coin_30882,nmo:hasIssuer,ex:issuer_131
ex:coin_30939,nmo:hasIssuer,ex:issuer_154
ex:coin_30939,nmo:hasIssuer,ex:issuer_131
ex:coin_30941,nmo:hasIssuer,ex:issuer_131
ex:coin_30948,nmo:hasIssuer,ex:issuer_131
ex:coin_30949,nmo:hasIssuer,ex:issuer_131
ex:coin_30958,nmo:hasIssuer,ex:issuer_131
ex:coin_30958,nmo:hasIssuer,ex:issuer_154
ex:coin_30959,nmo:hasIssuer,ex:issuer_154
ex:coin_30959,nmo:hasIssuer,ex:issuer_131
ex:coin_30964,nmo:hasIssuer,ex:issuer_131
ex:coin_30964,nmo:hasIssuer,ex:issuer_154
ex:coin_30973,nmo:hasIssuer,ex:issuer_131
ex:coin_30973,nmo:hasIssuer,ex:issuer_154
ex:coin_30993,nmo:hasIssuer,ex:issuer_131
ex:coin_30997,nmo:hasIssuer,ex:issuer_154
ex:coin_30997,nmo:hasIssuer,ex:issuer_131
ex:coin_31009,nmo:hasIssuer,ex:issuer_154
ex:coin_31009,nmo:hasIssuer,ex:issuer_131
ex:coin_31011,nmo:hasIssuer,ex:issuer_131
ex:coin_31015,nmo:hasIssuer,ex:issuer_131
ex:coin_31017,nmo:hasIssuer,ex:issuer_131
ex:coin_31031,nmo:hasIssuer,ex:issuer_131
ex:coin_31036,nmo:hasIssuer,ex:issuer_131
ex:coin_31036,nmo:hasIssuer,ex:issuer_154
ex:coin_31039,nmo:hasIssuer,ex:issuer_131
ex:coin_31057,nmo:hasIssuer,ex:issuer_154
ex:coin_31057,nmo:hasIssuer,ex:issuer_131
ex:coin_31077,nmo:hasIssuer,ex:issuer_131
ex:coin_31079,nmo:hasIssuer,ex:issuer_154
ex:coin_31079,nmo:hasIssuer,ex:issuer_131
ex:coin_31083,nmo:hasIssuer,ex:issuer_154
ex:coin_31083,nmo:hasIssuer,ex:issuer_131
ex:coin_31086,nmo:hasIssuer,ex:issuer_154
ex:coin_31086,nmo:hasIssuer,ex:issuer_131
ex:coin_31117,nmo:hasIssuer,ex:issuer_131
ex:coin_31140,nmo:hasIssuer,ex:issuer_131
ex:coin_31144,nmo:hasIssuer,ex:issuer_131
ex:coin_31170,nmo:hasIssuer,ex:issuer_131
ex:coin_31170,nmo:hasIssuer,ex:issuer_154
ex:coin_31174,nmo:hasIssuer,ex:issuer_131
ex:coin_31174,nmo:hasIssuer,ex:issuer_151
ex:coin_31174,nmo:hasIssuer,ex:issuer_152
ex:coin_31177,nmo:hasIssuer,ex:issuer_131
ex:coin_31177,nmo:hasIssuer,ex:issuer_154
ex:coin_31181,nmo:hasIssuer,ex:issuer_131
ex:coin_31181,nmo:hasIssuer,ex:issuer_154
ex:coin_31182,nmo:hasIssuer,ex:issuer_131
ex:coin_31184,nmo:hasIssuer,ex:issuer_131
ex:coin_31188,nmo:hasIssuer,ex:issuer_131
ex:coin_31188,nmo:hasIssuer,ex:issuer_154
ex:coin_31189,nmo:hasIssuer,ex:issuer_154
ex:coin_31189,nmo:hasIssuer,ex:issuer_131
ex:coin_31190,nmo:hasIssuer,ex:issuer_131
ex:coin_31190,nmo:hasIssuer,ex:issuer_154
ex:coin_31196,nmo:hasIssuer,ex:issuer_154
ex:coin_31196,nmo:hasIssuer,ex:issuer_131
ex:coin_31206,nmo:hasIssuer,ex:issuer_154
ex:coin_31206,nmo:hasIssuer,ex:issuer_131
ex:coin_31207,nmo:hasIssuer,ex:issuer_131
ex:coin_31207,nmo:hasIssuer,ex:issuer_154
ex:coin_31208,nmo:hasIssuer,ex:issuer_154
ex:coin_31208,nmo:hasIssuer,ex:issuer_131
ex:coin_31215,nmo:hasIssuer,ex:issuer_154
ex:coin_31215,nmo:hasIssuer,ex:issuer_131
ex:coin_31217,nmo:hasIssuer,ex:issuer_154
ex:coin_31217,nmo:hasIssuer,ex:issuer_131
ex:coin_31223,nmo:hasIssuer,ex:issuer_131
ex:coin_31223,nmo:hasIssuer,ex:issuer_154
ex:coin_31226,nmo:hasIssuer,ex:issuer_131
ex:coin_31226,nmo:hasIssuer,ex:issuer_154
ex:coin_31227,nmo:hasIssuer,ex:issuer_131
ex:coin_31227,nmo:hasIssuer,ex:issuer_152
ex:coin_31228,nmo:hasIssuer,ex:issuer_131
ex:coin_31228,nmo:hasIssuer,ex:issuer_154
ex:coin_31229,nmo:hasIssuer,ex:issuer_154
ex:coin_31229,nmo:hasIssuer,ex:issuer_131
ex:coin_31243,nmo:hasIssuer,ex:issuer_131
ex:coin_31243,nmo:hasIssuer,ex:issuer_151
ex:coin_31249,nmo:hasIssuer,ex:issuer_131
ex:coin_31249,nmo:hasIssuer,ex:issuer_154
ex:coin_31261,nmo:hasIssuer,ex:issuer_131
ex:coin_31261,nmo:hasIssuer,ex:issuer_154
ex:coin_31269,nmo:hasIssuer,ex:issuer_131
ex:coin_31269,nmo:hasIssuer,ex:issuer_154
ex:coin_31290,nmo:hasIssuer,ex:issuer_131
ex:coin_31290,nmo:hasIssuer,ex:issuer_154
ex:coin_31291,nmo:hasIssuer,ex:issuer_154
ex:coin_31291,nmo:hasIssuer,ex:issuer_131
ex:coin_31299,nmo:hasIssuer,ex:issuer_131
ex:coin_31299,nmo:hasIssuer,ex:issuer_154
ex:coin_31303,nmo:hasIssuer,ex:issuer_131
ex:coin_31303,nmo:hasIssuer,ex:issuer_151
ex:coin_31306,nmo:hasIssuer,ex:issuer_131
ex:coin_31306,nmo:hasIssuer,ex:issuer_154
ex:coin_31313,nmo:hasIssuer,ex:issuer_154
ex:coin_31313,nmo:hasIssuer,ex:issuer_131
ex:coin_31317,nmo:hasIssuer,ex:issuer_131
ex:coin_31317,nmo:hasIssuer,ex:issuer_154
ex:coin_31324,nmo:hasIssuer,ex:issuer_131
ex:coin_31324,nmo:hasIssuer,ex:issuer_154
ex:coin_31333,nmo:hasIssuer,ex:issuer_154
ex:coin_31333,nmo:hasIssuer,ex:issuer_131
ex:coin_31343,nmo:hasIssuer,ex:issuer_154
ex:coin_31343,nmo:hasIssuer,ex:issuer_131
ex:coin_31344,nmo:hasIssuer,ex:issuer_131
ex:coin_31349,nmo:hasIssuer,ex:issuer_131
ex:coin_31352,nmo:hasIssuer,ex:issuer_131
ex:coin_31352,nmo:hasIssuer,ex:issuer_154
ex:coin_31354,nmo:hasIssuer,ex:issuer_154
ex:coin_31354,nmo:hasIssuer,ex:issuer_131
ex:coin_31357,nmo:hasIssuer,ex:issuer_131
ex:coin_31357,nmo:hasIssuer,ex:issuer_154
ex:coin_31372,nmo:hasIssuer,ex:issuer_131
ex:coin_31372,nmo:hasIssuer,ex:issuer_154
ex:coin_31378,nmo:hasIssuer,ex:issuer_131
ex:coin_31379,nmo:hasIssuer,ex:issuer_131
ex:coin_31380,nmo:hasIssuer,ex:issuer_131
ex:coin_31380,nmo:hasIssuer,ex:issuer_154
ex:coin_31395,nmo:hasIssuer,ex:issuer_131
ex:coin_31395,nmo:hasIssuer,ex:issuer_154
ex:coin_31403,nmo:hasIssuer,ex:issuer_131
ex:coin_31403,nmo:hasIssuer,ex:issuer_154
ex:coin_31405,nmo:hasIssuer,ex:issuer_131
ex:coin_31405,nmo:hasIssuer,ex:issuer_154
ex:coin_31416,nmo:hasIssuer,ex:issuer_131
ex:coin_31420,nmo:hasIssuer,ex:issuer_131
ex:coin_31427,nmo:hasIssuer,ex:issuer_154
ex:coin_31427,nmo:hasIssuer,ex:issuer_131
ex:coin_31438,nmo:hasIssuer,ex:issuer_154
ex:coin_31438,nmo:hasIssuer,ex:issuer_131
ex:coin_31445,nmo:hasIssuer,ex:issuer_131
ex:coin_31445,nmo:hasIssuer,ex:issuer_154
ex:coin_31449,nmo:hasIssuer,ex:issuer_154
ex:coin_31449,nmo:hasIssuer,ex:issuer_131
ex:coin_31464,nmo:hasIssuer,ex:issuer_131
ex:coin_31464,nmo:hasIssuer,ex:issuer_154
ex:coin_31467,nmo:hasIssuer,ex:issuer_131
ex:coin_31475,nmo:hasIssuer,ex:issuer_154
ex:coin_31475,nmo:hasIssuer,ex:issuer_131
ex:coin_31478,nmo:hasIssuer,ex:issuer_154
ex:coin_31478,nmo:hasIssuer,ex:issuer_131
ex:coin_31491,nmo:hasIssuer,ex:issuer_131
ex:coin_31491,nmo:hasIssuer,ex:issuer_154
ex:coin_31508,nmo:hasIssuer,ex:issuer_154
ex:coin_31508,nmo:hasIssuer,ex:issuer_131
ex:coin_31514,nmo:hasIssuer,ex:issuer_131
ex:coin_31529,nmo:hasIssuer,ex:issuer_131
ex:coin_31529,nmo:hasIssuer,ex:issuer_154
ex:coin_31532,nmo:hasIssuer,ex:issuer_131
ex:coin_31532,nmo:hasIssuer,ex:issuer_154
ex:coin_31534,nmo:hasIssuer,ex:issuer_154
ex:coin_31534,nmo:hasIssuer,ex:issuer_131
ex:coin_31536,nmo:hasIssuer,ex:issuer_131
ex:coin_31536,nmo:hasIssuer,ex:issuer_154
ex:coin_31544,nmo:hasIssuer,ex:issuer_154
ex:coin_31544,nmo:hasIssuer,ex:issuer_131
ex:coin_31547,nmo:hasIssuer,ex:issuer_131
ex:coin_31561,nmo:hasIssuer,ex:issuer_154
ex:coin_31561,nmo:hasIssuer,ex:issuer_131
ex:coin_31574,nmo:hasIssuer,ex:issuer_154
ex:coin_31574,nmo:hasIssuer,ex:issuer_131
ex:coin_31578,nmo:hasIssuer,ex:issuer_131
ex:coin_31578,nmo:hasIssuer,ex:issuer_154
ex:coin_31579,nmo:hasIssuer,ex:issuer_154
ex:coin_31579,nmo:hasIssuer,ex:issuer_131
ex:coin_31580,nmo:hasIssuer,ex:issuer_131
ex:coin_31580,nmo:hasIssuer,ex:issuer_154
ex:coin_31581,nmo:hasIssuer,ex:issuer_131
ex:coin_31582,nmo:hasIssuer,ex:issuer_131
ex:coin_31582,nmo:hasIssuer,ex:issuer_154
ex:coin_31583,nmo:hasIssuer,ex:issuer_131
ex:coin_31590,nmo:hasIssuer,ex:issuer_131
ex:coin_31590,nmo:hasIssuer,ex:issuer_154
ex:coin_31592,nmo:hasIssuer,ex:issuer_131
ex:coin_31596,nmo:hasIssuer,ex:issuer_154
ex:coin_31596,nmo:hasIssuer,ex:issuer_131
ex:coin_31604,nmo:hasIssuer,ex:issuer_131
ex:coin_31604,nmo:hasIssuer,ex:issuer_154
ex:coin_31609,nmo:hasIssuer,ex:issuer_131
ex:coin_31609,nmo:hasIssuer,ex:issuer_154
ex:coin_31612,nmo:hasIssuer,ex:issuer_154
ex:coin_31612,nmo:hasIssuer,ex:issuer_131
ex:coin_31625,nmo:hasIssuer,ex:issuer_131
ex:coin_31625,nmo:hasIssuer,ex:issuer_151
ex:coin_31625,nmo:hasIssuer,ex:issuer_152
ex:coin_31641,nmo:hasIssuer,ex:issuer_154
ex:coin_31641,nmo:hasIssuer,ex:issuer_131
ex:coin_31655,nmo:hasIssuer,ex:issuer_131
ex:coin_31655,nmo:hasIssuer,ex:issuer_154
ex:coin_31661,nmo:hasIssuer,ex:issuer_131
ex:coin_31662,nmo:hasIssuer,ex:issuer_131
ex:coin_31662,nmo:hasIssuer,ex:issuer_151
ex:coin_31662,nmo:hasIssuer,ex:issuer_152
ex:coin_31673,nmo:hasIssuer,ex:issuer_154
ex:coin_31673,nmo:hasIssuer,ex:issuer_131
ex:coin_31674,nmo:hasIssuer,ex:issuer_131
ex:coin_31676,nmo:hasIssuer,ex:issuer_131
ex:coin_31676,nmo:hasIssuer,ex:issuer_154
ex:coin_31677,nmo:hasIssuer,ex:issuer_131
ex:coin_31677,nmo:hasIssuer,ex:issuer_189
ex:coin_31691,nmo:hasIssuer,ex:issuer_154
ex:coin_31691,nmo:hasIssuer,ex:issuer_131
ex:coin_31700,nmo:hasIssuer,ex:issuer_131
ex:coin_31743,nmo:hasIssuer,ex:issuer_131
ex:coin_31743,nmo:hasIssuer,ex:issuer_152
ex:coin_31749,nmo:hasIssuer,ex:issuer_131
ex:coin_31749,nmo:hasIssuer,ex:issuer_154
ex:coin_31760,nmo:hasIssuer,ex:issuer_154
ex:coin_31760,nmo:hasIssuer,ex:issuer_131
ex:coin_31780,nmo:hasIssuer,ex:issuer_131
ex:coin_31780,nmo:hasIssuer,ex:issuer_154
ex:coin_31783,nmo:hasIssuer,ex:issuer_131
ex:coin_31786,nmo:hasIssuer,ex:issuer_131
ex:coin_31800,nmo:hasIssuer,ex:issuer_154
ex:coin_31800,nmo:hasIssuer,ex:issuer_131
ex:coin_31801,nmo:hasIssuer,ex:issuer_131
ex:coin_31811,nmo:hasIssuer,ex:issuer_154
ex:coin_31811,nmo:hasIssuer,ex:issuer_131
ex:coin_31815,nmo:hasIssuer,ex:issuer_131
ex:coin_31815,nmo:hasIssuer,ex:issuer_154
ex:coin_31817,nmo:hasIssuer,ex:issuer_131
ex:coin_31817,nmo:hasIssuer,ex:issuer_151
ex:coin_31817,nmo:hasIssuer,ex:issuer_152
ex:coin_31819,nmo:hasIssuer,ex:issuer_131
ex:coin_31819,nmo:hasIssuer,ex:issuer_154
ex:coin_31826,nmo:hasIssuer,ex:issuer_131
ex:coin_31827,nmo:hasIssuer,ex:issuer_131
ex:coin_31830,nmo:hasIssuer,ex:issuer_131
ex:coin_31830,nmo:hasIssuer,ex:issuer_154
ex:coin_31831,nmo:hasIssuer,ex:issuer_131
ex:coin_31851,nmo:hasIssuer,ex:issuer_131
ex:coin_31858,nmo:hasIssuer,ex:issuer_131
ex:coin_31867,nmo:hasIssuer,ex:issuer_131
ex:coin_31867,nmo:hasIssuer,ex:issuer_154
ex:coin_31872,nmo:hasIssuer,ex:issuer_154
ex:coin_31872,nmo:hasIssuer,ex:issuer_131
ex:coin_31873,nmo:hasIssuer,ex:issuer_131
ex:coin_31873,nmo:hasIssuer,ex:issuer_154
ex:coin_31884,nmo:hasIssuer,ex:issuer_131
ex:coin_31884,nmo:hasIssuer,ex:issuer_154
ex:coin_31899,nmo:hasIssuer,ex:issuer_131
ex:coin_31899,nmo:hasIssuer,ex:issuer_154
ex:coin_31904,nmo:hasIssuer,ex:issuer_131
ex:coin_31920,nmo:hasIssuer,ex:issuer_131
ex:coin_31929,nmo:hasIssuer,ex:issuer_131
ex:coin_31941,nmo:hasIssuer,ex:issuer_154
ex:coin_31941,nmo:hasIssuer,ex:issuer_131
ex:coin_31969,nmo:hasIssuer,ex:issuer_154
ex:coin_31969,nmo:hasIssuer,ex:issuer_131
ex:coin_31979,nmo:hasIssuer,ex:issuer_131
ex:coin_31979,nmo:hasIssuer,ex:issuer_154
ex:coin_31984,nmo:hasIssuer,ex:issuer_131
ex:coin_31984,nmo:hasIssuer,ex:issuer_154
ex:coin_31985,nmo:hasIssuer,ex:issuer_154
ex:coin_31985,nmo:hasIssuer,ex:issuer_131
ex:coin_31989,nmo:hasIssuer,ex:issuer_154
ex:coin_31989,nmo:hasIssuer,ex:issuer_131
ex:coin_31990,nmo:hasIssuer,ex:issuer_131
ex:coin_31991,nmo:hasIssuer,ex:issuer_131
ex:coin_31992,nmo:hasIssuer,ex:issuer_131
ex:coin_31995,nmo:hasIssuer,ex:issuer_131
ex:coin_31995,nmo:hasIssuer,ex:issuer_151
ex:coin_31995,nmo:hasIssuer,ex:issuer_152
ex:coin_32014,nmo:hasIssuer,ex:issuer_154
ex:coin_32014,nmo:hasIssuer,ex:issuer_131
ex:coin_32026,nmo:hasIssuer,ex:issuer_131
ex:coin_32036,nmo:hasIssuer,ex:issuer_131
ex:coin_32036,nmo:hasIssuer,ex:issuer_154
ex:coin_32038,nmo:hasIssuer,ex:issuer_154
ex:coin_32038,nmo:hasIssuer,ex:issuer_131
ex:coin_32040,nmo:hasIssuer,ex:issuer_131
ex:coin_32055,nmo:hasIssuer,ex:issuer_154
ex:coin_32055,nmo:hasIssuer,ex:issuer_131
ex:coin_32073,nmo:hasIssuer,ex:issuer_131
ex:coin_32073,nmo:hasIssuer,ex:issuer_154
ex:coin_32078,nmo:hasIssuer,ex:issuer_131
ex:coin_32085,nmo:hasIssuer,ex:issuer_154
ex:coin_32085,nmo:hasIssuer,ex:issuer_131
ex:coin_32109,nmo:hasIssuer,ex:issuer_131
ex:coin_32109,nmo:hasIssuer,ex:issuer_150
ex:coin_32166,nmo:hasIssuer,ex:issuer_154
ex:coin_32166,nmo:hasIssuer,ex:issuer_131
ex:coin_32167,nmo:hasIssuer,ex:issuer_131
ex:coin_32167,nmo:hasIssuer,ex:issuer_154
ex:coin_32170,nmo:hasIssuer,ex:issuer_154
ex:coin_32170,nmo:hasIssuer,ex:issuer_131
ex:coin_32180,nmo:hasIssuer,ex:issuer_131
ex:coin_32205,nmo:hasIssuer,ex:issuer_154
ex:coin_32205,nmo:hasIssuer,ex:issuer_131
ex:coin_32213,nmo:hasIssuer,ex:issuer_131
ex:coin_32217,nmo:hasIssuer,ex:issuer_131
ex:coin_32217,nmo:hasIssuer,ex:issuer_154
ex:coin_32225,nmo:hasIssuer,ex:issuer_131
ex:coin_32227,nmo:hasIssuer,ex:issuer_131
ex:coin_32227,nmo:hasIssuer,ex:issuer_154
ex:coin_32228,nmo:hasIssuer,ex:issuer_131
ex:coin_32238,nmo:hasIssuer,ex:issuer_131
ex:coin_32240,nmo:hasIssuer,ex:issuer_131
ex:coin_32285,nmo:hasIssuer,ex:issuer_154
ex:coin_32285,nmo:hasIssuer,ex:issuer_131
ex:coin_32296,nmo:hasIssuer,ex:issuer_131
ex:coin_32299,nmo:hasIssuer,ex:issuer_131
ex:coin_32303,nmo:hasIssuer,ex:issuer_154
ex:coin_32303,nmo:hasIssuer,ex:issuer_131
ex:coin_32324,nmo:hasIssuer,ex:issuer_131
ex:coin_32324,nmo:hasIssuer,ex:issuer_154
ex:coin_32338,nmo:hasIssuer,ex:issuer_154
ex:coin_32338,nmo:hasIssuer,ex:issuer_131
ex:coin_32339,nmo:hasIssuer,ex:issuer_131
ex:coin_32339,nmo:hasIssuer,ex:issuer_154
ex:coin_32342,nmo:hasIssuer,ex:issuer_154
ex:coin_32342,nmo:hasIssuer,ex:issuer_131
ex:coin_32344,nmo:hasIssuer,ex:issuer_131
ex:coin_32344,nmo:hasIssuer,ex:issuer_154
ex:coin_32346,nmo:hasIssuer,ex:issuer_131
ex:coin_32347,nmo:hasIssuer,ex:issuer_131
ex:coin_32347,nmo:hasIssuer,ex:issuer_154
ex:coin_32352,nmo:hasIssuer,ex:issuer_131
ex:coin_32371,nmo:hasIssuer,ex:issuer_154
ex:coin_32371,nmo:hasIssuer,ex:issuer_131
ex:coin_32376,nmo:hasIssuer,ex:issuer_131
ex:coin_32376,nmo:hasIssuer,ex:issuer_154
ex:coin_32388,nmo:hasIssuer,ex:issuer_131
ex:coin_32394,nmo:hasIssuer,ex:issuer_131
ex:coin_32394,nmo:hasIssuer,ex:issuer_154
ex:coin_32395,nmo:hasIssuer,ex:issuer_154
ex:coin_32395,nmo:hasIssuer,ex:issuer_131
ex:coin_32402,nmo:hasIssuer,ex:issuer_154
ex:coin_32402,nmo:hasIssuer,ex:issuer_131
ex:coin_32403,nmo:hasIssuer,ex:issuer_131
ex:coin_32405,nmo:hasIssuer,ex:issuer_131
ex:coin_32405,nmo:hasIssuer,ex:issuer_154
ex:coin_32408,nmo:hasIssuer,ex:issuer_131
ex:coin_32410,nmo:hasIssuer,ex:issuer_131
ex:coin_32410,nmo:hasIssuer,ex:issuer_154
ex:coin_32420,nmo:hasIssuer,ex:issuer_154
ex:coin_32420,nmo:hasIssuer,ex:issuer_131
ex:coin_32428,nmo:hasIssuer,ex:issuer_131
ex:coin_32428,nmo:hasIssuer,ex:issuer_154
ex:coin_32445,nmo:hasIssuer,ex:issuer_131
ex:coin_32445,nmo:hasIssuer,ex:issuer_154
ex:coin_32447,nmo:hasIssuer,ex:issuer_131
ex:coin_32448,nmo:hasIssuer,ex:issuer_131
ex:coin_32448,nmo:hasIssuer,ex:issuer_154
ex:coin_32470,nmo:hasIssuer,ex:issuer_131
ex:coin_32473,nmo:hasIssuer,ex:issuer_131
ex:coin_32474,nmo:hasIssuer,ex:issuer_131
ex:coin_32474,nmo:hasIssuer,ex:issuer_154
ex:coin_32503,nmo:hasIssuer,ex:issuer_131
ex:coin_32505,nmo:hasIssuer,ex:issuer_131
ex:coin_32505,nmo:hasIssuer,ex:issuer_154
ex:coin_32506,nmo:hasIssuer,ex:issuer_131
ex:coin_32508,nmo:hasIssuer,ex:issuer_131
ex:coin_32510,nmo:hasIssuer,ex:issuer_131
ex:coin_32529,nmo:hasIssuer,ex:issuer_131
ex:coin_32534,nmo:hasIssuer,ex:issuer_131
ex:coin_32538,nmo:hasIssuer,ex:issuer_131
ex:coin_32553,nmo:hasIssuer,ex:issuer_154
ex:coin_32553,nmo:hasIssuer,ex:issuer_131
ex:coin_32580,nmo:hasIssuer,ex:issuer_154
ex:coin_32580,nmo:hasIssuer,ex:issuer_131
ex:coin_32597,nmo:hasIssuer,ex:issuer_131
ex:coin_32611,nmo:hasIssuer,ex:issuer_131
ex:coin_32611,nmo:hasIssuer,ex:issuer_154
ex:coin_32641,nmo:hasIssuer,ex:issuer_131
ex:coin_32655,nmo:hasIssuer,ex:issuer_154
ex:coin_32655,nmo:hasIssuer,ex:issuer_131
ex:coin_32657,nmo:hasIssuer,ex:issuer_131
ex:coin_32677,nmo:hasIssuer,ex:issuer_131
ex:coin_32682,nmo:hasIssuer,ex:issuer_131
ex:coin_32682,nmo:hasIssuer,ex:issuer_154
ex:coin_32686,nmo:hasIssuer,ex:issuer_154
ex:coin_32686,nmo:hasIssuer,ex:issuer_131
ex:coin_32688,nmo:hasIssuer,ex:issuer_131
ex:coin_32688,nmo:hasIssuer,ex:issuer_154
ex:coin_32692,nmo:hasIssuer,ex:issuer_154
ex:coin_32692,nmo:hasIssuer,ex:issuer_131
ex:coin_32710,nmo:hasIssuer,ex:issuer_131
ex:coin_32712,nmo:hasIssuer,ex:issuer_131
ex:coin_32720,nmo:hasIssuer,ex:issuer_131
ex:coin_32743,nmo:hasIssuer,ex:issuer_154
ex:coin_32743,nmo:hasIssuer,ex:issuer_131
ex:coin_32748,nmo:hasIssuer,ex:issuer_131
ex:coin_32748,nmo:hasIssuer,ex:issuer_154
ex:coin_32753,nmo:hasIssuer,ex:issuer_154
ex:coin_32753,nmo:hasIssuer,ex:issuer_131
ex:coin_32782,nmo:hasIssuer,ex:issuer_131
ex:coin_32782,nmo:hasIssuer,ex:issuer_154
ex:coin_32787,nmo:hasIssuer,ex:issuer_154
ex:coin_32787,nmo:hasIssuer,ex:issuer_131
ex:coin_32788,nmo:hasIssuer,ex:issuer_131
ex:coin_32788,nmo:hasIssuer,ex:issuer_154
ex:coin_32792,nmo:hasIssuer,ex:issuer_131
ex:coin_32793,nmo:hasIssuer,ex:issuer_131
ex:coin_32793,nmo:hasIssuer,ex:issuer_189
ex:coin_32797,nmo:hasIssuer,ex:issuer_131
ex:coin_32799,nmo:hasIssuer,ex:issuer_131
ex:coin_32799,nmo:hasIssuer,ex:issuer_154
ex:coin_32816,nmo:hasIssuer,ex:issuer_131
ex:coin_32816,nmo:hasIssuer,ex:issuer_154
ex:coin_32817,nmo:hasIssuer,ex:issuer_154
ex:coin_32817,nmo:hasIssuer,ex:issuer_131
ex:coin_32823,nmo:hasIssuer,ex:issuer_131
ex:coin_32857,nmo:hasIssuer,ex:issuer_131
ex:coin_32857,nmo:hasIssuer,ex:issuer_154
ex:coin_32875,nmo:hasIssuer,ex:issuer_154
ex:coin_32875,nmo:hasIssuer,ex:issuer_131
ex:coin_32886,nmo:hasIssuer,ex:issuer_131
ex:coin_32886,nmo:hasIssuer,ex:issuer_154
ex:coin_32912,nmo:hasIssuer,ex:issuer_131
ex:coin_32913,nmo:hasIssuer,ex:issuer_131
ex:coin_32913,nmo:hasIssuer,ex:issuer_150
ex:coin_32920,nmo:hasIssuer,ex:issuer_131
ex:coin_32925,nmo:hasIssuer,ex:issuer_131
ex:coin_32930,nmo:hasIssuer,ex:issuer_131
ex:coin_32934,nmo:hasIssuer,ex:issuer_131
ex:coin_32950,nmo:hasIssuer,ex:issuer_131
ex:coin_32950,nmo:hasIssuer,ex:issuer_154
ex:coin_32951,nmo:hasIssuer,ex:issuer_154
ex:coin_32951,nmo:hasIssuer,ex:issuer_131
ex:coin_32952,nmo:hasIssuer,ex:issuer_131
ex:coin_32961,nmo:hasIssuer,ex:issuer_131
ex:coin_32979,nmo:hasIssuer,ex:issuer_154
ex:coin_32979,nmo:hasIssuer,ex:issuer_131
ex:coin_33003,nmo:hasIssuer,ex:issuer_154
ex:coin_33003,nmo:hasIssuer,ex:issuer_131
ex:coin_33005,nmo:hasIssuer,ex:issuer_131
ex:coin_33005,nmo:hasIssuer,ex:issuer_154
ex:coin_33009,nmo:hasIssuer,ex:issuer_154
ex:coin_33009,nmo:hasIssuer,ex:issuer_131
ex:coin_33015,nmo:hasIssuer,ex:issuer_154
ex:coin_33015,nmo:hasIssuer,ex:issuer_131
ex:coin_33022,nmo:hasIssuer,ex:issuer_131
ex:coin_33022,nmo:hasIssuer,ex:issuer_154
ex:coin_33025,nmo:hasIssuer,ex:issuer_154
ex:coin_33025,nmo:hasIssuer,ex:issuer_131
ex:coin_33030,nmo:hasIssuer,ex:issuer_131
ex:coin_33030,nmo:hasIssuer,ex:issuer_154
ex:coin_33040,nmo:hasIssuer,ex:issuer_131
ex:coin_33042,nmo:hasIssuer,ex:issuer_131
ex:coin_33042,nmo:hasIssuer,ex:issuer_154
ex:coin_33044,nmo:hasIssuer,ex:issuer_131
ex:coin_33048,nmo:hasIssuer,ex:issuer_131
ex:coin_33066,nmo:hasIssuer,ex:issuer_154
ex:coin_33066,nmo:hasIssuer,ex:issuer_131
ex:coin_33070,nmo:hasIssuer,ex:issuer_131
ex:coin_33076,nmo:hasIssuer,ex:issuer_154
ex:coin_33076,nmo:hasIssuer,ex:issuer_131
ex:coin_33078,nmo:hasIssuer,ex:issuer_131
ex:coin_33078,nmo:hasIssuer,ex:issuer_189
ex:coin_33085,nmo:hasIssuer,ex:issuer_154
ex:coin_33085,nmo:hasIssuer,ex:issuer_131
ex:coin_33086,nmo:hasIssuer,ex:issuer_131
ex:coin_33086,nmo:hasIssuer,ex:issuer_154
ex:coin_33110,nmo:hasIssuer,ex:issuer_131
ex:coin_33110,nmo:hasIssuer,ex:issuer_154
ex:coin_33119,nmo:hasIssuer,ex:issuer_154
ex:coin_33119,nmo:hasIssuer,ex:issuer_131
ex:coin_33157,nmo:hasIssuer,ex:issuer_154
ex:coin_33157,nmo:hasIssuer,ex:issuer_131
ex:coin_33197,nmo:hasIssuer,ex:issuer_131
ex:coin_33222,nmo:hasIssuer,ex:issuer_131
ex:coin_33222,nmo:hasIssuer,ex:issuer_150
ex:coin_33230,nmo:hasIssuer,ex:issuer_131
ex:coin_33231,nmo:hasIssuer,ex:issuer_131
ex:coin_33231,nmo:hasIssuer,ex:issuer_154
ex:coin_33236,nmo:hasIssuer,ex:issuer_154
ex:coin_33236,nmo:hasIssuer,ex:issuer_131
ex:coin_33244,nmo:hasIssuer,ex:issuer_131
ex:coin_33247,nmo:hasIssuer,ex:issuer_131
ex:coin_33247,nmo:hasIssuer,ex:issuer_154
ex:coin_33250,nmo:hasIssuer,ex:issuer_131
ex:coin_33252,nmo:hasIssuer,ex:issuer_154
ex:coin_33252,nmo:hasIssuer,ex:issuer_131
ex:coin_33257,nmo:hasIssuer,ex:issuer_131
ex:coin_33257,nmo:hasIssuer,ex:issuer_150
ex:coin_33257,nmo:hasIssuer,ex:issuer_151
ex:coin_33259,nmo:hasIssuer,ex:issuer_131
ex:coin_33259,nmo:hasIssuer,ex:issuer_154
ex:coin_33302,nmo:hasIssuer,ex:issuer_154
ex:coin_33302,nmo:hasIssuer,ex:issuer_131
ex:coin_33336,nmo:hasIssuer,ex:issuer_131
ex:coin_33356,nmo:hasIssuer,ex:issuer_154
ex:coin_33356,nmo:hasIssuer,ex:issuer_131
ex:coin_33365,nmo:hasIssuer,ex:issuer_131
ex:coin_33384,nmo:hasIssuer,ex:issuer_131
ex:coin_33386,nmo:hasIssuer,ex:issuer_131
ex:coin_33386,nmo:hasIssuer,ex:issuer_154
ex:coin_33391,nmo:hasIssuer,ex:issuer_131
ex:coin_33391,nmo:hasIssuer,ex:issuer_154
ex:coin_33395,nmo:hasIssuer,ex:issuer_154
ex:coin_33395,nmo:hasIssuer,ex:issuer_131
ex:coin_33396,nmo:hasIssuer,ex:issuer_131
ex:coin_33396,nmo:hasIssuer,ex:issuer_154
ex:coin_33401,nmo:hasIssuer,ex:issuer_131
ex:coin_33405,nmo:hasIssuer,ex:issuer_131
ex:coin_33405,nmo:hasIssuer,ex:issuer_151
ex:coin_33410,nmo:hasIssuer,ex:issuer_131
ex:coin_33410,nmo:hasIssuer,ex:issuer_151
ex:coin_33410,nmo:hasIssuer,ex:issuer_152
ex:coin_33424,nmo:hasIssuer,ex:issuer_131
ex:coin_33425,nmo:hasIssuer,ex:issuer_131
ex:coin_33426,nmo:hasIssuer,ex:issuer_131
ex:coin_33426,nmo:hasIssuer,ex:issuer_154
ex:coin_33427,nmo:hasIssuer,ex:issuer_131
ex:coin_33428,nmo:hasIssuer,ex:issuer_131
ex:coin_33433,nmo:hasIssuer,ex:issuer_131
ex:coin_33433,nmo:hasIssuer,ex:issuer_154
ex:coin_33438,nmo:hasIssuer,ex:issuer_154
ex:coin_33438,nmo:hasIssuer,ex:issuer_131
ex:coin_33453,nmo:hasIssuer,ex:issuer_131
ex:coin_33456,nmo:hasIssuer,ex:issuer_154
ex:coin_33456,nmo:hasIssuer,ex:issuer_131
ex:coin_33459,nmo:hasIssuer,ex:issuer_131
ex:coin_33460,nmo:hasIssuer,ex:issuer_131
ex:coin_33460,nmo:hasIssuer,ex:issuer_154
ex:coin_33477,nmo:hasIssuer,ex:issuer_154
ex:coin_33477,nmo:hasIssuer,ex:issuer_131
ex:coin_33501,nmo:hasIssuer,ex:issuer_154
ex:coin_33501,nmo:hasIssuer,ex:issuer_131
ex:coin_33506,nmo:hasIssuer,ex:issuer_131
ex:coin_33514,nmo:hasIssuer,ex:issuer_131
ex:coin_33517,nmo:hasIssuer,ex:issuer_154
ex:coin_33517,nmo:hasIssuer,ex:issuer_131
ex:coin_33544,nmo:hasIssuer,ex:issuer_154
ex:coin_33544,nmo:hasIssuer,ex:issuer_131
ex:coin_33548,nmo:hasIssuer,ex:issuer_131
ex:coin_33551,nmo:hasIssuer,ex:issuer_131
ex:coin_33579,nmo:hasIssuer,ex:issuer_131
ex:coin_33581,nmo:hasIssuer,ex:issuer_131
ex:coin_33584,nmo:hasIssuer,ex:issuer_131
ex:coin_33590,nmo:hasIssuer,ex:issuer_131
ex:coin_33604,nmo:hasIssuer,ex:issuer_131
ex:coin_33609,nmo:hasIssuer,ex:issuer_131
ex:coin_33615,nmo:hasIssuer,ex:issuer_131
ex:coin_33637,nmo:hasIssuer,ex:issuer_131
ex:coin_33684,nmo:hasIssuer,ex:issuer_131
ex:coin_33684,nmo:hasIssuer,ex:issuer_189
ex:coin_33699,nmo:hasIssuer,ex:issuer_131
ex:coin_33714,nmo:hasIssuer,ex:issuer_131
ex:coin_33731,nmo:hasIssuer,ex:issuer_131
ex:coin_33734,nmo:hasIssuer,ex:issuer_131
ex:coin_33742,nmo:hasIssuer,ex:issuer_131
ex:coin_33745,nmo:hasIssuer,ex:issuer_154
ex:coin_33745,nmo:hasIssuer,ex:issuer_131
ex:coin_33757,nmo:hasIssuer,ex:issuer_131
ex:coin_33758,nmo:hasIssuer,ex:issuer_131
ex:coin_33760,nmo:hasIssuer,ex:issuer_131
ex:coin_33760,nmo:hasIssuer,ex:issuer_154
ex:coin_33761,nmo:hasIssuer,ex:issuer_131
ex:coin_33767,nmo:hasIssuer,ex:issuer_131
ex:coin_33796,nmo:hasIssuer,ex:issuer_131
ex:coin_33797,nmo:hasIssuer,ex:issuer_131
ex:coin_33798,nmo:hasIssuer,ex:issuer_131
ex:coin_33814,nmo:hasIssuer,ex:issuer_131
ex:coin_33829,nmo:hasIssuer,ex:issuer_131
ex:coin_33834,nmo:hasIssuer,ex:issuer_131
ex:coin_33834,nmo:hasIssuer,ex:issuer_151
ex:coin_33834,nmo:hasIssuer,ex:issuer_152
ex:coin_33836,nmo:hasIssuer,ex:issuer_131
ex:coin_33849,nmo:hasIssuer,ex:issuer_131
ex:coin_33853,nmo:hasIssuer,ex:issuer_131
ex:coin_33853,nmo:hasIssuer,ex:issuer_154
ex:coin_33869,nmo:hasIssuer,ex:issuer_131
ex:coin_33875,nmo:hasIssuer,ex:issuer_154
ex:coin_33875,nmo:hasIssuer,ex:issuer_131
ex:coin_33941,nmo:hasIssuer,ex:issuer_131
ex:coin_34009,nmo:hasIssuer,ex:issuer_131
ex:coin_34142,nmo:hasIssuer,ex:issuer_131
ex:coin_34216,nmo:hasIssuer,ex:issuer_131
ex:coin_34216,nmo:hasIssuer,ex:issuer_150
ex:coin_34216,nmo:hasIssuer,ex:issuer_151
ex:coin_34299,nmo:hasIssuer,ex:issuer_131
ex:coin_34367,nmo:hasIssuer,ex:issuer_131
ex:coin_34368,nmo:hasIssuer,ex:issuer_131
ex:coin_34368,nmo:hasIssuer,ex:issuer_154
ex:coin_34385,nmo:hasIssuer,ex:issuer_154
ex:coin_34385,nmo:hasIssuer,ex:issuer_131
ex:coin_34387,nmo:hasIssuer,ex:issuer_154
ex:coin_34387,nmo:hasIssuer,ex:issuer_131
ex:coin_34388,nmo:hasIssuer,ex:issuer_131
ex:coin_34388,nmo:hasIssuer,ex:issuer_154
ex:coin_34390,nmo:hasIssuer,ex:issuer_154
ex:coin_34390,nmo:hasIssuer,ex:issuer_131
ex:coin_34391,nmo:hasIssuer,ex:issuer_131
ex:coin_34391,nmo:hasIssuer,ex:issuer_154
ex:coin_34392,nmo:hasIssuer,ex:issuer_154
ex:coin_34392,nmo:hasIssuer,ex:issuer_131
ex:coin_34393,nmo:hasIssuer,ex:issuer_131
ex:coin_34393,nmo:hasIssuer,ex:issuer_154
ex:coin_34395,nmo:hasIssuer,ex:issuer_131
ex:coin_34395,nmo:hasIssuer,ex:issuer_154
ex:coin_34409,nmo:hasIssuer,ex:issuer_131
ex:coin_34412,nmo:hasIssuer,ex:issuer_154
ex:coin_34412,nmo:hasIssuer,ex:issuer_131
ex:coin_34437,nmo:hasIssuer,ex:issuer_131
ex:coin_34437,nmo:hasIssuer,ex:issuer_154
ex:coin_34588,nmo:hasIssuer,ex:issuer_131
ex:coin_34696,nmo:hasIssuer,ex:issuer_154
ex:coin_34696,nmo:hasIssuer,ex:issuer_131
ex:coin_34722,nmo:hasIssuer,ex:issuer_131
ex:coin_34724,nmo:hasIssuer,ex:issuer_131
ex:coin_34724,nmo:hasIssuer,ex:issuer_154
ex:coin_34728,nmo:hasIssuer,ex:issuer_154
ex:coin_34728,nmo:hasIssuer,ex:issuer_131
ex:coin_34730,nmo:hasIssuer,ex:issuer_131
ex:coin_34732,nmo:hasIssuer,ex:issuer_154
ex:coin_34732,nmo:hasIssuer,ex:issuer_131
ex:coin_34733,nmo:hasIssuer,ex:issuer_131
ex:coin_34733,nmo:hasIssuer,ex:issuer_154
ex:coin_34774,nmo:hasIssuer,ex:issuer_131
ex:coin_34774,nmo:hasIssuer,ex:issuer_154
ex:coin_34795,nmo:hasIssuer,ex:issuer_131
ex:coin_34795,nmo:hasIssuer,ex:issuer_154
ex:coin_34808,nmo:hasIssuer,ex:issuer_154
ex:coin_34808,nmo:hasIssuer,ex:issuer_131
ex:coin_34809,nmo:hasIssuer,ex:issuer_131
ex:coin_34821,nmo:hasIssuer,ex:issuer_131
ex:coin_34821,nmo:hasIssuer,ex:issuer_154
ex:coin_34823,nmo:hasIssuer,ex:issuer_154
ex:coin_34823,nmo:hasIssuer,ex:issuer_131
ex:coin_34829,nmo:hasIssuer,ex:issuer_131
ex:coin_34829,nmo:hasIssuer,ex:issuer_151
ex:coin_34849,nmo:hasIssuer,ex:issuer_131
ex:coin_34850,nmo:hasIssuer,ex:issuer_131
ex:coin_34850,nmo:hasIssuer,ex:issuer_154
ex:coin_34857,nmo:hasIssuer,ex:issuer_131
ex:coin_34857,nmo:hasIssuer,ex:issuer_154
ex:coin_34860,nmo:hasIssuer,ex:issuer_154
ex:coin_34860,nmo:hasIssuer,ex:issuer_131
ex:coin_34862,nmo:hasIssuer,ex:issuer_154
ex:coin_34862,nmo:hasIssuer,ex:issuer_131
ex:coin_34863,nmo:hasIssuer,ex:issuer_131
ex:coin_34866,nmo:hasIssuer,ex:issuer_131
ex:coin_34866,nmo:hasIssuer,ex:issuer_154
ex:coin_34869,nmo:hasIssuer,ex:issuer_131
ex:coin_34869,nmo:hasIssuer,ex:issuer_151
ex:coin_34869,nmo:hasIssuer,ex:issuer_152
ex:coin_34871,nmo:hasIssuer,ex:issuer_131
ex:coin_34871,nmo:hasIssuer,ex:issuer_154
ex:coin_34875,nmo:hasIssuer,ex:issuer_131
ex:coin_34879,nmo:hasIssuer,ex:issuer_131
ex:coin_34879,nmo:hasIssuer,ex:issuer_154
ex:coin_34885,nmo:hasIssuer,ex:issuer_131
ex:coin_34888,nmo:hasIssuer,ex:issuer_131
ex:coin_34889,nmo:hasIssuer,ex:issuer_131
ex:coin_34889,nmo:hasIssuer,ex:issuer_154
ex:coin_34894,nmo:hasIssuer,ex:issuer_154
ex:coin_34894,nmo:hasIssuer,ex:issuer_131
ex:coin_34900,nmo:hasIssuer,ex:issuer_131
ex:coin_34901,nmo:hasIssuer,ex:issuer_131
ex:coin_34901,nmo:hasIssuer,ex:issuer_154
ex:coin_34907,nmo:hasIssuer,ex:issuer_154
ex:coin_34907,nmo:hasIssuer,ex:issuer_131
ex:coin_34913,nmo:hasIssuer,ex:issuer_131
ex:coin_34914,nmo:hasIssuer,ex:issuer_131
ex:coin_34914,nmo:hasIssuer,ex:issuer_154
ex:coin_34915,nmo:hasIssuer,ex:issuer_131
ex:coin_34920,nmo:hasIssuer,ex:issuer_131
ex:coin_34920,nmo:hasIssuer,ex:issuer_154
ex:coin_34922,nmo:hasIssuer,ex:issuer_154
ex:coin_34922,nmo:hasIssuer,ex:issuer_131
ex:coin_34926,nmo:hasIssuer,ex:issuer_131
ex:coin_34926,nmo:hasIssuer,ex:issuer_154
ex:coin_34928,nmo:hasIssuer,ex:issuer_154
ex:coin_34928,nmo:hasIssuer,ex:issuer_131
ex:coin_34939,nmo:hasIssuer,ex:issuer_131
ex:coin_34939,nmo:hasIssuer,ex:issuer_154
ex:coin_34942,nmo:hasIssuer,ex:issuer_154
ex:coin_34942,nmo:hasIssuer,ex:issuer_131
ex:coin_34955,nmo:hasIssuer,ex:issuer_131
ex:coin_34955,nmo:hasIssuer,ex:issuer_154
ex:coin_34964,nmo:hasIssuer,ex:issuer_131
ex:coin_34964,nmo:hasIssuer,ex:issuer_154
ex:coin_34965,nmo:hasIssuer,ex:issuer_154
ex:coin_34965,nmo:hasIssuer,ex:issuer_131
ex:coin_34967,nmo:hasIssuer,ex:issuer_131
ex:coin_34967,nmo:hasIssuer,ex:issuer_154
ex:coin_34969,nmo:hasIssuer,ex:issuer_154
ex:coin_34969,nmo:hasIssuer,ex:issuer_131
ex:coin_34971,nmo:hasIssuer,ex:issuer_131
ex:coin_34971,nmo:hasIssuer,ex:issuer_154
ex:coin_34973,nmo:hasIssuer,ex:issuer_154
ex:coin_34973,nmo:hasIssuer,ex:issuer_131
ex:coin_34975,nmo:hasIssuer,ex:issuer_131
ex:coin_34975,nmo:hasIssuer,ex:issuer_154
ex:coin_34983,nmo:hasIssuer,ex:issuer_154
ex:coin_34983,nmo:hasIssuer,ex:issuer_131
ex:coin_35047,nmo:hasIssuer,ex:issuer_131
ex:coin_35047,nmo:hasIssuer,ex:issuer_154
ex:coin_35048,nmo:hasIssuer,ex:issuer_154
ex:coin_35048,nmo:hasIssuer,ex:issuer_131
ex:coin_35075,nmo:hasIssuer,ex:issuer_131
ex:coin_35075,nmo:hasIssuer,ex:issuer_154
ex:coin_35086,nmo:hasIssuer,ex:issuer_131
ex:coin_35163,nmo:hasIssuer,ex:issuer_131
ex:coin_35163,nmo:hasIssuer,ex:issuer_154
ex:coin_35170,nmo:hasIssuer,ex:issuer_154
ex:coin_35170,nmo:hasIssuer,ex:issuer_131
ex:coin_35180,nmo:hasIssuer,ex:issuer_131
ex:coin_35180,nmo:hasIssuer,ex:issuer_154
ex:coin_35232,nmo:hasIssuer,ex:issuer_131
ex:coin_35248,nmo:hasIssuer,ex:issuer_154
ex:coin_35248,nmo:hasIssuer,ex:issuer_131
ex:coin_35267,nmo:hasIssuer,ex:issuer_131
ex:coin_35267,nmo:hasIssuer,ex:issuer_154
ex:coin_36353,nmo:hasIssuer,ex:issuer_154
ex:coin_36353,nmo:hasIssuer,ex:issuer_131
ex:coin_36354,nmo:hasIssuer,ex:issuer_131
ex:coin_36354,nmo:hasIssuer,ex:issuer_154
ex:coin_36359,nmo:hasIssuer,ex:issuer_154
ex:coin_36359,nmo:hasIssuer,ex:issuer_131
ex:coin_36360,nmo:hasIssuer,ex:issuer_131
ex:coin_36360,nmo:hasIssuer,ex:issuer_154
ex:coin_36362,nmo:hasIssuer,ex:issuer_131
ex:coin_36377,nmo:hasIssuer,ex:issuer_131
ex:coin_36377,nmo:hasIssuer,ex:issuer_154
ex:coin_36385,nmo:hasIssuer,ex:issuer_154
ex:coin_36385,nmo:hasIssuer,ex:issuer_131
ex:coin_36440,nmo:hasIssuer,ex:issuer_154
ex:coin_36440,nmo:hasIssuer,ex:issuer_131
ex:coin_36442,nmo:hasIssuer,ex:issuer_131
ex:coin_36530,nmo:hasIssuer,ex:issuer_131
ex:coin_36530,nmo:hasIssuer,ex:issuer_154
ex:coin_36626,nmo:hasIssuer,ex:issuer_131
ex:coin_36626,nmo:hasIssuer,ex:issuer_154
ex:coin_36798,nmo:hasIssuer,ex:issuer_154
ex:coin_36798,nmo:hasIssuer,ex:issuer_131
ex:coin_36816,nmo:hasIssuer,ex:issuer_131
ex:coin_36816,nmo:hasIssuer,ex:issuer_154
ex:coin_36825,nmo:hasIssuer,ex:issuer_131
ex:coin_36836,nmo:hasIssuer,ex:issuer_131
ex:coin_36838,nmo:hasIssuer,ex:issuer_131
ex:coin_36838,nmo:hasIssuer,ex:issuer_154
ex:coin_36841,nmo:hasIssuer,ex:issuer_154
ex:coin_36841,nmo:hasIssuer,ex:issuer_131
ex:coin_36844,nmo:hasIssuer,ex:issuer_131
ex:coin_36844,nmo:hasIssuer,ex:issuer_154
ex:coin_36850,nmo:hasIssuer,ex:issuer_154
ex:coin_36850,nmo:hasIssuer,ex:issuer_131
ex:coin_36853,nmo:hasIssuer,ex:issuer_131
ex:coin_36853,nmo:hasIssuer,ex:issuer_154
ex:coin_36861,nmo:hasIssuer,ex:issuer_154
ex:coin_36861,nmo:hasIssuer,ex:issuer_131
ex:coin_36862,nmo:hasIssuer,ex:issuer_131
ex:coin_36867,nmo:hasIssuer,ex:issuer_131
ex:coin_36867,nmo:hasIssuer,ex:issuer_154
ex:coin_36872,nmo:hasIssuer,ex:issuer_154
ex:coin_36872,nmo:hasIssuer,ex:issuer_131
ex:coin_36874,nmo:hasIssuer,ex:issuer_154
ex:coin_36874,nmo:hasIssuer,ex:issuer_131
ex:coin_36876,nmo:hasIssuer,ex:issuer_131
ex:coin_36876,nmo:hasIssuer,ex:issuer_154
ex:coin_36878,nmo:hasIssuer,ex:issuer_131
ex:coin_36882,nmo:hasIssuer,ex:issuer_131
ex:coin_36882,nmo:hasIssuer,ex:issuer_154
ex:coin_36883,nmo:hasIssuer,ex:issuer_154
ex:coin_36883,nmo:hasIssuer,ex:issuer_131
ex:coin_36888,nmo:hasIssuer,ex:issuer_131
ex:coin_36892,nmo:hasIssuer,ex:issuer_131
ex:coin_36892,nmo:hasIssuer,ex:issuer_154
ex:coin_36899,nmo:hasIssuer,ex:issuer_131
ex:coin_36899,nmo:hasIssuer,ex:issuer_154
ex:coin_36904,nmo:hasIssuer,ex:issuer_131
ex:coin_36905,nmo:hasIssuer,ex:issuer_131
ex:coin_36907,nmo:hasIssuer,ex:issuer_131
ex:coin_36907,nmo:hasIssuer,ex:issuer_154
ex:coin_36912,nmo:hasIssuer,ex:issuer_154
ex:coin_36912,nmo:hasIssuer,ex:issuer_131
ex:coin_36913,nmo:hasIssuer,ex:issuer_131
ex:coin_36914,nmo:hasIssuer,ex:issuer_131
ex:coin_36915,nmo:hasIssuer,ex:issuer_131
ex:coin_36915,nmo:hasIssuer,ex:issuer_154
ex:coin_36916,nmo:hasIssuer,ex:issuer_154
ex:coin_36916,nmo:hasIssuer,ex:issuer_131
ex:coin_36917,nmo:hasIssuer,ex:issuer_131
ex:coin_36917,nmo:hasIssuer,ex:issuer_154
ex:coin_36919,nmo:hasIssuer,ex:issuer_154
ex:coin_36919,nmo:hasIssuer,ex:issuer_131
ex:coin_36920,nmo:hasIssuer,ex:issuer_131
ex:coin_36920,nmo:hasIssuer,ex:issuer_154
ex:coin_36927,nmo:hasIssuer,ex:issuer_131
ex:coin_36927,nmo:hasIssuer,ex:issuer_154
ex:coin_36928,nmo:hasIssuer,ex:issuer_131
ex:coin_36932,nmo:hasIssuer,ex:issuer_154
ex:coin_36932,nmo:hasIssuer,ex:issuer_131
ex:coin_36934,nmo:hasIssuer,ex:issuer_131
ex:coin_36934,nmo:hasIssuer,ex:issuer_154
ex:coin_36941,nmo:hasIssuer,ex:issuer_131
ex:coin_36942,nmo:hasIssuer,ex:issuer_131
ex:coin_36950,nmo:hasIssuer,ex:issuer_131
ex:coin_36953,nmo:hasIssuer,ex:issuer_131
ex:coin_36954,nmo:hasIssuer,ex:issuer_131
ex:coin_36961,nmo:hasIssuer,ex:issuer_131
ex:coin_36962,nmo:hasIssuer,ex:issuer_131
ex:coin_36962,nmo:hasIssuer,ex:issuer_154
ex:coin_36965,nmo:hasIssuer,ex:issuer_154
ex:coin_36965,nmo:hasIssuer,ex:issuer_131
ex:coin_37261,nmo:hasIssuer,ex:issuer_131
ex:coin_37289,nmo:hasIssuer,ex:issuer_131
ex:coin_37290,nmo:hasIssuer,ex:issuer_131
ex:coin_37291,nmo:hasIssuer,ex:issuer_131
ex:coin_37292,nmo:hasIssuer,ex:issuer_131
ex:coin_37293,nmo:hasIssuer,ex:issuer_131
ex:coin_37294,nmo:hasIssuer,ex:issuer_131
ex:coin_37295,nmo:hasIssuer,ex:issuer_131
ex:coin_37297,nmo:hasIssuer,ex:issuer_131
ex:coin_37298,nmo:hasIssuer,ex:issuer_131
ex:coin_37299,nmo:hasIssuer,ex:issuer_131
ex:coin_37300,nmo:hasIssuer,ex:issuer_131
ex:coin_37301,nmo:hasIssuer,ex:issuer_131
ex:coin_37302,nmo:hasIssuer,ex:issuer_131
ex:coin_37303,nmo:hasIssuer,ex:issuer_131
ex:coin_37304,nmo:hasIssuer,ex:issuer_131
ex:coin_37305,nmo:hasIssuer,ex:issuer_131
ex:coin_37306,nmo:hasIssuer,ex:issuer_131
ex:coin_37307,nmo:hasIssuer,ex:issuer_131
ex:coin_37308,nmo:hasIssuer,ex:issuer_131
ex:coin_37309,nmo:hasIssuer,ex:issuer_131
ex:coin_37311,nmo:hasIssuer,ex:issuer_131
ex:coin_37312,nmo:hasIssuer,ex:issuer_131
ex:coin_37313,nmo:hasIssuer,ex:issuer_131
ex:coin_37314,nmo:hasIssuer,ex:issuer_131
ex:coin_37316,nmo:hasIssuer,ex:issuer_131
ex:coin_37317,nmo:hasIssuer,ex:issuer_131
ex:coin_37318,nmo:hasIssuer,ex:issuer_131
ex:coin_37319,nmo:hasIssuer,ex:issuer_131
ex:coin_37320,nmo:hasIssuer,ex:issuer_131
ex:coin_37321,nmo:hasIssuer,ex:issuer_131
ex:coin_37323,nmo:hasIssuer,ex:issuer_131
ex:coin_37324,nmo:hasIssuer,ex:issuer_131
ex:coin_37326,nmo:hasIssuer,ex:issuer_131
ex:coin_37327,nmo:hasIssuer,ex:issuer_131
ex:coin_37328,nmo:hasIssuer,ex:issuer_131
ex:coin_37329,nmo:hasIssuer,ex:issuer_131
ex:coin_37330,nmo:hasIssuer,ex:issuer_131
ex:coin_37332,nmo:hasIssuer,ex:issuer_131
ex:coin_37333,nmo:hasIssuer,ex:issuer_131
ex:coin_37334,nmo:hasIssuer,ex:issuer_131
ex:coin_37337,nmo:hasIssuer,ex:issuer_131
ex:coin_37339,nmo:hasIssuer,ex:issuer_131
ex:coin_37340,nmo:hasIssuer,ex:issuer_131
ex:coin_37342,nmo:hasIssuer,ex:issuer_131
ex:coin_37343,nmo:hasIssuer,ex:issuer_131
ex:coin_37344,nmo:hasIssuer,ex:issuer_131
ex:coin_37346,nmo:hasIssuer,ex:issuer_131
ex:coin_37347,nmo:hasIssuer,ex:issuer_131
ex:coin_37349,nmo:hasIssuer,ex:issuer_131
ex:coin_37350,nmo:hasIssuer,ex:issuer_131
ex:coin_37351,nmo:hasIssuer,ex:issuer_131
ex:coin_37352,nmo:hasIssuer,ex:issuer_131
ex:coin_37354,nmo:hasIssuer,ex:issuer_131
ex:coin_37355,nmo:hasIssuer,ex:issuer_131
ex:coin_37356,nmo:hasIssuer,ex:issuer_131
ex:coin_37356,nmo:hasIssuer,ex:issuer_154
ex:coin_37357,nmo:hasIssuer,ex:issuer_131
ex:coin_37358,nmo:hasIssuer,ex:issuer_131
ex:coin_37359,nmo:hasIssuer,ex:issuer_131
ex:coin_37361,nmo:hasIssuer,ex:issuer_131
ex:coin_37362,nmo:hasIssuer,ex:issuer_131
ex:coin_37363,nmo:hasIssuer,ex:issuer_131
ex:coin_37364,nmo:hasIssuer,ex:issuer_131
ex:coin_37365,nmo:hasIssuer,ex:issuer_131
ex:coin_37365,nmo:hasIssuer,ex:issuer_154
ex:coin_37366,nmo:hasIssuer,ex:issuer_131
ex:coin_37367,nmo:hasIssuer,ex:issuer_131
ex:coin_37368,nmo:hasIssuer,ex:issuer_131
ex:coin_37369,nmo:hasIssuer,ex:issuer_131
ex:coin_37370,nmo:hasIssuer,ex:issuer_131
ex:coin_37371,nmo:hasIssuer,ex:issuer_131
ex:coin_37372,nmo:hasIssuer,ex:issuer_131
ex:coin_37373,nmo:hasIssuer,ex:issuer_131
ex:coin_37374,nmo:hasIssuer,ex:issuer_131
ex:coin_37375,nmo:hasIssuer,ex:issuer_131
ex:coin_37376,nmo:hasIssuer,ex:issuer_131
ex:coin_37377,nmo:hasIssuer,ex:issuer_131
ex:coin_37378,nmo:hasIssuer,ex:issuer_131
ex:coin_37380,nmo:hasIssuer,ex:issuer_131
ex:coin_37382,nmo:hasIssuer,ex:issuer_131
ex:coin_37385,nmo:hasIssuer,ex:issuer_131
ex:coin_37385,nmo:hasIssuer,ex:issuer_154
ex:coin_37386,nmo:hasIssuer,ex:issuer_131
ex:coin_37387,nmo:hasIssuer,ex:issuer_131
ex:coin_37388,nmo:hasIssuer,ex:issuer_131
ex:coin_37391,nmo:hasIssuer,ex:issuer_131
ex:coin_37392,nmo:hasIssuer,ex:issuer_131
ex:coin_37393,nmo:hasIssuer,ex:issuer_131
ex:coin_37394,nmo:hasIssuer,ex:issuer_131
ex:coin_37395,nmo:hasIssuer,ex:issuer_131
ex:coin_37396,nmo:hasIssuer,ex:issuer_131
ex:coin_37397,nmo:hasIssuer,ex:issuer_131
ex:coin_37398,nmo:hasIssuer,ex:issuer_131
ex:coin_37400,nmo:hasIssuer,ex:issuer_131
ex:coin_37401,nmo:hasIssuer,ex:issuer_131
ex:coin_37402,nmo:hasIssuer,ex:issuer_131
ex:coin_37403,nmo:hasIssuer,ex:issuer_131
ex:coin_37404,nmo:hasIssuer,ex:issuer_131
ex:coin_37406,nmo:hasIssuer,ex:issuer_131
ex:coin_37407,nmo:hasIssuer,ex:issuer_131
ex:coin_37408,nmo:hasIssuer,ex:issuer_131
ex:coin_37409,nmo:hasIssuer,ex:issuer_131
ex:coin_37410,nmo:hasIssuer,ex:issuer_131
ex:coin_37411,nmo:hasIssuer,ex:issuer_131
ex:coin_37412,nmo:hasIssuer,ex:issuer_131
ex:coin_37414,nmo:hasIssuer,ex:issuer_131
ex:coin_37415,nmo:hasIssuer,ex:issuer_131
ex:coin_37416,nmo:hasIssuer,ex:issuer_131
ex:coin_37417,nmo:hasIssuer,ex:issuer_131
ex:coin_37418,nmo:hasIssuer,ex:issuer_131
ex:coin_37419,nmo:hasIssuer,ex:issuer_131
ex:coin_37421,nmo:hasIssuer,ex:issuer_131
ex:coin_37423,nmo:hasIssuer,ex:issuer_131
ex:coin_37424,nmo:hasIssuer,ex:issuer_131
ex:coin_37425,nmo:hasIssuer,ex:issuer_131
ex:coin_37426,nmo:hasIssuer,ex:issuer_131
ex:coin_37427,nmo:hasIssuer,ex:issuer_131
ex:coin_37428,nmo:hasIssuer,ex:issuer_131
ex:coin_37430,nmo:hasIssuer,ex:issuer_131
ex:coin_37431,nmo:hasIssuer,ex:issuer_131
ex:coin_37432,nmo:hasIssuer,ex:issuer_131
ex:coin_37433,nmo:hasIssuer,ex:issuer_131
ex:coin_37434,nmo:hasIssuer,ex:issuer_131
ex:coin_37437,nmo:hasIssuer,ex:issuer_131
ex:coin_37438,nmo:hasIssuer,ex:issuer_131
ex:coin_37441,nmo:hasIssuer,ex:issuer_131
ex:coin_37442,nmo:hasIssuer,ex:issuer_131
ex:coin_37443,nmo:hasIssuer,ex:issuer_131
ex:coin_37444,nmo:hasIssuer,ex:issuer_131
ex:coin_37445,nmo:hasIssuer,ex:issuer_131
ex:coin_37446,nmo:hasIssuer,ex:issuer_131
ex:coin_37450,nmo:hasIssuer,ex:issuer_131
ex:coin_37461,nmo:hasIssuer,ex:issuer_131
ex:coin_37462,nmo:hasIssuer,ex:issuer_131
ex:coin_37463,nmo:hasIssuer,ex:issuer_131
ex:coin_37468,nmo:hasIssuer,ex:issuer_131
ex:coin_37469,nmo:hasIssuer,ex:issuer_131
ex:coin_37470,nmo:hasIssuer,ex:issuer_131
ex:coin_37471,nmo:hasIssuer,ex:issuer_131
ex:coin_37472,nmo:hasIssuer,ex:issuer_131
ex:coin_37473,nmo:hasIssuer,ex:issuer_131
ex:coin_37474,nmo:hasIssuer,ex:issuer_131
ex:coin_37475,nmo:hasIssuer,ex:issuer_131
ex:coin_37476,nmo:hasIssuer,ex:issuer_131
ex:coin_37477,nmo:hasIssuer,ex:issuer_131
ex:coin_37478,nmo:hasIssuer,ex:issuer_131
ex:coin_37479,nmo:hasIssuer,ex:issuer_131
ex:coin_37480,nmo:hasIssuer,ex:issuer_131
ex:coin_37481,nmo:hasIssuer,ex:issuer_131
ex:coin_37482,nmo:hasIssuer,ex:issuer_131
ex:coin_37483,nmo:hasIssuer,ex:issuer_131
ex:coin_37484,nmo:hasIssuer,ex:issuer_131
ex:coin_37485,nmo:hasIssuer,ex:issuer_131
ex:coin_37487,nmo:hasIssuer,ex:issuer_131
ex:coin_37488,nmo:hasIssuer,ex:issuer_131
ex:coin_37489,nmo:hasIssuer,ex:issuer_131
ex:coin_37491,nmo:hasIssuer,ex:issuer_131
ex:coin_37492,nmo:hasIssuer,ex:issuer_131
ex:coin_37493,nmo:hasIssuer,ex:issuer_131
ex:coin_37494,nmo:hasIssuer,ex:issuer_131
ex:coin_37495,nmo:hasIssuer,ex:issuer_131
ex:coin_37496,nmo:hasIssuer,ex:issuer_131
ex:coin_37499,nmo:hasIssuer,ex:issuer_131
ex:coin_37500,nmo:hasIssuer,ex:issuer_131
ex:coin_37501,nmo:hasIssuer,ex:issuer_131
ex:coin_37502,nmo:hasIssuer,ex:issuer_131
ex:coin_37503,nmo:hasIssuer,ex:issuer_131
ex:coin_37505,nmo:hasIssuer,ex:issuer_131
ex:coin_37506,nmo:hasIssuer,ex:issuer_131
ex:coin_37508,nmo:hasIssuer,ex:issuer_131
ex:coin_37509,nmo:hasIssuer,ex:issuer_131
ex:coin_37510,nmo:hasIssuer,ex:issuer_131
ex:coin_37517,nmo:hasIssuer,ex:issuer_131
ex:coin_37518,nmo:hasIssuer,ex:issuer_131
ex:coin_37519,nmo:hasIssuer,ex:issuer_131
ex:coin_37521,nmo:hasIssuer,ex:issuer_131
ex:coin_37522,nmo:hasIssuer,ex:issuer_131
ex:coin_37525,nmo:hasIssuer,ex:issuer_131
ex:coin_37529,nmo:hasIssuer,ex:issuer_131
ex:coin_37531,nmo:hasIssuer,ex:issuer_131
ex:coin_37533,nmo:hasIssuer,ex:issuer_131
ex:coin_37534,nmo:hasIssuer,ex:issuer_131
ex:coin_37537,nmo:hasIssuer,ex:issuer_131
ex:coin_37539,nmo:hasIssuer,ex:issuer_131
ex:coin_37540,nmo:hasIssuer,ex:issuer_131
ex:coin_37541,nmo:hasIssuer,ex:issuer_131
ex:coin_37542,nmo:hasIssuer,ex:issuer_131
ex:coin_37546,nmo:hasIssuer,ex:issuer_131
ex:coin_37550,nmo:hasIssuer,ex:issuer_131
ex:coin_37551,nmo:hasIssuer,ex:issuer_131
ex:coin_37556,nmo:hasIssuer,ex:issuer_131
ex:coin_37557,nmo:hasIssuer,ex:issuer_131
ex:coin_37558,nmo:hasIssuer,ex:issuer_131
ex:coin_37560,nmo:hasIssuer,ex:issuer_131
ex:coin_37564,nmo:hasIssuer,ex:issuer_131
ex:coin_37565,nmo:hasIssuer,ex:issuer_131
ex:coin_37567,nmo:hasIssuer,ex:issuer_131
ex:coin_37568,nmo:hasIssuer,ex:issuer_131
ex:coin_37569,nmo:hasIssuer,ex:issuer_131
ex:coin_37571,nmo:hasIssuer,ex:issuer_131
ex:coin_37573,nmo:hasIssuer,ex:issuer_131
ex:coin_37574,nmo:hasIssuer,ex:issuer_131
ex:coin_37579,nmo:hasIssuer,ex:issuer_131
ex:coin_37580,nmo:hasIssuer,ex:issuer_131
ex:coin_37582,nmo:hasIssuer,ex:issuer_131
ex:coin_37583,nmo:hasIssuer,ex:issuer_131
ex:coin_37586,nmo:hasIssuer,ex:issuer_131
ex:coin_37587,nmo:hasIssuer,ex:issuer_131
ex:coin_37588,nmo:hasIssuer,ex:issuer_131
ex:coin_37590,nmo:hasIssuer,ex:issuer_131
ex:coin_37591,nmo:hasIssuer,ex:issuer_131
ex:coin_37593,nmo:hasIssuer,ex:issuer_131
ex:coin_37596,nmo:hasIssuer,ex:issuer_131
ex:coin_37600,nmo:hasIssuer,ex:issuer_131
ex:coin_37604,nmo:hasIssuer,ex:issuer_131
ex:coin_37605,nmo:hasIssuer,ex:issuer_131
ex:coin_37606,nmo:hasIssuer,ex:issuer_131
ex:coin_37607,nmo:hasIssuer,ex:issuer_131
ex:coin_37608,nmo:hasIssuer,ex:issuer_131
ex:coin_37612,nmo:hasIssuer,ex:issuer_131
ex:coin_37616,nmo:hasIssuer,ex:issuer_131
ex:coin_37618,nmo:hasIssuer,ex:issuer_131
ex:coin_37621,nmo:hasIssuer,ex:issuer_131
ex:coin_37622,nmo:hasIssuer,ex:issuer_131
ex:coin_37622,nmo:hasIssuer,ex:issuer_151
ex:coin_37622,nmo:hasIssuer,ex:issuer_152
ex:coin_37624,nmo:hasIssuer,ex:issuer_131
ex:coin_37627,nmo:hasIssuer,ex:issuer_131
ex:coin_37628,nmo:hasIssuer,ex:issuer_131
ex:coin_37630,nmo:hasIssuer,ex:issuer_131
ex:coin_37631,nmo:hasIssuer,ex:issuer_131
ex:coin_37633,nmo:hasIssuer,ex:issuer_131
ex:coin_37636,nmo:hasIssuer,ex:issuer_131
ex:coin_37637,nmo:hasIssuer,ex:issuer_131
ex:coin_37639,nmo:hasIssuer,ex:issuer_131
ex:coin_37640,nmo:hasIssuer,ex:issuer_131
ex:coin_37641,nmo:hasIssuer,ex:issuer_131
ex:coin_37642,nmo:hasIssuer,ex:issuer_131
ex:coin_37643,nmo:hasIssuer,ex:issuer_131
ex:coin_37644,nmo:hasIssuer,ex:issuer_131
ex:coin_37645,nmo:hasIssuer,ex:issuer_131
ex:coin_37647,nmo:hasIssuer,ex:issuer_131
ex:coin_37649,nmo:hasIssuer,ex:issuer_131
ex:coin_37652,nmo:hasIssuer,ex:issuer_131
ex:coin_37655,nmo:hasIssuer,ex:issuer_131
ex:coin_37659,nmo:hasIssuer,ex:issuer_131
ex:coin_37661,nmo:hasIssuer,ex:issuer_131
ex:coin_37662,nmo:hasIssuer,ex:issuer_131
ex:coin_37663,nmo:hasIssuer,ex:issuer_131
ex:coin_37664,nmo:hasIssuer,ex:issuer_131
ex:coin_37665,nmo:hasIssuer,ex:issuer_131
ex:coin_37667,nmo:hasIssuer,ex:issuer_131
ex:coin_37668,nmo:hasIssuer,ex:issuer_131
ex:coin_37669,nmo:hasIssuer,ex:issuer_131
ex:coin_37670,nmo:hasIssuer,ex:issuer_131
ex:coin_37671,nmo:hasIssuer,ex:issuer_131
ex:coin_37673,nmo:hasIssuer,ex:issuer_131
ex:coin_37675,nmo:hasIssuer,ex:issuer_131
ex:coin_37678,nmo:hasIssuer,ex:issuer_131
ex:coin_37680,nmo:hasIssuer,ex:issuer_131
ex:coin_37681,nmo:hasIssuer,ex:issuer_131
ex:coin_37682,nmo:hasIssuer,ex:issuer_131
ex:coin_37686,nmo:hasIssuer,ex:issuer_131
ex:coin_37688,nmo:hasIssuer,ex:issuer_131
ex:coin_37691,nmo:hasIssuer,ex:issuer_131
ex:coin_37692,nmo:hasIssuer,ex:issuer_131
ex:coin_37693,nmo:hasIssuer,ex:issuer_131
ex:coin_37697,nmo:hasIssuer,ex:issuer_131
ex:coin_37701,nmo:hasIssuer,ex:issuer_131
ex:coin_37710,nmo:hasIssuer,ex:issuer_131
ex:coin_37713,nmo:hasIssuer,ex:issuer_131
ex:coin_37721,nmo:hasIssuer,ex:issuer_131
ex:coin_37722,nmo:hasIssuer,ex:issuer_131
ex:coin_37723,nmo:hasIssuer,ex:issuer_131
ex:coin_37726,nmo:hasIssuer,ex:issuer_131
ex:coin_37731,nmo:hasIssuer,ex:issuer_131
ex:coin_37734,nmo:hasIssuer,ex:issuer_131
ex:coin_37736,nmo:hasIssuer,ex:issuer_131
ex:coin_37740,nmo:hasIssuer,ex:issuer_131
ex:coin_37742,nmo:hasIssuer,ex:issuer_131
ex:coin_37744,nmo:hasIssuer,ex:issuer_131
ex:coin_37745,nmo:hasIssuer,ex:issuer_131
ex:coin_37746,nmo:hasIssuer,ex:issuer_131
ex:coin_37751,nmo:hasIssuer,ex:issuer_131
ex:coin_37754,nmo:hasIssuer,ex:issuer_131
ex:coin_37755,nmo:hasIssuer,ex:issuer_131
ex:coin_37756,nmo:hasIssuer,ex:issuer_131
ex:coin_37757,nmo:hasIssuer,ex:issuer_131
ex:coin_37764,nmo:hasIssuer,ex:issuer_131
ex:coin_37765,nmo:hasIssuer,ex:issuer_131
ex:coin_37767,nmo:hasIssuer,ex:issuer_131
ex:coin_37772,nmo:hasIssuer,ex:issuer_131
ex:coin_37773,nmo:hasIssuer,ex:issuer_131
ex:coin_37777,nmo:hasIssuer,ex:issuer_131
ex:coin_37778,nmo:hasIssuer,ex:issuer_131
ex:coin_37782,nmo:hasIssuer,ex:issuer_131
ex:coin_37783,nmo:hasIssuer,ex:issuer_131
ex:coin_37784,nmo:hasIssuer,ex:issuer_131
ex:coin_37785,nmo:hasIssuer,ex:issuer_131
ex:coin_37787,nmo:hasIssuer,ex:issuer_131
ex:coin_37789,nmo:hasIssuer,ex:issuer_131
ex:coin_37791,nmo:hasIssuer,ex:issuer_131
ex:coin_37793,nmo:hasIssuer,ex:issuer_131
ex:coin_37794,nmo:hasIssuer,ex:issuer_131
ex:coin_37796,nmo:hasIssuer,ex:issuer_131
ex:coin_37797,nmo:hasIssuer,ex:issuer_131
ex:coin_37798,nmo:hasIssuer,ex:issuer_131
ex:coin_37800,nmo:hasIssuer,ex:issuer_131
ex:coin_37803,nmo:hasIssuer,ex:issuer_131
ex:coin_37804,nmo:hasIssuer,ex:issuer_131
ex:coin_37805,nmo:hasIssuer,ex:issuer_131
ex:coin_37806,nmo:hasIssuer,ex:issuer_131
ex:coin_37807,nmo:hasIssuer,ex:issuer_131
ex:coin_37809,nmo:hasIssuer,ex:issuer_131
ex:coin_37812,nmo:hasIssuer,ex:issuer_131
ex:coin_37813,nmo:hasIssuer,ex:issuer_131
ex:coin_37814,nmo:hasIssuer,ex:issuer_131
ex:coin_37817,nmo:hasIssuer,ex:issuer_131
ex:coin_37819,nmo:hasIssuer,ex:issuer_131
ex:coin_37822,nmo:hasIssuer,ex:issuer_131
ex:coin_37823,nmo:hasIssuer,ex:issuer_131
ex:coin_37824,nmo:hasIssuer,ex:issuer_131
ex:coin_37826,nmo:hasIssuer,ex:issuer_131
ex:coin_37829,nmo:hasIssuer,ex:issuer_131
ex:coin_37830,nmo:hasIssuer,ex:issuer_131
ex:coin_37831,nmo:hasIssuer,ex:issuer_131
ex:coin_37832,nmo:hasIssuer,ex:issuer_131
ex:coin_37833,nmo:hasIssuer,ex:issuer_131
ex:coin_37834,nmo:hasIssuer,ex:issuer_131
ex:coin_37836,nmo:hasIssuer,ex:issuer_131
ex:coin_37837,nmo:hasIssuer,ex:issuer_131
ex:coin_37838,nmo:hasIssuer,ex:issuer_131
ex:coin_37841,nmo:hasIssuer,ex:issuer_131
ex:coin_37842,nmo:hasIssuer,ex:issuer_131
ex:coin_37843,nmo:hasIssuer,ex:issuer_131
ex:coin_37847,nmo:hasIssuer,ex:issuer_131
ex:coin_37848,nmo:hasIssuer,ex:issuer_131
ex:coin_37849,nmo:hasIssuer,ex:issuer_131
ex:coin_37851,nmo:hasIssuer,ex:issuer_131
ex:coin_37852,nmo:hasIssuer,ex:issuer_131
ex:coin_37857,nmo:hasIssuer,ex:issuer_131
ex:coin_37860,nmo:hasIssuer,ex:issuer_131
ex:coin_37862,nmo:hasIssuer,ex:issuer_131
ex:coin_37865,nmo:hasIssuer,ex:issuer_131
ex:coin_37867,nmo:hasIssuer,ex:issuer_131
ex:coin_37868,nmo:hasIssuer,ex:issuer_131
ex:coin_37871,nmo:hasIssuer,ex:issuer_131
ex:coin_37872,nmo:hasIssuer,ex:issuer_131
ex:coin_37873,nmo:hasIssuer,ex:issuer_131
ex:coin_37874,nmo:hasIssuer,ex:issuer_131
ex:coin_38947,nmo:hasIssuer,ex:issuer_131
ex:coin_38948,nmo:hasIssuer,ex:issuer_131
ex:coin_38955,nmo:hasIssuer,ex:issuer_131
ex:coin_38956,nmo:hasIssuer,ex:issuer_131
ex:coin_38963,nmo:hasIssuer,ex:issuer_131
ex:coin_38965,nmo:hasIssuer,ex:issuer_131
ex:coin_38972,nmo:hasIssuer,ex:issuer_131
ex:coin_39169,nmo:hasIssuer,ex:issuer_154
ex:coin_39169,nmo:hasIssuer,ex:issuer_131
ex:coin_39209,nmo:hasIssuer,ex:issuer_154
ex:coin_39209,nmo:hasIssuer,ex:issuer_131
ex:coin_39318,nmo:hasIssuer,ex:issuer_131
ex:coin_39348,nmo:hasIssuer,ex:issuer_131
ex:coin_39360,nmo:hasIssuer,ex:issuer_154
ex:coin_39360,nmo:hasIssuer,ex:issuer_131
ex:coin_39439,nmo:hasIssuer,ex:issuer_131
ex:coin_39792,nmo:hasIssuer,ex:issuer_131
ex:coin_39792,nmo:hasIssuer,ex:issuer_150
ex:coin_40083,nmo:hasIssuer,ex:issuer_154
ex:coin_40083,nmo:hasIssuer,ex:issuer_131
ex:coin_40099,nmo:hasIssuer,ex:issuer_131
ex:coin_40102,nmo:hasIssuer,ex:issuer_131
ex:coin_40112,nmo:hasIssuer,ex:issuer_131
ex:coin_40112,nmo:hasIssuer,ex:issuer_154
ex:coin_40122,nmo:hasIssuer,ex:issuer_154
ex:coin_40122,nmo:hasIssuer,ex:issuer_131
ex:coin_40127,nmo:hasIssuer,ex:issuer_131
ex:coin_40127,nmo:hasIssuer,ex:issuer_150
ex:coin_40128,nmo:hasIssuer,ex:issuer_131
ex:coin_40128,nmo:hasIssuer,ex:issuer_154
ex:coin_40142,nmo:hasIssuer,ex:issuer_154
ex:coin_40142,nmo:hasIssuer,ex:issuer_131
ex:coin_40145,nmo:hasIssuer,ex:issuer_154
ex:coin_40145,nmo:hasIssuer,ex:issuer_131
ex:coin_41025,nmo:hasIssuer,ex:issuer_131
ex:coin_41430,nmo:hasIssuer,ex:issuer_154
ex:coin_41430,nmo:hasIssuer,ex:issuer_131
ex:coin_41453,nmo:hasIssuer,ex:issuer_154
ex:coin_41453,nmo:hasIssuer,ex:issuer_131
ex:coin_41470,nmo:hasIssuer,ex:issuer_154
ex:coin_41470,nmo:hasIssuer,ex:issuer_131
ex:coin_41481,nmo:hasIssuer,ex:issuer_131
ex:coin_41483,nmo:hasIssuer,ex:issuer_154
ex:coin_41483,nmo:hasIssuer,ex:issuer_131
ex:coin_41487,nmo:hasIssuer,ex:issuer_131
ex:coin_41487,nmo:hasIssuer,ex:issuer_154
ex:coin_41494,nmo:hasIssuer,ex:issuer_131
ex:coin_41778,nmo:hasIssuer,ex:issuer_131
ex:coin_41782,nmo:hasIssuer,ex:issuer_131
ex:coin_41793,nmo:hasIssuer,ex:issuer_131
ex:coin_41916,nmo:hasIssuer,ex:issuer_154
ex:coin_41916,nmo:hasIssuer,ex:issuer_131
ex:coin_42329,nmo:hasIssuer,ex:issuer_131
ex:coin_42330,nmo:hasIssuer,ex:issuer_131
ex:coin_42332,nmo:hasIssuer,ex:issuer_131
ex:coin_42333,nmo:hasIssuer,ex:issuer_131
ex:coin_42337,nmo:hasIssuer,ex:issuer_131
ex:coin_42344,nmo:hasIssuer,ex:issuer_131
ex:coin_4756,nmo:hasIssuer,ex:issuer_150
ex:coin_5703,nmo:hasIssuer,ex:issuer_150
ex:coin_14439,nmo:hasIssuer,ex:issuer_150
ex:coin_14540,nmo:hasIssuer,ex:issuer_150
ex:coin_14540,nmo:hasIssuer,ex:issuer_151
ex:coin_14541,nmo:hasIssuer,ex:issuer_150
ex:coin_14541,nmo:hasIssuer,ex:issuer_151
ex:coin_14542,nmo:hasIssuer,ex:issuer_150
ex:coin_14542,nmo:hasIssuer,ex:issuer_151
ex:coin_14544,nmo:hasIssuer,ex:issuer_150
ex:coin_14544,nmo:hasIssuer,ex:issuer_152
ex:coin_14547,nmo:hasIssuer,ex:issuer_150
ex:coin_14547,nmo:hasIssuer,ex:issuer_152
ex:coin_14562,nmo:hasIssuer,ex:issuer_150
ex:coin_14562,nmo:hasIssuer,ex:issuer_151
ex:coin_14563,nmo:hasIssuer,ex:issuer_150
ex:coin_14563,nmo:hasIssuer,ex:issuer_151
ex:coin_14565,nmo:hasIssuer,ex:issuer_150
ex:coin_14565,nmo:hasIssuer,ex:issuer_151
ex:coin_18185,nmo:hasIssuer,ex:issuer_150
ex:coin_539,nmo:hasIssuer,ex:issuer_151
ex:coin_540,nmo:hasIssuer,ex:issuer_151
ex:coin_1008,nmo:hasIssuer,ex:issuer_151
ex:coin_1056,nmo:hasIssuer,ex:issuer_161
ex:coin_1056,nmo:hasIssuer,ex:issuer_151
ex:coin_1618,nmo:hasIssuer,ex:issuer_151
ex:coin_1618,nmo:hasIssuer,ex:issuer_152
ex:coin_5282,nmo:hasIssuer,ex:issuer_151
ex:coin_5544,nmo:hasIssuer,ex:issuer_151
ex:coin_5545,nmo:hasIssuer,ex:issuer_151
ex:coin_5546,nmo:hasIssuer,ex:issuer_151
ex:coin_6503,nmo:hasIssuer,ex:issuer_151
ex:coin_6517,nmo:hasIssuer,ex:issuer_151
ex:coin_9895,nmo:hasIssuer,ex:issuer_151
ex:coin_12351,nmo:hasIssuer,ex:issuer_151
ex:coin_14447,nmo:hasIssuer,ex:issuer_151
ex:coin_14453,nmo:hasIssuer,ex:issuer_151
ex:coin_14548,nmo:hasIssuer,ex:issuer_151
ex:coin_14548,nmo:hasIssuer,ex:issuer_152
ex:coin_14549,nmo:hasIssuer,ex:issuer_151
ex:coin_14549,nmo:hasIssuer,ex:issuer_152
ex:coin_14556,nmo:hasIssuer,ex:issuer_151
ex:coin_14556,nmo:hasIssuer,ex:issuer_152
ex:coin_14572,nmo:hasIssuer,ex:issuer_151
ex:coin_14572,nmo:hasIssuer,ex:issuer_152
ex:coin_14752,nmo:hasIssuer,ex:issuer_151
ex:coin_14753,nmo:hasIssuer,ex:issuer_151
ex:coin_14754,nmo:hasIssuer,ex:issuer_151
ex:coin_14756,nmo:hasIssuer,ex:issuer_151
ex:coin_14757,nmo:hasIssuer,ex:issuer_151
ex:coin_14758,nmo:hasIssuer,ex:issuer_151
ex:coin_14759,nmo:hasIssuer,ex:issuer_151
ex:coin_14761,nmo:hasIssuer,ex:issuer_151
ex:coin_14761,nmo:hasIssuer,ex:issuer_161
ex:coin_15098,nmo:hasIssuer,ex:issuer_154
ex:coin_15098,nmo:hasIssuer,ex:issuer_151
ex:coin_17656,nmo:hasIssuer,ex:issuer_151
ex:coin_27389,nmo:hasIssuer,ex:issuer_151
ex:coin_30267,nmo:hasIssuer,ex:issuer_151
ex:coin_30267,nmo:hasIssuer,ex:issuer_158
ex:coin_30913,nmo:hasIssuer,ex:issuer_158
ex:coin_30913,nmo:hasIssuer,ex:issuer_151
ex:coin_32683,nmo:hasIssuer,ex:issuer_158
ex:coin_32683,nmo:hasIssuer,ex:issuer_151
ex:coin_32754,nmo:hasIssuer,ex:issuer_151
ex:coin_32754,nmo:hasIssuer,ex:issuer_158
ex:coin_33507,nmo:hasIssuer,ex:issuer_151
ex:coin_33507,nmo:hasIssuer,ex:issuer_158
ex:coin_39720,nmo:hasIssuer,ex:issuer_151
ex:coin_40092,nmo:hasIssuer,ex:issuer_151
ex:coin_40097,nmo:hasIssuer,ex:issuer_151
ex:coin_40109,nmo:hasIssuer,ex:issuer_151
ex:coin_41343,nmo:hasIssuer,ex:issuer_151
ex:coin_41343,nmo:hasIssuer,ex:issuer_152
ex:coin_41540,nmo:hasIssuer,ex:issuer_151
ex:coin_42181,nmo:hasIssuer,ex:issuer_151
ex:coin_42307,nmo:hasIssuer,ex:issuer_151
ex:coin_42312,nmo:hasIssuer,ex:issuer_151
ex:coin_42313,nmo:hasIssuer,ex:issuer_151
ex:coin_42314,nmo:hasIssuer,ex:issuer_151
ex:coin_42316,nmo:hasIssuer,ex:issuer_151
ex:coin_42317,nmo:hasIssuer,ex:issuer_151
ex:coin_42318,nmo:hasIssuer,ex:issuer_151
ex:coin_42318,nmo:hasIssuer,ex:issuer_161
ex:coin_42319,nmo:hasIssuer,ex:issuer_151
ex:coin_42320,nmo:hasIssuer,ex:issuer_151
ex:coin_42321,nmo:hasIssuer,ex:issuer_151
ex:coin_42322,nmo:hasIssuer,ex:issuer_151
ex:coin_42326,nmo:hasIssuer,ex:issuer_151
ex:coin_42331,nmo:hasIssuer,ex:issuer_151
ex:coin_42334,nmo:hasIssuer,ex:issuer_151
ex:coin_42335,nmo:hasIssuer,ex:issuer_151
ex:coin_42336,nmo:hasIssuer,ex:issuer_151
ex:coin_42632,nmo:hasIssuer,ex:issuer_151
ex:coin_42633,nmo:hasIssuer,ex:issuer_151
ex:coin_42634,nmo:hasIssuer,ex:issuer_151
ex:coin_42649,nmo:hasIssuer,ex:issuer_151
ex:coin_42650,nmo:hasIssuer,ex:issuer_151
ex:coin_42652,nmo:hasIssuer,ex:issuer_151
ex:coin_42653,nmo:hasIssuer,ex:issuer_151
ex:coin_42654,nmo:hasIssuer,ex:issuer_151
ex:coin_42656,nmo:hasIssuer,ex:issuer_151
ex:coin_42657,nmo:hasIssuer,ex:issuer_151
ex:coin_42658,nmo:hasIssuer,ex:issuer_151
ex:coin_42659,nmo:hasIssuer,ex:issuer_151
ex:coin_42660,nmo:hasIssuer,ex:issuer_151
ex:coin_42661,nmo:hasIssuer,ex:issuer_151
ex:coin_42662,nmo:hasIssuer,ex:issuer_151
ex:coin_42663,nmo:hasIssuer,ex:issuer_151
ex:coin_42664,nmo:hasIssuer,ex:issuer_151
ex:coin_42665,nmo:hasIssuer,ex:issuer_151
ex:coin_42666,nmo:hasIssuer,ex:issuer_151
ex:coin_42667,nmo:hasIssuer,ex:issuer_151
ex:coin_42668,nmo:hasIssuer,ex:issuer_151
ex:coin_42669,nmo:hasIssuer,ex:issuer_151
ex:coin_13652,nmo:hasIssuer,ex:issuer_152
ex:coin_14041,nmo:hasIssuer,ex:issuer_152
ex:coin_17080,nmo:hasIssuer,ex:issuer_152
ex:coin_537,nmo:hasIssuer,ex:issuer_154
ex:coin_1017,nmo:hasIssuer,ex:issuer_154
ex:coin_1029,nmo:hasIssuer,ex:issuer_154
ex:coin_1058,nmo:hasIssuer,ex:issuer_154
ex:coin_1069,nmo:hasIssuer,ex:issuer_154
ex:coin_1099,nmo:hasIssuer,ex:issuer_154
ex:coin_1103,nmo:hasIssuer,ex:issuer_154
ex:coin_1140,nmo:hasIssuer,ex:issuer_154
ex:coin_1169,nmo:hasIssuer,ex:issuer_154
ex:coin_1170,nmo:hasIssuer,ex:issuer_154
ex:coin_1182,nmo:hasIssuer,ex:issuer_154
ex:coin_1194,nmo:hasIssuer,ex:issuer_154
ex:coin_1788,nmo:hasIssuer,ex:issuer_154
ex:coin_2076,nmo:hasIssuer,ex:issuer_154
ex:coin_5095,nmo:hasIssuer,ex:issuer_154
ex:coin_5309,nmo:hasIssuer,ex:issuer_154
ex:coin_5846,nmo:hasIssuer,ex:issuer_154
ex:coin_5900,nmo:hasIssuer,ex:issuer_154
ex:coin_6071,nmo:hasIssuer,ex:issuer_154
ex:coin_6073,nmo:hasIssuer,ex:issuer_154
ex:coin_9143,nmo:hasIssuer,ex:issuer_154
ex:coin_10945,nmo:hasIssuer,ex:issuer_154
ex:coin_10948,nmo:hasIssuer,ex:issuer_154
ex:coin_10949,nmo:hasIssuer,ex:issuer_154
ex:coin_10950,nmo:hasIssuer,ex:issuer_154
ex:coin_10980,nmo:hasIssuer,ex:issuer_154
ex:coin_10981,nmo:hasIssuer,ex:issuer_154
ex:coin_10982,nmo:hasIssuer,ex:issuer_154
ex:coin_11001,nmo:hasIssuer,ex:issuer_154
ex:coin_11002,nmo:hasIssuer,ex:issuer_154
ex:coin_11003,nmo:hasIssuer,ex:issuer_154
ex:coin_11027,nmo:hasIssuer,ex:issuer_154
ex:coin_11945,nmo:hasIssuer,ex:issuer_154
ex:coin_12389,nmo:hasIssuer,ex:issuer_154
ex:coin_13022,nmo:hasIssuer,ex:issuer_154
ex:coin_13541,nmo:hasIssuer,ex:issuer_154
ex:coin_13723,nmo:hasIssuer,ex:issuer_154
ex:coin_13911,nmo:hasIssuer,ex:issuer_154
ex:coin_13959,nmo:hasIssuer,ex:issuer_154
ex:coin_13960,nmo:hasIssuer,ex:issuer_154
ex:coin_14008,nmo:hasIssuer,ex:issuer_154
ex:coin_14064,nmo:hasIssuer,ex:issuer_154
ex:coin_14066,nmo:hasIssuer,ex:issuer_154
ex:coin_14136,nmo:hasIssuer,ex:issuer_154
ex:coin_14139,nmo:hasIssuer,ex:issuer_154
ex:coin_14338,nmo:hasIssuer,ex:issuer_154
ex:coin_14367,nmo:hasIssuer,ex:issuer_154
ex:coin_14924,nmo:hasIssuer,ex:issuer_154
ex:coin_14964,nmo:hasIssuer,ex:issuer_154
ex:coin_14965,nmo:hasIssuer,ex:issuer_154
ex:coin_14991,nmo:hasIssuer,ex:issuer_154
ex:coin_15191,nmo:hasIssuer,ex:issuer_154
ex:coin_15213,nmo:hasIssuer,ex:issuer_154
ex:coin_15268,nmo:hasIssuer,ex:issuer_154
ex:coin_15303,nmo:hasIssuer,ex:issuer_154
ex:coin_15392,nmo:hasIssuer,ex:issuer_154
ex:coin_15508,nmo:hasIssuer,ex:issuer_154
ex:coin_15509,nmo:hasIssuer,ex:issuer_154
ex:coin_15656,nmo:hasIssuer,ex:issuer_154
ex:coin_15789,nmo:hasIssuer,ex:issuer_154
ex:coin_15816,nmo:hasIssuer,ex:issuer_154
ex:coin_16203,nmo:hasIssuer,ex:issuer_154
ex:coin_16338,nmo:hasIssuer,ex:issuer_154
ex:coin_16355,nmo:hasIssuer,ex:issuer_154
ex:coin_16362,nmo:hasIssuer,ex:issuer_154
ex:coin_16381,nmo:hasIssuer,ex:issuer_154
ex:coin_16435,nmo:hasIssuer,ex:issuer_154
ex:coin_16761,nmo:hasIssuer,ex:issuer_154
ex:coin_16823,nmo:hasIssuer,ex:issuer_154
ex:coin_16825,nmo:hasIssuer,ex:issuer_154
ex:coin_16835,nmo:hasIssuer,ex:issuer_154
ex:coin_16853,nmo:hasIssuer,ex:issuer_154
ex:coin_16859,nmo:hasIssuer,ex:issuer_154
ex:coin_17237,nmo:hasIssuer,ex:issuer_154
ex:coin_17332,nmo:hasIssuer,ex:issuer_154
ex:coin_17341,nmo:hasIssuer,ex:issuer_154
ex:coin_17343,nmo:hasIssuer,ex:issuer_154
ex:coin_17356,nmo:hasIssuer,ex:issuer_154
ex:coin_17501,nmo:hasIssuer,ex:issuer_154
ex:coin_17513,nmo:hasIssuer,ex:issuer_154
ex:coin_17567,nmo:hasIssuer,ex:issuer_154
ex:coin_17573,nmo:hasIssuer,ex:issuer_154
ex:coin_17577,nmo:hasIssuer,ex:issuer_154
ex:coin_17600,nmo:hasIssuer,ex:issuer_154
ex:coin_17606,nmo:hasIssuer,ex:issuer_154
ex:coin_17633,nmo:hasIssuer,ex:issuer_154
ex:coin_17747,nmo:hasIssuer,ex:issuer_154
ex:coin_18003,nmo:hasIssuer,ex:issuer_154
ex:coin_18004,nmo:hasIssuer,ex:issuer_154
ex:coin_28088,nmo:hasIssuer,ex:issuer_154
ex:coin_28897,nmo:hasIssuer,ex:issuer_154
ex:coin_29071,nmo:hasIssuer,ex:issuer_154
ex:coin_29346,nmo:hasIssuer,ex:issuer_154
ex:coin_29369,nmo:hasIssuer,ex:issuer_154
ex:coin_29613,nmo:hasIssuer,ex:issuer_154
ex:coin_30060,nmo:hasIssuer,ex:issuer_154
ex:coin_30206,nmo:hasIssuer,ex:issuer_154
ex:coin_30877,nmo:hasIssuer,ex:issuer_154
ex:coin_31028,nmo:hasIssuer,ex:issuer_154
ex:coin_31093,nmo:hasIssuer,ex:issuer_154
ex:coin_31099,nmo:hasIssuer,ex:issuer_154
ex:coin_31133,nmo:hasIssuer,ex:issuer_154
ex:coin_31441,nmo:hasIssuer,ex:issuer_154
ex:coin_31516,nmo:hasIssuer,ex:issuer_154
ex:coin_31650,nmo:hasIssuer,ex:issuer_154
ex:coin_31730,nmo:hasIssuer,ex:issuer_154
ex:coin_31798,nmo:hasIssuer,ex:issuer_154
ex:coin_31957,nmo:hasIssuer,ex:issuer_154
ex:coin_31961,nmo:hasIssuer,ex:issuer_154
ex:coin_32193,nmo:hasIssuer,ex:issuer_154
ex:coin_32224,nmo:hasIssuer,ex:issuer_154
ex:coin_32302,nmo:hasIssuer,ex:issuer_154
ex:coin_32398,nmo:hasIssuer,ex:issuer_154
ex:coin_32847,nmo:hasIssuer,ex:issuer_154
ex:coin_33084,nmo:hasIssuer,ex:issuer_154
ex:coin_33117,nmo:hasIssuer,ex:issuer_154
ex:coin_33439,nmo:hasIssuer,ex:issuer_154
ex:coin_33464,nmo:hasIssuer,ex:issuer_154
ex:coin_33570,nmo:hasIssuer,ex:issuer_154
ex:coin_33607,nmo:hasIssuer,ex:issuer_154
ex:coin_33704,nmo:hasIssuer,ex:issuer_154
ex:coin_33808,nmo:hasIssuer,ex:issuer_154
ex:coin_33833,nmo:hasIssuer,ex:issuer_154
ex:coin_33873,nmo:hasIssuer,ex:issuer_154
ex:coin_33935,nmo:hasIssuer,ex:issuer_154
ex:coin_34094,nmo:hasIssuer,ex:issuer_154
ex:coin_34573,nmo:hasIssuer,ex:issuer_154
ex:coin_37883,nmo:hasIssuer,ex:issuer_154
ex:coin_37912,nmo:hasIssuer,ex:issuer_154
ex:coin_37915,nmo:hasIssuer,ex:issuer_154
ex:coin_37921,nmo:hasIssuer,ex:issuer_154
ex:coin_37931,nmo:hasIssuer,ex:issuer_154
ex:coin_37943,nmo:hasIssuer,ex:issuer_154
ex:coin_37974,nmo:hasIssuer,ex:issuer_154
ex:coin_38000,nmo:hasIssuer,ex:issuer_154
ex:coin_38021,nmo:hasIssuer,ex:issuer_154
ex:coin_38046,nmo:hasIssuer,ex:issuer_154
ex:coin_38054,nmo:hasIssuer,ex:issuer_154
ex:coin_38059,nmo:hasIssuer,ex:issuer_154
ex:coin_38066,nmo:hasIssuer,ex:issuer_154
ex:coin_38081,nmo:hasIssuer,ex:issuer_154
ex:coin_38085,nmo:hasIssuer,ex:issuer_154
ex:coin_38096,nmo:hasIssuer,ex:issuer_154
ex:coin_38097,nmo:hasIssuer,ex:issuer_154
ex:coin_38098,nmo:hasIssuer,ex:issuer_154
ex:coin_38115,nmo:hasIssuer,ex:issuer_154
ex:coin_38130,nmo:hasIssuer,ex:issuer_154
ex:coin_38143,nmo:hasIssuer,ex:issuer_154
ex:coin_38144,nmo:hasIssuer,ex:issuer_154
ex:coin_38168,nmo:hasIssuer,ex:issuer_154
ex:coin_38172,nmo:hasIssuer,ex:issuer_154
ex:coin_38211,nmo:hasIssuer,ex:issuer_154
ex:coin_38212,nmo:hasIssuer,ex:issuer_154
ex:coin_38247,nmo:hasIssuer,ex:issuer_154
ex:coin_38249,nmo:hasIssuer,ex:issuer_154
ex:coin_38257,nmo:hasIssuer,ex:issuer_154
ex:coin_38262,nmo:hasIssuer,ex:issuer_154
ex:coin_38273,nmo:hasIssuer,ex:issuer_154
ex:coin_38285,nmo:hasIssuer,ex:issuer_154
ex:coin_38308,nmo:hasIssuer,ex:issuer_154
ex:coin_38322,nmo:hasIssuer,ex:issuer_154
ex:coin_38330,nmo:hasIssuer,ex:issuer_154
ex:coin_38360,nmo:hasIssuer,ex:issuer_154
ex:coin_38378,nmo:hasIssuer,ex:issuer_154
ex:coin_38385,nmo:hasIssuer,ex:issuer_154
ex:coin_38389,nmo:hasIssuer,ex:issuer_154
ex:coin_38404,nmo:hasIssuer,ex:issuer_154
ex:coin_38425,nmo:hasIssuer,ex:issuer_154
ex:coin_38428,nmo:hasIssuer,ex:issuer_154
ex:coin_38468,nmo:hasIssuer,ex:issuer_154
ex:coin_38475,nmo:hasIssuer,ex:issuer_154
ex:coin_38480,nmo:hasIssuer,ex:issuer_154
ex:coin_38483,nmo:hasIssuer,ex:issuer_154
ex:coin_38489,nmo:hasIssuer,ex:issuer_154
ex:coin_38504,nmo:hasIssuer,ex:issuer_154
ex:coin_38507,nmo:hasIssuer,ex:issuer_154
ex:coin_38512,nmo:hasIssuer,ex:issuer_154
ex:coin_38519,nmo:hasIssuer,ex:issuer_154
ex:coin_38521,nmo:hasIssuer,ex:issuer_154
ex:coin_38973,nmo:hasIssuer,ex:issuer_154
ex:coin_40144,nmo:hasIssuer,ex:issuer_154
ex:coin_41031,nmo:hasIssuer,ex:issuer_154
ex:coin_41415,nmo:hasIssuer,ex:issuer_154
ex:coin_41416,nmo:hasIssuer,ex:issuer_154
ex:coin_41417,nmo:hasIssuer,ex:issuer_154
ex:coin_41418,nmo:hasIssuer,ex:issuer_154
ex:coin_41419,nmo:hasIssuer,ex:issuer_154
ex:coin_41420,nmo:hasIssuer,ex:issuer_154
ex:coin_41421,nmo:hasIssuer,ex:issuer_154
ex:coin_41423,nmo:hasIssuer,ex:issuer_154
ex:coin_41424,nmo:hasIssuer,ex:issuer_154
ex:coin_41425,nmo:hasIssuer,ex:issuer_154
ex:coin_41426,nmo:hasIssuer,ex:issuer_154
ex:coin_41427,nmo:hasIssuer,ex:issuer_154
ex:coin_41429,nmo:hasIssuer,ex:issuer_154
ex:coin_41431,nmo:hasIssuer,ex:issuer_154
ex:coin_41432,nmo:hasIssuer,ex:issuer_154
ex:coin_41433,nmo:hasIssuer,ex:issuer_154
ex:coin_41434,nmo:hasIssuer,ex:issuer_154
ex:coin_41436,nmo:hasIssuer,ex:issuer_154
ex:coin_41437,nmo:hasIssuer,ex:issuer_154
ex:coin_41439,nmo:hasIssuer,ex:issuer_154
ex:coin_41440,nmo:hasIssuer,ex:issuer_154
ex:coin_41441,nmo:hasIssuer,ex:issuer_154
ex:coin_41442,nmo:hasIssuer,ex:issuer_154
ex:coin_41443,nmo:hasIssuer,ex:issuer_154
ex:coin_41445,nmo:hasIssuer,ex:issuer_154
ex:coin_41446,nmo:hasIssuer,ex:issuer_154
ex:coin_41447,nmo:hasIssuer,ex:issuer_154
ex:coin_41448,nmo:hasIssuer,ex:issuer_154
ex:coin_41449,nmo:hasIssuer,ex:issuer_154
ex:coin_41450,nmo:hasIssuer,ex:issuer_154
ex:coin_41451,nmo:hasIssuer,ex:issuer_154
ex:coin_41452,nmo:hasIssuer,ex:issuer_154
ex:coin_41454,nmo:hasIssuer,ex:issuer_154
ex:coin_41455,nmo:hasIssuer,ex:issuer_154
ex:coin_41457,nmo:hasIssuer,ex:issuer_154
ex:coin_41460,nmo:hasIssuer,ex:issuer_154
ex:coin_41464,nmo:hasIssuer,ex:issuer_154
ex:coin_41466,nmo:hasIssuer,ex:issuer_154
ex:coin_41472,nmo:hasIssuer,ex:issuer_154
ex:coin_41476,nmo:hasIssuer,ex:issuer_154
ex:coin_41477,nmo:hasIssuer,ex:issuer_154
ex:coin_41479,nmo:hasIssuer,ex:issuer_154
ex:coin_41482,nmo:hasIssuer,ex:issuer_154
ex:coin_41484,nmo:hasIssuer,ex:issuer_154
ex:coin_41485,nmo:hasIssuer,ex:issuer_154
ex:coin_41488,nmo:hasIssuer,ex:issuer_154
ex:coin_41489,nmo:hasIssuer,ex:issuer_154
ex:coin_972,nmo:hasIssuer,ex:issuer_158
ex:coin_1104,nmo:hasIssuer,ex:issuer_158
ex:coin_1428,nmo:hasIssuer,ex:issuer_158
ex:coin_1429,nmo:hasIssuer,ex:issuer_158
ex:coin_1430,nmo:hasIssuer,ex:issuer_158
ex:coin_1431,nmo:hasIssuer,ex:issuer_158
ex:coin_1501,nmo:hasIssuer,ex:issuer_158
ex:coin_1502,nmo:hasIssuer,ex:issuer_158
ex:coin_1503,nmo:hasIssuer,ex:issuer_158
ex:coin_1504,nmo:hasIssuer,ex:issuer_158
ex:coin_1505,nmo:hasIssuer,ex:issuer_158
ex:coin_1506,nmo:hasIssuer,ex:issuer_158
ex:coin_1530,nmo:hasIssuer,ex:issuer_158
ex:coin_1613,nmo:hasIssuer,ex:issuer_158
ex:coin_1616,nmo:hasIssuer,ex:issuer_158
ex:coin_1627,nmo:hasIssuer,ex:issuer_158
ex:coin_1628,nmo:hasIssuer,ex:issuer_158
ex:coin_5081,nmo:hasIssuer,ex:issuer_158
ex:coin_5085,nmo:hasIssuer,ex:issuer_158
ex:coin_5090,nmo:hasIssuer,ex:issuer_158
ex:coin_5097,nmo:hasIssuer,ex:issuer_158
ex:coin_5280,nmo:hasIssuer,ex:issuer_158
ex:coin_5281,nmo:hasIssuer,ex:issuer_158
ex:coin_5503,nmo:hasIssuer,ex:issuer_158
ex:coin_5719,nmo:hasIssuer,ex:issuer_158
ex:coin_5855,nmo:hasIssuer,ex:issuer_158
ex:coin_6091,nmo:hasIssuer,ex:issuer_158
ex:coin_6851,nmo:hasIssuer,ex:issuer_158
ex:coin_6852,nmo:hasIssuer,ex:issuer_158
ex:coin_7008,nmo:hasIssuer,ex:issuer_158
ex:coin_7009,nmo:hasIssuer,ex:issuer_158
ex:coin_7010,nmo:hasIssuer,ex:issuer_158
ex:coin_7011,nmo:hasIssuer,ex:issuer_158
ex:coin_7883,nmo:hasIssuer,ex:issuer_158
ex:coin_7884,nmo:hasIssuer,ex:issuer_158
ex:coin_7885,nmo:hasIssuer,ex:issuer_158
ex:coin_7886,nmo:hasIssuer,ex:issuer_158
ex:coin_7887,nmo:hasIssuer,ex:issuer_158
ex:coin_7906,nmo:hasIssuer,ex:issuer_158
ex:coin_8061,nmo:hasIssuer,ex:issuer_158
ex:coin_8590,nmo:hasIssuer,ex:issuer_158
ex:coin_10987,nmo:hasIssuer,ex:issuer_158
ex:coin_11033,nmo:hasIssuer,ex:issuer_158
ex:coin_12531,nmo:hasIssuer,ex:issuer_158
ex:coin_12532,nmo:hasIssuer,ex:issuer_158
ex:coin_13729,nmo:hasIssuer,ex:issuer_158
ex:coin_14986,nmo:hasIssuer,ex:issuer_158
ex:coin_15786,nmo:hasIssuer,ex:issuer_158
ex:coin_15787,nmo:hasIssuer,ex:issuer_158
ex:coin_16606,nmo:hasIssuer,ex:issuer_158
ex:coin_16789,nmo:hasIssuer,ex:issuer_158
ex:coin_27385,nmo:hasIssuer,ex:issuer_158
ex:coin_28510,nmo:hasIssuer,ex:issuer_158
ex:coin_28511,nmo:hasIssuer,ex:issuer_158
ex:coin_29154,nmo:hasIssuer,ex:issuer_158
ex:coin_29619,nmo:hasIssuer,ex:issuer_158
ex:coin_29621,nmo:hasIssuer,ex:issuer_158
ex:coin_29622,nmo:hasIssuer,ex:issuer_158
ex:coin_30003,nmo:hasIssuer,ex:issuer_158
ex:coin_30346,nmo:hasIssuer,ex:issuer_158
ex:coin_30438,nmo:hasIssuer,ex:issuer_158
ex:coin_30483,nmo:hasIssuer,ex:issuer_158
ex:coin_30517,nmo:hasIssuer,ex:issuer_158
ex:coin_30780,nmo:hasIssuer,ex:issuer_158
ex:coin_30869,nmo:hasIssuer,ex:issuer_158
ex:coin_31565,nmo:hasIssuer,ex:issuer_158
ex:coin_31684,nmo:hasIssuer,ex:issuer_158
ex:coin_31718,nmo:hasIssuer,ex:issuer_158
ex:coin_31803,nmo:hasIssuer,ex:issuer_158
ex:coin_31940,nmo:hasIssuer,ex:issuer_158
ex:coin_31981,nmo:hasIssuer,ex:issuer_158
ex:coin_32013,nmo:hasIssuer,ex:issuer_158
ex:coin_32042,nmo:hasIssuer,ex:issuer_158
ex:coin_32247,nmo:hasIssuer,ex:issuer_158
ex:coin_32293,nmo:hasIssuer,ex:issuer_158
ex:coin_32308,nmo:hasIssuer,ex:issuer_158
ex:coin_32411,nmo:hasIssuer,ex:issuer_158
ex:coin_32533,nmo:hasIssuer,ex:issuer_158
ex:coin_32579,nmo:hasIssuer,ex:issuer_158
ex:coin_32595,nmo:hasIssuer,ex:issuer_158
ex:coin_32656,nmo:hasIssuer,ex:issuer_158
ex:coin_32669,nmo:hasIssuer,ex:issuer_158
ex:coin_32741,nmo:hasIssuer,ex:issuer_158
ex:coin_32917,nmo:hasIssuer,ex:issuer_158
ex:coin_32926,nmo:hasIssuer,ex:issuer_158
ex:coin_33359,nmo:hasIssuer,ex:issuer_158
ex:coin_33371,nmo:hasIssuer,ex:issuer_158
ex:coin_33437,nmo:hasIssuer,ex:issuer_158
ex:coin_33455,nmo:hasIssuer,ex:issuer_158
ex:coin_33862,nmo:hasIssuer,ex:issuer_158
ex:coin_33868,nmo:hasIssuer,ex:issuer_158
ex:coin_34294,nmo:hasIssuer,ex:issuer_158
ex:coin_34445,nmo:hasIssuer,ex:issuer_158
ex:coin_37877,nmo:hasIssuer,ex:issuer_158
ex:coin_37897,nmo:hasIssuer,ex:issuer_158
ex:coin_37934,nmo:hasIssuer,ex:issuer_158
ex:coin_37987,nmo:hasIssuer,ex:issuer_158
ex:coin_38016,nmo:hasIssuer,ex:issuer_158
ex:coin_38022,nmo:hasIssuer,ex:issuer_158
ex:coin_38026,nmo:hasIssuer,ex:issuer_158
ex:coin_38041,nmo:hasIssuer,ex:issuer_158
ex:coin_38047,nmo:hasIssuer,ex:issuer_158
ex:coin_38048,nmo:hasIssuer,ex:issuer_158
ex:coin_38126,nmo:hasIssuer,ex:issuer_158
ex:coin_38138,nmo:hasIssuer,ex:issuer_158
ex:coin_38238,nmo:hasIssuer,ex:issuer_158
ex:coin_38245,nmo:hasIssuer,ex:issuer_158
ex:coin_38345,nmo:hasIssuer,ex:issuer_158
ex:coin_38388,nmo:hasIssuer,ex:issuer_158
ex:coin_38433,nmo:hasIssuer,ex:issuer_158
ex:coin_38482,nmo:hasIssuer,ex:issuer_158
ex:coin_39784,nmo:hasIssuer,ex:issuer_158
ex:coin_40081,nmo:hasIssuer,ex:issuer_158
ex:coin_16547,nmo:hasIssuer,ex:issuer_163
ex:coin_16547,nmo:hasIssuer,ex:issuer_165
ex:coin_16547,nmo:hasIssuer,ex:issuer_171
ex:coin_16553,nmo:hasIssuer,ex:issuer_163
ex:coin_16553,nmo:hasIssuer,ex:issuer_165
ex:coin_16553,nmo:hasIssuer,ex:issuer_171
ex:coin_16560,nmo:hasIssuer,ex:issuer_163
ex:coin_16560,nmo:hasIssuer,ex:issuer_165
ex:coin_16560,nmo:hasIssuer,ex:issuer_171
ex:coin_16563,nmo:hasIssuer,ex:issuer_163
ex:coin_16564,nmo:hasIssuer,ex:issuer_163
ex:coin_16564,nmo:hasIssuer,ex:issuer_165
ex:coin_16564,nmo:hasIssuer,ex:issuer_171
ex:coin_16568,nmo:hasIssuer,ex:issuer_163
ex:coin_9158,nmo:hasIssuer,ex:issuer_167
ex:coin_16562,nmo:hasIssuer,ex:issuer_171
ex:coin_3125,nmo:hasIssuer,ex:issuer_177
ex:coin_5499,nmo:hasIssuer,ex:issuer_177
ex:coin_6871,nmo:hasIssuer,ex:issuer_177
ex:coin_8450,nmo:hasIssuer,ex:issuer_177
ex:coin_8771,nmo:hasIssuer,ex:issuer_177
ex:coin_8827,nmo:hasIssuer,ex:issuer_177
ex:coin_8828,nmo:hasIssuer,ex:issuer_177
ex:coin_8829,nmo:hasIssuer,ex:issuer_177
ex:coin_8830,nmo:hasIssuer,ex:issuer_177
ex:coin_8831,nmo:hasIssuer,ex:issuer_177
ex:coin_8861,nmo:hasIssuer,ex:issuer_177
ex:coin_8862,nmo:hasIssuer,ex:issuer_177
ex:coin_8863,nmo:hasIssuer,ex:issuer_177
ex:coin_8864,nmo:hasIssuer,ex:issuer_177
ex:coin_8865,nmo:hasIssuer,ex:issuer_177
ex:coin_8866,nmo:hasIssuer,ex:issuer_177
ex:coin_8867,nmo:hasIssuer,ex:issuer_177
ex:coin_8868,nmo:hasIssuer,ex:issuer_177
ex:coin_8869,nmo:hasIssuer,ex:issuer_177
ex:coin_8870,nmo:hasIssuer,ex:issuer_177
ex:coin_8871,nmo:hasIssuer,ex:issuer_177
ex:coin_8872,nmo:hasIssuer,ex:issuer_177
ex:coin_8873,nmo:hasIssuer,ex:issuer_177
ex:coin_8874,nmo:hasIssuer,ex:issuer_177
ex:coin_8875,nmo:hasIssuer,ex:issuer_177
ex:coin_8876,nmo:hasIssuer,ex:issuer_177
ex:coin_8877,nmo:hasIssuer,ex:issuer_177
ex:coin_8878,nmo:hasIssuer,ex:issuer_177
ex:coin_8879,nmo:hasIssuer,ex:issuer_177
ex:coin_8880,nmo:hasIssuer,ex:issuer_177
ex:coin_14538,nmo:hasIssuer,ex:issuer_177
ex:coin_30059,nmo:hasIssuer,ex:issuer_182
ex:coin_36467,nmo:hasIssuer,ex:issuer_182
ex:coin_36481,nmo:hasIssuer,ex:issuer_182
ex:coin_5474,nmo:hasIssuer,ex:issuer_189
ex:coin_7471,nmo:hasIssuer,ex:issuer_189
ex:coin_14460,nmo:hasIssuer,ex:issuer_189
ex:coin_14462,nmo:hasIssuer,ex:issuer_189
ex:coin_28002,nmo:hasIssuer,ex:issuer_189
ex:coin_30179,nmo:hasIssuer,ex:issuer_189
ex:coin_30640,nmo:hasIssuer,ex:issuer_189
ex:coin_37753,nmo:hasIssuer,ex:issuer_189
ex:coin_37858,nmo:hasIssuer,ex:issuer_189
ex:coin_9925,nmo:hasIssuer,ex:issuer_216
ex:coin_38946,nmo:hasIssuer,ex:issuer_216
ex:coin_6360,nmo:hasIssuer,ex:issuer_225
ex:coin_11944,nmo:hasIssuer,ex:issuer_225
ex:coin_36414,nmo:hasIssuer,ex:issuer_225
ex:coin_37224,nmo:hasIssuer,ex:issuer_257
ex:coin_7293,nmo:hasIssuer,ex:issuer_285
ex:coin_5554,nmo:hasIssuer,ex:issuer_288
ex:coin_6607,nmo:hasIssuer,ex:issuer_288
ex:coin_8586,nmo:hasIssuer,ex:issuer_288
ex:coin_9258,nmo:hasIssuer,ex:issuer_288
ex:coin_9976,nmo:hasIssuer,ex:issuer_288
ex:coin_10055,nmo:hasIssuer,ex:issuer_288
ex:coin_10055,nmo:hasIssuer,ex:issuer_289
ex:coin_11553,nmo:hasIssuer,ex:issuer_288
ex:coin_12055,nmo:hasIssuer,ex:issuer_288
ex:coin_15860,nmo:hasIssuer,ex:issuer_288
ex:coin_16115,nmo:hasIssuer,ex:issuer_288
ex:coin_16671,nmo:hasIssuer,ex:issuer_288
ex:coin_16750,nmo:hasIssuer,ex:issuer_288
ex:coin_36556,nmo:hasIssuer,ex:issuer_288
ex:coin_40587,nmo:hasIssuer,ex:issuer_288
ex:coin_40588,nmo:hasIssuer,ex:issuer_288
ex:coin_40589,nmo:hasIssuer,ex:issuer_288
ex:coin_40590,nmo:hasIssuer,ex:issuer_288
ex:coin_40591,nmo:hasIssuer,ex:issuer_288
ex:coin_40592,nmo:hasIssuer,ex:issuer_288
ex:coin_40593,nmo:hasIssuer,ex:issuer_288
ex:coin_40594,nmo:hasIssuer,ex:issuer_288
ex:coin_40595,nmo:hasIssuer,ex:issuer_288
ex:coin_40596,nmo:hasIssuer,ex:issuer_288
ex:coin_6159,nmo:hasIssuer,ex:issuer_289
ex:coin_13094,nmo:hasIssuer,ex:issuer_289
ex:coin_40607,nmo:hasIssuer,ex:issuer_289
ex:coin_40608,nmo:hasIssuer,ex:issuer_289
ex:coin_40609,nmo:hasIssuer,ex:issuer_289
ex:coin_40610,nmo:hasIssuer,ex:issuer_289
ex:coin_40611,nmo:hasIssuer,ex:issuer_289
ex:coin_40612,nmo:hasIssuer,ex:issuer_289
ex:coin_40613,nmo:hasIssuer,ex:issuer_289
ex:coin_177,nmo:hasIssuer,ex:uncertain
ex:coin_210,nmo:hasIssuer,ex:uncertain
ex:coin_9497,nmo:hasIssuer,ex:uncertain
ex:coin_12365,nmo:hasIssuer,ex:uncertain
ex:coin_12366,nmo:hasIssuer,ex:uncertain
ex:coin_18266,nmo:hasIssuer,ex:uncertain
ex:coin_31736,nmo:hasIssuer,ex:uncertain
ex:coin_35130,nmo:hasIssuer,ex:uncertain
ex:coin_35179,nmo:hasIssuer,ex:uncertain
ex:coin_35289,nmo:hasIssuer,ex:uncertain
ex:coin_6877,nmo:hasIssuer,ex:uncertain
ex:coin_41535,nmo:hasIssuer,ex:uncertain
ex:coin_13130,nmo:hasIssuer,ex:uncertain
ex:coin_28646,nmo:hasIssuer,ex:uncertain
ex:coin_30166,nmo:hasIssuer,ex:uncertain
ex:coin_42931,nmo:hasIssuer,ex:uncertain
ex:coin_18690,nmo:hasIssuer,ex:uncertain
ex:coin_737,nmo:hasIssuer,ex:uncertain
ex:coin_5975,nmo:hasIssuer,ex:uncertain
ex:coin_6455,nmo:hasIssuer,ex:uncertain
ex:coin_6528,nmo:hasIssuer,ex:uncertain
ex:coin_9487,nmo:hasIssuer,ex:uncertain
ex:coin_10165,nmo:hasIssuer,ex:uncertain
ex:coin_12284,nmo:hasIssuer,ex:uncertain
ex:coin_12982,nmo:hasIssuer,ex:uncertain
ex:coin_15663,nmo:hasIssuer,ex:uncertain
ex:coin_15962,nmo:hasIssuer,ex:uncertain
ex:coin_16012,nmo:hasIssuer,ex:uncertain
ex:coin_16219,nmo:hasIssuer,ex:uncertain
ex:coin_18031,nmo:hasIssuer,ex:uncertain
ex:coin_18050,nmo:hasIssuer,ex:uncertain
ex:coin_18235,nmo:hasIssuer,ex:uncertain
ex:coin_27987,nmo:hasIssuer,ex:uncertain
ex:coin_28681,nmo:hasIssuer,ex:uncertain
ex:coin_30074,nmo:hasIssuer,ex:uncertain
ex:coin_30220,nmo:hasIssuer,ex:uncertain
ex:coin_32387,nmo:hasIssuer,ex:uncertain
ex:coin_34794,nmo:hasIssuer,ex:uncertain
ex:coin_35937,nmo:hasIssuer,ex:uncertain
ex:coin_39112,nmo:hasIssuer,ex:uncertain
ex:coin_18484,nmo:hasIssuer,ex:uncertain
ex:coin_31273,nmo:hasIssuer,ex:uncertain
ex:coin_42848,nmo:hasIssuer,ex:uncertain
ex:coin_6137,nmo:hasIssuer,ex:uncertain
ex:coin_7557,nmo:hasIssuer,ex:uncertain
ex:coin_18639,nmo:hasIssuer,ex:uncertain
ex:coin_17839,nmo:hasIssuer,ex:uncertain
ex:coin_16709,nmo:hasIssuer,ex:uncertain
ex:coin_28053,nmo:hasIssuer,ex:uncertain
ex:coin_30150,nmo:hasIssuer,ex:uncertain
ex:coin_30151,nmo:hasIssuer,ex:uncertain
ex:coin_31176,nmo:hasIssuer,ex:uncertain
ex:coin_14411,nmo:hasIssuer,ex:uncertain
ex:coin_34828,nmo:hasIssuer,ex:uncertain
ex:coin_37009,nmo:hasIssuer,ex:uncertain
ex:coin_40839,nmo:hasIssuer,ex:uncertain
ex:coin_40845,nmo:hasIssuer,ex:uncertain
ex:coin_6016,nmo:hasIssuer,ex:uncertain
ex:coin_28589,nmo:hasIssuer,ex:uncertain
ex:coin_29440,nmo:hasIssuer,ex:uncertain
ex:coin_29939,nmo:hasIssuer,ex:uncertain
ex:coin_30152,nmo:hasIssuer,ex:uncertain
ex:coin_30495,nmo:hasIssuer,ex:uncertain
ex:coin_30945,nmo:hasIssuer,ex:uncertain
ex:coin_32258,nmo:hasIssuer,ex:uncertain
ex:coin_34165,nmo:hasIssuer,ex:uncertain
ex:coin_34267,nmo:hasIssuer,ex:uncertain
ex:coin_34413,nmo:hasIssuer,ex:uncertain
ex:coin_34417,nmo:hasIssuer,ex:uncertain
ex:coin_34630,nmo:hasIssuer,ex:uncertain
ex:coin_34631,nmo:hasIssuer,ex:uncertain
ex:coin_34632,nmo:hasIssuer,ex:uncertain
ex:coin_34633,nmo:hasIssuer,ex:uncertain
ex:coin_34634,nmo:hasIssuer,ex:uncertain
ex:coin_34635,nmo:hasIssuer,ex:uncertain
ex:coin_40667,nmo:hasIssuer,ex:uncertain
ex:coin_40677,nmo:hasIssuer,ex:uncertain
ex:coin_40680,nmo:hasIssuer,ex:uncertain
ex:coin_6559,nmo:hasIssuer,ex:uncertain
ex:coin_9815,nmo:hasIssuer,ex:uncertain
ex:coin_28484,nmo:hasIssuer,ex:uncertain
ex:coin_28591,nmo:hasIssuer,ex:uncertain
ex:coin_29041,nmo:hasIssuer,ex:uncertain
ex:coin_29428,nmo:hasIssuer,ex:uncertain
ex:coin_29924,nmo:hasIssuer,ex:uncertain
ex:coin_30082,nmo:hasIssuer,ex:uncertain
ex:coin_30205,nmo:hasIssuer,ex:uncertain
ex:coin_31677,nmo:hasIssuer,ex:uncertain
ex:coin_37517,nmo:hasIssuer,ex:uncertain
ex:coin_37826,nmo:hasIssuer,ex:uncertain
ex:coin_14540,nmo:hasIssuer,ex:uncertain
ex:coin_14541,nmo:hasIssuer,ex:uncertain
ex:coin_14542,nmo:hasIssuer,ex:uncertain
ex:coin_14544,nmo:hasIssuer,ex:uncertain
ex:coin_14547,nmo:hasIssuer,ex:uncertain
ex:coin_14562,nmo:hasIssuer,ex:uncertain
ex:coin_14563,nmo:hasIssuer,ex:uncertain
ex:coin_14565,nmo:hasIssuer,ex:uncertain
ex:coin_18185,nmo:hasIssuer,ex:uncertain
ex:coin_1008,nmo:hasIssuer,ex:uncertain
ex:coin_14447,nmo:hasIssuer,ex:uncertain
ex:coin_14548,nmo:hasIssuer,ex:uncertain
ex:coin_14549,nmo:hasIssuer,ex:uncertain
ex:coin_14556,nmo:hasIssuer,ex:uncertain
ex:coin_14761,nmo:hasIssuer,ex:uncertain
ex:coin_15098,nmo:hasIssuer,ex:uncertain
ex:coin_16203,nmo:hasIssuer,ex:uncertain
ex:coin_30206,nmo:hasIssuer,ex:uncertain
ex:coin_33570,nmo:hasIssuer,ex:uncertain
ex:coin_41479,nmo:hasIssuer,ex:uncertain
ex:coin_34,nmo:hasPortrait,ex:person_60
ex:coin_126,nmo:hasPortrait,ex:person_60
ex:coin_166,nmo:hasPortrait,ex:person_60
ex:coin_177,nmo:hasPortrait,ex:person_60
ex:coin_210,nmo:hasPortrait,ex:person_60
ex:coin_1416,nmo:hasPortrait,ex:person_60
ex:coin_1417,nmo:hasPortrait,ex:person_60
ex:coin_911,nmo:hasPortrait,ex:person_71
ex:coin_1534,nmo:hasPortrait,ex:person_2
ex:coin_1592,nmo:hasPortrait,ex:person_2
ex:coin_1601,nmo:hasPortrait,ex:person_2
ex:coin_1607,nmo:hasPortrait,ex:person_2
ex:coin_1609,nmo:hasPortrait,ex:person_2
ex:coin_1812,nmo:hasPortrait,ex:person_2
ex:coin_5770,nmo:hasPortrait,ex:person_107
ex:coin_6421,nmo:hasPortrait,ex:person_2
ex:coin_9073,nmo:hasPortrait,ex:person_2
ex:coin_9427,nmo:hasPortrait,ex:person_2
ex:coin_9497,nmo:hasPortrait,ex:person_4
ex:coin_10123,nmo:hasPortrait,ex:person_2
ex:coin_10154,nmo:hasPortrait,ex:person_2
ex:coin_11651,nmo:hasPortrait,ex:person_2
ex:coin_12037,nmo:hasPortrait,ex:person_2
ex:coin_12365,nmo:hasPortrait,ex:person_2
ex:coin_12366,nmo:hasPortrait,ex:person_2
ex:coin_12831,nmo:hasPortrait,ex:person_2
ex:coin_13232,nmo:hasPortrait,ex:person_2
ex:coin_13504,nmo:hasPortrait,ex:person_2
ex:coin_14201,nmo:hasPortrait,ex:person_2
ex:coin_15055,nmo:hasPortrait,ex:person_2
ex:coin_16275,nmo:hasPortrait,ex:person_2
ex:coin_16276,nmo:hasPortrait,ex:person_2
ex:coin_17623,nmo:hasPortrait,ex:person_2
ex:coin_18266,nmo:hasPortrait,ex:person_2
ex:coin_18398,nmo:hasPortrait,ex:person_2
ex:coin_28157,nmo:hasPortrait,ex:person_2
ex:coin_28158,nmo:hasPortrait,ex:person_2
ex:coin_28159,nmo:hasPortrait,ex:person_2
ex:coin_28160,nmo:hasPortrait,ex:person_2
ex:coin_28161,nmo:hasPortrait,ex:person_2
ex:coin_28162,nmo:hasPortrait,ex:person_2
ex:coin_28163,nmo:hasPortrait,ex:person_2
ex:coin_28164,nmo:hasPortrait,ex:person_2
ex:coin_28165,nmo:hasPortrait,ex:person_2
ex:coin_28166,nmo:hasPortrait,ex:person_2
ex:coin_28167,nmo:hasPortrait,ex:person_2
ex:coin_28168,nmo:hasPortrait,ex:person_2
ex:coin_28169,nmo:hasPortrait,ex:person_2
ex:coin_28170,nmo:hasPortrait,ex:person_2
ex:coin_28171,nmo:hasPortrait,ex:person_2
ex:coin_28172,nmo:hasPortrait,ex:person_2
ex:coin_28173,nmo:hasPortrait,ex:person_2
ex:coin_28174,nmo:hasPortrait,ex:person_2
ex:coin_28175,nmo:hasPortrait,ex:person_2
ex:coin_28176,nmo:hasPortrait,ex:person_2
ex:coin_28177,nmo:hasPortrait,ex:person_2
ex:coin_28178,nmo:hasPortrait,ex:person_2
ex:coin_28179,nmo:hasPortrait,ex:person_2
ex:coin_28180,nmo:hasPortrait,ex:person_2
ex:coin_28181,nmo:hasPortrait,ex:person_2
ex:coin_28182,nmo:hasPortrait,ex:person_2
ex:coin_28183,nmo:hasPortrait,ex:person_2
ex:coin_28184,nmo:hasPortrait,ex:person_2
ex:coin_28185,nmo:hasPortrait,ex:person_2
ex:coin_28186,nmo:hasPortrait,ex:person_2
ex:coin_28187,nmo:hasPortrait,ex:person_2
ex:coin_28188,nmo:hasPortrait,ex:person_2
ex:coin_28189,nmo:hasPortrait,ex:person_2
ex:coin_28190,nmo:hasPortrait,ex:person_2
ex:coin_28191,nmo:hasPortrait,ex:person_2
ex:coin_28192,nmo:hasPortrait,ex:person_2
ex:coin_28193,nmo:hasPortrait,ex:person_2
ex:coin_28194,nmo:hasPortrait,ex:person_2
ex:coin_28195,nmo:hasPortrait,ex:person_2
ex:coin_28196,nmo:hasPortrait,ex:person_2
ex:coin_28380,nmo:hasPortrait,ex:person_2
ex:coin_29574,nmo:hasPortrait,ex:person_2
ex:coin_30207,nmo:hasPortrait,ex:person_2
ex:coin_30573,nmo:hasPortrait,ex:person_2
ex:coin_30613,nmo:hasPortrait,ex:person_2
ex:coin_31632,nmo:hasPortrait,ex:person_2
ex:coin_31658,nmo:hasPortrait,ex:person_2
ex:coin_31736,nmo:hasPortrait,ex:person_2
ex:coin_32034,nmo:hasPortrait,ex:person_2
ex:coin_32267,nmo:hasPortrait,ex:person_2
ex:coin_32568,nmo:hasPortrait,ex:person_2
ex:coin_33331,nmo:hasPortrait,ex:person_2
ex:coin_33518,nmo:hasPortrait,ex:person_2
ex:coin_33577,nmo:hasPortrait,ex:person_2
ex:coin_34220,nmo:hasPortrait,ex:person_2
ex:coin_34318,nmo:hasPortrait,ex:person_2
ex:coin_34365,nmo:hasPortrait,ex:person_2
ex:coin_34522,nmo:hasPortrait,ex:person_2
ex:coin_34629,nmo:hasPortrait,ex:person_4
ex:coin_34697,nmo:hasPortrait,ex:person_2
ex:coin_34837,nmo:hasPortrait,ex:person_2
ex:coin_35007,nmo:hasPortrait,ex:person_2
ex:coin_35008,nmo:hasPortrait,ex:person_2
ex:coin_35072,nmo:hasPortrait,ex:person_2
ex:coin_35073,nmo:hasPortrait,ex:person_2
ex:coin_35074,nmo:hasPortrait,ex:person_2
ex:coin_35130,nmo:hasPortrait,ex:person_2
ex:coin_35149,nmo:hasPortrait,ex:person_2
ex:coin_35235,nmo:hasPortrait,ex:person_2
ex:coin_35241,nmo:hasPortrait,ex:person_2
ex:coin_35279,nmo:hasPortrait,ex:person_2
ex:coin_36829,nmo:hasPortrait,ex:person_2
ex:coin_36865,nmo:hasPortrait,ex:person_2
ex:coin_36971,nmo:hasPortrait,ex:person_2
ex:coin_284,nmo:hasPortrait,ex:person_46
ex:coin_1535,nmo:hasPortrait,ex:person_4
ex:coin_1585,nmo:hasPortrait,ex:person_4
ex:coin_1791,nmo:hasPortrait,ex:person_4
ex:coin_1876,nmo:hasPortrait,ex:person_4
ex:coin_1877,nmo:hasPortrait,ex:person_4
ex:coin_1878,nmo:hasPortrait,ex:person_4
ex:coin_1879,nmo:hasPortrait,ex:person_4
ex:coin_1880,nmo:hasPortrait,ex:person_4
ex:coin_5350,nmo:hasPortrait,ex:person_4
ex:coin_5405,nmo:hasPortrait,ex:person_4
ex:coin_5756,nmo:hasPortrait,ex:person_156
ex:coin_6197,nmo:hasPortrait,ex:person_4
ex:coin_6448,nmo:hasPortrait,ex:person_4
ex:coin_6505,nmo:hasPortrait,ex:person_4
ex:coin_6555,nmo:hasPortrait,ex:person_4
ex:coin_6612,nmo:hasPortrait,ex:person_107
ex:coin_7550,nmo:hasPortrait,ex:person_4
ex:coin_7922,nmo:hasPortrait,ex:person_154
ex:coin_7999,nmo:hasPortrait,ex:person_4
ex:coin_8376,nmo:hasPortrait,ex:person_4
ex:coin_8562,nmo:hasPortrait,ex:person_107
ex:coin_8581,nmo:hasPortrait,ex:person_4
ex:coin_8681,nmo:hasPortrait,ex:person_4
ex:coin_10956,nmo:hasPortrait,ex:person_4
ex:coin_11034,nmo:hasPortrait,ex:person_4
ex:coin_11035,nmo:hasPortrait,ex:person_4
ex:coin_13087,nmo:hasPortrait,ex:person_4
ex:coin_13426,nmo:hasPortrait,ex:person_4
ex:coin_14185,nmo:hasPortrait,ex:person_4
ex:coin_14190,nmo:hasPortrait,ex:person_4
ex:coin_14202,nmo:hasPortrait,ex:person_4
ex:coin_15659,nmo:hasPortrait,ex:person_4
ex:coin_16416,nmo:hasPortrait,ex:person_4
ex:coin_16419,nmo:hasPortrait,ex:person_4
ex:coin_18377,nmo:hasPortrait,ex:person_4
ex:coin_35009,nmo:hasPortrait,ex:person_4
ex:coin_35010,nmo:hasPortrait,ex:person_4
ex:coin_35011,nmo:hasPortrait,ex:person_4
ex:coin_35012,nmo:hasPortrait,ex:person_4
ex:coin_35013,nmo:hasPortrait,ex:person_4
ex:coin_35014,nmo:hasPortrait,ex:person_4
ex:coin_35015,nmo:hasPortrait,ex:person_4
ex:coin_35016,nmo:hasPortrait,ex:person_4
ex:coin_35077,nmo:hasPortrait,ex:person_4
ex:coin_35102,nmo:hasPortrait,ex:person_4
ex:coin_35103,nmo:hasPortrait,ex:person_4
ex:coin_35118,nmo:hasPortrait,ex:person_4
ex:coin_35125,nmo:hasPortrait,ex:person_4
ex:coin_35167,nmo:hasPortrait,ex:person_4
ex:coin_35169,nmo:hasPortrait,ex:person_4
ex:coin_35179,nmo:hasPortrait,ex:person_4
ex:coin_35196,nmo:hasPortrait,ex:person_4
ex:coin_35203,nmo:hasPortrait,ex:person_4
ex:coin_35204,nmo:hasPortrait,ex:person_4
ex:coin_35210,nmo:hasPortrait,ex:person_4
ex:coin_35212,nmo:hasPortrait,ex:person_4
ex:coin_35228,nmo:hasPortrait,ex:person_4
ex:coin_35233,nmo:hasPortrait,ex:person_4
ex:coin_35243,nmo:hasPortrait,ex:person_4
ex:coin_35250,nmo:hasPortrait,ex:person_4
ex:coin_35256,nmo:hasPortrait,ex:person_4
ex:coin_35261,nmo:hasPortrait,ex:person_4
ex:coin_35268,nmo:hasPortrait,ex:person_4
ex:coin_35285,nmo:hasPortrait,ex:person_4
ex:coin_35289,nmo:hasPortrait,ex:person_4
ex:coin_36972,nmo:hasPortrait,ex:person_4
ex:coin_36978,nmo:hasPortrait,ex:person_4
ex:coin_36986,nmo:hasPortrait,ex:person_4
ex:coin_36987,nmo:hasPortrait,ex:person_4
ex:coin_36988,nmo:hasPortrait,ex:person_4
ex:coin_41407,nmo:hasPortrait,ex:person_156
ex:coin_42924,nmo:hasPortrait,ex:person_4
ex:coin_795,nmo:hasPortrait,ex:person_4
ex:coin_6249,nmo:hasPortrait,ex:person_5
ex:coin_6567,nmo:hasPortrait,ex:person_4
ex:coin_6718,nmo:hasPortrait,ex:person_5
ex:coin_6877,nmo:hasPortrait,ex:person_108
ex:coin_7620,nmo:hasPortrait,ex:person_5
ex:coin_9081,nmo:hasPortrait,ex:person_108
ex:coin_10543,nmo:hasPortrait,ex:person_107
ex:coin_12495,nmo:hasPortrait,ex:person_107
ex:coin_12593,nmo:hasPortrait,ex:person_5
ex:coin_12636,nmo:hasPortrait,ex:person_107
ex:coin_14212,nmo:hasPortrait,ex:person_5
ex:coin_15001,nmo:hasPortrait,ex:person_5
ex:coin_15115,nmo:hasPortrait,ex:person_107
ex:coin_15118,nmo:hasPortrait,ex:person_107
ex:coin_16252,nmo:hasPortrait,ex:person_107
ex:coin_33323,nmo:hasPortrait,ex:person_4
ex:coin_34976,nmo:hasPortrait,ex:person_107
ex:coin_34977,nmo:hasPortrait,ex:person_107
ex:coin_34978,nmo:hasPortrait,ex:person_107
ex:coin_34980,nmo:hasPortrait,ex:person_5
ex:coin_35021,nmo:hasPortrait,ex:person_107
ex:coin_35022,nmo:hasPortrait,ex:person_5
ex:coin_35023,nmo:hasPortrait,ex:person_5
ex:coin_35024,nmo:hasPortrait,ex:person_5
ex:coin_35025,nmo:hasPortrait,ex:person_5
ex:coin_35026,nmo:hasPortrait,ex:person_5
ex:coin_35027,nmo:hasPortrait,ex:person_5
ex:coin_35056,nmo:hasPortrait,ex:person_4
ex:coin_35080,nmo:hasPortrait,ex:person_107
ex:coin_35081,nmo:hasPortrait,ex:person_107
ex:coin_35119,nmo:hasPortrait,ex:person_4
ex:coin_35135,nmo:hasPortrait,ex:person_4
ex:coin_35140,nmo:hasPortrait,ex:person_4
ex:coin_35145,nmo:hasPortrait,ex:person_5
ex:coin_35209,nmo:hasPortrait,ex:person_5
ex:coin_35217,nmo:hasPortrait,ex:person_107
ex:coin_35220,nmo:hasPortrait,ex:person_5
ex:coin_35224,nmo:hasPortrait,ex:person_107
ex:coin_35225,nmo:hasPortrait,ex:person_107
ex:coin_35252,nmo:hasPortrait,ex:person_5
ex:coin_35278,nmo:hasPortrait,ex:person_107
ex:coin_35293,nmo:hasPortrait,ex:person_4
ex:coin_36973,nmo:hasPortrait,ex:person_5
ex:coin_1792,nmo:hasPortrait,ex:person_4
ex:coin_7490,nmo:hasPortrait,ex:person_112
ex:coin_8432,nmo:hasPortrait,ex:person_5
ex:coin_8518,nmo:hasPortrait,ex:person_112
ex:coin_8583,nmo:hasPortrait,ex:person_5
ex:coin_9277,nmo:hasPortrait,ex:person_112
ex:coin_12758,nmo:hasPortrait,ex:person_108
ex:coin_16622,nmo:hasPortrait,ex:person_112
ex:coin_28104,nmo:hasPortrait,ex:person_109
ex:coin_34981,nmo:hasPortrait,ex:person_5
ex:coin_35262,nmo:hasPortrait,ex:person_184
ex:coin_40147,nmo:hasPortrait,ex:person_108
ex:coin_41405,nmo:hasPortrait,ex:person_112
ex:coin_41535,nmo:hasPortrait,ex:person_155
ex:coin_35263,nmo:hasPortrait,ex:person_6
ex:coin_796,nmo:hasPortrait,ex:person_7
ex:coin_799,nmo:hasPortrait,ex:person_7
ex:coin_806,nmo:hasPortrait,ex:person_6
ex:coin_842,nmo:hasPortrait,ex:person_7
ex:coin_844,nmo:hasPortrait,ex:person_6
ex:coin_987,nmo:hasPortrait,ex:person_7
ex:coin_1161,nmo:hasPortrait,ex:person_6
ex:coin_1202,nmo:hasPortrait,ex:person_7
ex:coin_2895,nmo:hasPortrait,ex:person_6
ex:coin_2896,nmo:hasPortrait,ex:person_6
ex:coin_3158,nmo:hasPortrait,ex:person_7
ex:coin_3263,nmo:hasPortrait,ex:person_7
ex:coin_3264,nmo:hasPortrait,ex:person_7
ex:coin_3265,nmo:hasPortrait,ex:person_6
ex:coin_3379,nmo:hasPortrait,ex:person_7
ex:coin_3496,nmo:hasPortrait,ex:person_6
ex:coin_3497,nmo:hasPortrait,ex:person_6
ex:coin_3498,nmo:hasPortrait,ex:person_6
ex:coin_3499,nmo:hasPortrait,ex:person_6
ex:coin_3638,nmo:hasPortrait,ex:person_6
ex:coin_3639,nmo:hasPortrait,ex:person_6
ex:coin_3640,nmo:hasPortrait,ex:person_7
ex:coin_3641,nmo:hasPortrait,ex:person_7
ex:coin_3642,nmo:hasPortrait,ex:person_7
ex:coin_3643,nmo:hasPortrait,ex:person_7
ex:coin_3920,nmo:hasPortrait,ex:person_7
ex:coin_3921,nmo:hasPortrait,ex:person_7
ex:coin_3922,nmo:hasPortrait,ex:person_7
ex:coin_3923,nmo:hasPortrait,ex:person_7
ex:coin_3924,nmo:hasPortrait,ex:person_7
ex:coin_3925,nmo:hasPortrait,ex:person_7
ex:coin_3926,nmo:hasPortrait,ex:person_7
ex:coin_3927,nmo:hasPortrait,ex:person_7
ex:coin_4488,nmo:hasPortrait,ex:person_6
ex:coin_4489,nmo:hasPortrait,ex:person_6
ex:coin_4490,nmo:hasPortrait,ex:person_6
ex:coin_4491,nmo:hasPortrait,ex:person_6
ex:coin_4492,nmo:hasPortrait,ex:person_7
ex:coin_4493,nmo:hasPortrait,ex:person_7
ex:coin_4683,nmo:hasPortrait,ex:person_6
ex:coin_4797,nmo:hasPortrait,ex:person_6
ex:coin_4801,nmo:hasPortrait,ex:person_7
ex:coin_4802,nmo:hasPortrait,ex:person_7
ex:coin_5001,nmo:hasPortrait,ex:person_7
ex:coin_5011,nmo:hasPortrait,ex:person_6
ex:coin_5156,nmo:hasPortrait,ex:person_6
ex:coin_5157,nmo:hasPortrait,ex:person_6
ex:coin_5158,nmo:hasPortrait,ex:person_7
ex:coin_5159,nmo:hasPortrait,ex:person_7
ex:coin_5160,nmo:hasPortrait,ex:person_7
ex:coin_5411,nmo:hasPortrait,ex:person_6
ex:coin_5495,nmo:hasPortrait,ex:person_6
ex:coin_5655,nmo:hasPortrait,ex:person_6
ex:coin_6434,nmo:hasPortrait,ex:person_6
ex:coin_6540,nmo:hasPortrait,ex:person_6
ex:coin_7697,nmo:hasPortrait,ex:person_6
ex:coin_7698,nmo:hasPortrait,ex:person_6
ex:coin_7699,nmo:hasPortrait,ex:person_6
ex:coin_7700,nmo:hasPortrait,ex:person_6
ex:coin_7701,nmo:hasPortrait,ex:person_6
ex:coin_7702,nmo:hasPortrait,ex:person_6
ex:coin_7703,nmo:hasPortrait,ex:person_6
ex:coin_7704,nmo:hasPortrait,ex:person_7
ex:coin_7705,nmo:hasPortrait,ex:person_7
ex:coin_7706,nmo:hasPortrait,ex:person_7
ex:coin_7707,nmo:hasPortrait,ex:person_7
ex:coin_7708,nmo:hasPortrait,ex:person_7
ex:coin_7709,nmo:hasPortrait,ex:person_7
ex:coin_7710,nmo:hasPortrait,ex:person_7
ex:coin_8557,nmo:hasPortrait,ex:person_6
ex:coin_8925,nmo:hasPortrait,ex:person_6
ex:coin_8974,nmo:hasPortrait,ex:person_7
ex:coin_9298,nmo:hasPortrait,ex:person_6
ex:coin_10155,nmo:hasPortrait,ex:person_6
ex:coin_10163,nmo:hasPortrait,ex:person_6
ex:coin_10205,nmo:hasPortrait,ex:person_6
ex:coin_12028,nmo:hasPortrait,ex:person_6
ex:coin_12072,nmo:hasPortrait,ex:person_7
ex:coin_12297,nmo:hasPortrait,ex:person_6
ex:coin_12350,nmo:hasPortrait,ex:person_6
ex:coin_13130,nmo:hasPortrait,ex:person_6
ex:coin_13623,nmo:hasPortrait,ex:person_7
ex:coin_13732,nmo:hasPortrait,ex:person_7
ex:coin_13750,nmo:hasPortrait,ex:person_6
ex:coin_13778,nmo:hasPortrait,ex:person_6
ex:coin_13826,nmo:hasPortrait,ex:person_7
ex:coin_14317,nmo:hasPortrait,ex:person_6
ex:coin_14318,nmo:hasPortrait,ex:person_6
ex:coin_14319,nmo:hasPortrait,ex:person_6
ex:coin_15563,nmo:hasPortrait,ex:person_7
ex:coin_15602,nmo:hasPortrait,ex:person_6
ex:coin_15661,nmo:hasPortrait,ex:person_6
ex:coin_15691,nmo:hasPortrait,ex:person_7
ex:coin_16028,nmo:hasPortrait,ex:person_6
ex:coin_16043,nmo:hasPortrait,ex:person_7
ex:coin_16272,nmo:hasPortrait,ex:person_6
ex:coin_16645,nmo:hasPortrait,ex:person_6
ex:coin_16646,nmo:hasPortrait,ex:person_6
ex:coin_16797,nmo:hasPortrait,ex:person_6
ex:coin_17148,nmo:hasPortrait,ex:person_7
ex:coin_17795,nmo:hasPortrait,ex:person_7
ex:coin_28106,nmo:hasPortrait,ex:person_7
ex:coin_28215,nmo:hasPortrait,ex:person_6
ex:coin_28384,nmo:hasPortrait,ex:person_7
ex:coin_28385,nmo:hasPortrait,ex:person_7
ex:coin_28646,nmo:hasPortrait,ex:person_6
ex:coin_28782,nmo:hasPortrait,ex:person_7
ex:coin_30166,nmo:hasPortrait,ex:person_7
ex:coin_35464,nmo:hasPortrait,ex:person_6
ex:coin_35465,nmo:hasPortrait,ex:person_6
ex:coin_35466,nmo:hasPortrait,ex:person_7
ex:coin_35467,nmo:hasPortrait,ex:person_7
ex:coin_35495,nmo:hasPortrait,ex:person_7
ex:coin_35522,nmo:hasPortrait,ex:person_6
ex:coin_35530,nmo:hasPortrait,ex:person_7
ex:coin_35531,nmo:hasPortrait,ex:person_7
ex:coin_35544,nmo:hasPortrait,ex:person_7
ex:coin_35574,nmo:hasPortrait,ex:person_6
ex:coin_35602,nmo:hasPortrait,ex:person_6
ex:coin_35608,nmo:hasPortrait,ex:person_6
ex:coin_35620,nmo:hasPortrait,ex:person_6
ex:coin_35622,nmo:hasPortrait,ex:person_6
ex:coin_35628,nmo:hasPortrait,ex:person_6
ex:coin_35631,nmo:hasPortrait,ex:person_6
ex:coin_35633,nmo:hasPortrait,ex:person_6
ex:coin_35650,nmo:hasPortrait,ex:person_6
ex:coin_35660,nmo:hasPortrait,ex:person_7
ex:coin_40188,nmo:hasPortrait,ex:person_6
ex:coin_40189,nmo:hasPortrait,ex:person_6
ex:coin_40190,nmo:hasPortrait,ex:person_6
ex:coin_40191,nmo:hasPortrait,ex:person_6
ex:coin_40192,nmo:hasPortrait,ex:person_7
ex:coin_788,nmo:hasPortrait,ex:person_7
ex:coin_820,nmo:hasPortrait,ex:person_7
ex:coin_1129,nmo:hasPortrait,ex:person_9
ex:coin_1681,nmo:hasPortrait,ex:person_7
ex:coin_1966,nmo:hasPortrait,ex:person_9
ex:coin_2898,nmo:hasPortrait,ex:person_172
ex:coin_2982,nmo:hasPortrait,ex:person_7
ex:coin_3159,nmo:hasPortrait,ex:person_7
ex:coin_3160,nmo:hasPortrait,ex:person_7
ex:coin_3647,nmo:hasPortrait,ex:person_7
ex:coin_3648,nmo:hasPortrait,ex:person_9
ex:coin_3649,nmo:hasPortrait,ex:person_9
ex:coin_3650,nmo:hasPortrait,ex:person_9
ex:coin_3937,nmo:hasPortrait,ex:person_7
ex:coin_3938,nmo:hasPortrait,ex:person_7
ex:coin_3939,nmo:hasPortrait,ex:person_7
ex:coin_3940,nmo:hasPortrait,ex:person_7
ex:coin_3941,nmo:hasPortrait,ex:person_7
ex:coin_3942,nmo:hasPortrait,ex:person_7
ex:coin_3943,nmo:hasPortrait,ex:person_7
ex:coin_3944,nmo:hasPortrait,ex:person_7
ex:coin_3945,nmo:hasPortrait,ex:person_9
ex:coin_3946,nmo:hasPortrait,ex:person_9
ex:coin_3947,nmo:hasPortrait,ex:person_9
ex:coin_3948,nmo:hasPortrait,ex:person_172
ex:coin_3949,nmo:hasPortrait,ex:person_172
ex:coin_3950,nmo:hasPortrait,ex:person_172
ex:coin_4499,nmo:hasPortrait,ex:person_9
ex:coin_4799,nmo:hasPortrait,ex:person_9
ex:coin_4800,nmo:hasPortrait,ex:person_9
ex:coin_4876,nmo:hasPortrait,ex:person_172
ex:coin_5164,nmo:hasPortrait,ex:person_7
ex:coin_5165,nmo:hasPortrait,ex:person_7
ex:coin_5166,nmo:hasPortrait,ex:person_9
ex:coin_7502,nmo:hasPortrait,ex:person_7
ex:coin_7721,nmo:hasPortrait,ex:person_7
ex:coin_7722,nmo:hasPortrait,ex:person_7
ex:coin_7723,nmo:hasPortrait,ex:person_7
ex:coin_7724,nmo:hasPortrait,ex:person_7
ex:coin_7725,nmo:hasPortrait,ex:person_9
ex:coin_7726,nmo:hasPortrait,ex:person_9
ex:coin_8058,nmo:hasPortrait,ex:person_7
ex:coin_8137,nmo:hasPortrait,ex:person_9
ex:coin_8138,nmo:hasPortrait,ex:person_9
ex:coin_9498,nmo:hasPortrait,ex:person_172
ex:coin_10048,nmo:hasPortrait,ex:person_9
ex:coin_11581,nmo:hasPortrait,ex:person_7
ex:coin_13527,nmo:hasPortrait,ex:person_7
ex:coin_14115,nmo:hasPortrait,ex:person_9
ex:coin_14195,nmo:hasPortrait,ex:person_7
ex:coin_14975,nmo:hasPortrait,ex:person_172
ex:coin_15958,nmo:hasPortrait,ex:person_7
ex:coin_16287,nmo:hasPortrait,ex:person_7
ex:coin_17815,nmo:hasPortrait,ex:person_9
ex:coin_27298,nmo:hasPortrait,ex:person_5
ex:coin_33483,nmo:hasPortrait,ex:person_7
ex:coin_35473,nmo:hasPortrait,ex:person_7
ex:coin_35497,nmo:hasPortrait,ex:person_7
ex:coin_35498,nmo:hasPortrait,ex:person_172
ex:coin_35512,nmo:hasPortrait,ex:person_7
ex:coin_35570,nmo:hasPortrait,ex:person_7
ex:coin_35609,nmo:hasPortrait,ex:person_172
ex:coin_35634,nmo:hasPortrait,ex:person_7
ex:coin_35647,nmo:hasPortrait,ex:person_9
ex:coin_39116,nmo:hasPortrait,ex:person_7
ex:coin_42931,nmo:hasPortrait,ex:person_7
ex:coin_3996,nmo:hasPortrait,ex:person_152
ex:coin_5542,nmo:hasPortrait,ex:person_2
ex:coin_12497,nmo:hasPortrait,ex:person_9
ex:coin_35357,nmo:hasPortrait,ex:person_4
ex:coin_35414,nmo:hasPortrait,ex:person_4
ex:coin_1861,nmo:hasPortrait,ex:person_130
ex:coin_3553,nmo:hasPortrait,ex:person_189
ex:coin_3554,nmo:hasPortrait,ex:person_179
ex:coin_4285,nmo:hasPortrait,ex:person_189
ex:coin_4286,nmo:hasPortrait,ex:person_179
ex:coin_4287,nmo:hasPortrait,ex:person_179
ex:coin_6322,nmo:hasPortrait,ex:person_179
ex:coin_7738,nmo:hasPortrait,ex:person_179
ex:coin_40180,nmo:hasPortrait,ex:person_179
ex:coin_42315,nmo:hasPortrait,ex:person_4
ex:coin_269,nmo:hasPortrait,ex:person_12
ex:coin_762,nmo:hasPortrait,ex:person_12
ex:coin_1173,nmo:hasPortrait,ex:person_13
ex:coin_1648,nmo:hasPortrait,ex:person_11
ex:coin_1657,nmo:hasPortrait,ex:person_11
ex:coin_1820,nmo:hasPortrait,ex:person_11
ex:coin_1921,nmo:hasPortrait,ex:person_11
ex:coin_1922,nmo:hasPortrait,ex:person_11
ex:coin_1923,nmo:hasPortrait,ex:person_11
ex:coin_2137,nmo:hasPortrait,ex:person_11
ex:coin_2235,nmo:hasPortrait,ex:person_132
ex:coin_2268,nmo:hasPortrait,ex:person_11
ex:coin_2269,nmo:hasPortrait,ex:person_11
ex:coin_2270,nmo:hasPortrait,ex:person_11
ex:coin_2271,nmo:hasPortrait,ex:person_11
ex:coin_2272,nmo:hasPortrait,ex:person_11
ex:coin_2273,nmo:hasPortrait,ex:person_13
ex:coin_2274,nmo:hasPortrait,ex:person_13
ex:coin_2275,nmo:hasPortrait,ex:person_13
ex:coin_2276,nmo:hasPortrait,ex:person_13
ex:coin_2277,nmo:hasPortrait,ex:person_12
ex:coin_2884,nmo:hasPortrait,ex:person_11
ex:coin_2967,nmo:hasPortrait,ex:person_11
ex:coin_3101,nmo:hasPortrait,ex:person_11
ex:coin_3277,nmo:hasPortrait,ex:person_11
ex:coin_3278,nmo:hasPortrait,ex:person_11
ex:coin_3279,nmo:hasPortrait,ex:person_13
ex:coin_3565,nmo:hasPortrait,ex:person_11
ex:coin_3566,nmo:hasPortrait,ex:person_13
ex:coin_3831,nmo:hasPortrait,ex:person_12
ex:coin_4431,nmo:hasPortrait,ex:person_11
ex:coin_4432,nmo:hasPortrait,ex:person_11
ex:coin_4433,nmo:hasPortrait,ex:person_13
ex:coin_4706,nmo:hasPortrait,ex:person_11
ex:coin_4861,nmo:hasPortrait,ex:person_11
ex:coin_4897,nmo:hasPortrait,ex:person_132
ex:coin_4898,nmo:hasPortrait,ex:person_11
ex:coin_4942,nmo:hasPortrait,ex:person_11
ex:coin_5259,nmo:hasPortrait,ex:person_11
ex:coin_5260,nmo:hasPortrait,ex:person_11
ex:coin_5261,nmo:hasPortrait,ex:person_11
ex:coin_5262,nmo:hasPortrait,ex:person_13
ex:coin_5263,nmo:hasPortrait,ex:person_13
ex:coin_5264,nmo:hasPortrait,ex:person_12
ex:coin_5451,nmo:hasPortrait,ex:person_11
ex:coin_5479,nmo:hasPortrait,ex:person_13
ex:coin_5584,nmo:hasPortrait,ex:person_13
ex:coin_5805,nmo:hasPortrait,ex:person_11
ex:coin_6275,nmo:hasPortrait,ex:person_13
ex:coin_6354,nmo:hasPortrait,ex:person_11
ex:coin_6587,nmo:hasPortrait,ex:person_13
ex:coin_7750,nmo:hasPortrait,ex:person_11
ex:coin_7751,nmo:hasPortrait,ex:person_11
ex:coin_8171,nmo:hasPortrait,ex:person_11
ex:coin_8172,nmo:hasPortrait,ex:person_11
ex:coin_8173,nmo:hasPortrait,ex:person_11
ex:coin_8174,nmo:hasPortrait,ex:person_176
ex:coin_8913,nmo:hasPortrait,ex:person_11
ex:coin_9249,nmo:hasPortrait,ex:person_13
ex:coin_10186,nmo:hasPortrait,ex:person_11
ex:coin_11877,nmo:hasPortrait,ex:person_11
ex:coin_12322,nmo:hasPortrait,ex:person_11
ex:coin_13027,nmo:hasPortrait,ex:person_11
ex:coin_13141,nmo:hasPortrait,ex:person_11
ex:coin_13855,nmo:hasPortrait,ex:person_11
ex:coin_15669,nmo:hasPortrait,ex:person_13
ex:coin_15710,nmo:hasPortrait,ex:person_11
ex:coin_15975,nmo:hasPortrait,ex:person_11
ex:coin_16032,nmo:hasPortrait,ex:person_134
ex:coin_16164,nmo:hasPortrait,ex:person_11
ex:coin_16354,nmo:hasPortrait,ex:person_11
ex:coin_17167,nmo:hasPortrait,ex:person_11
ex:coin_17963,nmo:hasPortrait,ex:person_11
ex:coin_18338,nmo:hasPortrait,ex:person_11
ex:coin_18690,nmo:hasPortrait,ex:person_11
ex:coin_28283,nmo:hasPortrait,ex:person_11
ex:coin_28284,nmo:hasPortrait,ex:person_11
ex:coin_28919,nmo:hasPortrait,ex:person_11
ex:coin_29263,nmo:hasPortrait,ex:person_11
ex:coin_33830,nmo:hasPortrait,ex:person_11
ex:coin_35684,nmo:hasPortrait,ex:person_189
ex:coin_35685,nmo:hasPortrait,ex:person_11
ex:coin_35686,nmo:hasPortrait,ex:person_11
ex:coin_35713,nmo:hasPortrait,ex:person_11
ex:coin_35714,nmo:hasPortrait,ex:person_11
ex:coin_35715,nmo:hasPortrait,ex:person_11
ex:coin_35737,nmo:hasPortrait,ex:person_11
ex:coin_35757,nmo:hasPortrait,ex:person_11
ex:coin_35782,nmo:hasPortrait,ex:person_11
ex:coin_35790,nmo:hasPortrait,ex:person_11
ex:coin_42909,nmo:hasPortrait,ex:person_11
ex:coin_273,nmo:hasPortrait,ex:person_14
ex:coin_737,nmo:hasPortrait,ex:person_15
ex:coin_738,nmo:hasPortrait,ex:person_16
ex:coin_748,nmo:hasPortrait,ex:person_16
ex:coin_770,nmo:hasPortrait,ex:person_14
ex:coin_841,nmo:hasPortrait,ex:person_16
ex:coin_855,nmo:hasPortrait,ex:person_14
ex:coin_862,nmo:hasPortrait,ex:person_16
ex:coin_866,nmo:hasPortrait,ex:person_16
ex:coin_869,nmo:hasPortrait,ex:person_16
ex:coin_876,nmo:hasPortrait,ex:person_14
ex:coin_878,nmo:hasPortrait,ex:person_16
ex:coin_886,nmo:hasPortrait,ex:person_14
ex:coin_899,nmo:hasPortrait,ex:person_16
ex:coin_999,nmo:hasPortrait,ex:person_16
ex:coin_1013,nmo:hasPortrait,ex:person_16
ex:coin_1201,nmo:hasPortrait,ex:person_17
ex:coin_1605,nmo:hasPortrait,ex:person_14
ex:coin_1758,nmo:hasPortrait,ex:person_14
ex:coin_1804,nmo:hasPortrait,ex:person_16
ex:coin_1817,nmo:hasPortrait,ex:person_16
ex:coin_1931,nmo:hasPortrait,ex:person_16
ex:coin_1932,nmo:hasPortrait,ex:person_16
ex:coin_1933,nmo:hasPortrait,ex:person_16
ex:coin_1934,nmo:hasPortrait,ex:person_16
ex:coin_1935,nmo:hasPortrait,ex:person_16
ex:coin_1937,nmo:hasPortrait,ex:person_16
ex:coin_1938,nmo:hasPortrait,ex:person_16
ex:coin_1939,nmo:hasPortrait,ex:person_16
ex:coin_1942,nmo:hasPortrait,ex:person_14
ex:coin_1943,nmo:hasPortrait,ex:person_14
ex:coin_1944,nmo:hasPortrait,ex:person_14
ex:coin_1945,nmo:hasPortrait,ex:person_14
ex:coin_1946,nmo:hasPortrait,ex:person_17
ex:coin_1947,nmo:hasPortrait,ex:person_17
ex:coin_1961,nmo:hasPortrait,ex:person_16
ex:coin_1962,nmo:hasPortrait,ex:person_16
ex:coin_1969,nmo:hasPortrait,ex:person_16
ex:coin_2049,nmo:hasPortrait,ex:person_16
ex:coin_2105,nmo:hasPortrait,ex:person_16
ex:coin_2116,nmo:hasPortrait,ex:person_16
ex:coin_2121,nmo:hasPortrait,ex:person_16
ex:coin_2162,nmo:hasPortrait,ex:person_14
ex:coin_2165,nmo:hasPortrait,ex:person_16
ex:coin_2526,nmo:hasPortrait,ex:person_15
ex:coin_2527,nmo:hasPortrait,ex:person_15
ex:coin_2528,nmo:hasPortrait,ex:person_15
ex:coin_2529,nmo:hasPortrait,ex:person_16
ex:coin_2530,nmo:hasPortrait,ex:person_16
ex:coin_2531,nmo:hasPortrait,ex:person_16
ex:coin_2532,nmo:hasPortrait,ex:person_16
ex:coin_2533,nmo:hasPortrait,ex:person_16
ex:coin_2534,nmo:hasPortrait,ex:person_16
ex:coin_2535,nmo:hasPortrait,ex:person_16
ex:coin_2536,nmo:hasPortrait,ex:person_16
ex:coin_2537,nmo:hasPortrait,ex:person_16
ex:coin_2538,nmo:hasPortrait,ex:person_16
ex:coin_2539,nmo:hasPortrait,ex:person_16
ex:coin_2540,nmo:hasPortrait,ex:person_16
ex:coin_2541,nmo:hasPortrait,ex:person_16
ex:coin_2542,nmo:hasPortrait,ex:person_16
ex:coin_2543,nmo:hasPortrait,ex:person_16
ex:coin_2544,nmo:hasPortrait,ex:person_16
ex:coin_2545,nmo:hasPortrait,ex:person_16
ex:coin_2546,nmo:hasPortrait,ex:person_16
ex:coin_2547,nmo:hasPortrait,ex:person_16
ex:coin_2548,nmo:hasPortrait,ex:person_16
ex:coin_2549,nmo:hasPortrait,ex:person_16
ex:coin_2550,nmo:hasPortrait,ex:person_16
ex:coin_2551,nmo:hasPortrait,ex:person_16
ex:coin_2552,nmo:hasPortrait,ex:person_16
ex:coin_2553,nmo:hasPortrait,ex:person_16
ex:coin_2554,nmo:hasPortrait,ex:person_16
ex:coin_2555,nmo:hasPortrait,ex:person_16
ex:coin_2556,nmo:hasPortrait,ex:person_16
ex:coin_2557,nmo:hasPortrait,ex:person_16
ex:coin_2558,nmo:hasPortrait,ex:person_16
ex:coin_2559,nmo:hasPortrait,ex:person_16
ex:coin_2560,nmo:hasPortrait,ex:person_16
ex:coin_2561,nmo:hasPortrait,ex:person_16
ex:coin_2562,nmo:hasPortrait,ex:person_14
ex:coin_2563,nmo:hasPortrait,ex:person_14
ex:coin_2564,nmo:hasPortrait,ex:person_14
ex:coin_2565,nmo:hasPortrait,ex:person_14
ex:coin_2566,nmo:hasPortrait,ex:person_14
ex:coin_2567,nmo:hasPortrait,ex:person_14
ex:coin_2568,nmo:hasPortrait,ex:person_14
ex:coin_2569,nmo:hasPortrait,ex:person_14
ex:coin_2570,nmo:hasPortrait,ex:person_14
ex:coin_2571,nmo:hasPortrait,ex:person_14
ex:coin_2572,nmo:hasPortrait,ex:person_14
ex:coin_2573,nmo:hasPortrait,ex:person_14
ex:coin_2574,nmo:hasPortrait,ex:person_14
ex:coin_2575,nmo:hasPortrait,ex:person_14
ex:coin_2602,nmo:hasPortrait,ex:person_14
ex:coin_2603,nmo:hasPortrait,ex:person_14
ex:coin_2604,nmo:hasPortrait,ex:person_14
ex:coin_2605,nmo:hasPortrait,ex:person_17
ex:coin_2606,nmo:hasPortrait,ex:person_17
ex:coin_2607,nmo:hasPortrait,ex:person_17
ex:coin_2608,nmo:hasPortrait,ex:person_17
ex:coin_2609,nmo:hasPortrait,ex:person_17
ex:coin_2610,nmo:hasPortrait,ex:person_17
ex:coin_2611,nmo:hasPortrait,ex:person_17
ex:coin_2612,nmo:hasPortrait,ex:person_17
ex:coin_2847,nmo:hasPortrait,ex:person_14
ex:coin_2887,nmo:hasPortrait,ex:person_14
ex:coin_2888,nmo:hasPortrait,ex:person_14
ex:coin_2970,nmo:hasPortrait,ex:person_14
ex:coin_3013,nmo:hasPortrait,ex:person_16
ex:coin_3014,nmo:hasPortrait,ex:person_14
ex:coin_3028,nmo:hasPortrait,ex:person_16
ex:coin_3029,nmo:hasPortrait,ex:person_16
ex:coin_3030,nmo:hasPortrait,ex:person_16
ex:coin_3031,nmo:hasPortrait,ex:person_16
ex:coin_3104,nmo:hasPortrait,ex:person_15
ex:coin_3105,nmo:hasPortrait,ex:person_15
ex:coin_3106,nmo:hasPortrait,ex:person_15
ex:coin_3107,nmo:hasPortrait,ex:person_15
ex:coin_3108,nmo:hasPortrait,ex:person_15
ex:coin_3109,nmo:hasPortrait,ex:person_15
ex:coin_3110,nmo:hasPortrait,ex:person_15
ex:coin_3111,nmo:hasPortrait,ex:person_15
ex:coin_3112,nmo:hasPortrait,ex:person_15
ex:coin_3113,nmo:hasPortrait,ex:person_15
ex:coin_3114,nmo:hasPortrait,ex:person_15
ex:coin_3115,nmo:hasPortrait,ex:person_15
ex:coin_3116,nmo:hasPortrait,ex:person_15
ex:coin_3117,nmo:hasPortrait,ex:person_14
ex:coin_3118,nmo:hasPortrait,ex:person_14
ex:coin_3122,nmo:hasPortrait,ex:person_17
ex:coin_3131,nmo:hasPortrait,ex:person_15
ex:coin_3135,nmo:hasPortrait,ex:person_16
ex:coin_3136,nmo:hasPortrait,ex:person_16
ex:coin_3144,nmo:hasPortrait,ex:person_17
ex:coin_3196,nmo:hasPortrait,ex:person_16
ex:coin_3197,nmo:hasPortrait,ex:person_16
ex:coin_3198,nmo:hasPortrait,ex:person_16
ex:coin_3199,nmo:hasPortrait,ex:person_14
ex:coin_3296,nmo:hasPortrait,ex:person_16
ex:coin_3297,nmo:hasPortrait,ex:person_16
ex:coin_3298,nmo:hasPortrait,ex:person_16
ex:coin_3299,nmo:hasPortrait,ex:person_14
ex:coin_3300,nmo:hasPortrait,ex:person_14
ex:coin_3301,nmo:hasPortrait,ex:person_17
ex:coin_3302,nmo:hasPortrait,ex:person_17
ex:coin_3327,nmo:hasPortrait,ex:person_14
ex:coin_3328,nmo:hasPortrait,ex:person_16
ex:coin_3329,nmo:hasPortrait,ex:person_16
ex:coin_3356,nmo:hasPortrait,ex:person_14
ex:coin_3381,nmo:hasPortrait,ex:person_15
ex:coin_3424,nmo:hasPortrait,ex:person_16
ex:coin_3425,nmo:hasPortrait,ex:person_16
ex:coin_3426,nmo:hasPortrait,ex:person_16
ex:coin_3427,nmo:hasPortrait,ex:person_16
ex:coin_3428,nmo:hasPortrait,ex:person_16
ex:coin_3429,nmo:hasPortrait,ex:person_16
ex:coin_3430,nmo:hasPortrait,ex:person_16
ex:coin_3431,nmo:hasPortrait,ex:person_16
ex:coin_3432,nmo:hasPortrait,ex:person_16
ex:coin_3433,nmo:hasPortrait,ex:person_16
ex:coin_3434,nmo:hasPortrait,ex:person_16
ex:coin_3435,nmo:hasPortrait,ex:person_14
ex:coin_3436,nmo:hasPortrait,ex:person_14
ex:coin_3437,nmo:hasPortrait,ex:person_14
ex:coin_3438,nmo:hasPortrait,ex:person_14
ex:coin_3439,nmo:hasPortrait,ex:person_17
ex:coin_3440,nmo:hasPortrait,ex:person_17
ex:coin_3441,nmo:hasPortrait,ex:person_17
ex:coin_3569,nmo:hasPortrait,ex:person_15
ex:coin_3575,nmo:hasPortrait,ex:person_15
ex:coin_3833,nmo:hasPortrait,ex:person_16
ex:coin_3834,nmo:hasPortrait,ex:person_16
ex:coin_3835,nmo:hasPortrait,ex:person_14
ex:coin_3840,nmo:hasPortrait,ex:person_14
ex:coin_3863,nmo:hasPortrait,ex:person_16
ex:coin_3864,nmo:hasPortrait,ex:person_16
ex:coin_3911,nmo:hasPortrait,ex:person_16
ex:coin_4164,nmo:hasPortrait,ex:person_16
ex:coin_4165,nmo:hasPortrait,ex:person_16
ex:coin_4166,nmo:hasPortrait,ex:person_14
ex:coin_4167,nmo:hasPortrait,ex:person_14
ex:coin_4440,nmo:hasPortrait,ex:person_16
ex:coin_4441,nmo:hasPortrait,ex:person_16
ex:coin_4442,nmo:hasPortrait,ex:person_16
ex:coin_4443,nmo:hasPortrait,ex:person_14
ex:coin_4584,nmo:hasPortrait,ex:person_15
ex:coin_4585,nmo:hasPortrait,ex:person_14
ex:coin_4589,nmo:hasPortrait,ex:person_15
ex:coin_4601,nmo:hasPortrait,ex:person_15
ex:coin_4602,nmo:hasPortrait,ex:person_15
ex:coin_4628,nmo:hasPortrait,ex:person_15
ex:coin_4644,nmo:hasPortrait,ex:person_15
ex:coin_4711,nmo:hasPortrait,ex:person_16
ex:coin_4712,nmo:hasPortrait,ex:person_17
ex:coin_4713,nmo:hasPortrait,ex:person_17
ex:coin_4726,nmo:hasPortrait,ex:person_17
ex:coin_4733,nmo:hasPortrait,ex:person_15
ex:coin_4734,nmo:hasPortrait,ex:person_15
ex:coin_4735,nmo:hasPortrait,ex:person_16
ex:coin_4736,nmo:hasPortrait,ex:person_16
ex:coin_4737,nmo:hasPortrait,ex:person_16
ex:coin_4738,nmo:hasPortrait,ex:person_17
ex:coin_4866,nmo:hasPortrait,ex:person_14
ex:coin_4867,nmo:hasPortrait,ex:person_14
ex:coin_4889,nmo:hasPortrait,ex:person_14
ex:coin_4890,nmo:hasPortrait,ex:person_17
ex:coin_4891,nmo:hasPortrait,ex:person_17
ex:coin_4900,nmo:hasPortrait,ex:person_15
ex:coin_4956,nmo:hasPortrait,ex:person_16
ex:coin_4957,nmo:hasPortrait,ex:person_16
ex:coin_4958,nmo:hasPortrait,ex:person_16
ex:coin_4959,nmo:hasPortrait,ex:person_16
ex:coin_4960,nmo:hasPortrait,ex:person_16
ex:coin_4961,nmo:hasPortrait,ex:person_14
ex:coin_4962,nmo:hasPortrait,ex:person_14
ex:coin_4963,nmo:hasPortrait,ex:person_14
ex:coin_4964,nmo:hasPortrait,ex:person_14
ex:coin_4965,nmo:hasPortrait,ex:person_17
ex:coin_5015,nmo:hasPortrait,ex:person_16
ex:coin_5016,nmo:hasPortrait,ex:person_16
ex:coin_5017,nmo:hasPortrait,ex:person_16
ex:coin_5064,nmo:hasPortrait,ex:person_15
ex:coin_5077,nmo:hasPortrait,ex:person_15
ex:coin_5316,nmo:hasPortrait,ex:person_14
ex:coin_5355,nmo:hasPortrait,ex:person_15
ex:coin_5365,nmo:hasPortrait,ex:person_15
ex:coin_5366,nmo:hasPortrait,ex:person_17
ex:coin_5389,nmo:hasPortrait,ex:person_16
ex:coin_5403,nmo:hasPortrait,ex:person_14
ex:coin_5437,nmo:hasPortrait,ex:person_16
ex:coin_5442,nmo:hasPortrait,ex:person_16
ex:coin_5446,nmo:hasPortrait,ex:person_14
ex:coin_5481,nmo:hasPortrait,ex:person_14
ex:coin_5482,nmo:hasPortrait,ex:person_16
ex:coin_5591,nmo:hasPortrait,ex:person_14
ex:coin_5592,nmo:hasPortrait,ex:person_14
ex:coin_5593,nmo:hasPortrait,ex:person_16
ex:coin_5618,nmo:hasPortrait,ex:person_16
ex:coin_5639,nmo:hasPortrait,ex:person_16
ex:coin_5652,nmo:hasPortrait,ex:person_14
ex:coin_5690,nmo:hasPortrait,ex:person_15
ex:coin_5692,nmo:hasPortrait,ex:person_15
ex:coin_5743,nmo:hasPortrait,ex:person_15
ex:coin_5778,nmo:hasPortrait,ex:person_15
ex:coin_5779,nmo:hasPortrait,ex:person_15
ex:coin_5831,nmo:hasPortrait,ex:person_14
ex:coin_5929,nmo:hasPortrait,ex:person_14
ex:coin_5975,nmo:hasPortrait,ex:person_17
ex:coin_6090,nmo:hasPortrait,ex:person_17
ex:coin_6114,nmo:hasPortrait,ex:person_14
ex:coin_6153,nmo:hasPortrait,ex:person_14
ex:coin_6160,nmo:hasPortrait,ex:person_16
ex:coin_6189,nmo:hasPortrait,ex:person_15
ex:coin_6195,nmo:hasPortrait,ex:person_16
ex:coin_6221,nmo:hasPortrait,ex:person_16
ex:coin_6226,nmo:hasPortrait,ex:person_15
ex:coin_6231,nmo:hasPortrait,ex:person_16
ex:coin_6237,nmo:hasPortrait,ex:person_17
ex:coin_6251,nmo:hasPortrait,ex:person_16
ex:coin_6385,nmo:hasPortrait,ex:person_15
ex:coin_6437,nmo:hasPortrait,ex:person_16
ex:coin_6440,nmo:hasPortrait,ex:person_15
ex:coin_6455,nmo:hasPortrait,ex:person_17
ex:coin_6507,nmo:hasPortrait,ex:person_15
ex:coin_6527,nmo:hasPortrait,ex:person_15
ex:coin_6528,nmo:hasPortrait,ex:person_14
ex:coin_6531,nmo:hasPortrait,ex:person_17
ex:coin_6538,nmo:hasPortrait,ex:person_16
ex:coin_6581,nmo:hasPortrait,ex:person_17
ex:coin_6586,nmo:hasPortrait,ex:person_16
ex:coin_6588,nmo:hasPortrait,ex:person_14
ex:coin_6594,nmo:hasPortrait,ex:person_14
ex:coin_6622,nmo:hasPortrait,ex:person_15
ex:coin_6671,nmo:hasPortrait,ex:person_17
ex:coin_6778,nmo:hasPortrait,ex:person_15
ex:coin_6783,nmo:hasPortrait,ex:person_15
ex:coin_6835,nmo:hasPortrait,ex:person_15
ex:coin_6866,nmo:hasPortrait,ex:person_15
ex:coin_6867,nmo:hasPortrait,ex:person_15
ex:coin_6900,nmo:hasPortrait,ex:person_15
ex:coin_6911,nmo:hasPortrait,ex:person_15
ex:coin_7475,nmo:hasPortrait,ex:person_15
ex:coin_7493,nmo:hasPortrait,ex:person_15
ex:coin_7512,nmo:hasPortrait,ex:person_17
ex:coin_7530,nmo:hasPortrait,ex:person_15
ex:coin_7531,nmo:hasPortrait,ex:person_15
ex:coin_7758,nmo:hasPortrait,ex:person_15
ex:coin_7759,nmo:hasPortrait,ex:person_15
ex:coin_7760,nmo:hasPortrait,ex:person_15
ex:coin_7761,nmo:hasPortrait,ex:person_17
ex:coin_7772,nmo:hasPortrait,ex:person_15
ex:coin_7915,nmo:hasPortrait,ex:person_14
ex:coin_7946,nmo:hasPortrait,ex:person_15
ex:coin_7957,nmo:hasPortrait,ex:person_17
ex:coin_7959,nmo:hasPortrait,ex:person_17
ex:coin_8196,nmo:hasPortrait,ex:person_15
ex:coin_8197,nmo:hasPortrait,ex:person_15
ex:coin_8198,nmo:hasPortrait,ex:person_15
ex:coin_8199,nmo:hasPortrait,ex:person_15
ex:coin_8200,nmo:hasPortrait,ex:person_15
ex:coin_8201,nmo:hasPortrait,ex:person_15
ex:coin_8202,nmo:hasPortrait,ex:person_15
ex:coin_8203,nmo:hasPortrait,ex:person_15
ex:coin_8204,nmo:hasPortrait,ex:person_15
ex:coin_8205,nmo:hasPortrait,ex:person_15
ex:coin_8206,nmo:hasPortrait,ex:person_15
ex:coin_8207,nmo:hasPortrait,ex:person_15
ex:coin_8208,nmo:hasPortrait,ex:person_15
ex:coin_8209,nmo:hasPortrait,ex:person_15
ex:coin_8210,nmo:hasPortrait,ex:person_15
ex:coin_8211,nmo:hasPortrait,ex:person_15
ex:coin_8212,nmo:hasPortrait,ex:person_15
ex:coin_8213,nmo:hasPortrait,ex:person_15
ex:coin_8214,nmo:hasPortrait,ex:person_14
ex:coin_8215,nmo:hasPortrait,ex:person_14
ex:coin_8216,nmo:hasPortrait,ex:person_14
ex:coin_8217,nmo:hasPortrait,ex:person_14
ex:coin_8218,nmo:hasPortrait,ex:person_14
ex:coin_8219,nmo:hasPortrait,ex:person_14
ex:coin_8220,nmo:hasPortrait,ex:person_17
ex:coin_8221,nmo:hasPortrait,ex:person_17
ex:coin_8222,nmo:hasPortrait,ex:person_17
ex:coin_8223,nmo:hasPortrait,ex:person_17
ex:coin_8298,nmo:hasPortrait,ex:person_15
ex:coin_8299,nmo:hasPortrait,ex:person_15
ex:coin_8300,nmo:hasPortrait,ex:person_15
ex:coin_8301,nmo:hasPortrait,ex:person_14
ex:coin_8302,nmo:hasPortrait,ex:person_14
ex:coin_8318,nmo:hasPortrait,ex:person_17
ex:coin_8354,nmo:hasPortrait,ex:person_15
ex:coin_8384,nmo:hasPortrait,ex:person_16
ex:coin_8547,nmo:hasPortrait,ex:person_14
ex:coin_8560,nmo:hasPortrait,ex:person_15
ex:coin_8567,nmo:hasPortrait,ex:person_17
ex:coin_8594,nmo:hasPortrait,ex:person_15
ex:coin_8605,nmo:hasPortrait,ex:person_15
ex:coin_8607,nmo:hasPortrait,ex:person_16
ex:coin_8625,nmo:hasPortrait,ex:person_15
ex:coin_8703,nmo:hasPortrait,ex:person_14
ex:coin_8704,nmo:hasPortrait,ex:person_16
ex:coin_8705,nmo:hasPortrait,ex:person_16
ex:coin_8706,nmo:hasPortrait,ex:person_17
ex:coin_8707,nmo:hasPortrait,ex:person_17
ex:coin_8713,nmo:hasPortrait,ex:person_15
ex:coin_8720,nmo:hasPortrait,ex:person_14
ex:coin_8747,nmo:hasPortrait,ex:person_14
ex:coin_8775,nmo:hasPortrait,ex:person_15
ex:coin_8786,nmo:hasPortrait,ex:person_15
ex:coin_8911,nmo:hasPortrait,ex:person_14
ex:coin_8945,nmo:hasPortrait,ex:person_17
ex:coin_8957,nmo:hasPortrait,ex:person_14
ex:coin_9010,nmo:hasPortrait,ex:person_16
ex:coin_9024,nmo:hasPortrait,ex:person_16
ex:coin_9039,nmo:hasPortrait,ex:person_15
ex:coin_9063,nmo:hasPortrait,ex:person_14
ex:coin_9084,nmo:hasPortrait,ex:person_14
ex:coin_9087,nmo:hasPortrait,ex:person_16
ex:coin_9092,nmo:hasPortrait,ex:person_15
ex:coin_9100,nmo:hasPortrait,ex:person_16
ex:coin_9101,nmo:hasPortrait,ex:person_16
ex:coin_9120,nmo:hasPortrait,ex:person_15
ex:coin_9121,nmo:hasPortrait,ex:person_16
ex:coin_9190,nmo:hasPortrait,ex:person_14
ex:coin_9200,nmo:hasPortrait,ex:person_17
ex:coin_9227,nmo:hasPortrait,ex:person_15
ex:coin_9257,nmo:hasPortrait,ex:person_17
ex:coin_9286,nmo:hasPortrait,ex:person_14
ex:coin_9297,nmo:hasPortrait,ex:person_17
ex:coin_9341,nmo:hasPortrait,ex:person_15
ex:coin_9460,nmo:hasPortrait,ex:person_15
ex:coin_9487,nmo:hasPortrait,ex:person_17
ex:coin_9488,nmo:hasPortrait,ex:person_15
ex:coin_9499,nmo:hasPortrait,ex:person_17
ex:coin_9671,nmo:hasPortrait,ex:person_14
ex:coin_9806,nmo:hasPortrait,ex:person_15
ex:coin_9808,nmo:hasPortrait,ex:person_17
ex:coin_9827,nmo:hasPortrait,ex:person_16
ex:coin_9828,nmo:hasPortrait,ex:person_15
ex:coin_9834,nmo:hasPortrait,ex:person_16
ex:coin_9856,nmo:hasPortrait,ex:person_17
ex:coin_9864,nmo:hasPortrait,ex:person_17
ex:coin_9876,nmo:hasPortrait,ex:person_16
ex:coin_9914,nmo:hasPortrait,ex:person_16
ex:coin_9927,nmo:hasPortrait,ex:person_16
ex:coin_9965,nmo:hasPortrait,ex:person_17
ex:coin_9987,nmo:hasPortrait,ex:person_16
ex:coin_10142,nmo:hasPortrait,ex:person_15
ex:coin_10143,nmo:hasPortrait,ex:person_17
ex:coin_10156,nmo:hasPortrait,ex:person_17
ex:coin_10165,nmo:hasPortrait,ex:person_17
ex:coin_10202,nmo:hasPortrait,ex:person_17
ex:coin_10354,nmo:hasPortrait,ex:person_16
ex:coin_10355,nmo:hasPortrait,ex:person_16
ex:coin_10363,nmo:hasPortrait,ex:person_16
ex:coin_10409,nmo:hasPortrait,ex:person_14
ex:coin_10449,nmo:hasPortrait,ex:person_16
ex:coin_10484,nmo:hasPortrait,ex:person_16
ex:coin_10508,nmo:hasPortrait,ex:person_14
ex:coin_10524,nmo:hasPortrait,ex:person_17
ex:coin_10537,nmo:hasPortrait,ex:person_16
ex:coin_11430,nmo:hasPortrait,ex:person_16
ex:coin_11431,nmo:hasPortrait,ex:person_16
ex:coin_11432,nmo:hasPortrait,ex:person_17
ex:coin_11480,nmo:hasPortrait,ex:person_16
ex:coin_11490,nmo:hasPortrait,ex:person_15
ex:coin_11498,nmo:hasPortrait,ex:person_15
ex:coin_11502,nmo:hasPortrait,ex:person_15
ex:coin_11509,nmo:hasPortrait,ex:person_16
ex:coin_11586,nmo:hasPortrait,ex:person_16
ex:coin_11587,nmo:hasPortrait,ex:person_17
ex:coin_11608,nmo:hasPortrait,ex:person_14
ex:coin_11627,nmo:hasPortrait,ex:person_16
ex:coin_11628,nmo:hasPortrait,ex:person_17
ex:coin_11653,nmo:hasPortrait,ex:person_16
ex:coin_11654,nmo:hasPortrait,ex:person_16
ex:coin_11676,nmo:hasPortrait,ex:person_17
ex:coin_11682,nmo:hasPortrait,ex:person_14
ex:coin_11683,nmo:hasPortrait,ex:person_14
ex:coin_11684,nmo:hasPortrait,ex:person_14
ex:coin_11685,nmo:hasPortrait,ex:person_17
ex:coin_11692,nmo:hasPortrait,ex:person_17
ex:coin_11880,nmo:hasPortrait,ex:person_15
ex:coin_11903,nmo:hasPortrait,ex:person_17
ex:coin_11937,nmo:hasPortrait,ex:person_15
ex:coin_11960,nmo:hasPortrait,ex:person_16
ex:coin_12010,nmo:hasPortrait,ex:person_16
ex:coin_12035,nmo:hasPortrait,ex:person_16
ex:coin_12059,nmo:hasPortrait,ex:person_15
ex:coin_12098,nmo:hasPortrait,ex:person_15
ex:coin_12253,nmo:hasPortrait,ex:person_16
ex:coin_12276,nmo:hasPortrait,ex:person_16
ex:coin_12282,nmo:hasPortrait,ex:person_16
ex:coin_12284,nmo:hasPortrait,ex:person_15
ex:coin_12292,nmo:hasPortrait,ex:person_16
ex:coin_12311,nmo:hasPortrait,ex:person_16
ex:coin_12321,nmo:hasPortrait,ex:person_17
ex:coin_12330,nmo:hasPortrait,ex:person_14
ex:coin_12355,nmo:hasPortrait,ex:person_14
ex:coin_12374,nmo:hasPortrait,ex:person_15
ex:coin_12578,nmo:hasPortrait,ex:person_15
ex:coin_12615,nmo:hasPortrait,ex:person_15
ex:coin_12616,nmo:hasPortrait,ex:person_15
ex:coin_12617,nmo:hasPortrait,ex:person_15
ex:coin_12618,nmo:hasPortrait,ex:person_15
ex:coin_12619,nmo:hasPortrait,ex:person_16
ex:coin_12620,nmo:hasPortrait,ex:person_14
ex:coin_12621,nmo:hasPortrait,ex:person_14
ex:coin_12641,nmo:hasPortrait,ex:person_17
ex:coin_12642,nmo:hasPortrait,ex:person_17
ex:coin_12643,nmo:hasPortrait,ex:person_17
ex:coin_12644,nmo:hasPortrait,ex:person_17
ex:coin_12645,nmo:hasPortrait,ex:person_17
ex:coin_12751,nmo:hasPortrait,ex:person_16
ex:coin_12771,nmo:hasPortrait,ex:person_16
ex:coin_12785,nmo:hasPortrait,ex:person_16
ex:coin_12829,nmo:hasPortrait,ex:person_14
ex:coin_12879,nmo:hasPortrait,ex:person_16
ex:coin_12934,nmo:hasPortrait,ex:person_16
ex:coin_12935,nmo:hasPortrait,ex:person_14
ex:coin_12980,nmo:hasPortrait,ex:person_14
ex:coin_12981,nmo:hasPortrait,ex:person_17
ex:coin_12982,nmo:hasPortrait,ex:person_17
ex:coin_12983,nmo:hasPortrait,ex:person_16
ex:coin_12984,nmo:hasPortrait,ex:person_16
ex:coin_13023,nmo:hasPortrait,ex:person_17
ex:coin_13150,nmo:hasPortrait,ex:person_15
ex:coin_13181,nmo:hasPortrait,ex:person_15
ex:coin_13184,nmo:hasPortrait,ex:person_16
ex:coin_13416,nmo:hasPortrait,ex:person_14
ex:coin_13485,nmo:hasPortrait,ex:person_16
ex:coin_13544,nmo:hasPortrait,ex:person_14
ex:coin_13549,nmo:hasPortrait,ex:person_16
ex:coin_13679,nmo:hasPortrait,ex:person_14
ex:coin_13825,nmo:hasPortrait,ex:person_17
ex:coin_13913,nmo:hasPortrait,ex:person_16
ex:coin_14016,nmo:hasPortrait,ex:person_16
ex:coin_14288,nmo:hasPortrait,ex:person_16
ex:coin_14289,nmo:hasPortrait,ex:person_16
ex:coin_14335,nmo:hasPortrait,ex:person_16
ex:coin_14405,nmo:hasPortrait,ex:person_17
ex:coin_14710,nmo:hasPortrait,ex:person_17
ex:coin_14910,nmo:hasPortrait,ex:person_16
ex:coin_14989,nmo:hasPortrait,ex:person_15
ex:coin_15080,nmo:hasPortrait,ex:person_16
ex:coin_15090,nmo:hasPortrait,ex:person_14
ex:coin_15091,nmo:hasPortrait,ex:person_17
ex:coin_15195,nmo:hasPortrait,ex:person_17
ex:coin_15196,nmo:hasPortrait,ex:person_17
ex:coin_15574,nmo:hasPortrait,ex:person_16
ex:coin_15580,nmo:hasPortrait,ex:person_17
ex:coin_15581,nmo:hasPortrait,ex:person_14
ex:coin_15587,nmo:hasPortrait,ex:person_16
ex:coin_15589,nmo:hasPortrait,ex:person_16
ex:coin_15595,nmo:hasPortrait,ex:person_14
ex:coin_15663,nmo:hasPortrait,ex:person_15
ex:coin_15688,nmo:hasPortrait,ex:person_17
ex:coin_15765,nmo:hasPortrait,ex:person_14
ex:coin_15773,nmo:hasPortrait,ex:person_16
ex:coin_15847,nmo:hasPortrait,ex:person_14
ex:coin_15885,nmo:hasPortrait,ex:person_14
ex:coin_15942,nmo:hasPortrait,ex:person_16
ex:coin_15943,nmo:hasPortrait,ex:person_16
ex:coin_15944,nmo:hasPortrait,ex:person_16
ex:coin_15945,nmo:hasPortrait,ex:person_16
ex:coin_15946,nmo:hasPortrait,ex:person_17
ex:coin_15947,nmo:hasPortrait,ex:person_17
ex:coin_15954,nmo:hasPortrait,ex:person_14
ex:coin_15955,nmo:hasPortrait,ex:person_14
ex:coin_15962,nmo:hasPortrait,ex:person_14
ex:coin_15967,nmo:hasPortrait,ex:person_14
ex:coin_15970,nmo:hasPortrait,ex:person_14
ex:coin_15973,nmo:hasPortrait,ex:person_16
ex:coin_15976,nmo:hasPortrait,ex:person_14
ex:coin_16003,nmo:hasPortrait,ex:person_16
ex:coin_16012,nmo:hasPortrait,ex:person_17
ex:coin_16024,nmo:hasPortrait,ex:person_14
ex:coin_16051,nmo:hasPortrait,ex:person_16
ex:coin_16056,nmo:hasPortrait,ex:person_17
ex:coin_16059,nmo:hasPortrait,ex:person_14
ex:coin_16062,nmo:hasPortrait,ex:person_15
ex:coin_16067,nmo:hasPortrait,ex:person_14
ex:coin_16074,nmo:hasPortrait,ex:person_14
ex:coin_16153,nmo:hasPortrait,ex:person_14
ex:coin_16166,nmo:hasPortrait,ex:person_17
ex:coin_16179,nmo:hasPortrait,ex:person_14
ex:coin_16182,nmo:hasPortrait,ex:person_14
ex:coin_16185,nmo:hasPortrait,ex:person_15
ex:coin_16189,nmo:hasPortrait,ex:person_15
ex:coin_16205,nmo:hasPortrait,ex:person_16
ex:coin_16215,nmo:hasPortrait,ex:person_14
ex:coin_16219,nmo:hasPortrait,ex:person_16
ex:coin_16227,nmo:hasPortrait,ex:person_16
ex:coin_16228,nmo:hasPortrait,ex:person_16
ex:coin_16230,nmo:hasPortrait,ex:person_16
ex:coin_16251,nmo:hasPortrait,ex:person_14
ex:coin_16264,nmo:hasPortrait,ex:person_14
ex:coin_16279,nmo:hasPortrait,ex:person_15
ex:coin_16297,nmo:hasPortrait,ex:person_16
ex:coin_16302,nmo:hasPortrait,ex:person_17
ex:coin_16494,nmo:hasPortrait,ex:person_14
ex:coin_16625,nmo:hasPortrait,ex:person_16
ex:coin_16649,nmo:hasPortrait,ex:person_15
ex:coin_16653,nmo:hasPortrait,ex:person_16
ex:coin_16689,nmo:hasPortrait,ex:person_16
ex:coin_16699,nmo:hasPortrait,ex:person_16
ex:coin_16704,nmo:hasPortrait,ex:person_16
ex:coin_16798,nmo:hasPortrait,ex:person_15
ex:coin_16799,nmo:hasPortrait,ex:person_16
ex:coin_16800,nmo:hasPortrait,ex:person_14
ex:coin_16855,nmo:hasPortrait,ex:person_14
ex:coin_16880,nmo:hasPortrait,ex:person_14
ex:coin_16885,nmo:hasPortrait,ex:person_15
ex:coin_16899,nmo:hasPortrait,ex:person_16
ex:coin_16900,nmo:hasPortrait,ex:person_16
ex:coin_16910,nmo:hasPortrait,ex:person_17
ex:coin_16919,nmo:hasPortrait,ex:person_16
ex:coin_16927,nmo:hasPortrait,ex:person_16
ex:coin_16932,nmo:hasPortrait,ex:person_16
ex:coin_16939,nmo:hasPortrait,ex:person_15
ex:coin_16940,nmo:hasPortrait,ex:person_16
ex:coin_16955,nmo:hasPortrait,ex:person_16
ex:coin_16979,nmo:hasPortrait,ex:person_16
ex:coin_17147,nmo:hasPortrait,ex:person_15
ex:coin_17152,nmo:hasPortrait,ex:person_14
ex:coin_17170,nmo:hasPortrait,ex:person_14
ex:coin_17206,nmo:hasPortrait,ex:person_15
ex:coin_17223,nmo:hasPortrait,ex:person_16
ex:coin_17279,nmo:hasPortrait,ex:person_15
ex:coin_17621,nmo:hasPortrait,ex:person_17
ex:coin_17688,nmo:hasPortrait,ex:person_17
ex:coin_17741,nmo:hasPortrait,ex:person_16
ex:coin_17758,nmo:hasPortrait,ex:person_16
ex:coin_17762,nmo:hasPortrait,ex:person_16
ex:coin_17775,nmo:hasPortrait,ex:person_17
ex:coin_17805,nmo:hasPortrait,ex:person_17
ex:coin_17818,nmo:hasPortrait,ex:person_15
ex:coin_17826,nmo:hasPortrait,ex:person_17
ex:coin_17829,nmo:hasPortrait,ex:person_16
ex:coin_17876,nmo:hasPortrait,ex:person_14
ex:coin_17881,nmo:hasPortrait,ex:person_14
ex:coin_17883,nmo:hasPortrait,ex:person_14
ex:coin_17893,nmo:hasPortrait,ex:person_14
ex:coin_17894,nmo:hasPortrait,ex:person_14
ex:coin_17910,nmo:hasPortrait,ex:person_17
ex:coin_17914,nmo:hasPortrait,ex:person_14
ex:coin_17916,nmo:hasPortrait,ex:person_14
ex:coin_17929,nmo:hasPortrait,ex:person_16
ex:coin_17938,nmo:hasPortrait,ex:person_17
ex:coin_17956,nmo:hasPortrait,ex:person_16
ex:coin_17959,nmo:hasPortrait,ex:person_16
ex:coin_17971,nmo:hasPortrait,ex:person_15
ex:coin_17977,nmo:hasPortrait,ex:person_14
ex:coin_17983,nmo:hasPortrait,ex:person_16
ex:coin_18021,nmo:hasPortrait,ex:person_16
ex:coin_18031,nmo:hasPortrait,ex:person_16
ex:coin_18050,nmo:hasPortrait,ex:person_15
ex:coin_18235,nmo:hasPortrait,ex:person_17
ex:coin_18275,nmo:hasPortrait,ex:person_16
ex:coin_18327,nmo:hasPortrait,ex:person_14
ex:coin_18420,nmo:hasPortrait,ex:person_14
ex:coin_18438,nmo:hasPortrait,ex:person_17
ex:coin_18450,nmo:hasPortrait,ex:person_16
ex:coin_18467,nmo:hasPortrait,ex:person_16
ex:coin_18470,nmo:hasPortrait,ex:person_14
ex:coin_18488,nmo:hasPortrait,ex:person_14
ex:coin_18491,nmo:hasPortrait,ex:person_16
ex:coin_18705,nmo:hasPortrait,ex:person_17
ex:coin_18720,nmo:hasPortrait,ex:person_16
ex:coin_18730,nmo:hasPortrait,ex:person_17
ex:coin_27971,nmo:hasPortrait,ex:person_17
ex:coin_27983,nmo:hasPortrait,ex:person_15
ex:coin_27987,nmo:hasPortrait,ex:person_15
ex:coin_27989,nmo:hasPortrait,ex:person_15
ex:coin_27990,nmo:hasPortrait,ex:person_16
ex:coin_27991,nmo:hasPortrait,ex:person_15
ex:coin_28045,nmo:hasPortrait,ex:person_15
ex:coin_28049,nmo:hasPortrait,ex:person_15
ex:coin_28293,nmo:hasPortrait,ex:person_15
ex:coin_28294,nmo:hasPortrait,ex:person_15
ex:coin_28295,nmo:hasPortrait,ex:person_15
ex:coin_28296,nmo:hasPortrait,ex:person_15
ex:coin_28297,nmo:hasPortrait,ex:person_15
ex:coin_28298,nmo:hasPortrait,ex:person_15
ex:coin_28299,nmo:hasPortrait,ex:person_15
ex:coin_28300,nmo:hasPortrait,ex:person_15
ex:coin_28301,nmo:hasPortrait,ex:person_15
ex:coin_28302,nmo:hasPortrait,ex:person_15
ex:coin_28303,nmo:hasPortrait,ex:person_15
ex:coin_28304,nmo:hasPortrait,ex:person_15
ex:coin_28555,nmo:hasPortrait,ex:person_14
ex:coin_28670,nmo:hasPortrait,ex:person_16
ex:coin_28678,nmo:hasPortrait,ex:person_14
ex:coin_28679,nmo:hasPortrait,ex:person_16
ex:coin_28680,nmo:hasPortrait,ex:person_16
ex:coin_28681,nmo:hasPortrait,ex:person_16
ex:coin_28686,nmo:hasPortrait,ex:person_17
ex:coin_28687,nmo:hasPortrait,ex:person_17
ex:coin_28688,nmo:hasPortrait,ex:person_17
ex:coin_28771,nmo:hasPortrait,ex:person_17
ex:coin_28889,nmo:hasPortrait,ex:person_16
ex:coin_28920,nmo:hasPortrait,ex:person_17
ex:coin_28926,nmo:hasPortrait,ex:person_15
ex:coin_28934,nmo:hasPortrait,ex:person_15
ex:coin_29182,nmo:hasPortrait,ex:person_14
ex:coin_29336,nmo:hasPortrait,ex:person_17
ex:coin_29512,nmo:hasPortrait,ex:person_15
ex:coin_29695,nmo:hasPortrait,ex:person_17
ex:coin_29784,nmo:hasPortrait,ex:person_14
ex:coin_29864,nmo:hasPortrait,ex:person_17
ex:coin_29923,nmo:hasPortrait,ex:person_15
ex:coin_30074,nmo:hasPortrait,ex:person_15
ex:coin_30160,nmo:hasPortrait,ex:person_17
ex:coin_30220,nmo:hasPortrait,ex:person_15
ex:coin_30639,nmo:hasPortrait,ex:person_16
ex:coin_31004,nmo:hasPortrait,ex:person_17
ex:coin_31253,nmo:hasPortrait,ex:person_14
ex:coin_31838,nmo:hasPortrait,ex:person_16
ex:coin_32069,nmo:hasPortrait,ex:person_17
ex:coin_32387,nmo:hasPortrait,ex:person_15
ex:coin_33018,nmo:hasPortrait,ex:person_17
ex:coin_33141,nmo:hasPortrait,ex:person_203
ex:coin_33162,nmo:hasPortrait,ex:person_17
ex:coin_33254,nmo:hasPortrait,ex:person_203
ex:coin_33447,nmo:hasPortrait,ex:person_203
ex:coin_33713,nmo:hasPortrait,ex:person_16
ex:coin_33739,nmo:hasPortrait,ex:person_17
ex:coin_33792,nmo:hasPortrait,ex:person_16
ex:coin_33995,nmo:hasPortrait,ex:person_15
ex:coin_34113,nmo:hasPortrait,ex:person_15
ex:coin_34579,nmo:hasPortrait,ex:person_15
ex:coin_34794,nmo:hasPortrait,ex:person_17
ex:coin_35798,nmo:hasPortrait,ex:person_16
ex:coin_35824,nmo:hasPortrait,ex:person_14
ex:coin_35825,nmo:hasPortrait,ex:person_14
ex:coin_35826,nmo:hasPortrait,ex:person_14
ex:coin_35827,nmo:hasPortrait,ex:person_14
ex:coin_35828,nmo:hasPortrait,ex:person_14
ex:coin_35829,nmo:hasPortrait,ex:person_15
ex:coin_35830,nmo:hasPortrait,ex:person_15
ex:coin_35831,nmo:hasPortrait,ex:person_16
ex:coin_35832,nmo:hasPortrait,ex:person_16
ex:coin_35833,nmo:hasPortrait,ex:person_16
ex:coin_35834,nmo:hasPortrait,ex:person_16
ex:coin_35835,nmo:hasPortrait,ex:person_16
ex:coin_35836,nmo:hasPortrait,ex:person_16
ex:coin_35837,nmo:hasPortrait,ex:person_16
ex:coin_35838,nmo:hasPortrait,ex:person_16
ex:coin_35839,nmo:hasPortrait,ex:person_16
ex:coin_35840,nmo:hasPortrait,ex:person_16
ex:coin_35841,nmo:hasPortrait,ex:person_16
ex:coin_35842,nmo:hasPortrait,ex:person_16
ex:coin_35843,nmo:hasPortrait,ex:person_16
ex:coin_35844,nmo:hasPortrait,ex:person_16
ex:coin_35845,nmo:hasPortrait,ex:person_16
ex:coin_35846,nmo:hasPortrait,ex:person_16
ex:coin_35847,nmo:hasPortrait,ex:person_16
ex:coin_35848,nmo:hasPortrait,ex:person_17
ex:coin_35923,nmo:hasPortrait,ex:person_14
ex:coin_35924,nmo:hasPortrait,ex:person_14
ex:coin_35925,nmo:hasPortrait,ex:person_14
ex:coin_35926,nmo:hasPortrait,ex:person_14
ex:coin_35927,nmo:hasPortrait,ex:person_14
ex:coin_35928,nmo:hasPortrait,ex:person_16
ex:coin_35929,nmo:hasPortrait,ex:person_16
ex:coin_35930,nmo:hasPortrait,ex:person_16
ex:coin_35931,nmo:hasPortrait,ex:person_16
ex:coin_35932,nmo:hasPortrait,ex:person_16
ex:coin_35933,nmo:hasPortrait,ex:person_16
ex:coin_35934,nmo:hasPortrait,ex:person_16
ex:coin_35935,nmo:hasPortrait,ex:person_16
ex:coin_35936,nmo:hasPortrait,ex:person_16
ex:coin_35937,nmo:hasPortrait,ex:person_16
ex:coin_35938,nmo:hasPortrait,ex:person_17
ex:coin_35939,nmo:hasPortrait,ex:person_17
ex:coin_35940,nmo:hasPortrait,ex:person_17
ex:coin_35941,nmo:hasPortrait,ex:person_17
ex:coin_35942,nmo:hasPortrait,ex:person_17
ex:coin_35988,nmo:hasPortrait,ex:person_17
ex:coin_36007,nmo:hasPortrait,ex:person_16
ex:coin_36015,nmo:hasPortrait,ex:person_14
ex:coin_36016,nmo:hasPortrait,ex:person_14
ex:coin_36017,nmo:hasPortrait,ex:person_15
ex:coin_36018,nmo:hasPortrait,ex:person_16
ex:coin_36019,nmo:hasPortrait,ex:person_16
ex:coin_36020,nmo:hasPortrait,ex:person_16
ex:coin_36021,nmo:hasPortrait,ex:person_16
ex:coin_36022,nmo:hasPortrait,ex:person_16
ex:coin_36023,nmo:hasPortrait,ex:person_16
ex:coin_36024,nmo:hasPortrait,ex:person_17
ex:coin_36025,nmo:hasPortrait,ex:person_17
ex:coin_36050,nmo:hasPortrait,ex:person_16
ex:coin_36051,nmo:hasPortrait,ex:person_16
ex:coin_36061,nmo:hasPortrait,ex:person_14
ex:coin_36062,nmo:hasPortrait,ex:person_16
ex:coin_36063,nmo:hasPortrait,ex:person_17
ex:coin_36067,nmo:hasPortrait,ex:person_16
ex:coin_36075,nmo:hasPortrait,ex:person_17
ex:coin_36079,nmo:hasPortrait,ex:person_16
ex:coin_36084,nmo:hasPortrait,ex:person_16
ex:coin_36085,nmo:hasPortrait,ex:person_14
ex:coin_36090,nmo:hasPortrait,ex:person_17
ex:coin_36092,nmo:hasPortrait,ex:person_14
ex:coin_36093,nmo:hasPortrait,ex:person_16
ex:coin_36100,nmo:hasPortrait,ex:person_14
ex:coin_36102,nmo:hasPortrait,ex:person_16
ex:coin_36103,nmo:hasPortrait,ex:person_16
ex:coin_36114,nmo:hasPortrait,ex:person_16
ex:coin_36130,nmo:hasPortrait,ex:person_16
ex:coin_36134,nmo:hasPortrait,ex:person_14
ex:coin_36146,nmo:hasPortrait,ex:person_16
ex:coin_36153,nmo:hasPortrait,ex:person_16
ex:coin_36155,nmo:hasPortrait,ex:person_16
ex:coin_36160,nmo:hasPortrait,ex:person_16
ex:coin_36162,nmo:hasPortrait,ex:person_17
ex:coin_36163,nmo:hasPortrait,ex:person_14
ex:coin_36165,nmo:hasPortrait,ex:person_16
ex:coin_36166,nmo:hasPortrait,ex:person_14
ex:coin_36167,nmo:hasPortrait,ex:person_16
ex:coin_36179,nmo:hasPortrait,ex:person_17
ex:coin_36183,nmo:hasPortrait,ex:person_16
ex:coin_36190,nmo:hasPortrait,ex:person_16
ex:coin_36201,nmo:hasPortrait,ex:person_16
ex:coin_36203,nmo:hasPortrait,ex:person_16
ex:coin_36211,nmo:hasPortrait,ex:person_16
ex:coin_36231,nmo:hasPortrait,ex:person_16
ex:coin_36233,nmo:hasPortrait,ex:person_14
ex:coin_36235,nmo:hasPortrait,ex:person_16
ex:coin_36241,nmo:hasPortrait,ex:person_16
ex:coin_36253,nmo:hasPortrait,ex:person_16
ex:coin_36259,nmo:hasPortrait,ex:person_16
ex:coin_36260,nmo:hasPortrait,ex:person_15
ex:coin_36271,nmo:hasPortrait,ex:person_16
ex:coin_36283,nmo:hasPortrait,ex:person_17
ex:coin_36294,nmo:hasPortrait,ex:person_17
ex:coin_36298,nmo:hasPortrait,ex:person_16
ex:coin_36302,nmo:hasPortrait,ex:person_17
ex:coin_36313,nmo:hasPortrait,ex:person_17
ex:coin_36314,nmo:hasPortrait,ex:person_14
ex:coin_36319,nmo:hasPortrait,ex:person_16
ex:coin_36323,nmo:hasPortrait,ex:person_16
ex:coin_36325,nmo:hasPortrait,ex:person_17
ex:coin_36337,nmo:hasPortrait,ex:person_16
ex:coin_36340,nmo:hasPortrait,ex:person_16
ex:coin_39112,nmo:hasPortrait,ex:person_14
ex:coin_42731,nmo:hasPortrait,ex:person_17
ex:coin_42854,nmo:hasPortrait,ex:person_15
ex:coin_42858,nmo:hasPortrait,ex:person_14
ex:coin_42886,nmo:hasPortrait,ex:person_15
ex:coin_42900,nmo:hasPortrait,ex:person_15
ex:coin_42910,nmo:hasPortrait,ex:person_16
ex:coin_42915,nmo:hasPortrait,ex:person_14
ex:coin_740,nmo:hasPortrait,ex:person_19
ex:coin_741,nmo:hasPortrait,ex:person_19
ex:coin_883,nmo:hasPortrait,ex:person_17
ex:coin_1652,nmo:hasPortrait,ex:person_17
ex:coin_1660,nmo:hasPortrait,ex:person_17
ex:coin_1661,nmo:hasPortrait,ex:person_17
ex:coin_1743,nmo:hasPortrait,ex:person_17
ex:coin_1770,nmo:hasPortrait,ex:person_135
ex:coin_1805,nmo:hasPortrait,ex:person_17
ex:coin_1818,nmo:hasPortrait,ex:person_19
ex:coin_1821,nmo:hasPortrait,ex:person_19
ex:coin_2044,nmo:hasPortrait,ex:person_19
ex:coin_2703,nmo:hasPortrait,ex:person_135
ex:coin_2704,nmo:hasPortrait,ex:person_135
ex:coin_2705,nmo:hasPortrait,ex:person_135
ex:coin_2706,nmo:hasPortrait,ex:person_135
ex:coin_2707,nmo:hasPortrait,ex:person_135
ex:coin_2708,nmo:hasPortrait,ex:person_135
ex:coin_2709,nmo:hasPortrait,ex:person_200
ex:coin_2710,nmo:hasPortrait,ex:person_200
ex:coin_2711,nmo:hasPortrait,ex:person_200
ex:coin_2712,nmo:hasPortrait,ex:person_200
ex:coin_2713,nmo:hasPortrait,ex:person_200
ex:coin_2714,nmo:hasPortrait,ex:person_200
ex:coin_2715,nmo:hasPortrait,ex:person_200
ex:coin_2716,nmo:hasPortrait,ex:person_200
ex:coin_2717,nmo:hasPortrait,ex:person_200
ex:coin_2718,nmo:hasPortrait,ex:person_200
ex:coin_2719,nmo:hasPortrait,ex:person_200
ex:coin_2720,nmo:hasPortrait,ex:person_200
ex:coin_2721,nmo:hasPortrait,ex:person_200
ex:coin_2722,nmo:hasPortrait,ex:person_200
ex:coin_2723,nmo:hasPortrait,ex:person_200
ex:coin_2724,nmo:hasPortrait,ex:person_200
ex:coin_2725,nmo:hasPortrait,ex:person_200
ex:coin_2726,nmo:hasPortrait,ex:person_200
ex:coin_2727,nmo:hasPortrait,ex:person_200
ex:coin_2728,nmo:hasPortrait,ex:person_140
ex:coin_2729,nmo:hasPortrait,ex:person_118
ex:coin_2730,nmo:hasPortrait,ex:person_118
ex:coin_2731,nmo:hasPortrait,ex:person_118
ex:coin_2732,nmo:hasPortrait,ex:person_118
ex:coin_2733,nmo:hasPortrait,ex:person_118
ex:coin_2734,nmo:hasPortrait,ex:person_118
ex:coin_2735,nmo:hasPortrait,ex:person_118
ex:coin_2736,nmo:hasPortrait,ex:person_17
ex:coin_2737,nmo:hasPortrait,ex:person_17
ex:coin_2738,nmo:hasPortrait,ex:person_17
ex:coin_2739,nmo:hasPortrait,ex:person_17
ex:coin_2740,nmo:hasPortrait,ex:person_17
ex:coin_2741,nmo:hasPortrait,ex:person_17
ex:coin_2742,nmo:hasPortrait,ex:person_17
ex:coin_2743,nmo:hasPortrait,ex:person_17
ex:coin_2744,nmo:hasPortrait,ex:person_17
ex:coin_2745,nmo:hasPortrait,ex:person_17
ex:coin_2746,nmo:hasPortrait,ex:person_17
ex:coin_2747,nmo:hasPortrait,ex:person_17
ex:coin_2748,nmo:hasPortrait,ex:person_17
ex:coin_2749,nmo:hasPortrait,ex:person_17
ex:coin_2750,nmo:hasPortrait,ex:person_17
ex:coin_2751,nmo:hasPortrait,ex:person_17
ex:coin_2752,nmo:hasPortrait,ex:person_17
ex:coin_2753,nmo:hasPortrait,ex:person_17
ex:coin_2754,nmo:hasPortrait,ex:person_17
ex:coin_2755,nmo:hasPortrait,ex:person_17
ex:coin_2756,nmo:hasPortrait,ex:person_17
ex:coin_2757,nmo:hasPortrait,ex:person_17
ex:coin_2758,nmo:hasPortrait,ex:person_17
ex:coin_2759,nmo:hasPortrait,ex:person_17
ex:coin_2760,nmo:hasPortrait,ex:person_17
ex:coin_2761,nmo:hasPortrait,ex:person_126
ex:coin_2762,nmo:hasPortrait,ex:person_126
ex:coin_2763,nmo:hasPortrait,ex:person_126
ex:coin_2764,nmo:hasPortrait,ex:person_126
ex:coin_2765,nmo:hasPortrait,ex:person_126
ex:coin_2766,nmo:hasPortrait,ex:person_126
ex:coin_2767,nmo:hasPortrait,ex:person_126
ex:coin_2768,nmo:hasPortrait,ex:person_19
ex:coin_2769,nmo:hasPortrait,ex:person_19
ex:coin_2770,nmo:hasPortrait,ex:person_19
ex:coin_2771,nmo:hasPortrait,ex:person_19
ex:coin_2772,nmo:hasPortrait,ex:person_19
ex:coin_2773,nmo:hasPortrait,ex:person_19
ex:coin_2774,nmo:hasPortrait,ex:person_19
ex:coin_2775,nmo:hasPortrait,ex:person_19
ex:coin_2776,nmo:hasPortrait,ex:person_19
ex:coin_2777,nmo:hasPortrait,ex:person_19
ex:coin_2778,nmo:hasPortrait,ex:person_19
ex:coin_2779,nmo:hasPortrait,ex:person_19
ex:coin_2780,nmo:hasPortrait,ex:person_19
ex:coin_2890,nmo:hasPortrait,ex:person_17
ex:coin_2891,nmo:hasPortrait,ex:person_17
ex:coin_2974,nmo:hasPortrait,ex:person_126
ex:coin_3039,nmo:hasPortrait,ex:person_140
ex:coin_3040,nmo:hasPortrait,ex:person_17
ex:coin_3041,nmo:hasPortrait,ex:person_126
ex:coin_3042,nmo:hasPortrait,ex:person_19
ex:coin_3120,nmo:hasPortrait,ex:person_17
ex:coin_3121,nmo:hasPortrait,ex:person_17
ex:coin_3123,nmo:hasPortrait,ex:person_17
ex:coin_3137,nmo:hasPortrait,ex:person_135
ex:coin_3138,nmo:hasPortrait,ex:person_17
ex:coin_3201,nmo:hasPortrait,ex:person_17
ex:coin_3234,nmo:hasPortrait,ex:person_17
ex:coin_3306,nmo:hasPortrait,ex:person_135
ex:coin_3309,nmo:hasPortrait,ex:person_17
ex:coin_3310,nmo:hasPortrait,ex:person_17
ex:coin_3311,nmo:hasPortrait,ex:person_17
ex:coin_3330,nmo:hasPortrait,ex:person_17
ex:coin_3331,nmo:hasPortrait,ex:person_135
ex:coin_3448,nmo:hasPortrait,ex:person_135
ex:coin_3500,nmo:hasPortrait,ex:person_135
ex:coin_3501,nmo:hasPortrait,ex:person_135
ex:coin_3506,nmo:hasPortrait,ex:person_118
ex:coin_3507,nmo:hasPortrait,ex:person_17
ex:coin_3508,nmo:hasPortrait,ex:person_17
ex:coin_3509,nmo:hasPortrait,ex:person_17
ex:coin_3510,nmo:hasPortrait,ex:person_17
ex:coin_3511,nmo:hasPortrait,ex:person_17
ex:coin_3512,nmo:hasPortrait,ex:person_17
ex:coin_3513,nmo:hasPortrait,ex:person_19
ex:coin_3577,nmo:hasPortrait,ex:person_135
ex:coin_3579,nmo:hasPortrait,ex:person_17
ex:coin_3580,nmo:hasPortrait,ex:person_19
ex:coin_3843,nmo:hasPortrait,ex:person_135
ex:coin_3866,nmo:hasPortrait,ex:person_17
ex:coin_3913,nmo:hasPortrait,ex:person_135
ex:coin_4171,nmo:hasPortrait,ex:person_135
ex:coin_4172,nmo:hasPortrait,ex:person_17
ex:coin_4173,nmo:hasPortrait,ex:person_19
ex:coin_4646,nmo:hasPortrait,ex:person_17
ex:coin_4647,nmo:hasPortrait,ex:person_19
ex:coin_4893,nmo:hasPortrait,ex:person_118
ex:coin_4902,nmo:hasPortrait,ex:person_17
ex:coin_4974,nmo:hasPortrait,ex:person_118
ex:coin_4975,nmo:hasPortrait,ex:person_118
ex:coin_4976,nmo:hasPortrait,ex:person_17
ex:coin_4977,nmo:hasPortrait,ex:person_17
ex:coin_4978,nmo:hasPortrait,ex:person_17
ex:coin_5024,nmo:hasPortrait,ex:person_118
ex:coin_5025,nmo:hasPortrait,ex:person_126
ex:coin_5065,nmo:hasPortrait,ex:person_19
ex:coin_5079,nmo:hasPortrait,ex:person_118
ex:coin_5323,nmo:hasPortrait,ex:person_17
ex:coin_5359,nmo:hasPortrait,ex:person_135
ex:coin_5370,nmo:hasPortrait,ex:person_135
ex:coin_5387,nmo:hasPortrait,ex:person_17
ex:coin_5493,nmo:hasPortrait,ex:person_135
ex:coin_5520,nmo:hasPortrait,ex:person_135
ex:coin_5595,nmo:hasPortrait,ex:person_118
ex:coin_5596,nmo:hasPortrait,ex:person_17
ex:coin_5597,nmo:hasPortrait,ex:person_17
ex:coin_5669,nmo:hasPortrait,ex:person_135
ex:coin_5711,nmo:hasPortrait,ex:person_17
ex:coin_5817,nmo:hasPortrait,ex:person_17
ex:coin_5830,nmo:hasPortrait,ex:person_135
ex:coin_5832,nmo:hasPortrait,ex:person_19
ex:coin_5860,nmo:hasPortrait,ex:person_17
ex:coin_5971,nmo:hasPortrait,ex:person_17
ex:coin_6089,nmo:hasPortrait,ex:person_17
ex:coin_6130,nmo:hasPortrait,ex:person_19
ex:coin_6234,nmo:hasPortrait,ex:person_135
ex:coin_6235,nmo:hasPortrait,ex:person_126
ex:coin_6269,nmo:hasPortrait,ex:person_17
ex:coin_6390,nmo:hasPortrait,ex:person_19
ex:coin_6432,nmo:hasPortrait,ex:person_135
ex:coin_6582,nmo:hasPortrait,ex:person_126
ex:coin_6590,nmo:hasPortrait,ex:person_17
ex:coin_6592,nmo:hasPortrait,ex:person_135
ex:coin_6596,nmo:hasPortrait,ex:person_135
ex:coin_6597,nmo:hasPortrait,ex:person_135
ex:coin_6599,nmo:hasPortrait,ex:person_17
ex:coin_6600,nmo:hasPortrait,ex:person_17
ex:coin_6679,nmo:hasPortrait,ex:person_17
ex:coin_6687,nmo:hasPortrait,ex:person_17
ex:coin_6688,nmo:hasPortrait,ex:person_17
ex:coin_6689,nmo:hasPortrait,ex:person_126
ex:coin_6905,nmo:hasPortrait,ex:person_17
ex:coin_7619,nmo:hasPortrait,ex:person_19
ex:coin_7762,nmo:hasPortrait,ex:person_118
ex:coin_7763,nmo:hasPortrait,ex:person_17
ex:coin_7827,nmo:hasPortrait,ex:person_19
ex:coin_7828,nmo:hasPortrait,ex:person_19
ex:coin_7932,nmo:hasPortrait,ex:person_140
ex:coin_7947,nmo:hasPortrait,ex:person_135
ex:coin_8001,nmo:hasPortrait,ex:person_118
ex:coin_8039,nmo:hasPortrait,ex:person_17
ex:coin_8055,nmo:hasPortrait,ex:person_19
ex:coin_8124,nmo:hasPortrait,ex:person_19
ex:coin_8246,nmo:hasPortrait,ex:person_135
ex:coin_8247,nmo:hasPortrait,ex:person_135
ex:coin_8248,nmo:hasPortrait,ex:person_135
ex:coin_8249,nmo:hasPortrait,ex:person_135
ex:coin_8250,nmo:hasPortrait,ex:person_135
ex:coin_8251,nmo:hasPortrait,ex:person_135
ex:coin_8252,nmo:hasPortrait,ex:person_140
ex:coin_8253,nmo:hasPortrait,ex:person_140
ex:coin_8254,nmo:hasPortrait,ex:person_140
ex:coin_8255,nmo:hasPortrait,ex:person_118
ex:coin_8256,nmo:hasPortrait,ex:person_17
ex:coin_8257,nmo:hasPortrait,ex:person_17
ex:coin_8258,nmo:hasPortrait,ex:person_17
ex:coin_8259,nmo:hasPortrait,ex:person_17
ex:coin_8260,nmo:hasPortrait,ex:person_17
ex:coin_8261,nmo:hasPortrait,ex:person_17
ex:coin_8262,nmo:hasPortrait,ex:person_17
ex:coin_8263,nmo:hasPortrait,ex:person_17
ex:coin_8264,nmo:hasPortrait,ex:person_17
ex:coin_8265,nmo:hasPortrait,ex:person_17
ex:coin_8266,nmo:hasPortrait,ex:person_17
ex:coin_8267,nmo:hasPortrait,ex:person_17
ex:coin_8268,nmo:hasPortrait,ex:person_17
ex:coin_8269,nmo:hasPortrait,ex:person_19
ex:coin_8270,nmo:hasPortrait,ex:person_19
ex:coin_8271,nmo:hasPortrait,ex:person_19
ex:coin_8272,nmo:hasPortrait,ex:person_19
ex:coin_8303,nmo:hasPortrait,ex:person_135
ex:coin_8304,nmo:hasPortrait,ex:person_140
ex:coin_8549,nmo:hasPortrait,ex:person_135
ex:coin_8568,nmo:hasPortrait,ex:person_118
ex:coin_8569,nmo:hasPortrait,ex:person_17
ex:coin_8570,nmo:hasPortrait,ex:person_17
ex:coin_8750,nmo:hasPortrait,ex:person_17
ex:coin_8958,nmo:hasPortrait,ex:person_17
ex:coin_8976,nmo:hasPortrait,ex:person_135
ex:coin_9175,nmo:hasPortrait,ex:person_17
ex:coin_9268,nmo:hasPortrait,ex:person_135
ex:coin_9313,nmo:hasPortrait,ex:person_135
ex:coin_9484,nmo:hasPortrait,ex:person_126
ex:coin_9830,nmo:hasPortrait,ex:person_135
ex:coin_9890,nmo:hasPortrait,ex:person_126
ex:coin_9926,nmo:hasPortrait,ex:person_135
ex:coin_10125,nmo:hasPortrait,ex:person_19
ex:coin_10410,nmo:hasPortrait,ex:person_17
ex:coin_10442,nmo:hasPortrait,ex:person_17
ex:coin_10536,nmo:hasPortrait,ex:person_17
ex:coin_10544,nmo:hasPortrait,ex:person_17
ex:coin_10546,nmo:hasPortrait,ex:person_17
ex:coin_10547,nmo:hasPortrait,ex:person_19
ex:coin_11549,nmo:hasPortrait,ex:person_17
ex:coin_11573,nmo:hasPortrait,ex:person_17
ex:coin_11618,nmo:hasPortrait,ex:person_17
ex:coin_11647,nmo:hasPortrait,ex:person_17
ex:coin_11670,nmo:hasPortrait,ex:person_17
ex:coin_11687,nmo:hasPortrait,ex:person_17
ex:coin_11688,nmo:hasPortrait,ex:person_17
ex:coin_11689,nmo:hasPortrait,ex:person_135
ex:coin_11690,nmo:hasPortrait,ex:person_118
ex:coin_11906,nmo:hasPortrait,ex:person_17
ex:coin_11946,nmo:hasPortrait,ex:person_17
ex:coin_12040,nmo:hasPortrait,ex:person_17
ex:coin_12257,nmo:hasPortrait,ex:person_17
ex:coin_12273,nmo:hasPortrait,ex:person_17
ex:coin_12287,nmo:hasPortrait,ex:person_135
ex:coin_12294,nmo:hasPortrait,ex:person_19
ex:coin_12303,nmo:hasPortrait,ex:person_19
ex:coin_12323,nmo:hasPortrait,ex:person_19
ex:coin_12343,nmo:hasPortrait,ex:person_17
ex:coin_12369,nmo:hasPortrait,ex:person_17
ex:coin_12376,nmo:hasPortrait,ex:person_135
ex:coin_12377,nmo:hasPortrait,ex:person_17
ex:coin_12378,nmo:hasPortrait,ex:person_19
ex:coin_12513,nmo:hasPortrait,ex:person_19
ex:coin_12601,nmo:hasPortrait,ex:person_17
ex:coin_12653,nmo:hasPortrait,ex:person_17
ex:coin_12654,nmo:hasPortrait,ex:person_17
ex:coin_12655,nmo:hasPortrait,ex:person_17
ex:coin_12656,nmo:hasPortrait,ex:person_17
ex:coin_12657,nmo:hasPortrait,ex:person_17
ex:coin_12658,nmo:hasPortrait,ex:person_126
ex:coin_12659,nmo:hasPortrait,ex:person_19
ex:coin_12660,nmo:hasPortrait,ex:person_19
ex:coin_12772,nmo:hasPortrait,ex:person_135
ex:coin_12848,nmo:hasPortrait,ex:person_126
ex:coin_12853,nmo:hasPortrait,ex:person_118
ex:coin_12888,nmo:hasPortrait,ex:person_17
ex:coin_13028,nmo:hasPortrait,ex:person_135
ex:coin_13157,nmo:hasPortrait,ex:person_19
ex:coin_13163,nmo:hasPortrait,ex:person_17
ex:coin_13188,nmo:hasPortrait,ex:person_17
ex:coin_13460,nmo:hasPortrait,ex:person_126
ex:coin_13462,nmo:hasPortrait,ex:person_17
ex:coin_13479,nmo:hasPortrait,ex:person_14
ex:coin_13579,nmo:hasPortrait,ex:person_19
ex:coin_13618,nmo:hasPortrait,ex:person_17
ex:coin_13736,nmo:hasPortrait,ex:person_19
ex:coin_13752,nmo:hasPortrait,ex:person_19
ex:coin_13753,nmo:hasPortrait,ex:person_19
ex:coin_13754,nmo:hasPortrait,ex:person_19
ex:coin_14263,nmo:hasPortrait,ex:person_135
ex:coin_14267,nmo:hasPortrait,ex:person_19
ex:coin_14271,nmo:hasPortrait,ex:person_118
ex:coin_14275,nmo:hasPortrait,ex:person_17
ex:coin_14286,nmo:hasPortrait,ex:person_19
ex:coin_14307,nmo:hasPortrait,ex:person_135
ex:coin_14404,nmo:hasPortrait,ex:person_135
ex:coin_14406,nmo:hasPortrait,ex:person_17
ex:coin_15024,nmo:hasPortrait,ex:person_126
ex:coin_15126,nmo:hasPortrait,ex:person_17
ex:coin_15127,nmo:hasPortrait,ex:person_17
ex:coin_15150,nmo:hasPortrait,ex:person_126
ex:coin_15216,nmo:hasPortrait,ex:person_19
ex:coin_15410,nmo:hasPortrait,ex:person_17
ex:coin_15568,nmo:hasPortrait,ex:person_17
ex:coin_15613,nmo:hasPortrait,ex:person_19
ex:coin_15700,nmo:hasPortrait,ex:person_118
ex:coin_15709,nmo:hasPortrait,ex:person_126
ex:coin_15719,nmo:hasPortrait,ex:person_135
ex:coin_15764,nmo:hasPortrait,ex:person_17
ex:coin_15849,nmo:hasPortrait,ex:person_135
ex:coin_15886,nmo:hasPortrait,ex:person_118
ex:coin_15950,nmo:hasPortrait,ex:person_118
ex:coin_15966,nmo:hasPortrait,ex:person_17
ex:coin_15974,nmo:hasPortrait,ex:person_19
ex:coin_16055,nmo:hasPortrait,ex:person_17
ex:coin_16065,nmo:hasPortrait,ex:person_126
ex:coin_16068,nmo:hasPortrait,ex:person_118
ex:coin_16072,nmo:hasPortrait,ex:person_135
ex:coin_16073,nmo:hasPortrait,ex:person_135
ex:coin_16171,nmo:hasPortrait,ex:person_19
ex:coin_16172,nmo:hasPortrait,ex:person_17
ex:coin_16175,nmo:hasPortrait,ex:person_17
ex:coin_16192,nmo:hasPortrait,ex:person_17
ex:coin_16193,nmo:hasPortrait,ex:person_135
ex:coin_16200,nmo:hasPortrait,ex:person_17
ex:coin_16213,nmo:hasPortrait,ex:person_17
ex:coin_16214,nmo:hasPortrait,ex:person_17
ex:coin_16220,nmo:hasPortrait,ex:person_118
ex:coin_16221,nmo:hasPortrait,ex:person_17
ex:coin_16232,nmo:hasPortrait,ex:person_135
ex:coin_16267,nmo:hasPortrait,ex:person_19
ex:coin_16298,nmo:hasPortrait,ex:person_19
ex:coin_16630,nmo:hasPortrait,ex:person_19
ex:coin_16652,nmo:hasPortrait,ex:person_135
ex:coin_16683,nmo:hasPortrait,ex:person_19
ex:coin_16685,nmo:hasPortrait,ex:person_17
ex:coin_16686,nmo:hasPortrait,ex:person_19
ex:coin_16688,nmo:hasPortrait,ex:person_17
ex:coin_16702,nmo:hasPortrait,ex:person_126
ex:coin_16801,nmo:hasPortrait,ex:person_17
ex:coin_16815,nmo:hasPortrait,ex:person_19
ex:coin_16826,nmo:hasPortrait,ex:person_118
ex:coin_16842,nmo:hasPortrait,ex:person_17
ex:coin_16905,nmo:hasPortrait,ex:person_17
ex:coin_16913,nmo:hasPortrait,ex:person_135
ex:coin_16918,nmo:hasPortrait,ex:person_17
ex:coin_16941,nmo:hasPortrait,ex:person_17
ex:coin_16948,nmo:hasPortrait,ex:person_126
ex:coin_16951,nmo:hasPortrait,ex:person_19
ex:coin_17171,nmo:hasPortrait,ex:person_17
ex:coin_17351,nmo:hasPortrait,ex:person_118
ex:coin_17457,nmo:hasPortrait,ex:person_19
ex:coin_17659,nmo:hasPortrait,ex:person_118
ex:coin_17660,nmo:hasPortrait,ex:person_126
ex:coin_17701,nmo:hasPortrait,ex:person_17
ex:coin_17702,nmo:hasPortrait,ex:person_17
ex:coin_17763,nmo:hasPortrait,ex:person_17
ex:coin_17768,nmo:hasPortrait,ex:person_17
ex:coin_17798,nmo:hasPortrait,ex:person_17
ex:coin_17811,nmo:hasPortrait,ex:person_17
ex:coin_17812,nmo:hasPortrait,ex:person_135
ex:coin_17842,nmo:hasPortrait,ex:person_135
ex:coin_17865,nmo:hasPortrait,ex:person_135
ex:coin_17868,nmo:hasPortrait,ex:person_135
ex:coin_17871,nmo:hasPortrait,ex:person_135
ex:coin_17880,nmo:hasPortrait,ex:person_17
ex:coin_17889,nmo:hasPortrait,ex:person_118
ex:coin_17902,nmo:hasPortrait,ex:person_126
ex:coin_17922,nmo:hasPortrait,ex:person_19
ex:coin_17935,nmo:hasPortrait,ex:person_126
ex:coin_17937,nmo:hasPortrait,ex:person_140
ex:coin_17953,nmo:hasPortrait,ex:person_17
ex:coin_17966,nmo:hasPortrait,ex:person_126
ex:coin_17982,nmo:hasPortrait,ex:person_19
ex:coin_17989,nmo:hasPortrait,ex:person_17
ex:coin_18020,nmo:hasPortrait,ex:person_135
ex:coin_18030,nmo:hasPortrait,ex:person_16
ex:coin_18034,nmo:hasPortrait,ex:person_17
ex:coin_18055,nmo:hasPortrait,ex:person_17
ex:coin_18056,nmo:hasPortrait,ex:person_17
ex:coin_18075,nmo:hasPortrait,ex:person_17
ex:coin_18077,nmo:hasPortrait,ex:person_19
ex:coin_18083,nmo:hasPortrait,ex:person_17
ex:coin_18296,nmo:hasPortrait,ex:person_16
ex:coin_18368,nmo:hasPortrait,ex:person_19
ex:coin_18437,nmo:hasPortrait,ex:person_135
ex:coin_18457,nmo:hasPortrait,ex:person_17
ex:coin_18478,nmo:hasPortrait,ex:person_135
ex:coin_18484,nmo:hasPortrait,ex:person_17
ex:coin_18492,nmo:hasPortrait,ex:person_19
ex:coin_18494,nmo:hasPortrait,ex:person_126
ex:coin_18498,nmo:hasPortrait,ex:person_118
ex:coin_18630,nmo:hasPortrait,ex:person_17
ex:coin_18644,nmo:hasPortrait,ex:person_17
ex:coin_18675,nmo:hasPortrait,ex:person_19
ex:coin_18676,nmo:hasPortrait,ex:person_19
ex:coin_18678,nmo:hasPortrait,ex:person_19
ex:coin_18711,nmo:hasPortrait,ex:person_17
ex:coin_18718,nmo:hasPortrait,ex:person_16
ex:coin_27988,nmo:hasPortrait,ex:person_19
ex:coin_28316,nmo:hasPortrait,ex:person_17
ex:coin_28317,nmo:hasPortrait,ex:person_17
ex:coin_28318,nmo:hasPortrait,ex:person_17
ex:coin_28319,nmo:hasPortrait,ex:person_17
ex:coin_28320,nmo:hasPortrait,ex:person_17
ex:coin_28321,nmo:hasPortrait,ex:person_17
ex:coin_28981,nmo:hasPortrait,ex:person_118
ex:coin_29721,nmo:hasPortrait,ex:person_135
ex:coin_30093,nmo:hasPortrait,ex:person_17
ex:coin_30122,nmo:hasPortrait,ex:person_17
ex:coin_30191,nmo:hasPortrait,ex:person_19
ex:coin_30238,nmo:hasPortrait,ex:person_126
ex:coin_30277,nmo:hasPortrait,ex:person_17
ex:coin_30578,nmo:hasPortrait,ex:person_17
ex:coin_31273,nmo:hasPortrait,ex:person_19
ex:coin_32360,nmo:hasPortrait,ex:person_19
ex:coin_33226,nmo:hasPortrait,ex:person_17
ex:coin_33233,nmo:hasPortrait,ex:person_17
ex:coin_33655,nmo:hasPortrait,ex:person_17
ex:coin_33686,nmo:hasPortrait,ex:person_17
ex:coin_33762,nmo:hasPortrait,ex:person_19
ex:coin_34817,nmo:hasPortrait,ex:person_19
ex:coin_35799,nmo:hasPortrait,ex:person_17
ex:coin_35866,nmo:hasPortrait,ex:person_135
ex:coin_35867,nmo:hasPortrait,ex:person_135
ex:coin_35868,nmo:hasPortrait,ex:person_118
ex:coin_35869,nmo:hasPortrait,ex:person_118
ex:coin_35870,nmo:hasPortrait,ex:person_118
ex:coin_35871,nmo:hasPortrait,ex:person_118
ex:coin_35872,nmo:hasPortrait,ex:person_17
ex:coin_35873,nmo:hasPortrait,ex:person_17
ex:coin_35874,nmo:hasPortrait,ex:person_17
ex:coin_35875,nmo:hasPortrait,ex:person_17
ex:coin_35876,nmo:hasPortrait,ex:person_17
ex:coin_35877,nmo:hasPortrait,ex:person_17
ex:coin_35878,nmo:hasPortrait,ex:person_17
ex:coin_35879,nmo:hasPortrait,ex:person_17
ex:coin_35880,nmo:hasPortrait,ex:person_126
ex:coin_35884,nmo:hasPortrait,ex:person_19
ex:coin_35885,nmo:hasPortrait,ex:person_19
ex:coin_35886,nmo:hasPortrait,ex:person_19
ex:coin_35887,nmo:hasPortrait,ex:person_19
ex:coin_35888,nmo:hasPortrait,ex:person_19
ex:coin_35889,nmo:hasPortrait,ex:person_19
ex:coin_35906,nmo:hasPortrait,ex:person_17
ex:coin_35907,nmo:hasPortrait,ex:person_17
ex:coin_35961,nmo:hasPortrait,ex:person_135
ex:coin_35962,nmo:hasPortrait,ex:person_17
ex:coin_35963,nmo:hasPortrait,ex:person_17
ex:coin_35964,nmo:hasPortrait,ex:person_19
ex:coin_35965,nmo:hasPortrait,ex:person_19
ex:coin_35966,nmo:hasPortrait,ex:person_19
ex:coin_35967,nmo:hasPortrait,ex:person_19
ex:coin_35987,nmo:hasPortrait,ex:person_19
ex:coin_35990,nmo:hasPortrait,ex:person_19
ex:coin_35991,nmo:hasPortrait,ex:person_19
ex:coin_35997,nmo:hasPortrait,ex:person_17
ex:coin_36000,nmo:hasPortrait,ex:person_17
ex:coin_36002,nmo:hasPortrait,ex:person_17
ex:coin_36003,nmo:hasPortrait,ex:person_19
ex:coin_36004,nmo:hasPortrait,ex:person_19
ex:coin_36032,nmo:hasPortrait,ex:person_17
ex:coin_36033,nmo:hasPortrait,ex:person_126
ex:coin_36034,nmo:hasPortrait,ex:person_19
ex:coin_36045,nmo:hasPortrait,ex:person_19
ex:coin_36047,nmo:hasPortrait,ex:person_17
ex:coin_36049,nmo:hasPortrait,ex:person_17
ex:coin_36052,nmo:hasPortrait,ex:person_17
ex:coin_36053,nmo:hasPortrait,ex:person_17
ex:coin_36059,nmo:hasPortrait,ex:person_19
ex:coin_36065,nmo:hasPortrait,ex:person_17
ex:coin_36076,nmo:hasPortrait,ex:person_17
ex:coin_36077,nmo:hasPortrait,ex:person_17
ex:coin_36083,nmo:hasPortrait,ex:person_17
ex:coin_36086,nmo:hasPortrait,ex:person_135
ex:coin_36087,nmo:hasPortrait,ex:person_19
ex:coin_36088,nmo:hasPortrait,ex:person_126
ex:coin_36095,nmo:hasPortrait,ex:person_17
ex:coin_36096,nmo:hasPortrait,ex:person_118
ex:coin_36106,nmo:hasPortrait,ex:person_17
ex:coin_36117,nmo:hasPortrait,ex:person_19
ex:coin_36121,nmo:hasPortrait,ex:person_17
ex:coin_36123,nmo:hasPortrait,ex:person_17
ex:coin_36132,nmo:hasPortrait,ex:person_17
ex:coin_36138,nmo:hasPortrait,ex:person_118
ex:coin_36142,nmo:hasPortrait,ex:person_17
ex:coin_36144,nmo:hasPortrait,ex:person_17
ex:coin_36147,nmo:hasPortrait,ex:person_19
ex:coin_36164,nmo:hasPortrait,ex:person_19
ex:coin_36168,nmo:hasPortrait,ex:person_17
ex:coin_36172,nmo:hasPortrait,ex:person_17
ex:coin_36175,nmo:hasPortrait,ex:person_17
ex:coin_36184,nmo:hasPortrait,ex:person_19
ex:coin_36187,nmo:hasPortrait,ex:person_126
ex:coin_36189,nmo:hasPortrait,ex:person_17
ex:coin_36192,nmo:hasPortrait,ex:person_17
ex:coin_36197,nmo:hasPortrait,ex:person_19
ex:coin_36198,nmo:hasPortrait,ex:person_17
ex:coin_36207,nmo:hasPortrait,ex:person_17
ex:coin_36208,nmo:hasPortrait,ex:person_118
ex:coin_36216,nmo:hasPortrait,ex:person_126
ex:coin_36247,nmo:hasPortrait,ex:person_118
ex:coin_36248,nmo:hasPortrait,ex:person_17
ex:coin_36249,nmo:hasPortrait,ex:person_17
ex:coin_36250,nmo:hasPortrait,ex:person_17
ex:coin_36255,nmo:hasPortrait,ex:person_19
ex:coin_36268,nmo:hasPortrait,ex:person_17
ex:coin_36269,nmo:hasPortrait,ex:person_135
ex:coin_36278,nmo:hasPortrait,ex:person_17
ex:coin_36281,nmo:hasPortrait,ex:person_17
ex:coin_36282,nmo:hasPortrait,ex:person_19
ex:coin_36285,nmo:hasPortrait,ex:person_17
ex:coin_36290,nmo:hasPortrait,ex:person_17
ex:coin_36292,nmo:hasPortrait,ex:person_17
ex:coin_36296,nmo:hasPortrait,ex:person_17
ex:coin_36297,nmo:hasPortrait,ex:person_19
ex:coin_36300,nmo:hasPortrait,ex:person_17
ex:coin_36303,nmo:hasPortrait,ex:person_118
ex:coin_36305,nmo:hasPortrait,ex:person_19
ex:coin_36308,nmo:hasPortrait,ex:person_19
ex:coin_36316,nmo:hasPortrait,ex:person_19
ex:coin_36318,nmo:hasPortrait,ex:person_19
ex:coin_36331,nmo:hasPortrait,ex:person_126
ex:coin_36338,nmo:hasPortrait,ex:person_126
ex:coin_41306,nmo:hasPortrait,ex:person_17
ex:coin_41309,nmo:hasPortrait,ex:person_19
ex:coin_42735,nmo:hasPortrait,ex:person_126
ex:coin_42797,nmo:hasPortrait,ex:person_118
ex:coin_42809,nmo:hasPortrait,ex:person_140
ex:coin_42841,nmo:hasPortrait,ex:person_17
ex:coin_42848,nmo:hasPortrait,ex:person_17
ex:coin_42865,nmo:hasPortrait,ex:person_17
ex:coin_42880,nmo:hasPortrait,ex:person_17
ex:coin_4590,nmo:hasPortrait,ex:person_19
ex:coin_4615,nmo:hasPortrait,ex:person_19
ex:coin_4982,nmo:hasPortrait,ex:person_19
ex:coin_5420,nmo:hasPortrait,ex:person_19
ex:coin_5695,nmo:hasPortrait,ex:person_19
ex:coin_6436,nmo:hasPortrait,ex:person_19
ex:coin_6537,nmo:hasPortrait,ex:person_19
ex:coin_7917,nmo:hasPortrait,ex:person_19
ex:coin_8398,nmo:hasPortrait,ex:person_19
ex:coin_8516,nmo:hasPortrait,ex:person_19
ex:coin_8641,nmo:hasPortrait,ex:person_19
ex:coin_8716,nmo:hasPortrait,ex:person_19
ex:coin_8995,nmo:hasPortrait,ex:person_19
ex:coin_9666,nmo:hasPortrait,ex:person_19
ex:coin_9857,nmo:hasPortrait,ex:person_19
ex:coin_11453,nmo:hasPortrait,ex:person_19
ex:coin_11691,nmo:hasPortrait,ex:person_19
ex:coin_12077,nmo:hasPortrait,ex:person_19
ex:coin_12958,nmo:hasPortrait,ex:person_19
ex:coin_13461,nmo:hasPortrait,ex:person_19
ex:coin_14800,nmo:hasPortrait,ex:person_19
ex:coin_15157,nmo:hasPortrait,ex:person_19
ex:coin_15842,nmo:hasPortrait,ex:person_19
ex:coin_15843,nmo:hasPortrait,ex:person_19
ex:coin_991,nmo:hasPortrait,ex:person_21
ex:coin_1735,nmo:hasPortrait,ex:person_141
ex:coin_2833,nmo:hasPortrait,ex:person_141
ex:coin_2834,nmo:hasPortrait,ex:person_141
ex:coin_2835,nmo:hasPortrait,ex:person_141
ex:coin_2836,nmo:hasPortrait,ex:person_21
ex:coin_2837,nmo:hasPortrait,ex:person_21
ex:coin_2838,nmo:hasPortrait,ex:person_21
ex:coin_2839,nmo:hasPortrait,ex:person_21
ex:coin_2840,nmo:hasPortrait,ex:person_21
ex:coin_2841,nmo:hasPortrait,ex:person_21
ex:coin_2842,nmo:hasPortrait,ex:person_21
ex:coin_3045,nmo:hasPortrait,ex:person_141
ex:coin_3151,nmo:hasPortrait,ex:person_141
ex:coin_3521,nmo:hasPortrait,ex:person_21
ex:coin_3582,nmo:hasPortrait,ex:person_21
ex:coin_4650,nmo:hasPortrait,ex:person_21
ex:coin_4997,nmo:hasPortrait,ex:person_21
ex:coin_4998,nmo:hasPortrait,ex:person_21
ex:coin_5667,nmo:hasPortrait,ex:person_21
ex:coin_6137,nmo:hasPortrait,ex:person_21
ex:coin_6619,nmo:hasPortrait,ex:person_21
ex:coin_8282,nmo:hasPortrait,ex:person_21
ex:coin_8283,nmo:hasPortrait,ex:person_21
ex:coin_8307,nmo:hasPortrait,ex:person_21
ex:coin_8435,nmo:hasPortrait,ex:person_141
ex:coin_8729,nmo:hasPortrait,ex:person_21
ex:coin_9011,nmo:hasPortrait,ex:person_141
ex:coin_9076,nmo:hasPortrait,ex:person_141
ex:coin_9301,nmo:hasPortrait,ex:person_141
ex:coin_9859,nmo:hasPortrait,ex:person_21
ex:coin_11591,nmo:hasPortrait,ex:person_21
ex:coin_11640,nmo:hasPortrait,ex:person_21
ex:coin_12281,nmo:hasPortrait,ex:person_141
ex:coin_12380,nmo:hasPortrait,ex:person_21
ex:coin_12474,nmo:hasPortrait,ex:person_21
ex:coin_12668,nmo:hasPortrait,ex:person_21
ex:coin_12872,nmo:hasPortrait,ex:person_21
ex:coin_13151,nmo:hasPortrait,ex:person_21
ex:coin_13587,nmo:hasPortrait,ex:person_21
ex:coin_13779,nmo:hasPortrait,ex:person_21
ex:coin_13915,nmo:hasPortrait,ex:person_21
ex:coin_15037,nmo:hasPortrait,ex:person_21
ex:coin_15093,nmo:hasPortrait,ex:person_21
ex:coin_15694,nmo:hasPortrait,ex:person_21
ex:coin_15701,nmo:hasPortrait,ex:person_21
ex:coin_16057,nmo:hasPortrait,ex:person_21
ex:coin_16191,nmo:hasPortrait,ex:person_21
ex:coin_16277,nmo:hasPortrait,ex:person_21
ex:coin_16294,nmo:hasPortrait,ex:person_21
ex:coin_16628,nmo:hasPortrait,ex:person_141
ex:coin_16635,nmo:hasPortrait,ex:person_141
ex:coin_16703,nmo:hasPortrait,ex:person_21
ex:coin_17179,nmo:hasPortrait,ex:person_21
ex:coin_17585,nmo:hasPortrait,ex:person_21
ex:coin_17873,nmo:hasPortrait,ex:person_141
ex:coin_17936,nmo:hasPortrait,ex:person_141
ex:coin_17943,nmo:hasPortrait,ex:person_141
ex:coin_18375,nmo:hasPortrait,ex:person_14
ex:coin_18460,nmo:hasPortrait,ex:person_21
ex:coin_18462,nmo:hasPortrait,ex:person_21
ex:coin_28077,nmo:hasPortrait,ex:person_21
ex:coin_35800,nmo:hasPortrait,ex:person_141
ex:coin_35801,nmo:hasPortrait,ex:person_141
ex:coin_35802,nmo:hasPortrait,ex:person_21
ex:coin_35803,nmo:hasPortrait,ex:person_21
ex:coin_35983,nmo:hasPortrait,ex:person_141
ex:coin_35984,nmo:hasPortrait,ex:person_141
ex:coin_35985,nmo:hasPortrait,ex:person_21
ex:coin_36044,nmo:hasPortrait,ex:person_141
ex:coin_36046,nmo:hasPortrait,ex:person_141
ex:coin_36073,nmo:hasPortrait,ex:person_21
ex:coin_36104,nmo:hasPortrait,ex:person_21
ex:coin_36137,nmo:hasPortrait,ex:person_141
ex:coin_36322,nmo:hasPortrait,ex:person_21
ex:coin_36332,nmo:hasPortrait,ex:person_21
ex:coin_42744,nmo:hasPortrait,ex:person_21
ex:coin_42907,nmo:hasPortrait,ex:person_21
ex:coin_829,nmo:hasPortrait,ex:person_22
ex:coin_1150,nmo:hasPortrait,ex:person_22
ex:coin_1726,nmo:hasPortrait,ex:person_23
ex:coin_1727,nmo:hasPortrait,ex:person_22
ex:coin_1837,nmo:hasPortrait,ex:person_22
ex:coin_1963,nmo:hasPortrait,ex:person_22
ex:coin_1968,nmo:hasPortrait,ex:person_22
ex:coin_2844,nmo:hasPortrait,ex:person_146
ex:coin_3915,nmo:hasPortrait,ex:person_22
ex:coin_4743,nmo:hasPortrait,ex:person_22
ex:coin_4908,nmo:hasPortrait,ex:person_23
ex:coin_4909,nmo:hasPortrait,ex:person_22
ex:coin_5385,nmo:hasPortrait,ex:person_162
ex:coin_5623,nmo:hasPortrait,ex:person_23
ex:coin_5624,nmo:hasPortrait,ex:person_23
ex:coin_5625,nmo:hasPortrait,ex:person_162
ex:coin_5626,nmo:hasPortrait,ex:person_22
ex:coin_5755,nmo:hasPortrait,ex:person_23
ex:coin_6319,nmo:hasPortrait,ex:person_23
ex:coin_6680,nmo:hasPortrait,ex:person_22
ex:coin_7557,nmo:hasPortrait,ex:person_188
ex:coin_8309,nmo:hasPortrait,ex:person_22
ex:coin_8573,nmo:hasPortrait,ex:person_22
ex:coin_8632,nmo:hasPortrait,ex:person_22
ex:coin_9238,nmo:hasPortrait,ex:person_162
ex:coin_9346,nmo:hasPortrait,ex:person_162
ex:coin_9495,nmo:hasPortrait,ex:person_22
ex:coin_9860,nmo:hasPortrait,ex:person_22
ex:coin_11467,nmo:hasPortrait,ex:person_22
ex:coin_11604,nmo:hasPortrait,ex:person_22
ex:coin_11610,nmo:hasPortrait,ex:person_23
ex:coin_11909,nmo:hasPortrait,ex:person_162
ex:coin_11930,nmo:hasPortrait,ex:person_162
ex:coin_12022,nmo:hasPortrait,ex:person_22
ex:coin_12928,nmo:hasPortrait,ex:person_22
ex:coin_12929,nmo:hasPortrait,ex:person_162
ex:coin_12941,nmo:hasPortrait,ex:person_22
ex:coin_12942,nmo:hasPortrait,ex:person_22
ex:coin_12989,nmo:hasPortrait,ex:person_162
ex:coin_13465,nmo:hasPortrait,ex:person_23
ex:coin_13472,nmo:hasPortrait,ex:person_23
ex:coin_13788,nmo:hasPortrait,ex:person_22
ex:coin_13842,nmo:hasPortrait,ex:person_22
ex:coin_14032,nmo:hasPortrait,ex:person_22
ex:coin_14303,nmo:hasPortrait,ex:person_22
ex:coin_15069,nmo:hasPortrait,ex:person_22
ex:coin_15128,nmo:hasPortrait,ex:person_162
ex:coin_15144,nmo:hasPortrait,ex:person_162
ex:coin_15716,nmo:hasPortrait,ex:person_22
ex:coin_16229,nmo:hasPortrait,ex:person_22
ex:coin_16295,nmo:hasPortrait,ex:person_162
ex:coin_16386,nmo:hasPortrait,ex:person_22
ex:coin_16613,nmo:hasPortrait,ex:person_22
ex:coin_16890,nmo:hasPortrait,ex:person_22
ex:coin_16903,nmo:hasPortrait,ex:person_162
ex:coin_17172,nmo:hasPortrait,ex:person_22
ex:coin_17706,nmo:hasPortrait,ex:person_22
ex:coin_17736,nmo:hasPortrait,ex:person_22
ex:coin_17745,nmo:hasPortrait,ex:person_22
ex:coin_17863,nmo:hasPortrait,ex:person_22
ex:coin_18060,nmo:hasPortrait,ex:person_22
ex:coin_18200,nmo:hasPortrait,ex:person_22
ex:coin_18480,nmo:hasPortrait,ex:person_23
ex:coin_18639,nmo:hasPortrait,ex:person_22
ex:coin_27300,nmo:hasPortrait,ex:person_23
ex:coin_28122,nmo:hasPortrait,ex:person_23
ex:coin_28123,nmo:hasPortrait,ex:person_23
ex:coin_28124,nmo:hasPortrait,ex:person_22
ex:coin_36342,nmo:hasPortrait,ex:person_23
ex:coin_36344,nmo:hasPortrait,ex:person_23
ex:coin_36345,nmo:hasPortrait,ex:person_23
ex:coin_36349,nmo:hasPortrait,ex:person_23
ex:coin_36372,nmo:hasPortrait,ex:person_23
ex:coin_36373,nmo:hasPortrait,ex:person_22
ex:coin_36374,nmo:hasPortrait,ex:person_22
ex:coin_36375,nmo:hasPortrait,ex:person_22
ex:coin_36389,nmo:hasPortrait,ex:person_23
ex:coin_36390,nmo:hasPortrait,ex:person_23
ex:coin_36393,nmo:hasPortrait,ex:person_22
ex:coin_36394,nmo:hasPortrait,ex:person_22
ex:coin_36395,nmo:hasPortrait,ex:person_22
ex:coin_36396,nmo:hasPortrait,ex:person_22
ex:coin_36399,nmo:hasPortrait,ex:person_22
ex:coin_36400,nmo:hasPortrait,ex:person_22
ex:coin_36409,nmo:hasPortrait,ex:person_22
ex:coin_36410,nmo:hasPortrait,ex:person_22
ex:coin_36412,nmo:hasPortrait,ex:person_23
ex:coin_36417,nmo:hasPortrait,ex:person_22
ex:coin_36418,nmo:hasPortrait,ex:person_22
ex:coin_36422,nmo:hasPortrait,ex:person_22
ex:coin_36423,nmo:hasPortrait,ex:person_22
ex:coin_36426,nmo:hasPortrait,ex:person_22
ex:coin_36433,nmo:hasPortrait,ex:person_23
ex:coin_36434,nmo:hasPortrait,ex:person_22
ex:coin_36435,nmo:hasPortrait,ex:person_22
ex:coin_40199,nmo:hasPortrait,ex:person_23
ex:coin_40243,nmo:hasPortrait,ex:person_23
ex:coin_40244,nmo:hasPortrait,ex:person_23
ex:coin_40245,nmo:hasPortrait,ex:person_23
ex:coin_40246,nmo:hasPortrait,ex:person_23
ex:coin_40247,nmo:hasPortrait,ex:person_23
ex:coin_40248,nmo:hasPortrait,ex:person_23
ex:coin_40249,nmo:hasPortrait,ex:person_23
ex:coin_40250,nmo:hasPortrait,ex:person_23
ex:coin_40251,nmo:hasPortrait,ex:person_23
ex:coin_40252,nmo:hasPortrait,ex:person_23
ex:coin_40253,nmo:hasPortrait,ex:person_23
ex:coin_40254,nmo:hasPortrait,ex:person_23
ex:coin_40255,nmo:hasPortrait,ex:person_22
ex:coin_40256,nmo:hasPortrait,ex:person_22
ex:coin_40257,nmo:hasPortrait,ex:person_22
ex:coin_40258,nmo:hasPortrait,ex:person_22
ex:coin_40259,nmo:hasPortrait,ex:person_22
ex:coin_40260,nmo:hasPortrait,ex:person_22
ex:coin_40261,nmo:hasPortrait,ex:person_22
ex:coin_40262,nmo:hasPortrait,ex:person_22
ex:coin_40263,nmo:hasPortrait,ex:person_22
ex:coin_41408,nmo:hasPortrait,ex:person_162
ex:coin_41409,nmo:hasPortrait,ex:person_162
ex:coin_41739,nmo:hasPortrait,ex:person_162
ex:coin_41759,nmo:hasPortrait,ex:person_162
ex:coin_41765,nmo:hasPortrait,ex:person_162
ex:coin_41800,nmo:hasPortrait,ex:person_162
ex:coin_41810,nmo:hasPortrait,ex:person_162
ex:coin_41852,nmo:hasPortrait,ex:person_162
ex:coin_41876,nmo:hasPortrait,ex:person_162
ex:coin_42635,nmo:hasPortrait,ex:person_162
ex:coin_42645,nmo:hasPortrait,ex:person_162
ex:coin_42646,nmo:hasPortrait,ex:person_162
ex:coin_42647,nmo:hasPortrait,ex:person_162
ex:coin_42648,nmo:hasPortrait,ex:person_162
ex:coin_42651,nmo:hasPortrait,ex:person_162
ex:coin_42655,nmo:hasPortrait,ex:person_162
ex:coin_42740,nmo:hasPortrait,ex:person_22
ex:coin_42917,nmo:hasPortrait,ex:person_22
ex:coin_13174,nmo:hasPortrait,ex:person_188
ex:coin_13786,nmo:hasPortrait,ex:person_22
ex:coin_14009,nmo:hasPortrait,ex:person_22
ex:coin_14385,nmo:hasPortrait,ex:person_188
ex:coin_15703,nmo:hasPortrait,ex:person_22
ex:coin_18039,nmo:hasPortrait,ex:person_22
ex:coin_18059,nmo:hasPortrait,ex:person_188
ex:coin_18225,nmo:hasPortrait,ex:person_22
ex:coin_18254,nmo:hasPortrait,ex:person_188
ex:coin_36376,nmo:hasPortrait,ex:person_22
ex:coin_36406,nmo:hasPortrait,ex:person_188
ex:coin_36436,nmo:hasPortrait,ex:person_148
ex:coin_40274,nmo:hasPortrait,ex:person_22
ex:coin_40275,nmo:hasPortrait,ex:person_22
ex:coin_40276,nmo:hasPortrait,ex:person_22
ex:coin_722,nmo:hasPortrait,ex:person_171
ex:coin_752,nmo:hasPortrait,ex:person_47
ex:coin_4593,nmo:hasPortrait,ex:person_47
ex:coin_4594,nmo:hasPortrait,ex:person_113
ex:coin_4920,nmo:hasPortrait,ex:person_171
ex:coin_4921,nmo:hasPortrait,ex:person_47
ex:coin_5037,nmo:hasPortrait,ex:person_171
ex:coin_5038,nmo:hasPortrait,ex:person_171
ex:coin_6152,nmo:hasPortrait,ex:person_47
ex:coin_6252,nmo:hasPortrait,ex:person_47
ex:coin_8553,nmo:hasPortrait,ex:person_47
ex:coin_9316,nmo:hasPortrait,ex:person_171
ex:coin_9677,nmo:hasPortrait,ex:person_171
ex:coin_11671,nmo:hasPortrait,ex:person_113
ex:coin_11856,nmo:hasPortrait,ex:person_171
ex:coin_11956,nmo:hasPortrait,ex:person_47
ex:coin_12074,nmo:hasPortrait,ex:person_171
ex:coin_12944,nmo:hasPortrait,ex:person_47
ex:coin_13684,nmo:hasPortrait,ex:person_171
ex:coin_13850,nmo:hasPortrait,ex:person_47
ex:coin_14034,nmo:hasPortrait,ex:person_47
ex:coin_18064,nmo:hasPortrait,ex:person_113
ex:coin_18227,nmo:hasPortrait,ex:person_171
ex:coin_18321,nmo:hasPortrait,ex:person_47
ex:coin_36448,nmo:hasPortrait,ex:person_47
ex:coin_36449,nmo:hasPortrait,ex:person_47
ex:coin_36456,nmo:hasPortrait,ex:person_171
ex:coin_36457,nmo:hasPortrait,ex:person_171
ex:coin_36466,nmo:hasPortrait,ex:person_170
ex:coin_36485,nmo:hasPortrait,ex:person_171
ex:coin_36488,nmo:hasPortrait,ex:person_47
ex:coin_36506,nmo:hasPortrait,ex:person_47
ex:coin_40335,nmo:hasPortrait,ex:person_170
ex:coin_40336,nmo:hasPortrait,ex:person_170
ex:coin_40337,nmo:hasPortrait,ex:person_170
ex:coin_40338,nmo:hasPortrait,ex:person_170
ex:coin_40339,nmo:hasPortrait,ex:person_170
ex:coin_40340,nmo:hasPortrait,ex:person_171
ex:coin_40341,nmo:hasPortrait,ex:person_171
ex:coin_40342,nmo:hasPortrait,ex:person_171
ex:coin_40343,nmo:hasPortrait,ex:person_113
ex:coin_40344,nmo:hasPortrait,ex:person_47
ex:coin_40345,nmo:hasPortrait,ex:person_47
ex:coin_40346,nmo:hasPortrait,ex:person_47
ex:coin_40347,nmo:hasPortrait,ex:person_47
ex:coin_40348,nmo:hasPortrait,ex:person_47
ex:coin_40349,nmo:hasPortrait,ex:person_47
ex:coin_40350,nmo:hasPortrait,ex:person_47
ex:coin_40351,nmo:hasPortrait,ex:person_47
ex:coin_40352,nmo:hasPortrait,ex:person_47
ex:coin_42775,nmo:hasPortrait,ex:person_47
ex:coin_764,nmo:hasPortrait,ex:person_25
ex:coin_3867,nmo:hasPortrait,ex:person_25
ex:coin_4666,nmo:hasPortrait,ex:person_25
ex:coin_4930,nmo:hasPortrait,ex:person_25
ex:coin_4931,nmo:hasPortrait,ex:person_25
ex:coin_4932,nmo:hasPortrait,ex:person_25
ex:coin_5041,nmo:hasPortrait,ex:person_25
ex:coin_5042,nmo:hasPortrait,ex:person_25
ex:coin_5823,nmo:hasPortrait,ex:person_25
ex:coin_5984,nmo:hasPortrait,ex:person_25
ex:coin_7533,nmo:hasPortrait,ex:person_25
ex:coin_7534,nmo:hasPortrait,ex:person_25
ex:coin_8572,nmo:hasPortrait,ex:person_25
ex:coin_9333,nmo:hasPortrait,ex:person_25
ex:coin_9347,nmo:hasPortrait,ex:person_47
ex:coin_9349,nmo:hasPortrait,ex:person_25
ex:coin_9424,nmo:hasPortrait,ex:person_25
ex:coin_9888,nmo:hasPortrait,ex:person_25
ex:coin_9904,nmo:hasPortrait,ex:person_25
ex:coin_9936,nmo:hasPortrait,ex:person_25
ex:coin_12681,nmo:hasPortrait,ex:person_25
ex:coin_12682,nmo:hasPortrait,ex:person_25
ex:coin_12776,nmo:hasPortrait,ex:person_25
ex:coin_12789,nmo:hasPortrait,ex:person_25
ex:coin_12875,nmo:hasPortrait,ex:person_25
ex:coin_13437,nmo:hasPortrait,ex:person_25
ex:coin_13509,nmo:hasPortrait,ex:person_25
ex:coin_13681,nmo:hasPortrait,ex:person_25
ex:coin_15016,nmo:hasPortrait,ex:person_47
ex:coin_15129,nmo:hasPortrait,ex:person_25
ex:coin_15130,nmo:hasPortrait,ex:person_25
ex:coin_15131,nmo:hasPortrait,ex:person_25
ex:coin_16891,nmo:hasPortrait,ex:person_25
ex:coin_18176,nmo:hasPortrait,ex:person_25
ex:coin_18683,nmo:hasPortrait,ex:person_25
ex:coin_36462,nmo:hasPortrait,ex:person_25
ex:coin_36463,nmo:hasPortrait,ex:person_25
ex:coin_36480,nmo:hasPortrait,ex:person_25
ex:coin_36482,nmo:hasPortrait,ex:person_25
ex:coin_36494,nmo:hasPortrait,ex:person_25
ex:coin_36498,nmo:hasPortrait,ex:person_25
ex:coin_36501,nmo:hasPortrait,ex:person_25
ex:coin_36505,nmo:hasPortrait,ex:person_25
ex:coin_36519,nmo:hasPortrait,ex:person_25
ex:coin_36523,nmo:hasPortrait,ex:person_25
ex:coin_39011,nmo:hasPortrait,ex:person_128
ex:coin_40430,nmo:hasPortrait,ex:person_128
ex:coin_40431,nmo:hasPortrait,ex:person_25
ex:coin_40432,nmo:hasPortrait,ex:person_25
ex:coin_40433,nmo:hasPortrait,ex:person_25
ex:coin_40434,nmo:hasPortrait,ex:person_25
ex:coin_40435,nmo:hasPortrait,ex:person_25
ex:coin_40436,nmo:hasPortrait,ex:person_25
ex:coin_40437,nmo:hasPortrait,ex:person_25
ex:coin_40438,nmo:hasPortrait,ex:person_25
ex:coin_40439,nmo:hasPortrait,ex:person_25
ex:coin_40440,nmo:hasPortrait,ex:person_25
ex:coin_40441,nmo:hasPortrait,ex:person_25
ex:coin_42324,nmo:hasPortrait,ex:person_191
ex:coin_42670,nmo:hasPortrait,ex:person_191
ex:coin_42811,nmo:hasPortrait,ex:person_25
ex:coin_12778,nmo:hasPortrait,ex:person_182
ex:coin_12783,nmo:hasPortrait,ex:person_182
ex:coin_16981,nmo:hasPortrait,ex:person_182
ex:coin_17839,nmo:hasPortrait,ex:person_190
ex:coin_693,nmo:hasPortrait,ex:person_187
ex:coin_1164,nmo:hasPortrait,ex:person_26
ex:coin_5684,nmo:hasPortrait,ex:person_26
ex:coin_5784,nmo:hasPortrait,ex:person_26
ex:coin_6123,nmo:hasPortrait,ex:person_187
ex:coin_6361,nmo:hasPortrait,ex:person_187
ex:coin_7538,nmo:hasPortrait,ex:person_187
ex:coin_7549,nmo:hasPortrait,ex:person_26
ex:coin_7829,nmo:hasPortrait,ex:person_26
ex:coin_8127,nmo:hasPortrait,ex:person_187
ex:coin_8971,nmo:hasPortrait,ex:person_26
ex:coin_8982,nmo:hasPortrait,ex:person_26
ex:coin_9005,nmo:hasPortrait,ex:person_26
ex:coin_9431,nmo:hasPortrait,ex:person_26
ex:coin_11437,nmo:hasPortrait,ex:person_26
ex:coin_11612,nmo:hasPortrait,ex:person_26
ex:coin_12779,nmo:hasPortrait,ex:person_26
ex:coin_16086,nmo:hasPortrait,ex:person_26
ex:coin_16089,nmo:hasPortrait,ex:person_26
ex:coin_16129,nmo:hasPortrait,ex:person_26
ex:coin_16658,nmo:hasPortrait,ex:person_26
ex:coin_16709,nmo:hasPortrait,ex:person_26
ex:coin_16723,nmo:hasPortrait,ex:person_26
ex:coin_16726,nmo:hasPortrait,ex:person_26
ex:coin_36546,nmo:hasPortrait,ex:person_187
ex:coin_40568,nmo:hasPortrait,ex:person_187
ex:coin_40569,nmo:hasPortrait,ex:person_187
ex:coin_40570,nmo:hasPortrait,ex:person_187
ex:coin_40571,nmo:hasPortrait,ex:person_187
ex:coin_42325,nmo:hasPortrait,ex:person_26
ex:coin_42327,nmo:hasPortrait,ex:person_26
ex:coin_42328,nmo:hasPortrait,ex:person_26
ex:coin_42671,nmo:hasPortrait,ex:person_26
ex:coin_42672,nmo:hasPortrait,ex:person_26
ex:coin_42673,nmo:hasPortrait,ex:person_26
ex:coin_42674,nmo:hasPortrait,ex:person_26
ex:coin_42675,nmo:hasPortrait,ex:person_26
ex:coin_42676,nmo:hasPortrait,ex:person_26
ex:coin_42677,nmo:hasPortrait,ex:person_26
ex:coin_42678,nmo:hasPortrait,ex:person_26
ex:coin_5558,nmo:hasPortrait,ex:person_44
ex:coin_7494,nmo:hasPortrait,ex:person_44
ex:coin_8575,nmo:hasPortrait,ex:person_45
ex:coin_9324,nmo:hasPortrait,ex:person_192
ex:coin_13189,nmo:hasPortrait,ex:person_44
ex:coin_13250,nmo:hasPortrait,ex:person_45
ex:coin_13251,nmo:hasPortrait,ex:person_45
ex:coin_16125,nmo:hasPortrait,ex:person_44
ex:coin_16130,nmo:hasPortrait,ex:person_193
ex:coin_29827,nmo:hasPortrait,ex:person_193
ex:coin_36691,nmo:hasPortrait,ex:person_131
ex:coin_42323,nmo:hasPortrait,ex:person_131
ex:coin_682,nmo:hasPortrait,ex:person_45
ex:coin_684,nmo:hasPortrait,ex:person_45
ex:coin_685,nmo:hasPortrait,ex:person_45
ex:coin_718,nmo:hasPortrait,ex:person_192
ex:coin_3489,nmo:hasPortrait,ex:person_45
ex:coin_3490,nmo:hasPortrait,ex:person_193
ex:coin_4674,nmo:hasPortrait,ex:person_192
ex:coin_4675,nmo:hasPortrait,ex:person_193
ex:coin_5438,nmo:hasPortrait,ex:person_192
ex:coin_5560,nmo:hasPortrait,ex:person_193
ex:coin_5561,nmo:hasPortrait,ex:person_192
ex:coin_5712,nmo:hasPortrait,ex:person_192
ex:coin_5878,nmo:hasPortrait,ex:person_192
ex:coin_5917,nmo:hasPortrait,ex:person_192
ex:coin_6294,nmo:hasPortrait,ex:person_192
ex:coin_6396,nmo:hasPortrait,ex:person_192
ex:coin_8329,nmo:hasPortrait,ex:person_193
ex:coin_8623,nmo:hasPortrait,ex:person_192
ex:coin_8992,nmo:hasPortrait,ex:person_192
ex:coin_9326,nmo:hasPortrait,ex:person_192
ex:coin_9469,nmo:hasPortrait,ex:person_192
ex:coin_9811,nmo:hasPortrait,ex:person_192
ex:coin_9980,nmo:hasPortrait,ex:person_192
ex:coin_10389,nmo:hasPortrait,ex:person_44
ex:coin_11438,nmo:hasPortrait,ex:person_193
ex:coin_11593,nmo:hasPortrait,ex:person_192
ex:coin_11790,nmo:hasPortrait,ex:person_192
ex:coin_11791,nmo:hasPortrait,ex:person_192
ex:coin_11792,nmo:hasPortrait,ex:person_192
ex:coin_11793,nmo:hasPortrait,ex:person_192
ex:coin_11794,nmo:hasPortrait,ex:person_192
ex:coin_11795,nmo:hasPortrait,ex:person_192
ex:coin_11796,nmo:hasPortrait,ex:person_192
ex:coin_11797,nmo:hasPortrait,ex:person_192
ex:coin_11798,nmo:hasPortrait,ex:person_192
ex:coin_11799,nmo:hasPortrait,ex:person_192
ex:coin_11800,nmo:hasPortrait,ex:person_192
ex:coin_11801,nmo:hasPortrait,ex:person_192
ex:coin_11802,nmo:hasPortrait,ex:person_192
ex:coin_11803,nmo:hasPortrait,ex:person_192
ex:coin_11804,nmo:hasPortrait,ex:person_192
ex:coin_11805,nmo:hasPortrait,ex:person_192
ex:coin_12313,nmo:hasPortrait,ex:person_45
ex:coin_12805,nmo:hasPortrait,ex:person_192
ex:coin_12806,nmo:hasPortrait,ex:person_192
ex:coin_12807,nmo:hasPortrait,ex:person_192
ex:coin_12946,nmo:hasPortrait,ex:person_192
ex:coin_13322,nmo:hasPortrait,ex:person_192
ex:coin_13323,nmo:hasPortrait,ex:person_192
ex:coin_13324,nmo:hasPortrait,ex:person_192
ex:coin_13325,nmo:hasPortrait,ex:person_192
ex:coin_13326,nmo:hasPortrait,ex:person_192
ex:coin_13327,nmo:hasPortrait,ex:person_192
ex:coin_13328,nmo:hasPortrait,ex:person_192
ex:coin_13329,nmo:hasPortrait,ex:person_192
ex:coin_13330,nmo:hasPortrait,ex:person_192
ex:coin_13331,nmo:hasPortrait,ex:person_192
ex:coin_13332,nmo:hasPortrait,ex:person_192
ex:coin_13333,nmo:hasPortrait,ex:person_192
ex:coin_13334,nmo:hasPortrait,ex:person_192
ex:coin_13335,nmo:hasPortrait,ex:person_192
ex:coin_13336,nmo:hasPortrait,ex:person_192
ex:coin_13337,nmo:hasPortrait,ex:person_192
ex:coin_13338,nmo:hasPortrait,ex:person_192
ex:coin_13339,nmo:hasPortrait,ex:person_192
ex:coin_13340,nmo:hasPortrait,ex:person_192
ex:coin_13341,nmo:hasPortrait,ex:person_192
ex:coin_13342,nmo:hasPortrait,ex:person_192
ex:coin_13343,nmo:hasPortrait,ex:person_192
ex:coin_13636,nmo:hasPortrait,ex:person_192
ex:coin_15674,nmo:hasPortrait,ex:person_192
ex:coin_16360,nmo:hasPortrait,ex:person_192
ex:coin_16506,nmo:hasPortrait,ex:person_192
ex:coin_16657,nmo:hasPortrait,ex:person_193
ex:coin_16672,nmo:hasPortrait,ex:person_45
ex:coin_16710,nmo:hasPortrait,ex:person_44
ex:coin_17757,nmo:hasPortrait,ex:person_192
ex:coin_27296,nmo:hasPortrait,ex:person_44
ex:coin_28053,nmo:hasPortrait,ex:person_193
ex:coin_28977,nmo:hasPortrait,ex:person_44
ex:coin_30150,nmo:hasPortrait,ex:person_44
ex:coin_30151,nmo:hasPortrait,ex:person_44
ex:coin_30383,nmo:hasPortrait,ex:person_192
ex:coin_31176,nmo:hasPortrait,ex:person_192
ex:coin_31530,nmo:hasPortrait,ex:person_192
ex:coin_33949,nmo:hasPortrait,ex:person_192
ex:coin_33991,nmo:hasPortrait,ex:person_193
ex:coin_36586,nmo:hasPortrait,ex:person_193
ex:coin_36587,nmo:hasPortrait,ex:person_192
ex:coin_36607,nmo:hasPortrait,ex:person_45
ex:coin_36632,nmo:hasPortrait,ex:person_192
ex:coin_36637,nmo:hasPortrait,ex:person_44
ex:coin_36643,nmo:hasPortrait,ex:person_192
ex:coin_36648,nmo:hasPortrait,ex:person_192
ex:coin_36653,nmo:hasPortrait,ex:person_192
ex:coin_36663,nmo:hasPortrait,ex:person_45
ex:coin_36672,nmo:hasPortrait,ex:person_192
ex:coin_36674,nmo:hasPortrait,ex:person_192
ex:coin_36695,nmo:hasPortrait,ex:person_192
ex:coin_36701,nmo:hasPortrait,ex:person_44
ex:coin_36709,nmo:hasPortrait,ex:person_192
ex:coin_40648,nmo:hasPortrait,ex:person_192
ex:coin_6575,nmo:hasPortrait,ex:person_57
ex:coin_7444,nmo:hasPortrait,ex:person_57
ex:coin_7923,nmo:hasPortrait,ex:person_57
ex:coin_41406,nmo:hasPortrait,ex:person_57
ex:coin_1136,nmo:hasPortrait,ex:person_57
ex:coin_1744,nmo:hasPortrait,ex:person_57
ex:coin_11454,nmo:hasPortrait,ex:person_57
ex:coin_14055,nmo:hasPortrait,ex:person_57
ex:coin_14056,nmo:hasPortrait,ex:person_57
ex:coin_14411,nmo:hasPortrait,ex:person_57
ex:coin_14819,nmo:hasPortrait,ex:person_57
ex:coin_15262,nmo:hasPortrait,ex:person_57
ex:coin_15793,nmo:hasPortrait,ex:person_57
ex:coin_15833,nmo:hasPortrait,ex:person_57
ex:coin_16441,nmo:hasPortrait,ex:person_57
ex:coin_18033,nmo:hasPortrait,ex:person_57
ex:coin_31074,nmo:hasPortrait,ex:person_57
ex:coin_32275,nmo:hasPortrait,ex:person_57
ex:coin_33946,nmo:hasPortrait,ex:person_57
ex:coin_33947,nmo:hasPortrait,ex:person_57
ex:coin_33948,nmo:hasPortrait,ex:person_57
ex:coin_33951,nmo:hasPortrait,ex:person_57
ex:coin_33952,nmo:hasPortrait,ex:person_57
ex:coin_33953,nmo:hasPortrait,ex:person_57
ex:coin_33954,nmo:hasPortrait,ex:person_57
ex:coin_33955,nmo:hasPortrait,ex:person_57
ex:coin_33956,nmo:hasPortrait,ex:person_57
ex:coin_33957,nmo:hasPortrait,ex:person_57
ex:coin_33958,nmo:hasPortrait,ex:person_57
ex:coin_33959,nmo:hasPortrait,ex:person_57
ex:coin_33961,nmo:hasPortrait,ex:person_57
ex:coin_33962,nmo:hasPortrait,ex:person_57
ex:coin_33963,nmo:hasPortrait,ex:person_57
ex:coin_33964,nmo:hasPortrait,ex:person_57
ex:coin_33965,nmo:hasPortrait,ex:person_57
ex:coin_33967,nmo:hasPortrait,ex:person_57
ex:coin_33968,nmo:hasPortrait,ex:person_57
ex:coin_33969,nmo:hasPortrait,ex:person_57
ex:coin_33970,nmo:hasPortrait,ex:person_57
ex:coin_33972,nmo:hasPortrait,ex:person_57
ex:coin_33974,nmo:hasPortrait,ex:person_57
ex:coin_33975,nmo:hasPortrait,ex:person_57
ex:coin_33976,nmo:hasPortrait,ex:person_57
ex:coin_33977,nmo:hasPortrait,ex:person_57
ex:coin_33978,nmo:hasPortrait,ex:person_57
ex:coin_33979,nmo:hasPortrait,ex:person_57
ex:coin_33981,nmo:hasPortrait,ex:person_57
ex:coin_33982,nmo:hasPortrait,ex:person_57
ex:coin_33984,nmo:hasPortrait,ex:person_57
ex:coin_33986,nmo:hasPortrait,ex:person_57
ex:coin_33987,nmo:hasPortrait,ex:person_57
ex:coin_33988,nmo:hasPortrait,ex:person_57
ex:coin_33989,nmo:hasPortrait,ex:person_57
ex:coin_33990,nmo:hasPortrait,ex:person_57
ex:coin_33993,nmo:hasPortrait,ex:person_57
ex:coin_33996,nmo:hasPortrait,ex:person_57
ex:coin_33997,nmo:hasPortrait,ex:person_57
ex:coin_33998,nmo:hasPortrait,ex:person_57
ex:coin_33999,nmo:hasPortrait,ex:person_57
ex:coin_34000,nmo:hasPortrait,ex:person_57
ex:coin_34420,nmo:hasPortrait,ex:person_57
ex:coin_34748,nmo:hasPortrait,ex:person_57
ex:coin_34770,nmo:hasPortrait,ex:person_57
ex:coin_34771,nmo:hasPortrait,ex:person_57
ex:coin_34807,nmo:hasPortrait,ex:person_57
ex:coin_34828,nmo:hasPortrait,ex:person_57
ex:coin_34876,nmo:hasPortrait,ex:person_57
ex:coin_34887,nmo:hasPortrait,ex:person_57
ex:coin_34916,nmo:hasPortrait,ex:person_57
ex:coin_34933,nmo:hasPortrait,ex:person_57
ex:coin_34945,nmo:hasPortrait,ex:person_57
ex:coin_34952,nmo:hasPortrait,ex:person_57
ex:coin_34954,nmo:hasPortrait,ex:person_57
ex:coin_35165,nmo:hasPortrait,ex:person_57
ex:coin_36596,nmo:hasPortrait,ex:person_57
ex:coin_36597,nmo:hasPortrait,ex:person_57
ex:coin_36598,nmo:hasPortrait,ex:person_57
ex:coin_36599,nmo:hasPortrait,ex:person_57
ex:coin_36600,nmo:hasPortrait,ex:person_57
ex:coin_36619,nmo:hasPortrait,ex:person_57
ex:coin_36620,nmo:hasPortrait,ex:person_57
ex:coin_36621,nmo:hasPortrait,ex:person_57
ex:coin_36622,nmo:hasPortrait,ex:person_57
ex:coin_36628,nmo:hasPortrait,ex:person_57
ex:coin_36629,nmo:hasPortrait,ex:person_57
ex:coin_36630,nmo:hasPortrait,ex:person_57
ex:coin_36640,nmo:hasPortrait,ex:person_57
ex:coin_36641,nmo:hasPortrait,ex:person_57
ex:coin_36642,nmo:hasPortrait,ex:person_57
ex:coin_36654,nmo:hasPortrait,ex:person_57
ex:coin_36682,nmo:hasPortrait,ex:person_57
ex:coin_36688,nmo:hasPortrait,ex:person_57
ex:coin_36728,nmo:hasPortrait,ex:person_57
ex:coin_36740,nmo:hasPortrait,ex:person_57
ex:coin_36762,nmo:hasPortrait,ex:person_57
ex:coin_36781,nmo:hasPortrait,ex:person_57
ex:coin_36782,nmo:hasPortrait,ex:person_57
ex:coin_36783,nmo:hasPortrait,ex:person_57
ex:coin_36784,nmo:hasPortrait,ex:person_57
ex:coin_36789,nmo:hasPortrait,ex:person_57
ex:coin_36804,nmo:hasPortrait,ex:person_57
ex:coin_36805,nmo:hasPortrait,ex:person_57
ex:coin_36842,nmo:hasPortrait,ex:person_57
ex:coin_36911,nmo:hasPortrait,ex:person_57
ex:coin_36946,nmo:hasPortrait,ex:person_57
ex:coin_36996,nmo:hasPortrait,ex:person_57
ex:coin_36997,nmo:hasPortrait,ex:person_57
ex:coin_36998,nmo:hasPortrait,ex:person_57
ex:coin_36999,nmo:hasPortrait,ex:person_57
ex:coin_37000,nmo:hasPortrait,ex:person_57
ex:coin_37001,nmo:hasPortrait,ex:person_57
ex:coin_37002,nmo:hasPortrait,ex:person_57
ex:coin_37003,nmo:hasPortrait,ex:person_57
ex:coin_37004,nmo:hasPortrait,ex:person_57
ex:coin_37005,nmo:hasPortrait,ex:person_57
ex:coin_37006,nmo:hasPortrait,ex:person_57
ex:coin_37007,nmo:hasPortrait,ex:person_57
ex:coin_37008,nmo:hasPortrait,ex:person_57
ex:coin_37009,nmo:hasPortrait,ex:person_57
ex:coin_37010,nmo:hasPortrait,ex:person_57
ex:coin_37011,nmo:hasPortrait,ex:person_57
ex:coin_37015,nmo:hasPortrait,ex:person_57
ex:coin_37016,nmo:hasPortrait,ex:person_57
ex:coin_37017,nmo:hasPortrait,ex:person_57
ex:coin_37018,nmo:hasPortrait,ex:person_57
ex:coin_37019,nmo:hasPortrait,ex:person_57
ex:coin_37020,nmo:hasPortrait,ex:person_57
ex:coin_37021,nmo:hasPortrait,ex:person_57
ex:coin_37022,nmo:hasPortrait,ex:person_57
ex:coin_37023,nmo:hasPortrait,ex:person_57
ex:coin_37024,nmo:hasPortrait,ex:person_57
ex:coin_37025,nmo:hasPortrait,ex:person_57
ex:coin_37026,nmo:hasPortrait,ex:person_57
ex:coin_37027,nmo:hasPortrait,ex:person_57
ex:coin_37028,nmo:hasPortrait,ex:person_57
ex:coin_37029,nmo:hasPortrait,ex:person_57
ex:coin_37030,nmo:hasPortrait,ex:person_57
ex:coin_37031,nmo:hasPortrait,ex:person_57
ex:coin_37032,nmo:hasPortrait,ex:person_57
ex:coin_37033,nmo:hasPortrait,ex:person_57
ex:coin_37034,nmo:hasPortrait,ex:person_57
ex:coin_37035,nmo:hasPortrait,ex:person_57
ex:coin_37036,nmo:hasPortrait,ex:person_57
ex:coin_37037,nmo:hasPortrait,ex:person_57
ex:coin_37038,nmo:hasPortrait,ex:person_57
ex:coin_37039,nmo:hasPortrait,ex:person_57
ex:coin_37040,nmo:hasPortrait,ex:person_57
ex:coin_37041,nmo:hasPortrait,ex:person_57
ex:coin_37042,nmo:hasPortrait,ex:person_57
ex:coin_37043,nmo:hasPortrait,ex:person_57
ex:coin_37044,nmo:hasPortrait,ex:person_57
ex:coin_37045,nmo:hasPortrait,ex:person_57
ex:coin_37047,nmo:hasPortrait,ex:person_57
ex:coin_37048,nmo:hasPortrait,ex:person_57
ex:coin_37049,nmo:hasPortrait,ex:person_57
ex:coin_37050,nmo:hasPortrait,ex:person_57
ex:coin_37051,nmo:hasPortrait,ex:person_57
ex:coin_37052,nmo:hasPortrait,ex:person_57
ex:coin_37053,nmo:hasPortrait,ex:person_57
ex:coin_37054,nmo:hasPortrait,ex:person_57
ex:coin_37055,nmo:hasPortrait,ex:person_57
ex:coin_37056,nmo:hasPortrait,ex:person_57
ex:coin_37057,nmo:hasPortrait,ex:person_57
ex:coin_37058,nmo:hasPortrait,ex:person_57
ex:coin_37059,nmo:hasPortrait,ex:person_57
ex:coin_37060,nmo:hasPortrait,ex:person_57
ex:coin_37061,nmo:hasPortrait,ex:person_57
ex:coin_37062,nmo:hasPortrait,ex:person_57
ex:coin_37063,nmo:hasPortrait,ex:person_57
ex:coin_37064,nmo:hasPortrait,ex:person_57
ex:coin_37065,nmo:hasPortrait,ex:person_57
ex:coin_37066,nmo:hasPortrait,ex:person_57
ex:coin_37067,nmo:hasPortrait,ex:person_57
ex:coin_37068,nmo:hasPortrait,ex:person_57
ex:coin_37069,nmo:hasPortrait,ex:person_57
ex:coin_37071,nmo:hasPortrait,ex:person_57
ex:coin_40080,nmo:hasPortrait,ex:person_57
ex:coin_40839,nmo:hasPortrait,ex:person_57
ex:coin_40845,nmo:hasPortrait,ex:person_57
ex:coin_41010,nmo:hasPortrait,ex:person_57
ex:coin_41011,nmo:hasPortrait,ex:person_57
ex:coin_41012,nmo:hasPortrait,ex:person_57
ex:coin_41013,nmo:hasPortrait,ex:person_57
ex:coin_41014,nmo:hasPortrait,ex:person_57
ex:coin_41015,nmo:hasPortrait,ex:person_57
ex:coin_13396,nmo:hasPortrait,ex:person_57
ex:coin_13463,nmo:hasPortrait,ex:person_57
ex:coin_42351,nmo:hasPortrait,ex:person_197
ex:coin_5394,nmo:hasPortrait,ex:person_29
ex:coin_5853,nmo:hasPortrait,ex:person_29
ex:coin_6012,nmo:hasPortrait,ex:person_29
ex:coin_6013,nmo:hasPortrait,ex:person_29
ex:coin_6016,nmo:hasPortrait,ex:person_29
ex:coin_6017,nmo:hasPortrait,ex:person_29
ex:coin_6018,nmo:hasPortrait,ex:person_29
ex:coin_6146,nmo:hasPortrait,ex:person_29
ex:coin_6348,nmo:hasPortrait,ex:person_29
ex:coin_6349,nmo:hasPortrait,ex:person_29
ex:coin_6364,nmo:hasPortrait,ex:person_29
ex:coin_6602,nmo:hasPortrait,ex:person_29
ex:coin_6913,nmo:hasPortrait,ex:person_29
ex:coin_7384,nmo:hasPortrait,ex:person_29
ex:coin_8451,nmo:hasPortrait,ex:person_29
ex:coin_10196,nmo:hasPortrait,ex:person_29
ex:coin_10200,nmo:hasPortrait,ex:person_29
ex:coin_12754,nmo:hasPortrait,ex:person_29
ex:coin_12962,nmo:hasPortrait,ex:person_29
ex:coin_13020,nmo:hasPortrait,ex:person_29
ex:coin_13611,nmo:hasPortrait,ex:person_29
ex:coin_13666,nmo:hasPortrait,ex:person_29
ex:coin_16333,nmo:hasPortrait,ex:person_29
ex:coin_16876,nmo:hasPortrait,ex:person_29
ex:coin_17030,nmo:hasPortrait,ex:person_29
ex:coin_17220,nmo:hasPortrait,ex:person_29
ex:coin_17525,nmo:hasPortrait,ex:person_29
ex:coin_17579,nmo:hasPortrait,ex:person_29
ex:coin_18392,nmo:hasPortrait,ex:person_29
ex:coin_18424,nmo:hasPortrait,ex:person_29
ex:coin_28589,nmo:hasPortrait,ex:person_29
ex:coin_28983,nmo:hasPortrait,ex:person_29
ex:coin_29057,nmo:hasPortrait,ex:person_29
ex:coin_29438,nmo:hasPortrait,ex:person_29
ex:coin_29439,nmo:hasPortrait,ex:person_29
ex:coin_29440,nmo:hasPortrait,ex:person_29
ex:coin_29938,nmo:hasPortrait,ex:person_29
ex:coin_29939,nmo:hasPortrait,ex:person_29
ex:coin_30101,nmo:hasPortrait,ex:person_29
ex:coin_30128,nmo:hasPortrait,ex:person_29
ex:coin_30152,nmo:hasPortrait,ex:person_29
ex:coin_30185,nmo:hasPortrait,ex:person_29
ex:coin_30495,nmo:hasPortrait,ex:person_29
ex:coin_30925,nmo:hasPortrait,ex:person_29
ex:coin_30945,nmo:hasPortrait,ex:person_29
ex:coin_31076,nmo:hasPortrait,ex:person_29
ex:coin_31468,nmo:hasPortrait,ex:person_29
ex:coin_31870,nmo:hasPortrait,ex:person_29
ex:coin_31965,nmo:hasPortrait,ex:person_29
ex:coin_32107,nmo:hasPortrait,ex:person_29
ex:coin_32258,nmo:hasPortrait,ex:person_29
ex:coin_32377,nmo:hasPortrait,ex:person_29
ex:coin_32814,nmo:hasPortrait,ex:person_29
ex:coin_33485,nmo:hasPortrait,ex:person_29
ex:coin_33727,nmo:hasPortrait,ex:person_29
ex:coin_33906,nmo:hasPortrait,ex:person_29
ex:coin_33907,nmo:hasPortrait,ex:person_29
ex:coin_34014,nmo:hasPortrait,ex:person_29
ex:coin_34032,nmo:hasPortrait,ex:person_29
ex:coin_34033,nmo:hasPortrait,ex:person_29
ex:coin_34034,nmo:hasPortrait,ex:person_29
ex:coin_34035,nmo:hasPortrait,ex:person_29
ex:coin_34036,nmo:hasPortrait,ex:person_29
ex:coin_34037,nmo:hasPortrait,ex:person_29
ex:coin_34066,nmo:hasPortrait,ex:person_29
ex:coin_34067,nmo:hasPortrait,ex:person_29
ex:coin_34068,nmo:hasPortrait,ex:person_29
ex:coin_34069,nmo:hasPortrait,ex:person_29
ex:coin_34074,nmo:hasPortrait,ex:person_29
ex:coin_34086,nmo:hasPortrait,ex:person_29
ex:coin_34087,nmo:hasPortrait,ex:person_29
ex:coin_34090,nmo:hasPortrait,ex:person_29
ex:coin_34092,nmo:hasPortrait,ex:person_29
ex:coin_34097,nmo:hasPortrait,ex:person_29
ex:coin_34106,nmo:hasPortrait,ex:person_29
ex:coin_34119,nmo:hasPortrait,ex:person_29
ex:coin_34130,nmo:hasPortrait,ex:person_29
ex:coin_34136,nmo:hasPortrait,ex:person_29
ex:coin_34138,nmo:hasPortrait,ex:person_29
ex:coin_34145,nmo:hasPortrait,ex:person_29
ex:coin_34161,nmo:hasPortrait,ex:person_29
ex:coin_34165,nmo:hasPortrait,ex:person_29
ex:coin_34172,nmo:hasPortrait,ex:person_29
ex:coin_34173,nmo:hasPortrait,ex:person_29
ex:coin_34180,nmo:hasPortrait,ex:person_29
ex:coin_34184,nmo:hasPortrait,ex:person_29
ex:coin_34187,nmo:hasPortrait,ex:person_29
ex:coin_34189,nmo:hasPortrait,ex:person_29
ex:coin_34190,nmo:hasPortrait,ex:person_29
ex:coin_34212,nmo:hasPortrait,ex:person_29
ex:coin_34213,nmo:hasPortrait,ex:person_29
ex:coin_34214,nmo:hasPortrait,ex:person_29
ex:coin_34223,nmo:hasPortrait,ex:person_29
ex:coin_34225,nmo:hasPortrait,ex:person_29
ex:coin_34228,nmo:hasPortrait,ex:person_29
ex:coin_34238,nmo:hasPortrait,ex:person_29
ex:coin_34240,nmo:hasPortrait,ex:person_29
ex:coin_34242,nmo:hasPortrait,ex:person_29
ex:coin_34246,nmo:hasPortrait,ex:person_29
ex:coin_34249,nmo:hasPortrait,ex:person_29
ex:coin_34254,nmo:hasPortrait,ex:person_29
ex:coin_34255,nmo:hasPortrait,ex:person_29
ex:coin_34266,nmo:hasPortrait,ex:person_29
ex:coin_34267,nmo:hasPortrait,ex:person_29
ex:coin_34270,nmo:hasPortrait,ex:person_29
ex:coin_34275,nmo:hasPortrait,ex:person_29
ex:coin_34277,nmo:hasPortrait,ex:person_29
ex:coin_34295,nmo:hasPortrait,ex:person_29
ex:coin_34296,nmo:hasPortrait,ex:person_29
ex:coin_34312,nmo:hasPortrait,ex:person_29
ex:coin_34313,nmo:hasPortrait,ex:person_29
ex:coin_34325,nmo:hasPortrait,ex:person_29
ex:coin_34357,nmo:hasPortrait,ex:person_29
ex:coin_34358,nmo:hasPortrait,ex:person_29
ex:coin_34359,nmo:hasPortrait,ex:person_29
ex:coin_34397,nmo:hasPortrait,ex:person_29
ex:coin_34413,nmo:hasPortrait,ex:person_29
ex:coin_34417,nmo:hasPortrait,ex:person_29
ex:coin_34418,nmo:hasPortrait,ex:person_29
ex:coin_34423,nmo:hasPortrait,ex:person_29
ex:coin_34504,nmo:hasPortrait,ex:person_29
ex:coin_34505,nmo:hasPortrait,ex:person_29
ex:coin_34519,nmo:hasPortrait,ex:person_29
ex:coin_34520,nmo:hasPortrait,ex:person_29
ex:coin_34521,nmo:hasPortrait,ex:person_29
ex:coin_34524,nmo:hasPortrait,ex:person_29
ex:coin_34525,nmo:hasPortrait,ex:person_29
ex:coin_34526,nmo:hasPortrait,ex:person_29
ex:coin_34530,nmo:hasPortrait,ex:person_29
ex:coin_34531,nmo:hasPortrait,ex:person_29
ex:coin_34532,nmo:hasPortrait,ex:person_29
ex:coin_34533,nmo:hasPortrait,ex:person_29
ex:coin_34534,nmo:hasPortrait,ex:person_29
ex:coin_34561,nmo:hasPortrait,ex:person_29
ex:coin_34562,nmo:hasPortrait,ex:person_29
ex:coin_34563,nmo:hasPortrait,ex:person_29
ex:coin_34602,nmo:hasPortrait,ex:person_29
ex:coin_34603,nmo:hasPortrait,ex:person_29
ex:coin_34604,nmo:hasPortrait,ex:person_29
ex:coin_34605,nmo:hasPortrait,ex:person_29
ex:coin_34606,nmo:hasPortrait,ex:person_29
ex:coin_34607,nmo:hasPortrait,ex:person_29
ex:coin_34608,nmo:hasPortrait,ex:person_29
ex:coin_34609,nmo:hasPortrait,ex:person_29
ex:coin_34610,nmo:hasPortrait,ex:person_29
ex:coin_34611,nmo:hasPortrait,ex:person_29
ex:coin_34612,nmo:hasPortrait,ex:person_29
ex:coin_34613,nmo:hasPortrait,ex:person_29
ex:coin_34614,nmo:hasPortrait,ex:person_29
ex:coin_34615,nmo:hasPortrait,ex:person_29
ex:coin_34616,nmo:hasPortrait,ex:person_29
ex:coin_34617,nmo:hasPortrait,ex:person_29
ex:coin_34618,nmo:hasPortrait,ex:person_29
ex:coin_34619,nmo:hasPortrait,ex:person_29
ex:coin_34620,nmo:hasPortrait,ex:person_29
ex:coin_34621,nmo:hasPortrait,ex:person_29
ex:coin_34622,nmo:hasPortrait,ex:person_29
ex:coin_34630,nmo:hasPortrait,ex:person_29
ex:coin_34631,nmo:hasPortrait,ex:person_29
ex:coin_34632,nmo:hasPortrait,ex:person_29
ex:coin_34633,nmo:hasPortrait,ex:person_29
ex:coin_34634,nmo:hasPortrait,ex:person_29
ex:coin_34635,nmo:hasPortrait,ex:person_29
ex:coin_34734,nmo:hasPortrait,ex:person_29
ex:coin_34749,nmo:hasPortrait,ex:person_29
ex:coin_34753,nmo:hasPortrait,ex:person_29
ex:coin_34790,nmo:hasPortrait,ex:person_29
ex:coin_34791,nmo:hasPortrait,ex:person_29
ex:coin_34845,nmo:hasPortrait,ex:person_29
ex:coin_34861,nmo:hasPortrait,ex:person_29
ex:coin_34890,nmo:hasPortrait,ex:person_29
ex:coin_36945,nmo:hasPortrait,ex:person_29
ex:coin_37072,nmo:hasPortrait,ex:person_29
ex:coin_37093,nmo:hasPortrait,ex:person_29
ex:coin_37094,nmo:hasPortrait,ex:person_29
ex:coin_37095,nmo:hasPortrait,ex:person_29
ex:coin_37279,nmo:hasPortrait,ex:person_29
ex:coin_37345,nmo:hasPortrait,ex:person_29
ex:coin_37379,nmo:hasPortrait,ex:person_29
ex:coin_37399,nmo:hasPortrait,ex:person_29
ex:coin_37413,nmo:hasPortrait,ex:person_29
ex:coin_37420,nmo:hasPortrait,ex:person_29
ex:coin_37511,nmo:hasPortrait,ex:person_29
ex:coin_38300,nmo:hasPortrait,ex:person_29
ex:coin_38301,nmo:hasPortrait,ex:person_29
ex:coin_38434,nmo:hasPortrait,ex:person_29
ex:coin_38446,nmo:hasPortrait,ex:person_29
ex:coin_38450,nmo:hasPortrait,ex:person_29
ex:coin_38470,nmo:hasPortrait,ex:person_29
ex:coin_38493,nmo:hasPortrait,ex:person_29
ex:coin_38524,nmo:hasPortrait,ex:person_29
ex:coin_38525,nmo:hasPortrait,ex:person_29
ex:coin_38526,nmo:hasPortrait,ex:person_29
ex:coin_38539,nmo:hasPortrait,ex:person_29
ex:coin_38540,nmo:hasPortrait,ex:person_29
ex:coin_38541,nmo:hasPortrait,ex:person_29
ex:coin_38549,nmo:hasPortrait,ex:person_29
ex:coin_38550,nmo:hasPortrait,ex:person_29
ex:coin_38551,nmo:hasPortrait,ex:person_29
ex:coin_38552,nmo:hasPortrait,ex:person_29
ex:coin_38553,nmo:hasPortrait,ex:person_29
ex:coin_38554,nmo:hasPortrait,ex:person_29
ex:coin_38555,nmo:hasPortrait,ex:person_29
ex:coin_38562,nmo:hasPortrait,ex:person_29
ex:coin_38567,nmo:hasPortrait,ex:person_29
ex:coin_38572,nmo:hasPortrait,ex:person_29
ex:coin_38578,nmo:hasPortrait,ex:person_29
ex:coin_38878,nmo:hasPortrait,ex:person_29
ex:coin_40095,nmo:hasPortrait,ex:person_29
ex:coin_40627,nmo:hasPortrait,ex:person_29
ex:coin_40657,nmo:hasPortrait,ex:person_29
ex:coin_40667,nmo:hasPortrait,ex:person_29
ex:coin_40677,nmo:hasPortrait,ex:person_29
ex:coin_40680,nmo:hasPortrait,ex:person_29
ex:coin_40718,nmo:hasPortrait,ex:person_29
ex:coin_40733,nmo:hasPortrait,ex:person_29
ex:coin_40792,nmo:hasPortrait,ex:person_29
ex:coin_40930,nmo:hasPortrait,ex:person_29
ex:coin_40938,nmo:hasPortrait,ex:person_29
ex:coin_40940,nmo:hasPortrait,ex:person_29
ex:coin_40960,nmo:hasPortrait,ex:person_29
ex:coin_40989,nmo:hasPortrait,ex:person_29
ex:coin_40994,nmo:hasPortrait,ex:person_29
ex:coin_41105,nmo:hasPortrait,ex:person_29
ex:coin_41196,nmo:hasPortrait,ex:person_29
ex:coin_41200,nmo:hasPortrait,ex:person_29
ex:coin_41203,nmo:hasPortrait,ex:person_29
ex:coin_41204,nmo:hasPortrait,ex:person_29
ex:coin_41209,nmo:hasPortrait,ex:person_29
ex:coin_41210,nmo:hasPortrait,ex:person_29
ex:coin_41215,nmo:hasPortrait,ex:person_29
ex:coin_41221,nmo:hasPortrait,ex:person_29
ex:coin_41223,nmo:hasPortrait,ex:person_29
ex:coin_41226,nmo:hasPortrait,ex:person_29
ex:coin_41234,nmo:hasPortrait,ex:person_29
ex:coin_41235,nmo:hasPortrait,ex:person_29
ex:coin_41243,nmo:hasPortrait,ex:person_29
ex:coin_41247,nmo:hasPortrait,ex:person_29
ex:coin_41260,nmo:hasPortrait,ex:person_29
ex:coin_41286,nmo:hasPortrait,ex:person_29
ex:coin_41288,nmo:hasPortrait,ex:person_29
ex:coin_41297,nmo:hasPortrait,ex:person_29
ex:coin_1724,nmo:hasPortrait,ex:person_180
ex:coin_13638,nmo:hasPortrait,ex:person_30
ex:coin_5091,nmo:hasPortrait,ex:person_31
ex:coin_9138,nmo:hasPortrait,ex:person_52
ex:coin_37275,nmo:hasPortrait,ex:person_30
ex:coin_9170,nmo:hasPortrait,ex:person_160
ex:coin_783,nmo:hasPortrait,ex:person_38
ex:coin_968,nmo:hasPortrait,ex:person_34
ex:coin_969,nmo:hasPortrait,ex:person_32
ex:coin_973,nmo:hasPortrait,ex:person_40
ex:coin_974,nmo:hasPortrait,ex:person_33
ex:coin_975,nmo:hasPortrait,ex:person_32
ex:coin_976,nmo:hasPortrait,ex:person_41
ex:coin_978,nmo:hasPortrait,ex:person_33
ex:coin_981,nmo:hasPortrait,ex:person_41
ex:coin_982,nmo:hasPortrait,ex:person_33
ex:coin_983,nmo:hasPortrait,ex:person_41
ex:coin_985,nmo:hasPortrait,ex:person_41
ex:coin_1025,nmo:hasPortrait,ex:person_33
ex:coin_1026,nmo:hasPortrait,ex:person_41
ex:coin_1027,nmo:hasPortrait,ex:person_38
ex:coin_1030,nmo:hasPortrait,ex:person_40
ex:coin_1031,nmo:hasPortrait,ex:person_33
ex:coin_1036,nmo:hasPortrait,ex:person_41
ex:coin_1043,nmo:hasPortrait,ex:person_38
ex:coin_1047,nmo:hasPortrait,ex:person_32
ex:coin_1050,nmo:hasPortrait,ex:person_40
ex:coin_1051,nmo:hasPortrait,ex:person_40
ex:coin_1054,nmo:hasPortrait,ex:person_41
ex:coin_1060,nmo:hasPortrait,ex:person_41
ex:coin_1061,nmo:hasPortrait,ex:person_40
ex:coin_1066,nmo:hasPortrait,ex:person_38
ex:coin_1068,nmo:hasPortrait,ex:person_40
ex:coin_1077,nmo:hasPortrait,ex:person_41
ex:coin_1079,nmo:hasPortrait,ex:person_41
ex:coin_1080,nmo:hasPortrait,ex:person_41
ex:coin_1083,nmo:hasPortrait,ex:person_41
ex:coin_1084,nmo:hasPortrait,ex:person_41
ex:coin_1087,nmo:hasPortrait,ex:person_33
ex:coin_1088,nmo:hasPortrait,ex:person_33
ex:coin_1090,nmo:hasPortrait,ex:person_40
ex:coin_1091,nmo:hasPortrait,ex:person_41
ex:coin_1098,nmo:hasPortrait,ex:person_38
ex:coin_1100,nmo:hasPortrait,ex:person_40
ex:coin_1106,nmo:hasPortrait,ex:person_38
ex:coin_1107,nmo:hasPortrait,ex:person_41
ex:coin_1110,nmo:hasPortrait,ex:person_40
ex:coin_1112,nmo:hasPortrait,ex:person_38
ex:coin_1119,nmo:hasPortrait,ex:person_40
ex:coin_1128,nmo:hasPortrait,ex:person_32
ex:coin_1134,nmo:hasPortrait,ex:person_40
ex:coin_1137,nmo:hasPortrait,ex:person_40
ex:coin_1138,nmo:hasPortrait,ex:person_40
ex:coin_1172,nmo:hasPortrait,ex:person_41
ex:coin_1433,nmo:hasPortrait,ex:person_40
ex:coin_1488,nmo:hasPortrait,ex:person_38
ex:coin_1489,nmo:hasPortrait,ex:person_33
ex:coin_1490,nmo:hasPortrait,ex:person_32
ex:coin_1491,nmo:hasPortrait,ex:person_33
ex:coin_1492,nmo:hasPortrait,ex:person_32
ex:coin_1493,nmo:hasPortrait,ex:person_32
ex:coin_1668,nmo:hasPortrait,ex:person_41
ex:coin_1672,nmo:hasPortrait,ex:person_40
ex:coin_1709,nmo:hasPortrait,ex:person_40
ex:coin_1711,nmo:hasPortrait,ex:person_34
ex:coin_1713,nmo:hasPortrait,ex:person_41
ex:coin_1714,nmo:hasPortrait,ex:person_41
ex:coin_1719,nmo:hasPortrait,ex:person_33
ex:coin_1720,nmo:hasPortrait,ex:person_34
ex:coin_1721,nmo:hasPortrait,ex:person_34
ex:coin_1745,nmo:hasPortrait,ex:person_33
ex:coin_1749,nmo:hasPortrait,ex:person_34
ex:coin_1771,nmo:hasPortrait,ex:person_34
ex:coin_1772,nmo:hasPortrait,ex:person_33
ex:coin_1773,nmo:hasPortrait,ex:person_40
ex:coin_1843,nmo:hasPortrait,ex:person_40
ex:coin_2011,nmo:hasPortrait,ex:person_40
ex:coin_2012,nmo:hasPortrait,ex:person_40
ex:coin_2013,nmo:hasPortrait,ex:person_40
ex:coin_2017,nmo:hasPortrait,ex:person_34
ex:coin_2020,nmo:hasPortrait,ex:person_41
ex:coin_2021,nmo:hasPortrait,ex:person_41
ex:coin_2022,nmo:hasPortrait,ex:person_41
ex:coin_2023,nmo:hasPortrait,ex:person_41
ex:coin_2024,nmo:hasPortrait,ex:person_41
ex:coin_2029,nmo:hasPortrait,ex:person_33
ex:coin_2031,nmo:hasPortrait,ex:person_33
ex:coin_2032,nmo:hasPortrait,ex:person_34
ex:coin_2033,nmo:hasPortrait,ex:person_32
ex:coin_2034,nmo:hasPortrait,ex:person_33
ex:coin_2036,nmo:hasPortrait,ex:person_32
ex:coin_2059,nmo:hasPortrait,ex:person_38
ex:coin_2062,nmo:hasPortrait,ex:person_34
ex:coin_2064,nmo:hasPortrait,ex:person_41
ex:coin_2074,nmo:hasPortrait,ex:person_40
ex:coin_2084,nmo:hasPortrait,ex:person_36
ex:coin_5093,nmo:hasPortrait,ex:person_41
ex:coin_5094,nmo:hasPortrait,ex:person_41
ex:coin_5100,nmo:hasPortrait,ex:person_34
ex:coin_5104,nmo:hasPortrait,ex:person_52
ex:coin_5105,nmo:hasPortrait,ex:person_40
ex:coin_5106,nmo:hasPortrait,ex:person_40
ex:coin_5303,nmo:hasPortrait,ex:person_34
ex:coin_5306,nmo:hasPortrait,ex:person_41
ex:coin_5396,nmo:hasPortrait,ex:person_32
ex:coin_5397,nmo:hasPortrait,ex:person_33
ex:coin_5472,nmo:hasPortrait,ex:person_34
ex:coin_5630,nmo:hasPortrait,ex:person_40
ex:coin_5660,nmo:hasPortrait,ex:person_38
ex:coin_5671,nmo:hasPortrait,ex:person_33
ex:coin_5705,nmo:hasPortrait,ex:person_40
ex:coin_5787,nmo:hasPortrait,ex:person_40
ex:coin_5788,nmo:hasPortrait,ex:person_41
ex:coin_5811,nmo:hasPortrait,ex:person_32
ex:coin_5841,nmo:hasPortrait,ex:person_33
ex:coin_5842,nmo:hasPortrait,ex:person_41
ex:coin_5843,nmo:hasPortrait,ex:person_41
ex:coin_5893,nmo:hasPortrait,ex:person_36
ex:coin_5894,nmo:hasPortrait,ex:person_34
ex:coin_5895,nmo:hasPortrait,ex:person_40
ex:coin_5896,nmo:hasPortrait,ex:person_40
ex:coin_5897,nmo:hasPortrait,ex:person_41
ex:coin_5898,nmo:hasPortrait,ex:person_41
ex:coin_5899,nmo:hasPortrait,ex:person_41
ex:coin_5924,nmo:hasPortrait,ex:person_41
ex:coin_6059,nmo:hasPortrait,ex:person_33
ex:coin_6060,nmo:hasPortrait,ex:person_33
ex:coin_6061,nmo:hasPortrait,ex:person_36
ex:coin_6062,nmo:hasPortrait,ex:person_36
ex:coin_6063,nmo:hasPortrait,ex:person_34
ex:coin_6064,nmo:hasPortrait,ex:person_40
ex:coin_6065,nmo:hasPortrait,ex:person_40
ex:coin_6066,nmo:hasPortrait,ex:person_40
ex:coin_6067,nmo:hasPortrait,ex:person_40
ex:coin_6068,nmo:hasPortrait,ex:person_40
ex:coin_6069,nmo:hasPortrait,ex:person_40
ex:coin_6070,nmo:hasPortrait,ex:person_40
ex:coin_6086,nmo:hasPortrait,ex:person_33
ex:coin_6127,nmo:hasPortrait,ex:person_33
ex:coin_6170,nmo:hasPortrait,ex:person_33
ex:coin_6171,nmo:hasPortrait,ex:person_33
ex:coin_6245,nmo:hasPortrait,ex:person_38
ex:coin_6270,nmo:hasPortrait,ex:person_32
ex:coin_6292,nmo:hasPortrait,ex:person_40
ex:coin_6316,nmo:hasPortrait,ex:person_34
ex:coin_6339,nmo:hasPortrait,ex:person_32
ex:coin_6340,nmo:hasPortrait,ex:person_34
ex:coin_6365,nmo:hasPortrait,ex:person_38
ex:coin_6366,nmo:hasPortrait,ex:person_33
ex:coin_6388,nmo:hasPortrait,ex:person_32
ex:coin_6389,nmo:hasPortrait,ex:person_34
ex:coin_6391,nmo:hasPortrait,ex:person_33
ex:coin_6414,nmo:hasPortrait,ex:person_36
ex:coin_6466,nmo:hasPortrait,ex:person_33
ex:coin_6559,nmo:hasPortrait,ex:person_34
ex:coin_6626,nmo:hasPortrait,ex:person_34
ex:coin_6640,nmo:hasPortrait,ex:person_32
ex:coin_6641,nmo:hasPortrait,ex:person_32
ex:coin_6642,nmo:hasPortrait,ex:person_32
ex:coin_6643,nmo:hasPortrait,ex:person_32
ex:coin_6644,nmo:hasPortrait,ex:person_33
ex:coin_6645,nmo:hasPortrait,ex:person_33
ex:coin_6646,nmo:hasPortrait,ex:person_33
ex:coin_6647,nmo:hasPortrait,ex:person_33
ex:coin_6648,nmo:hasPortrait,ex:person_33
ex:coin_6651,nmo:hasPortrait,ex:person_33
ex:coin_6652,nmo:hasPortrait,ex:person_33
ex:coin_6653,nmo:hasPortrait,ex:person_33
ex:coin_6654,nmo:hasPortrait,ex:person_33
ex:coin_6655,nmo:hasPortrait,ex:person_33
ex:coin_6656,nmo:hasPortrait,ex:person_33
ex:coin_6657,nmo:hasPortrait,ex:person_34
ex:coin_6658,nmo:hasPortrait,ex:person_34
ex:coin_6659,nmo:hasPortrait,ex:person_34
ex:coin_6665,nmo:hasPortrait,ex:person_33
ex:coin_6666,nmo:hasPortrait,ex:person_34
ex:coin_6789,nmo:hasPortrait,ex:person_32
ex:coin_6806,nmo:hasPortrait,ex:person_33
ex:coin_6880,nmo:hasPortrait,ex:person_39
ex:coin_6892,nmo:hasPortrait,ex:person_33
ex:coin_6928,nmo:hasPortrait,ex:person_32
ex:coin_6929,nmo:hasPortrait,ex:person_32
ex:coin_6930,nmo:hasPortrait,ex:person_33
ex:coin_6931,nmo:hasPortrait,ex:person_33
ex:coin_6932,nmo:hasPortrait,ex:person_33
ex:coin_6933,nmo:hasPortrait,ex:person_33
ex:coin_6934,nmo:hasPortrait,ex:person_40
ex:coin_6935,nmo:hasPortrait,ex:person_40
ex:coin_6936,nmo:hasPortrait,ex:person_40
ex:coin_6937,nmo:hasPortrait,ex:person_40
ex:coin_6938,nmo:hasPortrait,ex:person_40
ex:coin_6939,nmo:hasPortrait,ex:person_41
ex:coin_6940,nmo:hasPortrait,ex:person_41
ex:coin_6941,nmo:hasPortrait,ex:person_41
ex:coin_7396,nmo:hasPortrait,ex:person_42
ex:coin_7399,nmo:hasPortrait,ex:person_41
ex:coin_7405,nmo:hasPortrait,ex:person_40
ex:coin_7473,nmo:hasPortrait,ex:person_34
ex:coin_7483,nmo:hasPortrait,ex:person_40
ex:coin_7498,nmo:hasPortrait,ex:person_32
ex:coin_7518,nmo:hasPortrait,ex:person_34
ex:coin_7560,nmo:hasPortrait,ex:person_40
ex:coin_7588,nmo:hasPortrait,ex:person_33
ex:coin_7589,nmo:hasPortrait,ex:person_36
ex:coin_7590,nmo:hasPortrait,ex:person_34
ex:coin_7591,nmo:hasPortrait,ex:person_41
ex:coin_7769,nmo:hasPortrait,ex:person_32
ex:coin_7783,nmo:hasPortrait,ex:person_33
ex:coin_7784,nmo:hasPortrait,ex:person_33
ex:coin_7785,nmo:hasPortrait,ex:person_33
ex:coin_7786,nmo:hasPortrait,ex:person_34
ex:coin_7787,nmo:hasPortrait,ex:person_34
ex:coin_7788,nmo:hasPortrait,ex:person_43
ex:coin_7789,nmo:hasPortrait,ex:person_40
ex:coin_7790,nmo:hasPortrait,ex:person_40
ex:coin_7791,nmo:hasPortrait,ex:person_40
ex:coin_7792,nmo:hasPortrait,ex:person_40
ex:coin_7793,nmo:hasPortrait,ex:person_40
ex:coin_7794,nmo:hasPortrait,ex:person_40
ex:coin_7795,nmo:hasPortrait,ex:person_40
ex:coin_7796,nmo:hasPortrait,ex:person_41
ex:coin_7797,nmo:hasPortrait,ex:person_41
ex:coin_7855,nmo:hasPortrait,ex:person_33
ex:coin_7856,nmo:hasPortrait,ex:person_33
ex:coin_7858,nmo:hasPortrait,ex:person_34
ex:coin_7859,nmo:hasPortrait,ex:person_34
ex:coin_7860,nmo:hasPortrait,ex:person_34
ex:coin_7861,nmo:hasPortrait,ex:person_34
ex:coin_7862,nmo:hasPortrait,ex:person_34
ex:coin_7863,nmo:hasPortrait,ex:person_39
ex:coin_7864,nmo:hasPortrait,ex:person_40
ex:coin_7865,nmo:hasPortrait,ex:person_40
ex:coin_7866,nmo:hasPortrait,ex:person_40
ex:coin_7867,nmo:hasPortrait,ex:person_40
ex:coin_7868,nmo:hasPortrait,ex:person_40
ex:coin_7869,nmo:hasPortrait,ex:person_40
ex:coin_7870,nmo:hasPortrait,ex:person_41
ex:coin_7871,nmo:hasPortrait,ex:person_41
ex:coin_7872,nmo:hasPortrait,ex:person_41
ex:coin_7873,nmo:hasPortrait,ex:person_41
ex:coin_7910,nmo:hasPortrait,ex:person_33
ex:coin_7951,nmo:hasPortrait,ex:person_159
ex:coin_8004,nmo:hasPortrait,ex:person_34
ex:coin_8042,nmo:hasPortrait,ex:person_33
ex:coin_8048,nmo:hasPortrait,ex:person_33
ex:coin_8067,nmo:hasPortrait,ex:person_40
ex:coin_8069,nmo:hasPortrait,ex:person_37
ex:coin_8099,nmo:hasPortrait,ex:person_32
ex:coin_8100,nmo:hasPortrait,ex:person_32
ex:coin_8101,nmo:hasPortrait,ex:person_41
ex:coin_8330,nmo:hasPortrait,ex:person_36
ex:coin_8428,nmo:hasPortrait,ex:person_34
ex:coin_8477,nmo:hasPortrait,ex:person_32
ex:coin_8478,nmo:hasPortrait,ex:person_32
ex:coin_8479,nmo:hasPortrait,ex:person_32
ex:coin_8480,nmo:hasPortrait,ex:person_32
ex:coin_8481,nmo:hasPortrait,ex:person_32
ex:coin_8482,nmo:hasPortrait,ex:person_32
ex:coin_8483,nmo:hasPortrait,ex:person_33
ex:coin_8484,nmo:hasPortrait,ex:person_33
ex:coin_8485,nmo:hasPortrait,ex:person_33
ex:coin_8486,nmo:hasPortrait,ex:person_33
ex:coin_8487,nmo:hasPortrait,ex:person_33
ex:coin_8488,nmo:hasPortrait,ex:person_33
ex:coin_8489,nmo:hasPortrait,ex:person_33
ex:coin_8490,nmo:hasPortrait,ex:person_33
ex:coin_8491,nmo:hasPortrait,ex:person_33
ex:coin_8492,nmo:hasPortrait,ex:person_33
ex:coin_8493,nmo:hasPortrait,ex:person_33
ex:coin_8494,nmo:hasPortrait,ex:person_33
ex:coin_8495,nmo:hasPortrait,ex:person_33
ex:coin_8496,nmo:hasPortrait,ex:person_33
ex:coin_8497,nmo:hasPortrait,ex:person_34
ex:coin_8498,nmo:hasPortrait,ex:person_34
ex:coin_8499,nmo:hasPortrait,ex:person_38
ex:coin_8517,nmo:hasPortrait,ex:person_32
ex:coin_8758,nmo:hasPortrait,ex:person_33
ex:coin_8760,nmo:hasPortrait,ex:person_36
ex:coin_8776,nmo:hasPortrait,ex:person_41
ex:coin_8777,nmo:hasPortrait,ex:person_32
ex:coin_8783,nmo:hasPortrait,ex:person_40
ex:coin_8784,nmo:hasPortrait,ex:person_40
ex:coin_8799,nmo:hasPortrait,ex:person_40
ex:coin_8806,nmo:hasPortrait,ex:person_33
ex:coin_8807,nmo:hasPortrait,ex:person_33
ex:coin_8808,nmo:hasPortrait,ex:person_33
ex:coin_8809,nmo:hasPortrait,ex:person_33
ex:coin_8810,nmo:hasPortrait,ex:person_33
ex:coin_8811,nmo:hasPortrait,ex:person_33
ex:coin_8812,nmo:hasPortrait,ex:person_33
ex:coin_8813,nmo:hasPortrait,ex:person_33
ex:coin_8814,nmo:hasPortrait,ex:person_33
ex:coin_8815,nmo:hasPortrait,ex:person_33
ex:coin_8816,nmo:hasPortrait,ex:person_33
ex:coin_8817,nmo:hasPortrait,ex:person_33
ex:coin_8818,nmo:hasPortrait,ex:person_33
ex:coin_8819,nmo:hasPortrait,ex:person_34
ex:coin_8820,nmo:hasPortrait,ex:person_34
ex:coin_8821,nmo:hasPortrait,ex:person_34
ex:coin_8822,nmo:hasPortrait,ex:person_34
ex:coin_8823,nmo:hasPortrait,ex:person_34
ex:coin_8824,nmo:hasPortrait,ex:person_34
ex:coin_8825,nmo:hasPortrait,ex:person_36
ex:coin_8940,nmo:hasPortrait,ex:person_33
ex:coin_8941,nmo:hasPortrait,ex:person_41
ex:coin_9050,nmo:hasPortrait,ex:person_30
ex:coin_9140,nmo:hasPortrait,ex:person_33
ex:coin_9141,nmo:hasPortrait,ex:person_33
ex:coin_9142,nmo:hasPortrait,ex:person_41
ex:coin_9180,nmo:hasPortrait,ex:person_33
ex:coin_9234,nmo:hasPortrait,ex:person_32
ex:coin_9241,nmo:hasPortrait,ex:person_40
ex:coin_9353,nmo:hasPortrait,ex:person_34
ex:coin_9354,nmo:hasPortrait,ex:person_34
ex:coin_9355,nmo:hasPortrait,ex:person_33
ex:coin_9470,nmo:hasPortrait,ex:person_32
ex:coin_9734,nmo:hasPortrait,ex:person_41
ex:coin_9735,nmo:hasPortrait,ex:person_41
ex:coin_9736,nmo:hasPortrait,ex:person_41
ex:coin_9737,nmo:hasPortrait,ex:person_41
ex:coin_9738,nmo:hasPortrait,ex:person_41
ex:coin_9753,nmo:hasPortrait,ex:person_40
ex:coin_9754,nmo:hasPortrait,ex:person_40
ex:coin_9755,nmo:hasPortrait,ex:person_40
ex:coin_9777,nmo:hasPortrait,ex:person_33
ex:coin_9779,nmo:hasPortrait,ex:person_38
ex:coin_9794,nmo:hasPortrait,ex:person_41
ex:coin_9815,nmo:hasPortrait,ex:person_36
ex:coin_9825,nmo:hasPortrait,ex:person_30
ex:coin_10190,nmo:hasPortrait,ex:person_33
ex:coin_10191,nmo:hasPortrait,ex:person_32
ex:coin_10197,nmo:hasPortrait,ex:person_40
ex:coin_10419,nmo:hasPortrait,ex:person_33
ex:coin_10421,nmo:hasPortrait,ex:person_41
ex:coin_10448,nmo:hasPortrait,ex:person_34
ex:coin_10501,nmo:hasPortrait,ex:person_33
ex:coin_10944,nmo:hasPortrait,ex:person_40
ex:coin_10946,nmo:hasPortrait,ex:person_41
ex:coin_10947,nmo:hasPortrait,ex:person_41
ex:coin_10954,nmo:hasPortrait,ex:person_41
ex:coin_10976,nmo:hasPortrait,ex:person_34
ex:coin_10983,nmo:hasPortrait,ex:person_41
ex:coin_10984,nmo:hasPortrait,ex:person_41
ex:coin_10985,nmo:hasPortrait,ex:person_41
ex:coin_10988,nmo:hasPortrait,ex:person_40
ex:coin_10989,nmo:hasPortrait,ex:person_40
ex:coin_10990,nmo:hasPortrait,ex:person_40
ex:coin_10991,nmo:hasPortrait,ex:person_40
ex:coin_10992,nmo:hasPortrait,ex:person_40
ex:coin_10993,nmo:hasPortrait,ex:person_41
ex:coin_10996,nmo:hasPortrait,ex:person_38
ex:coin_11005,nmo:hasPortrait,ex:person_41
ex:coin_11006,nmo:hasPortrait,ex:person_41
ex:coin_11007,nmo:hasPortrait,ex:person_41
ex:coin_11008,nmo:hasPortrait,ex:person_41
ex:coin_11009,nmo:hasPortrait,ex:person_41
ex:coin_11010,nmo:hasPortrait,ex:person_41
ex:coin_11016,nmo:hasPortrait,ex:person_34
ex:coin_11026,nmo:hasPortrait,ex:person_41
ex:coin_11493,nmo:hasPortrait,ex:person_40
ex:coin_11505,nmo:hasPortrait,ex:person_33
ex:coin_11535,nmo:hasPortrait,ex:person_32
ex:coin_11595,nmo:hasPortrait,ex:person_40
ex:coin_11615,nmo:hasPortrait,ex:person_32
ex:coin_11616,nmo:hasPortrait,ex:person_40
ex:coin_12114,nmo:hasPortrait,ex:person_33
ex:coin_12117,nmo:hasPortrait,ex:person_41
ex:coin_12129,nmo:hasPortrait,ex:person_34
ex:coin_12130,nmo:hasPortrait,ex:person_33
ex:coin_12132,nmo:hasPortrait,ex:person_40
ex:coin_12133,nmo:hasPortrait,ex:person_41
ex:coin_12172,nmo:hasPortrait,ex:person_33
ex:coin_12270,nmo:hasPortrait,ex:person_34
ex:coin_12390,nmo:hasPortrait,ex:person_40
ex:coin_12391,nmo:hasPortrait,ex:person_40
ex:coin_12393,nmo:hasPortrait,ex:person_32
ex:coin_12406,nmo:hasPortrait,ex:person_40
ex:coin_12407,nmo:hasPortrait,ex:person_40
ex:coin_12408,nmo:hasPortrait,ex:person_41
ex:coin_12409,nmo:hasPortrait,ex:person_41
ex:coin_12418,nmo:hasPortrait,ex:person_38
ex:coin_12419,nmo:hasPortrait,ex:person_34
ex:coin_12421,nmo:hasPortrait,ex:person_33
ex:coin_12423,nmo:hasPortrait,ex:person_41
ex:coin_12424,nmo:hasPortrait,ex:person_40
ex:coin_12444,nmo:hasPortrait,ex:person_38
ex:coin_12475,nmo:hasPortrait,ex:person_40
ex:coin_12477,nmo:hasPortrait,ex:person_41
ex:coin_12478,nmo:hasPortrait,ex:person_41
ex:coin_12487,nmo:hasPortrait,ex:person_41
ex:coin_12488,nmo:hasPortrait,ex:person_40
ex:coin_12504,nmo:hasPortrait,ex:person_34
ex:coin_12550,nmo:hasPortrait,ex:person_159
ex:coin_12566,nmo:hasPortrait,ex:person_32
ex:coin_12857,nmo:hasPortrait,ex:person_40
ex:coin_12858,nmo:hasPortrait,ex:person_32
ex:coin_12859,nmo:hasPortrait,ex:person_33
ex:coin_12860,nmo:hasPortrait,ex:person_33
ex:coin_12898,nmo:hasPortrait,ex:person_33
ex:coin_12920,nmo:hasPortrait,ex:person_34
ex:coin_13204,nmo:hasPortrait,ex:person_30
ex:coin_13205,nmo:hasPortrait,ex:person_40
ex:coin_13239,nmo:hasPortrait,ex:person_40
ex:coin_13240,nmo:hasPortrait,ex:person_33
ex:coin_13456,nmo:hasPortrait,ex:person_34
ex:coin_13475,nmo:hasPortrait,ex:person_33
ex:coin_13477,nmo:hasPortrait,ex:person_34
ex:coin_13511,nmo:hasPortrait,ex:person_40
ex:coin_13512,nmo:hasPortrait,ex:person_40
ex:coin_13538,nmo:hasPortrait,ex:person_32
ex:coin_13540,nmo:hasPortrait,ex:person_41
ex:coin_13545,nmo:hasPortrait,ex:person_32
ex:coin_13546,nmo:hasPortrait,ex:person_32
ex:coin_13645,nmo:hasPortrait,ex:person_32
ex:coin_13693,nmo:hasPortrait,ex:person_33
ex:coin_13694,nmo:hasPortrait,ex:person_32
ex:coin_13700,nmo:hasPortrait,ex:person_33
ex:coin_13702,nmo:hasPortrait,ex:person_33
ex:coin_13724,nmo:hasPortrait,ex:person_41
ex:coin_13725,nmo:hasPortrait,ex:person_41
ex:coin_13726,nmo:hasPortrait,ex:person_41
ex:coin_13727,nmo:hasPortrait,ex:person_40
ex:coin_13757,nmo:hasPortrait,ex:person_32
ex:coin_13892,nmo:hasPortrait,ex:person_41
ex:coin_13901,nmo:hasPortrait,ex:person_41
ex:coin_13902,nmo:hasPortrait,ex:person_41
ex:coin_13903,nmo:hasPortrait,ex:person_41
ex:coin_13922,nmo:hasPortrait,ex:person_40
ex:coin_13923,nmo:hasPortrait,ex:person_40
ex:coin_13924,nmo:hasPortrait,ex:person_40
ex:coin_13925,nmo:hasPortrait,ex:person_40
ex:coin_13926,nmo:hasPortrait,ex:person_40
ex:coin_13927,nmo:hasPortrait,ex:person_40
ex:coin_13929,nmo:hasPortrait,ex:person_33
ex:coin_13934,nmo:hasPortrait,ex:person_41
ex:coin_13935,nmo:hasPortrait,ex:person_41
ex:coin_13936,nmo:hasPortrait,ex:person_41
ex:coin_13937,nmo:hasPortrait,ex:person_41
ex:coin_13938,nmo:hasPortrait,ex:person_41
ex:coin_13939,nmo:hasPortrait,ex:person_41
ex:coin_13940,nmo:hasPortrait,ex:person_41
ex:coin_13951,nmo:hasPortrait,ex:person_34
ex:coin_13954,nmo:hasPortrait,ex:person_33
ex:coin_13963,nmo:hasPortrait,ex:person_41
ex:coin_13964,nmo:hasPortrait,ex:person_36
ex:coin_13976,nmo:hasPortrait,ex:person_39
ex:coin_13999,nmo:hasPortrait,ex:person_40
ex:coin_14000,nmo:hasPortrait,ex:person_40
ex:coin_14004,nmo:hasPortrait,ex:person_33
ex:coin_14043,nmo:hasPortrait,ex:person_33
ex:coin_14049,nmo:hasPortrait,ex:person_41
ex:coin_14050,nmo:hasPortrait,ex:person_40
ex:coin_14052,nmo:hasPortrait,ex:person_41
ex:coin_14119,nmo:hasPortrait,ex:person_33
ex:coin_14122,nmo:hasPortrait,ex:person_33
ex:coin_14123,nmo:hasPortrait,ex:person_37
ex:coin_14128,nmo:hasPortrait,ex:person_33
ex:coin_14130,nmo:hasPortrait,ex:person_41
ex:coin_14131,nmo:hasPortrait,ex:person_41
ex:coin_14132,nmo:hasPortrait,ex:person_41
ex:coin_14133,nmo:hasPortrait,ex:person_41
ex:coin_14134,nmo:hasPortrait,ex:person_40
ex:coin_14135,nmo:hasPortrait,ex:person_40
ex:coin_14137,nmo:hasPortrait,ex:person_41
ex:coin_14138,nmo:hasPortrait,ex:person_41
ex:coin_14210,nmo:hasPortrait,ex:person_41
ex:coin_14211,nmo:hasPortrait,ex:person_41
ex:coin_14230,nmo:hasPortrait,ex:person_40
ex:coin_14231,nmo:hasPortrait,ex:person_39
ex:coin_14234,nmo:hasPortrait,ex:person_40
ex:coin_14242,nmo:hasPortrait,ex:person_41
ex:coin_14341,nmo:hasPortrait,ex:person_41
ex:coin_14346,nmo:hasPortrait,ex:person_40
ex:coin_14347,nmo:hasPortrait,ex:person_40
ex:coin_14350,nmo:hasPortrait,ex:person_38
ex:coin_14354,nmo:hasPortrait,ex:person_41
ex:coin_14388,nmo:hasPortrait,ex:person_41
ex:coin_14392,nmo:hasPortrait,ex:person_41
ex:coin_14437,nmo:hasPortrait,ex:person_41
ex:coin_14449,nmo:hasPortrait,ex:person_32
ex:coin_14493,nmo:hasPortrait,ex:person_32
ex:coin_14494,nmo:hasPortrait,ex:person_32
ex:coin_14496,nmo:hasPortrait,ex:person_33
ex:coin_14497,nmo:hasPortrait,ex:person_33
ex:coin_14500,nmo:hasPortrait,ex:person_33
ex:coin_14501,nmo:hasPortrait,ex:person_33
ex:coin_14504,nmo:hasPortrait,ex:person_33
ex:coin_14505,nmo:hasPortrait,ex:person_33
ex:coin_14506,nmo:hasPortrait,ex:person_33
ex:coin_14507,nmo:hasPortrait,ex:person_33
ex:coin_14508,nmo:hasPortrait,ex:person_33
ex:coin_14509,nmo:hasPortrait,ex:person_33
ex:coin_14511,nmo:hasPortrait,ex:person_33
ex:coin_14512,nmo:hasPortrait,ex:person_33
ex:coin_14513,nmo:hasPortrait,ex:person_33
ex:coin_14514,nmo:hasPortrait,ex:person_33
ex:coin_14515,nmo:hasPortrait,ex:person_33
ex:coin_14516,nmo:hasPortrait,ex:person_34
ex:coin_14517,nmo:hasPortrait,ex:person_34
ex:coin_14518,nmo:hasPortrait,ex:person_34
ex:coin_14519,nmo:hasPortrait,ex:person_34
ex:coin_14520,nmo:hasPortrait,ex:person_36
ex:coin_14521,nmo:hasPortrait,ex:person_36
ex:coin_14522,nmo:hasPortrait,ex:person_36
ex:coin_14523,nmo:hasPortrait,ex:person_37
ex:coin_14636,nmo:hasPortrait,ex:person_33
ex:coin_14925,nmo:hasPortrait,ex:person_40
ex:coin_14926,nmo:hasPortrait,ex:person_40
ex:coin_14929,nmo:hasPortrait,ex:person_41
ex:coin_14930,nmo:hasPortrait,ex:person_41
ex:coin_14947,nmo:hasPortrait,ex:person_40
ex:coin_14958,nmo:hasPortrait,ex:person_40
ex:coin_14959,nmo:hasPortrait,ex:person_40
ex:coin_14960,nmo:hasPortrait,ex:person_40
ex:coin_14962,nmo:hasPortrait,ex:person_34
ex:coin_14963,nmo:hasPortrait,ex:person_40
ex:coin_14990,nmo:hasPortrait,ex:person_34
ex:coin_15028,nmo:hasPortrait,ex:person_33
ex:coin_15029,nmo:hasPortrait,ex:person_36
ex:coin_15030,nmo:hasPortrait,ex:person_34
ex:coin_15031,nmo:hasPortrait,ex:person_34
ex:coin_15032,nmo:hasPortrait,ex:person_43
ex:coin_15033,nmo:hasPortrait,ex:person_41
ex:coin_15034,nmo:hasPortrait,ex:person_40
ex:coin_15075,nmo:hasPortrait,ex:person_32
ex:coin_15136,nmo:hasPortrait,ex:person_40
ex:coin_15161,nmo:hasPortrait,ex:person_40
ex:coin_15162,nmo:hasPortrait,ex:person_40
ex:coin_15163,nmo:hasPortrait,ex:person_40
ex:coin_15178,nmo:hasPortrait,ex:person_33
ex:coin_15180,nmo:hasPortrait,ex:person_33
ex:coin_15183,nmo:hasPortrait,ex:person_41
ex:coin_15184,nmo:hasPortrait,ex:person_41
ex:coin_15185,nmo:hasPortrait,ex:person_40
ex:coin_15186,nmo:hasPortrait,ex:person_41
ex:coin_15187,nmo:hasPortrait,ex:person_41
ex:coin_15202,nmo:hasPortrait,ex:person_41
ex:coin_15203,nmo:hasPortrait,ex:person_41
ex:coin_15205,nmo:hasPortrait,ex:person_40
ex:coin_15210,nmo:hasPortrait,ex:person_41
ex:coin_15230,nmo:hasPortrait,ex:person_33
ex:coin_15231,nmo:hasPortrait,ex:person_34
ex:coin_15261,nmo:hasPortrait,ex:person_41
ex:coin_15265,nmo:hasPortrait,ex:person_33
ex:coin_15266,nmo:hasPortrait,ex:person_41
ex:coin_15413,nmo:hasPortrait,ex:person_34
ex:coin_15416,nmo:hasPortrait,ex:person_40
ex:coin_15417,nmo:hasPortrait,ex:person_40
ex:coin_15418,nmo:hasPortrait,ex:person_36
ex:coin_15420,nmo:hasPortrait,ex:person_41
ex:coin_15467,nmo:hasPortrait,ex:person_40
ex:coin_15468,nmo:hasPortrait,ex:person_40
ex:coin_15469,nmo:hasPortrait,ex:person_40
ex:coin_15470,nmo:hasPortrait,ex:person_40
ex:coin_15471,nmo:hasPortrait,ex:person_40
ex:coin_15472,nmo:hasPortrait,ex:person_40
ex:coin_15473,nmo:hasPortrait,ex:person_40
ex:coin_15474,nmo:hasPortrait,ex:person_40
ex:coin_15475,nmo:hasPortrait,ex:person_41
ex:coin_15476,nmo:hasPortrait,ex:person_41
ex:coin_15477,nmo:hasPortrait,ex:person_41
ex:coin_15478,nmo:hasPortrait,ex:person_41
ex:coin_15479,nmo:hasPortrait,ex:person_41
ex:coin_15480,nmo:hasPortrait,ex:person_41
ex:coin_15500,nmo:hasPortrait,ex:person_34
ex:coin_15501,nmo:hasPortrait,ex:person_33
ex:coin_15540,nmo:hasPortrait,ex:person_40
ex:coin_15541,nmo:hasPortrait,ex:person_40
ex:coin_15542,nmo:hasPortrait,ex:person_40
ex:coin_15543,nmo:hasPortrait,ex:person_40
ex:coin_15544,nmo:hasPortrait,ex:person_41
ex:coin_15600,nmo:hasPortrait,ex:person_41
ex:coin_15601,nmo:hasPortrait,ex:person_40
ex:coin_15603,nmo:hasPortrait,ex:person_40
ex:coin_15604,nmo:hasPortrait,ex:person_34
ex:coin_15611,nmo:hasPortrait,ex:person_40
ex:coin_15619,nmo:hasPortrait,ex:person_40
ex:coin_15620,nmo:hasPortrait,ex:person_41
ex:coin_15630,nmo:hasPortrait,ex:person_41
ex:coin_15633,nmo:hasPortrait,ex:person_40
ex:coin_15639,nmo:hasPortrait,ex:person_34
ex:coin_15643,nmo:hasPortrait,ex:person_33
ex:coin_15644,nmo:hasPortrait,ex:person_32
ex:coin_15657,nmo:hasPortrait,ex:person_33
ex:coin_15658,nmo:hasPortrait,ex:person_41
ex:coin_15721,nmo:hasPortrait,ex:person_40
ex:coin_15792,nmo:hasPortrait,ex:person_41
ex:coin_15815,nmo:hasPortrait,ex:person_33
ex:coin_15817,nmo:hasPortrait,ex:person_41
ex:coin_16134,nmo:hasPortrait,ex:person_34
ex:coin_16321,nmo:hasPortrait,ex:person_41
ex:coin_16322,nmo:hasPortrait,ex:person_41
ex:coin_16349,nmo:hasPortrait,ex:person_41
ex:coin_16375,nmo:hasPortrait,ex:person_33
ex:coin_16378,nmo:hasPortrait,ex:person_41
ex:coin_16390,nmo:hasPortrait,ex:person_40
ex:coin_16403,nmo:hasPortrait,ex:person_40
ex:coin_16407,nmo:hasPortrait,ex:person_40
ex:coin_16438,nmo:hasPortrait,ex:person_41
ex:coin_16449,nmo:hasPortrait,ex:person_34
ex:coin_16468,nmo:hasPortrait,ex:person_33
ex:coin_16470,nmo:hasPortrait,ex:person_41
ex:coin_16607,nmo:hasPortrait,ex:person_40
ex:coin_16608,nmo:hasPortrait,ex:person_33
ex:coin_16610,nmo:hasPortrait,ex:person_34
ex:coin_16614,nmo:hasPortrait,ex:person_32
ex:coin_16753,nmo:hasPortrait,ex:person_33
ex:coin_16758,nmo:hasPortrait,ex:person_41
ex:coin_16781,nmo:hasPortrait,ex:person_41
ex:coin_16783,nmo:hasPortrait,ex:person_41
ex:coin_16784,nmo:hasPortrait,ex:person_41
ex:coin_16786,nmo:hasPortrait,ex:person_34
ex:coin_16787,nmo:hasPortrait,ex:person_41
ex:coin_16790,nmo:hasPortrait,ex:person_40
ex:coin_16792,nmo:hasPortrait,ex:person_41
ex:coin_16793,nmo:hasPortrait,ex:person_41
ex:coin_16802,nmo:hasPortrait,ex:person_37
ex:coin_16804,nmo:hasPortrait,ex:person_41
ex:coin_16807,nmo:hasPortrait,ex:person_40
ex:coin_16808,nmo:hasPortrait,ex:person_40
ex:coin_16809,nmo:hasPortrait,ex:person_41
ex:coin_16810,nmo:hasPortrait,ex:person_40
ex:coin_16813,nmo:hasPortrait,ex:person_41
ex:coin_16822,nmo:hasPortrait,ex:person_40
ex:coin_16824,nmo:hasPortrait,ex:person_40
ex:coin_16827,nmo:hasPortrait,ex:person_41
ex:coin_16832,nmo:hasPortrait,ex:person_40
ex:coin_16838,nmo:hasPortrait,ex:person_34
ex:coin_16839,nmo:hasPortrait,ex:person_34
ex:coin_16841,nmo:hasPortrait,ex:person_34
ex:coin_16844,nmo:hasPortrait,ex:person_37
ex:coin_16847,nmo:hasPortrait,ex:person_33
ex:coin_16849,nmo:hasPortrait,ex:person_41
ex:coin_16852,nmo:hasPortrait,ex:person_33
ex:coin_16864,nmo:hasPortrait,ex:person_40
ex:coin_16868,nmo:hasPortrait,ex:person_34
ex:coin_16869,nmo:hasPortrait,ex:person_33
ex:coin_17118,nmo:hasPortrait,ex:person_33
ex:coin_17209,nmo:hasPortrait,ex:person_41
ex:coin_17210,nmo:hasPortrait,ex:person_41
ex:coin_17256,nmo:hasPortrait,ex:person_33
ex:coin_17257,nmo:hasPortrait,ex:person_40
ex:coin_17262,nmo:hasPortrait,ex:person_34
ex:coin_17267,nmo:hasPortrait,ex:person_34
ex:coin_17271,nmo:hasPortrait,ex:person_40
ex:coin_17277,nmo:hasPortrait,ex:person_41
ex:coin_17281,nmo:hasPortrait,ex:person_33
ex:coin_17289,nmo:hasPortrait,ex:person_41
ex:coin_17295,nmo:hasPortrait,ex:person_34
ex:coin_17325,nmo:hasPortrait,ex:person_33
ex:coin_17327,nmo:hasPortrait,ex:person_40
ex:coin_17333,nmo:hasPortrait,ex:person_33
ex:coin_17335,nmo:hasPortrait,ex:person_33
ex:coin_17345,nmo:hasPortrait,ex:person_41
ex:coin_17350,nmo:hasPortrait,ex:person_40
ex:coin_17361,nmo:hasPortrait,ex:person_33
ex:coin_17364,nmo:hasPortrait,ex:person_33
ex:coin_17365,nmo:hasPortrait,ex:person_41
ex:coin_17372,nmo:hasPortrait,ex:person_40
ex:coin_17375,nmo:hasPortrait,ex:person_40
ex:coin_17388,nmo:hasPortrait,ex:person_41
ex:coin_17389,nmo:hasPortrait,ex:person_40
ex:coin_17391,nmo:hasPortrait,ex:person_40
ex:coin_17395,nmo:hasPortrait,ex:person_32
ex:coin_17405,nmo:hasPortrait,ex:person_33
ex:coin_17413,nmo:hasPortrait,ex:person_40
ex:coin_17415,nmo:hasPortrait,ex:person_33
ex:coin_17420,nmo:hasPortrait,ex:person_41
ex:coin_17425,nmo:hasPortrait,ex:person_40
ex:coin_17427,nmo:hasPortrait,ex:person_40
ex:coin_17432,nmo:hasPortrait,ex:person_41
ex:coin_17442,nmo:hasPortrait,ex:person_32
ex:coin_17453,nmo:hasPortrait,ex:person_41
ex:coin_17458,nmo:hasPortrait,ex:person_34
ex:coin_17474,nmo:hasPortrait,ex:person_40
ex:coin_17475,nmo:hasPortrait,ex:person_40
ex:coin_17476,nmo:hasPortrait,ex:person_41
ex:coin_17481,nmo:hasPortrait,ex:person_34
ex:coin_17482,nmo:hasPortrait,ex:person_40
ex:coin_17486,nmo:hasPortrait,ex:person_32
ex:coin_17488,nmo:hasPortrait,ex:person_40
ex:coin_17497,nmo:hasPortrait,ex:person_41
ex:coin_17498,nmo:hasPortrait,ex:person_41
ex:coin_17514,nmo:hasPortrait,ex:person_34
ex:coin_17516,nmo:hasPortrait,ex:person_41
ex:coin_17527,nmo:hasPortrait,ex:person_41
ex:coin_17528,nmo:hasPortrait,ex:person_34
ex:coin_17529,nmo:hasPortrait,ex:person_40
ex:coin_17530,nmo:hasPortrait,ex:person_40
ex:coin_17536,nmo:hasPortrait,ex:person_40
ex:coin_17543,nmo:hasPortrait,ex:person_40
ex:coin_17544,nmo:hasPortrait,ex:person_40
ex:coin_17566,nmo:hasPortrait,ex:person_34
ex:coin_17569,nmo:hasPortrait,ex:person_40
ex:coin_17580,nmo:hasPortrait,ex:person_41
ex:coin_17604,nmo:hasPortrait,ex:person_41
ex:coin_17620,nmo:hasPortrait,ex:person_33
ex:coin_17628,nmo:hasPortrait,ex:person_40
ex:coin_17629,nmo:hasPortrait,ex:person_33
ex:coin_17630,nmo:hasPortrait,ex:person_33
ex:coin_17631,nmo:hasPortrait,ex:person_33
ex:coin_17634,nmo:hasPortrait,ex:person_41
ex:coin_17635,nmo:hasPortrait,ex:person_41
ex:coin_17639,nmo:hasPortrait,ex:person_34
ex:coin_17641,nmo:hasPortrait,ex:person_34
ex:coin_17643,nmo:hasPortrait,ex:person_41
ex:coin_17644,nmo:hasPortrait,ex:person_40
ex:coin_17646,nmo:hasPortrait,ex:person_41
ex:coin_17647,nmo:hasPortrait,ex:person_33
ex:coin_17648,nmo:hasPortrait,ex:person_33
ex:coin_17649,nmo:hasPortrait,ex:person_36
ex:coin_17651,nmo:hasPortrait,ex:person_33
ex:coin_17652,nmo:hasPortrait,ex:person_41
ex:coin_17654,nmo:hasPortrait,ex:person_41
ex:coin_17661,nmo:hasPortrait,ex:person_33
ex:coin_17662,nmo:hasPortrait,ex:person_34
ex:coin_17663,nmo:hasPortrait,ex:person_33
ex:coin_17665,nmo:hasPortrait,ex:person_34
ex:coin_17666,nmo:hasPortrait,ex:person_34
ex:coin_17667,nmo:hasPortrait,ex:person_34
ex:coin_17669,nmo:hasPortrait,ex:person_33
ex:coin_17671,nmo:hasPortrait,ex:person_40
ex:coin_17672,nmo:hasPortrait,ex:person_41
ex:coin_17673,nmo:hasPortrait,ex:person_41
ex:coin_17674,nmo:hasPortrait,ex:person_41
ex:coin_17675,nmo:hasPortrait,ex:person_41
ex:coin_17676,nmo:hasPortrait,ex:person_41
ex:coin_17677,nmo:hasPortrait,ex:person_41
ex:coin_17678,nmo:hasPortrait,ex:person_40
ex:coin_17679,nmo:hasPortrait,ex:person_40
ex:coin_17719,nmo:hasPortrait,ex:person_40
ex:coin_17720,nmo:hasPortrait,ex:person_40
ex:coin_17721,nmo:hasPortrait,ex:person_41
ex:coin_17722,nmo:hasPortrait,ex:person_41
ex:coin_17734,nmo:hasPortrait,ex:person_40
ex:coin_17746,nmo:hasPortrait,ex:person_41
ex:coin_18001,nmo:hasPortrait,ex:person_41
ex:coin_18002,nmo:hasPortrait,ex:person_40
ex:coin_18010,nmo:hasPortrait,ex:person_41
ex:coin_18011,nmo:hasPortrait,ex:person_33
ex:coin_18012,nmo:hasPortrait,ex:person_33
ex:coin_18013,nmo:hasPortrait,ex:person_32
ex:coin_27445,nmo:hasPortrait,ex:person_33
ex:coin_27998,nmo:hasPortrait,ex:person_33
ex:coin_28001,nmo:hasPortrait,ex:person_32
ex:coin_28003,nmo:hasPortrait,ex:person_33
ex:coin_28005,nmo:hasPortrait,ex:person_33
ex:coin_28008,nmo:hasPortrait,ex:person_36
ex:coin_28080,nmo:hasPortrait,ex:person_40
ex:coin_28083,nmo:hasPortrait,ex:person_36
ex:coin_28086,nmo:hasPortrait,ex:person_33
ex:coin_28087,nmo:hasPortrait,ex:person_33
ex:coin_28352,nmo:hasPortrait,ex:person_36
ex:coin_28353,nmo:hasPortrait,ex:person_38
ex:coin_28365,nmo:hasPortrait,ex:person_32
ex:coin_28371,nmo:hasPortrait,ex:person_41
ex:coin_28401,nmo:hasPortrait,ex:person_33
ex:coin_28402,nmo:hasPortrait,ex:person_33
ex:coin_28405,nmo:hasPortrait,ex:person_32
ex:coin_28406,nmo:hasPortrait,ex:person_33
ex:coin_28407,nmo:hasPortrait,ex:person_33
ex:coin_28444,nmo:hasPortrait,ex:person_40
ex:coin_28446,nmo:hasPortrait,ex:person_36
ex:coin_28451,nmo:hasPortrait,ex:person_33
ex:coin_28452,nmo:hasPortrait,ex:person_38
ex:coin_28460,nmo:hasPortrait,ex:person_32
ex:coin_28461,nmo:hasPortrait,ex:person_33
ex:coin_28462,nmo:hasPortrait,ex:person_32
ex:coin_28477,nmo:hasPortrait,ex:person_33
ex:coin_28478,nmo:hasPortrait,ex:person_33
ex:coin_28481,nmo:hasPortrait,ex:person_33
ex:coin_28484,nmo:hasPortrait,ex:person_33
ex:coin_28485,nmo:hasPortrait,ex:person_40
ex:coin_28486,nmo:hasPortrait,ex:person_34
ex:coin_28489,nmo:hasPortrait,ex:person_33
ex:coin_28492,nmo:hasPortrait,ex:person_38
ex:coin_28493,nmo:hasPortrait,ex:person_33
ex:coin_28494,nmo:hasPortrait,ex:person_38
ex:coin_28495,nmo:hasPortrait,ex:person_41
ex:coin_28496,nmo:hasPortrait,ex:person_41
ex:coin_28575,nmo:hasPortrait,ex:person_33
ex:coin_28591,nmo:hasPortrait,ex:person_33
ex:coin_28592,nmo:hasPortrait,ex:person_38
ex:coin_28845,nmo:hasPortrait,ex:person_41
ex:coin_28859,nmo:hasPortrait,ex:person_40
ex:coin_28876,nmo:hasPortrait,ex:person_33
ex:coin_28877,nmo:hasPortrait,ex:person_38
ex:coin_28879,nmo:hasPortrait,ex:person_41
ex:coin_28880,nmo:hasPortrait,ex:person_41
ex:coin_28887,nmo:hasPortrait,ex:person_36
ex:coin_28888,nmo:hasPortrait,ex:person_33
ex:coin_28898,nmo:hasPortrait,ex:person_40
ex:coin_28899,nmo:hasPortrait,ex:person_41
ex:coin_28900,nmo:hasPortrait,ex:person_41
ex:coin_28901,nmo:hasPortrait,ex:person_41
ex:coin_28988,nmo:hasPortrait,ex:person_40
ex:coin_28989,nmo:hasPortrait,ex:person_40
ex:coin_28990,nmo:hasPortrait,ex:person_40
ex:coin_28991,nmo:hasPortrait,ex:person_41
ex:coin_29041,nmo:hasPortrait,ex:person_41
ex:coin_29043,nmo:hasPortrait,ex:person_38
ex:coin_29066,nmo:hasPortrait,ex:person_33
ex:coin_29067,nmo:hasPortrait,ex:person_38
ex:coin_29069,nmo:hasPortrait,ex:person_38
ex:coin_29072,nmo:hasPortrait,ex:person_40
ex:coin_29160,nmo:hasPortrait,ex:person_41
ex:coin_29201,nmo:hasPortrait,ex:person_38
ex:coin_29215,nmo:hasPortrait,ex:person_33
ex:coin_29216,nmo:hasPortrait,ex:person_40
ex:coin_29237,nmo:hasPortrait,ex:person_33
ex:coin_29264,nmo:hasPortrait,ex:person_40
ex:coin_29303,nmo:hasPortrait,ex:person_32
ex:coin_29304,nmo:hasPortrait,ex:person_36
ex:coin_29358,nmo:hasPortrait,ex:person_33
ex:coin_29362,nmo:hasPortrait,ex:person_33
ex:coin_29370,nmo:hasPortrait,ex:person_38
ex:coin_29402,nmo:hasPortrait,ex:person_33
ex:coin_29405,nmo:hasPortrait,ex:person_33
ex:coin_29425,nmo:hasPortrait,ex:person_33
ex:coin_29428,nmo:hasPortrait,ex:person_32
ex:coin_29511,nmo:hasPortrait,ex:person_38
ex:coin_29532,nmo:hasPortrait,ex:person_41
ex:coin_29553,nmo:hasPortrait,ex:person_33
ex:coin_29612,nmo:hasPortrait,ex:person_38
ex:coin_29623,nmo:hasPortrait,ex:person_38
ex:coin_29624,nmo:hasPortrait,ex:person_41
ex:coin_29677,nmo:hasPortrait,ex:person_38
ex:coin_29681,nmo:hasPortrait,ex:person_40
ex:coin_29682,nmo:hasPortrait,ex:person_41
ex:coin_29710,nmo:hasPortrait,ex:person_33
ex:coin_29726,nmo:hasPortrait,ex:person_33
ex:coin_29729,nmo:hasPortrait,ex:person_38
ex:coin_29738,nmo:hasPortrait,ex:person_33
ex:coin_29749,nmo:hasPortrait,ex:person_38
ex:coin_29780,nmo:hasPortrait,ex:person_33
ex:coin_29781,nmo:hasPortrait,ex:person_33
ex:coin_29787,nmo:hasPortrait,ex:person_38
ex:coin_29831,nmo:hasPortrait,ex:person_40
ex:coin_29875,nmo:hasPortrait,ex:person_38
ex:coin_29921,nmo:hasPortrait,ex:person_38
ex:coin_29922,nmo:hasPortrait,ex:person_38
ex:coin_29924,nmo:hasPortrait,ex:person_33
ex:coin_29927,nmo:hasPortrait,ex:person_41
ex:coin_29928,nmo:hasPortrait,ex:person_38
ex:coin_29957,nmo:hasPortrait,ex:person_33
ex:coin_29994,nmo:hasPortrait,ex:person_34
ex:coin_29995,nmo:hasPortrait,ex:person_38
ex:coin_29996,nmo:hasPortrait,ex:person_38
ex:coin_29997,nmo:hasPortrait,ex:person_41
ex:coin_30007,nmo:hasPortrait,ex:person_40
ex:coin_30010,nmo:hasPortrait,ex:person_40
ex:coin_30011,nmo:hasPortrait,ex:person_40
ex:coin_30014,nmo:hasPortrait,ex:person_41
ex:coin_30016,nmo:hasPortrait,ex:person_41
ex:coin_30017,nmo:hasPortrait,ex:person_41
ex:coin_30023,nmo:hasPortrait,ex:person_38
ex:coin_30027,nmo:hasPortrait,ex:person_38
ex:coin_30028,nmo:hasPortrait,ex:person_38
ex:coin_30029,nmo:hasPortrait,ex:person_38
ex:coin_30032,nmo:hasPortrait,ex:person_38
ex:coin_30033,nmo:hasPortrait,ex:person_40
ex:coin_30034,nmo:hasPortrait,ex:person_40
ex:coin_30036,nmo:hasPortrait,ex:person_33
ex:coin_30050,nmo:hasPortrait,ex:person_38
ex:coin_30056,nmo:hasPortrait,ex:person_38
ex:coin_30061,nmo:hasPortrait,ex:person_34
ex:coin_30067,nmo:hasPortrait,ex:person_33
ex:coin_30068,nmo:hasPortrait,ex:person_36
ex:coin_30071,nmo:hasPortrait,ex:person_40
ex:coin_30082,nmo:hasPortrait,ex:person_41
ex:coin_30096,nmo:hasPortrait,ex:person_40
ex:coin_30107,nmo:hasPortrait,ex:person_41
ex:coin_30131,nmo:hasPortrait,ex:person_40
ex:coin_30141,nmo:hasPortrait,ex:person_33
ex:coin_30142,nmo:hasPortrait,ex:person_33
ex:coin_30143,nmo:hasPortrait,ex:person_41
ex:coin_30170,nmo:hasPortrait,ex:person_34
ex:coin_30184,nmo:hasPortrait,ex:person_33
ex:coin_30205,nmo:hasPortrait,ex:person_38
ex:coin_30209,nmo:hasPortrait,ex:person_41
ex:coin_30214,nmo:hasPortrait,ex:person_36
ex:coin_30215,nmo:hasPortrait,ex:person_34
ex:coin_30216,nmo:hasPortrait,ex:person_33
ex:coin_30226,nmo:hasPortrait,ex:person_38
ex:coin_30255,nmo:hasPortrait,ex:person_40
ex:coin_30288,nmo:hasPortrait,ex:person_41
ex:coin_30293,nmo:hasPortrait,ex:person_201
ex:coin_30294,nmo:hasPortrait,ex:person_41
ex:coin_30295,nmo:hasPortrait,ex:person_38
ex:coin_30296,nmo:hasPortrait,ex:person_38
ex:coin_30298,nmo:hasPortrait,ex:person_38
ex:coin_30320,nmo:hasPortrait,ex:person_32
ex:coin_30321,nmo:hasPortrait,ex:person_38
ex:coin_30323,nmo:hasPortrait,ex:person_38
ex:coin_30332,nmo:hasPortrait,ex:person_33
ex:coin_30333,nmo:hasPortrait,ex:person_40
ex:coin_30339,nmo:hasPortrait,ex:person_33
ex:coin_30341,nmo:hasPortrait,ex:person_41
ex:coin_30367,nmo:hasPortrait,ex:person_38
ex:coin_30368,nmo:hasPortrait,ex:person_37
ex:coin_30385,nmo:hasPortrait,ex:person_38
ex:coin_30394,nmo:hasPortrait,ex:person_38
ex:coin_30401,nmo:hasPortrait,ex:person_40
ex:coin_30402,nmo:hasPortrait,ex:person_38
ex:coin_30411,nmo:hasPortrait,ex:person_32
ex:coin_30413,nmo:hasPortrait,ex:person_38
ex:coin_30414,nmo:hasPortrait,ex:person_38
ex:coin_30415,nmo:hasPortrait,ex:person_33
ex:coin_30436,nmo:hasPortrait,ex:person_41
ex:coin_30447,nmo:hasPortrait,ex:person_33
ex:coin_30510,nmo:hasPortrait,ex:person_41
ex:coin_30548,nmo:hasPortrait,ex:person_32
ex:coin_30565,nmo:hasPortrait,ex:person_38
ex:coin_30567,nmo:hasPortrait,ex:person_36
ex:coin_30585,nmo:hasPortrait,ex:person_33
ex:coin_30586,nmo:hasPortrait,ex:person_32
ex:coin_30591,nmo:hasPortrait,ex:person_38
ex:coin_30597,nmo:hasPortrait,ex:person_38
ex:coin_30615,nmo:hasPortrait,ex:person_38
ex:coin_30619,nmo:hasPortrait,ex:person_33
ex:coin_30627,nmo:hasPortrait,ex:person_38
ex:coin_30631,nmo:hasPortrait,ex:person_38
ex:coin_30641,nmo:hasPortrait,ex:person_33
ex:coin_30675,nmo:hasPortrait,ex:person_38
ex:coin_30714,nmo:hasPortrait,ex:person_38
ex:coin_30723,nmo:hasPortrait,ex:person_40
ex:coin_30724,nmo:hasPortrait,ex:person_38
ex:coin_30725,nmo:hasPortrait,ex:person_38
ex:coin_30728,nmo:hasPortrait,ex:person_39
ex:coin_30758,nmo:hasPortrait,ex:person_40
ex:coin_30762,nmo:hasPortrait,ex:person_38
ex:coin_30771,nmo:hasPortrait,ex:person_38
ex:coin_30792,nmo:hasPortrait,ex:person_38
ex:coin_30794,nmo:hasPortrait,ex:person_38
ex:coin_30811,nmo:hasPortrait,ex:person_38
ex:coin_30813,nmo:hasPortrait,ex:person_38
ex:coin_30866,nmo:hasPortrait,ex:person_41
ex:coin_30867,nmo:hasPortrait,ex:person_32
ex:coin_30880,nmo:hasPortrait,ex:person_33
ex:coin_30882,nmo:hasPortrait,ex:person_33
ex:coin_30939,nmo:hasPortrait,ex:person_40
ex:coin_30941,nmo:hasPortrait,ex:person_38
ex:coin_30948,nmo:hasPortrait,ex:person_38
ex:coin_30949,nmo:hasPortrait,ex:person_33
ex:coin_30958,nmo:hasPortrait,ex:person_38
ex:coin_30959,nmo:hasPortrait,ex:person_41
ex:coin_30964,nmo:hasPortrait,ex:person_38
ex:coin_30973,nmo:hasPortrait,ex:person_38
ex:coin_30993,nmo:hasPortrait,ex:person_33
ex:coin_30997,nmo:hasPortrait,ex:person_38
ex:coin_31009,nmo:hasPortrait,ex:person_38
ex:coin_31011,nmo:hasPortrait,ex:person_38
ex:coin_31015,nmo:hasPortrait,ex:person_40
ex:coin_31017,nmo:hasPortrait,ex:person_38
ex:coin_31031,nmo:hasPortrait,ex:person_41
ex:coin_31036,nmo:hasPortrait,ex:person_38
ex:coin_31039,nmo:hasPortrait,ex:person_33
ex:coin_31057,nmo:hasPortrait,ex:person_38
ex:coin_31077,nmo:hasPortrait,ex:person_33
ex:coin_31079,nmo:hasPortrait,ex:person_38
ex:coin_31083,nmo:hasPortrait,ex:person_38
ex:coin_31086,nmo:hasPortrait,ex:person_38
ex:coin_31117,nmo:hasPortrait,ex:person_38
ex:coin_31140,nmo:hasPortrait,ex:person_33
ex:coin_31144,nmo:hasPortrait,ex:person_38
ex:coin_31170,nmo:hasPortrait,ex:person_38
ex:coin_31174,nmo:hasPortrait,ex:person_36
ex:coin_31177,nmo:hasPortrait,ex:person_40
ex:coin_31181,nmo:hasPortrait,ex:person_40
ex:coin_31182,nmo:hasPortrait,ex:person_39
ex:coin_31184,nmo:hasPortrait,ex:person_33
ex:coin_31188,nmo:hasPortrait,ex:person_38
ex:coin_31189,nmo:hasPortrait,ex:person_40
ex:coin_31190,nmo:hasPortrait,ex:person_41
ex:coin_31196,nmo:hasPortrait,ex:person_38
ex:coin_31206,nmo:hasPortrait,ex:person_40
ex:coin_31207,nmo:hasPortrait,ex:person_40
ex:coin_31208,nmo:hasPortrait,ex:person_40
ex:coin_31215,nmo:hasPortrait,ex:person_38
ex:coin_31217,nmo:hasPortrait,ex:person_38
ex:coin_31223,nmo:hasPortrait,ex:person_40
ex:coin_31226,nmo:hasPortrait,ex:person_41
ex:coin_31227,nmo:hasPortrait,ex:person_36
ex:coin_31228,nmo:hasPortrait,ex:person_38
ex:coin_31229,nmo:hasPortrait,ex:person_40
ex:coin_31243,nmo:hasPortrait,ex:person_34
ex:coin_31249,nmo:hasPortrait,ex:person_41
ex:coin_31261,nmo:hasPortrait,ex:person_38
ex:coin_31269,nmo:hasPortrait,ex:person_41
ex:coin_31290,nmo:hasPortrait,ex:person_38
ex:coin_31291,nmo:hasPortrait,ex:person_38
ex:coin_31299,nmo:hasPortrait,ex:person_41
ex:coin_31303,nmo:hasPortrait,ex:person_34
ex:coin_31306,nmo:hasPortrait,ex:person_38
ex:coin_31313,nmo:hasPortrait,ex:person_38
ex:coin_31317,nmo:hasPortrait,ex:person_38
ex:coin_31324,nmo:hasPortrait,ex:person_38
ex:coin_31333,nmo:hasPortrait,ex:person_38
ex:coin_31343,nmo:hasPortrait,ex:person_38
ex:coin_31344,nmo:hasPortrait,ex:person_32
ex:coin_31349,nmo:hasPortrait,ex:person_33
ex:coin_31352,nmo:hasPortrait,ex:person_38
ex:coin_31354,nmo:hasPortrait,ex:person_41
ex:coin_31357,nmo:hasPortrait,ex:person_38
ex:coin_31372,nmo:hasPortrait,ex:person_40
ex:coin_31378,nmo:hasPortrait,ex:person_32
ex:coin_31379,nmo:hasPortrait,ex:person_32
ex:coin_31380,nmo:hasPortrait,ex:person_38
ex:coin_31395,nmo:hasPortrait,ex:person_41
ex:coin_31403,nmo:hasPortrait,ex:person_38
ex:coin_31405,nmo:hasPortrait,ex:person_40
ex:coin_31416,nmo:hasPortrait,ex:person_33
ex:coin_31420,nmo:hasPortrait,ex:person_33
ex:coin_31427,nmo:hasPortrait,ex:person_41
ex:coin_31438,nmo:hasPortrait,ex:person_40
ex:coin_31445,nmo:hasPortrait,ex:person_41
ex:coin_31449,nmo:hasPortrait,ex:person_40
ex:coin_31464,nmo:hasPortrait,ex:person_38
ex:coin_31467,nmo:hasPortrait,ex:person_33
ex:coin_31475,nmo:hasPortrait,ex:person_38
ex:coin_31478,nmo:hasPortrait,ex:person_38
ex:coin_31491,nmo:hasPortrait,ex:person_40
ex:coin_31508,nmo:hasPortrait,ex:person_38
ex:coin_31514,nmo:hasPortrait,ex:person_33
ex:coin_31529,nmo:hasPortrait,ex:person_41
ex:coin_31532,nmo:hasPortrait,ex:person_38
ex:coin_31534,nmo:hasPortrait,ex:person_40
ex:coin_31536,nmo:hasPortrait,ex:person_40
ex:coin_31544,nmo:hasPortrait,ex:person_38
ex:coin_31547,nmo:hasPortrait,ex:person_33
ex:coin_31561,nmo:hasPortrait,ex:person_38
ex:coin_31574,nmo:hasPortrait,ex:person_38
ex:coin_31578,nmo:hasPortrait,ex:person_38
ex:coin_31579,nmo:hasPortrait,ex:person_40
ex:coin_31580,nmo:hasPortrait,ex:person_38
ex:coin_31581,nmo:hasPortrait,ex:person_38
ex:coin_31582,nmo:hasPortrait,ex:person_38
ex:coin_31583,nmo:hasPortrait,ex:person_33
ex:coin_31590,nmo:hasPortrait,ex:person_38
ex:coin_31592,nmo:hasPortrait,ex:person_38
ex:coin_31596,nmo:hasPortrait,ex:person_41
ex:coin_31604,nmo:hasPortrait,ex:person_38
ex:coin_31609,nmo:hasPortrait,ex:person_40
ex:coin_31612,nmo:hasPortrait,ex:person_40
ex:coin_31625,nmo:hasPortrait,ex:person_38
ex:coin_31641,nmo:hasPortrait,ex:person_38
ex:coin_31655,nmo:hasPortrait,ex:person_41
ex:coin_31661,nmo:hasPortrait,ex:person_33
ex:coin_31662,nmo:hasPortrait,ex:person_36
ex:coin_31673,nmo:hasPortrait,ex:person_40
ex:coin_31674,nmo:hasPortrait,ex:person_38
ex:coin_31676,nmo:hasPortrait,ex:person_38
ex:coin_31677,nmo:hasPortrait,ex:person_38
ex:coin_31691,nmo:hasPortrait,ex:person_38
ex:coin_31700,nmo:hasPortrait,ex:person_33
ex:coin_31743,nmo:hasPortrait,ex:person_36
ex:coin_31749,nmo:hasPortrait,ex:person_38
ex:coin_31760,nmo:hasPortrait,ex:person_38
ex:coin_31780,nmo:hasPortrait,ex:person_38
ex:coin_31783,nmo:hasPortrait,ex:person_38
ex:coin_31786,nmo:hasPortrait,ex:person_38
ex:coin_31800,nmo:hasPortrait,ex:person_38
ex:coin_31801,nmo:hasPortrait,ex:person_38
ex:coin_31811,nmo:hasPortrait,ex:person_38
ex:coin_31815,nmo:hasPortrait,ex:person_41
ex:coin_31817,nmo:hasPortrait,ex:person_36
ex:coin_31819,nmo:hasPortrait,ex:person_38
ex:coin_31826,nmo:hasPortrait,ex:person_32
ex:coin_31827,nmo:hasPortrait,ex:person_33
ex:coin_31830,nmo:hasPortrait,ex:person_40
ex:coin_31831,nmo:hasPortrait,ex:person_40
ex:coin_31851,nmo:hasPortrait,ex:person_38
ex:coin_31858,nmo:hasPortrait,ex:person_38
ex:coin_31867,nmo:hasPortrait,ex:person_41
ex:coin_31872,nmo:hasPortrait,ex:person_40
ex:coin_31873,nmo:hasPortrait,ex:person_38
ex:coin_31884,nmo:hasPortrait,ex:person_41
ex:coin_31899,nmo:hasPortrait,ex:person_38
ex:coin_31904,nmo:hasPortrait,ex:person_38
ex:coin_31920,nmo:hasPortrait,ex:person_32
ex:coin_31929,nmo:hasPortrait,ex:person_33
ex:coin_31941,nmo:hasPortrait,ex:person_40
ex:coin_31969,nmo:hasPortrait,ex:person_38
ex:coin_31979,nmo:hasPortrait,ex:person_41
ex:coin_31984,nmo:hasPortrait,ex:person_40
ex:coin_31985,nmo:hasPortrait,ex:person_41
ex:coin_31989,nmo:hasPortrait,ex:person_38
ex:coin_31990,nmo:hasPortrait,ex:person_38
ex:coin_31991,nmo:hasPortrait,ex:person_33
ex:coin_31992,nmo:hasPortrait,ex:person_33
ex:coin_31995,nmo:hasPortrait,ex:person_36
ex:coin_32014,nmo:hasPortrait,ex:person_40
ex:coin_32026,nmo:hasPortrait,ex:person_33
ex:coin_32036,nmo:hasPortrait,ex:person_38
ex:coin_32038,nmo:hasPortrait,ex:person_38
ex:coin_32040,nmo:hasPortrait,ex:person_38
ex:coin_32055,nmo:hasPortrait,ex:person_38
ex:coin_32073,nmo:hasPortrait,ex:person_41
ex:coin_32078,nmo:hasPortrait,ex:person_38
ex:coin_32085,nmo:hasPortrait,ex:person_38
ex:coin_32109,nmo:hasPortrait,ex:person_33
ex:coin_32166,nmo:hasPortrait,ex:person_38
ex:coin_32167,nmo:hasPortrait,ex:person_38
ex:coin_32170,nmo:hasPortrait,ex:person_38
ex:coin_32180,nmo:hasPortrait,ex:person_32
ex:coin_32205,nmo:hasPortrait,ex:person_38
ex:coin_32213,nmo:hasPortrait,ex:person_38
ex:coin_32217,nmo:hasPortrait,ex:person_40
ex:coin_32225,nmo:hasPortrait,ex:person_34
ex:coin_32227,nmo:hasPortrait,ex:person_38
ex:coin_32228,nmo:hasPortrait,ex:person_36
ex:coin_32238,nmo:hasPortrait,ex:person_38
ex:coin_32240,nmo:hasPortrait,ex:person_33
ex:coin_32285,nmo:hasPortrait,ex:person_38
ex:coin_32296,nmo:hasPortrait,ex:person_32
ex:coin_32299,nmo:hasPortrait,ex:person_33
ex:coin_32303,nmo:hasPortrait,ex:person_38
ex:coin_32324,nmo:hasPortrait,ex:person_38
ex:coin_32338,nmo:hasPortrait,ex:person_38
ex:coin_32339,nmo:hasPortrait,ex:person_38
ex:coin_32342,nmo:hasPortrait,ex:person_38
ex:coin_32344,nmo:hasPortrait,ex:person_41
ex:coin_32346,nmo:hasPortrait,ex:person_38
ex:coin_32347,nmo:hasPortrait,ex:person_38
ex:coin_32352,nmo:hasPortrait,ex:person_38
ex:coin_32371,nmo:hasPortrait,ex:person_38
ex:coin_32376,nmo:hasPortrait,ex:person_40
ex:coin_32388,nmo:hasPortrait,ex:person_39
ex:coin_32394,nmo:hasPortrait,ex:person_38
ex:coin_32395,nmo:hasPortrait,ex:person_38
ex:coin_32402,nmo:hasPortrait,ex:person_41
ex:coin_32403,nmo:hasPortrait,ex:person_39
ex:coin_32405,nmo:hasPortrait,ex:person_38
ex:coin_32408,nmo:hasPortrait,ex:person_41
ex:coin_32410,nmo:hasPortrait,ex:person_40
ex:coin_32420,nmo:hasPortrait,ex:person_38
ex:coin_32428,nmo:hasPortrait,ex:person_38
ex:coin_32445,nmo:hasPortrait,ex:person_40
ex:coin_32447,nmo:hasPortrait,ex:person_38
ex:coin_32448,nmo:hasPortrait,ex:person_38
ex:coin_32470,nmo:hasPortrait,ex:person_33
ex:coin_32473,nmo:hasPortrait,ex:person_33
ex:coin_32474,nmo:hasPortrait,ex:person_38
ex:coin_32503,nmo:hasPortrait,ex:person_38
ex:coin_32505,nmo:hasPortrait,ex:person_41
ex:coin_32506,nmo:hasPortrait,ex:person_38
ex:coin_32508,nmo:hasPortrait,ex:person_32
ex:coin_32510,nmo:hasPortrait,ex:person_33
ex:coin_32529,nmo:hasPortrait,ex:person_38
ex:coin_32534,nmo:hasPortrait,ex:person_33
ex:coin_32538,nmo:hasPortrait,ex:person_33
ex:coin_32553,nmo:hasPortrait,ex:person_41
ex:coin_32580,nmo:hasPortrait,ex:person_40
ex:coin_32597,nmo:hasPortrait,ex:person_33
ex:coin_32611,nmo:hasPortrait,ex:person_38
ex:coin_32641,nmo:hasPortrait,ex:person_33
ex:coin_32655,nmo:hasPortrait,ex:person_40
ex:coin_32657,nmo:hasPortrait,ex:person_36
ex:coin_32677,nmo:hasPortrait,ex:person_33
ex:coin_32682,nmo:hasPortrait,ex:person_38
ex:coin_32686,nmo:hasPortrait,ex:person_38
ex:coin_32688,nmo:hasPortrait,ex:person_40
ex:coin_32692,nmo:hasPortrait,ex:person_38
ex:coin_32710,nmo:hasPortrait,ex:person_40
ex:coin_32712,nmo:hasPortrait,ex:person_38
ex:coin_32720,nmo:hasPortrait,ex:person_32
ex:coin_32743,nmo:hasPortrait,ex:person_40
ex:coin_32748,nmo:hasPortrait,ex:person_41
ex:coin_32753,nmo:hasPortrait,ex:person_41
ex:coin_32782,nmo:hasPortrait,ex:person_38
ex:coin_32787,nmo:hasPortrait,ex:person_38
ex:coin_32788,nmo:hasPortrait,ex:person_41
ex:coin_32792,nmo:hasPortrait,ex:person_36
ex:coin_32793,nmo:hasPortrait,ex:person_38
ex:coin_32797,nmo:hasPortrait,ex:person_38
ex:coin_32799,nmo:hasPortrait,ex:person_41
ex:coin_32816,nmo:hasPortrait,ex:person_38
ex:coin_32817,nmo:hasPortrait,ex:person_38
ex:coin_32823,nmo:hasPortrait,ex:person_33
ex:coin_32857,nmo:hasPortrait,ex:person_38
ex:coin_32875,nmo:hasPortrait,ex:person_41
ex:coin_32886,nmo:hasPortrait,ex:person_40
ex:coin_32912,nmo:hasPortrait,ex:person_33
ex:coin_32913,nmo:hasPortrait,ex:person_33
ex:coin_32920,nmo:hasPortrait,ex:person_38
ex:coin_32925,nmo:hasPortrait,ex:person_38
ex:coin_32930,nmo:hasPortrait,ex:person_38
ex:coin_32934,nmo:hasPortrait,ex:person_38
ex:coin_32950,nmo:hasPortrait,ex:person_41
ex:coin_32951,nmo:hasPortrait,ex:person_40
ex:coin_32952,nmo:hasPortrait,ex:person_38
ex:coin_32961,nmo:hasPortrait,ex:person_33
ex:coin_32979,nmo:hasPortrait,ex:person_38
ex:coin_33003,nmo:hasPortrait,ex:person_38
ex:coin_33005,nmo:hasPortrait,ex:person_41
ex:coin_33009,nmo:hasPortrait,ex:person_38
ex:coin_33015,nmo:hasPortrait,ex:person_40
ex:coin_33022,nmo:hasPortrait,ex:person_38
ex:coin_33025,nmo:hasPortrait,ex:person_38
ex:coin_33030,nmo:hasPortrait,ex:person_38
ex:coin_33040,nmo:hasPortrait,ex:person_38
ex:coin_33042,nmo:hasPortrait,ex:person_40
ex:coin_33044,nmo:hasPortrait,ex:person_38
ex:coin_33048,nmo:hasPortrait,ex:person_38
ex:coin_33066,nmo:hasPortrait,ex:person_38
ex:coin_33070,nmo:hasPortrait,ex:person_38
ex:coin_33076,nmo:hasPortrait,ex:person_40
ex:coin_33078,nmo:hasPortrait,ex:person_38
ex:coin_33085,nmo:hasPortrait,ex:person_38
ex:coin_33086,nmo:hasPortrait,ex:person_38
ex:coin_33110,nmo:hasPortrait,ex:person_38
ex:coin_33119,nmo:hasPortrait,ex:person_40
ex:coin_33157,nmo:hasPortrait,ex:person_40
ex:coin_33197,nmo:hasPortrait,ex:person_33
ex:coin_33222,nmo:hasPortrait,ex:person_33
ex:coin_33230,nmo:hasPortrait,ex:person_36
ex:coin_33231,nmo:hasPortrait,ex:person_41
ex:coin_33236,nmo:hasPortrait,ex:person_38
ex:coin_33244,nmo:hasPortrait,ex:person_38
ex:coin_33247,nmo:hasPortrait,ex:person_38
ex:coin_33250,nmo:hasPortrait,ex:person_36
ex:coin_33252,nmo:hasPortrait,ex:person_41
ex:coin_33257,nmo:hasPortrait,ex:person_33
ex:coin_33259,nmo:hasPortrait,ex:person_41
ex:coin_33302,nmo:hasPortrait,ex:person_38
ex:coin_33336,nmo:hasPortrait,ex:person_38
ex:coin_33356,nmo:hasPortrait,ex:person_38
ex:coin_33365,nmo:hasPortrait,ex:person_32
ex:coin_33384,nmo:hasPortrait,ex:person_38
ex:coin_33386,nmo:hasPortrait,ex:person_41
ex:coin_33391,nmo:hasPortrait,ex:person_38
ex:coin_33395,nmo:hasPortrait,ex:person_38
ex:coin_33396,nmo:hasPortrait,ex:person_38
ex:coin_33401,nmo:hasPortrait,ex:person_38
ex:coin_33405,nmo:hasPortrait,ex:person_34
ex:coin_33410,nmo:hasPortrait,ex:person_36
ex:coin_33424,nmo:hasPortrait,ex:person_38
ex:coin_33425,nmo:hasPortrait,ex:person_33
ex:coin_33426,nmo:hasPortrait,ex:person_38
ex:coin_33427,nmo:hasPortrait,ex:person_38
ex:coin_33428,nmo:hasPortrait,ex:person_38
ex:coin_33433,nmo:hasPortrait,ex:person_38
ex:coin_33438,nmo:hasPortrait,ex:person_40
ex:coin_33453,nmo:hasPortrait,ex:person_38
ex:coin_33456,nmo:hasPortrait,ex:person_41
ex:coin_33459,nmo:hasPortrait,ex:person_32
ex:coin_33460,nmo:hasPortrait,ex:person_41
ex:coin_33477,nmo:hasPortrait,ex:person_38
ex:coin_33501,nmo:hasPortrait,ex:person_38
ex:coin_33506,nmo:hasPortrait,ex:person_38
ex:coin_33514,nmo:hasPortrait,ex:person_41
ex:coin_33517,nmo:hasPortrait,ex:person_40
ex:coin_33544,nmo:hasPortrait,ex:person_38
ex:coin_33548,nmo:hasPortrait,ex:person_38
ex:coin_33551,nmo:hasPortrait,ex:person_40
ex:coin_33579,nmo:hasPortrait,ex:person_41
ex:coin_33581,nmo:hasPortrait,ex:person_33
ex:coin_33584,nmo:hasPortrait,ex:person_38
ex:coin_33590,nmo:hasPortrait,ex:person_38
ex:coin_33604,nmo:hasPortrait,ex:person_40
ex:coin_33609,nmo:hasPortrait,ex:person_33
ex:coin_33615,nmo:hasPortrait,ex:person_33
ex:coin_33637,nmo:hasPortrait,ex:person_33
ex:coin_33684,nmo:hasPortrait,ex:person_38
ex:coin_33699,nmo:hasPortrait,ex:person_32
ex:coin_33714,nmo:hasPortrait,ex:person_33
ex:coin_33731,nmo:hasPortrait,ex:person_33
ex:coin_33734,nmo:hasPortrait,ex:person_33
ex:coin_33742,nmo:hasPortrait,ex:person_33
ex:coin_33745,nmo:hasPortrait,ex:person_38
ex:coin_33757,nmo:hasPortrait,ex:person_33
ex:coin_33758,nmo:hasPortrait,ex:person_41
ex:coin_33760,nmo:hasPortrait,ex:person_38
ex:coin_33761,nmo:hasPortrait,ex:person_38
ex:coin_33767,nmo:hasPortrait,ex:person_33
ex:coin_33796,nmo:hasPortrait,ex:person_41
ex:coin_33797,nmo:hasPortrait,ex:person_32
ex:coin_33798,nmo:hasPortrait,ex:person_41
ex:coin_33814,nmo:hasPortrait,ex:person_33
ex:coin_33829,nmo:hasPortrait,ex:person_40
ex:coin_33834,nmo:hasPortrait,ex:person_36
ex:coin_33836,nmo:hasPortrait,ex:person_37
ex:coin_33849,nmo:hasPortrait,ex:person_33
ex:coin_33853,nmo:hasPortrait,ex:person_38
ex:coin_33869,nmo:hasPortrait,ex:person_33
ex:coin_33875,nmo:hasPortrait,ex:person_40
ex:coin_33941,nmo:hasPortrait,ex:person_38
ex:coin_34009,nmo:hasPortrait,ex:person_36
ex:coin_34142,nmo:hasPortrait,ex:person_32
ex:coin_34216,nmo:hasPortrait,ex:person_33
ex:coin_34299,nmo:hasPortrait,ex:person_38
ex:coin_34367,nmo:hasPortrait,ex:person_34
ex:coin_34368,nmo:hasPortrait,ex:person_38
ex:coin_34385,nmo:hasPortrait,ex:person_40
ex:coin_34387,nmo:hasPortrait,ex:person_40
ex:coin_34388,nmo:hasPortrait,ex:person_41
ex:coin_34390,nmo:hasPortrait,ex:person_41
ex:coin_34391,nmo:hasPortrait,ex:person_41
ex:coin_34392,nmo:hasPortrait,ex:person_41
ex:coin_34393,nmo:hasPortrait,ex:person_41
ex:coin_34395,nmo:hasPortrait,ex:person_41
ex:coin_34409,nmo:hasPortrait,ex:person_38
ex:coin_34412,nmo:hasPortrait,ex:person_40
ex:coin_34437,nmo:hasPortrait,ex:person_40
ex:coin_34588,nmo:hasPortrait,ex:person_41
ex:coin_34696,nmo:hasPortrait,ex:person_41
ex:coin_34722,nmo:hasPortrait,ex:person_38
ex:coin_34724,nmo:hasPortrait,ex:person_38
ex:coin_34728,nmo:hasPortrait,ex:person_38
ex:coin_34730,nmo:hasPortrait,ex:person_38
ex:coin_34732,nmo:hasPortrait,ex:person_40
ex:coin_34733,nmo:hasPortrait,ex:person_41
ex:coin_34774,nmo:hasPortrait,ex:person_38
ex:coin_34795,nmo:hasPortrait,ex:person_40
ex:coin_34808,nmo:hasPortrait,ex:person_38
ex:coin_34809,nmo:hasPortrait,ex:person_33
ex:coin_34821,nmo:hasPortrait,ex:person_38
ex:coin_34823,nmo:hasPortrait,ex:person_38
ex:coin_34829,nmo:hasPortrait,ex:person_34
ex:coin_34849,nmo:hasPortrait,ex:person_32
ex:coin_34850,nmo:hasPortrait,ex:person_40
ex:coin_34857,nmo:hasPortrait,ex:person_38
ex:coin_34860,nmo:hasPortrait,ex:person_40
ex:coin_34862,nmo:hasPortrait,ex:person_41
ex:coin_34863,nmo:hasPortrait,ex:person_38
ex:coin_34866,nmo:hasPortrait,ex:person_38
ex:coin_34869,nmo:hasPortrait,ex:person_36
ex:coin_34871,nmo:hasPortrait,ex:person_38
ex:coin_34875,nmo:hasPortrait,ex:person_38
ex:coin_34879,nmo:hasPortrait,ex:person_38
ex:coin_34885,nmo:hasPortrait,ex:person_38
ex:coin_34888,nmo:hasPortrait,ex:person_38
ex:coin_34889,nmo:hasPortrait,ex:person_41
ex:coin_34894,nmo:hasPortrait,ex:person_38
ex:coin_34900,nmo:hasPortrait,ex:person_38
ex:coin_34901,nmo:hasPortrait,ex:person_38
ex:coin_34907,nmo:hasPortrait,ex:person_41
ex:coin_34913,nmo:hasPortrait,ex:person_38
ex:coin_34914,nmo:hasPortrait,ex:person_41
ex:coin_34915,nmo:hasPortrait,ex:person_38
ex:coin_34920,nmo:hasPortrait,ex:person_41
ex:coin_34922,nmo:hasPortrait,ex:person_40
ex:coin_34926,nmo:hasPortrait,ex:person_38
ex:coin_34928,nmo:hasPortrait,ex:person_38
ex:coin_34939,nmo:hasPortrait,ex:person_40
ex:coin_34942,nmo:hasPortrait,ex:person_41
ex:coin_34955,nmo:hasPortrait,ex:person_40
ex:coin_34964,nmo:hasPortrait,ex:person_41
ex:coin_34965,nmo:hasPortrait,ex:person_40
ex:coin_34967,nmo:hasPortrait,ex:person_41
ex:coin_34969,nmo:hasPortrait,ex:person_38
ex:coin_34971,nmo:hasPortrait,ex:person_40
ex:coin_34973,nmo:hasPortrait,ex:person_40
ex:coin_34975,nmo:hasPortrait,ex:person_40
ex:coin_34983,nmo:hasPortrait,ex:person_38
ex:coin_35047,nmo:hasPortrait,ex:person_40
ex:coin_35048,nmo:hasPortrait,ex:person_38
ex:coin_35075,nmo:hasPortrait,ex:person_41
ex:coin_35086,nmo:hasPortrait,ex:person_38
ex:coin_35163,nmo:hasPortrait,ex:person_41
ex:coin_35170,nmo:hasPortrait,ex:person_41
ex:coin_35180,nmo:hasPortrait,ex:person_41
ex:coin_35232,nmo:hasPortrait,ex:person_38
ex:coin_35248,nmo:hasPortrait,ex:person_38
ex:coin_35267,nmo:hasPortrait,ex:person_38
ex:coin_36353,nmo:hasPortrait,ex:person_40
ex:coin_36354,nmo:hasPortrait,ex:person_40
ex:coin_36359,nmo:hasPortrait,ex:person_41
ex:coin_36360,nmo:hasPortrait,ex:person_40
ex:coin_36362,nmo:hasPortrait,ex:person_38
ex:coin_36377,nmo:hasPortrait,ex:person_41
ex:coin_36385,nmo:hasPortrait,ex:person_40
ex:coin_36440,nmo:hasPortrait,ex:person_38
ex:coin_36442,nmo:hasPortrait,ex:person_33
ex:coin_36530,nmo:hasPortrait,ex:person_38
ex:coin_36626,nmo:hasPortrait,ex:person_38
ex:coin_36798,nmo:hasPortrait,ex:person_38
ex:coin_36816,nmo:hasPortrait,ex:person_41
ex:coin_36825,nmo:hasPortrait,ex:person_33
ex:coin_36836,nmo:hasPortrait,ex:person_38
ex:coin_36838,nmo:hasPortrait,ex:person_38
ex:coin_36841,nmo:hasPortrait,ex:person_41
ex:coin_36844,nmo:hasPortrait,ex:person_41
ex:coin_36850,nmo:hasPortrait,ex:person_41
ex:coin_36853,nmo:hasPortrait,ex:person_41
ex:coin_36861,nmo:hasPortrait,ex:person_38
ex:coin_36862,nmo:hasPortrait,ex:person_38
ex:coin_36867,nmo:hasPortrait,ex:person_41
ex:coin_36872,nmo:hasPortrait,ex:person_38
ex:coin_36874,nmo:hasPortrait,ex:person_38
ex:coin_36876,nmo:hasPortrait,ex:person_41
ex:coin_36878,nmo:hasPortrait,ex:person_38
ex:coin_36882,nmo:hasPortrait,ex:person_38
ex:coin_36883,nmo:hasPortrait,ex:person_41
ex:coin_36888,nmo:hasPortrait,ex:person_38
ex:coin_36892,nmo:hasPortrait,ex:person_38
ex:coin_36899,nmo:hasPortrait,ex:person_38
ex:coin_36904,nmo:hasPortrait,ex:person_41
ex:coin_36905,nmo:hasPortrait,ex:person_33
ex:coin_36907,nmo:hasPortrait,ex:person_38
ex:coin_36912,nmo:hasPortrait,ex:person_38
ex:coin_36913,nmo:hasPortrait,ex:person_38
ex:coin_36914,nmo:hasPortrait,ex:person_38
ex:coin_36915,nmo:hasPortrait,ex:person_41
ex:coin_36916,nmo:hasPortrait,ex:person_40
ex:coin_36917,nmo:hasPortrait,ex:person_38
ex:coin_36919,nmo:hasPortrait,ex:person_41
ex:coin_36920,nmo:hasPortrait,ex:person_41
ex:coin_36927,nmo:hasPortrait,ex:person_40
ex:coin_36928,nmo:hasPortrait,ex:person_38
ex:coin_36932,nmo:hasPortrait,ex:person_38
ex:coin_36934,nmo:hasPortrait,ex:person_40
ex:coin_36941,nmo:hasPortrait,ex:person_36
ex:coin_36942,nmo:hasPortrait,ex:person_38
ex:coin_36950,nmo:hasPortrait,ex:person_41
ex:coin_36953,nmo:hasPortrait,ex:person_41
ex:coin_36954,nmo:hasPortrait,ex:person_38
ex:coin_36961,nmo:hasPortrait,ex:person_38
ex:coin_36962,nmo:hasPortrait,ex:person_41
ex:coin_36965,nmo:hasPortrait,ex:person_41
ex:coin_37261,nmo:hasPortrait,ex:person_201
ex:coin_37289,nmo:hasPortrait,ex:person_41
ex:coin_37290,nmo:hasPortrait,ex:person_40
ex:coin_37291,nmo:hasPortrait,ex:person_41
ex:coin_37292,nmo:hasPortrait,ex:person_33
ex:coin_37293,nmo:hasPortrait,ex:person_33
ex:coin_37294,nmo:hasPortrait,ex:person_41
ex:coin_37295,nmo:hasPortrait,ex:person_33
ex:coin_37297,nmo:hasPortrait,ex:person_41
ex:coin_37298,nmo:hasPortrait,ex:person_33
ex:coin_37299,nmo:hasPortrait,ex:person_33
ex:coin_37300,nmo:hasPortrait,ex:person_40
ex:coin_37301,nmo:hasPortrait,ex:person_41
ex:coin_37302,nmo:hasPortrait,ex:person_33
ex:coin_37303,nmo:hasPortrait,ex:person_33
ex:coin_37304,nmo:hasPortrait,ex:person_33
ex:coin_37305,nmo:hasPortrait,ex:person_40
ex:coin_37306,nmo:hasPortrait,ex:person_40
ex:coin_37307,nmo:hasPortrait,ex:person_33
ex:coin_37308,nmo:hasPortrait,ex:person_41
ex:coin_37309,nmo:hasPortrait,ex:person_33
ex:coin_37311,nmo:hasPortrait,ex:person_40
ex:coin_37312,nmo:hasPortrait,ex:person_33
ex:coin_37313,nmo:hasPortrait,ex:person_40
ex:coin_37314,nmo:hasPortrait,ex:person_40
ex:coin_37316,nmo:hasPortrait,ex:person_33
ex:coin_37317,nmo:hasPortrait,ex:person_41
ex:coin_37318,nmo:hasPortrait,ex:person_40
ex:coin_37319,nmo:hasPortrait,ex:person_33
ex:coin_37320,nmo:hasPortrait,ex:person_36
ex:coin_37321,nmo:hasPortrait,ex:person_40
ex:coin_37323,nmo:hasPortrait,ex:person_41
ex:coin_37324,nmo:hasPortrait,ex:person_41
ex:coin_37326,nmo:hasPortrait,ex:person_41
ex:coin_37327,nmo:hasPortrait,ex:person_41
ex:coin_37328,nmo:hasPortrait,ex:person_41
ex:coin_37329,nmo:hasPortrait,ex:person_40
ex:coin_37330,nmo:hasPortrait,ex:person_33
ex:coin_37332,nmo:hasPortrait,ex:person_41
ex:coin_37333,nmo:hasPortrait,ex:person_41
ex:coin_37334,nmo:hasPortrait,ex:person_40
ex:coin_37337,nmo:hasPortrait,ex:person_41
ex:coin_37339,nmo:hasPortrait,ex:person_41
ex:coin_37340,nmo:hasPortrait,ex:person_41
ex:coin_37342,nmo:hasPortrait,ex:person_41
ex:coin_37343,nmo:hasPortrait,ex:person_33
ex:coin_37344,nmo:hasPortrait,ex:person_33
ex:coin_37346,nmo:hasPortrait,ex:person_40
ex:coin_37347,nmo:hasPortrait,ex:person_41
ex:coin_37349,nmo:hasPortrait,ex:person_41
ex:coin_37350,nmo:hasPortrait,ex:person_33
ex:coin_37351,nmo:hasPortrait,ex:person_41
ex:coin_37352,nmo:hasPortrait,ex:person_33
ex:coin_37354,nmo:hasPortrait,ex:person_40
ex:coin_37355,nmo:hasPortrait,ex:person_41
ex:coin_37356,nmo:hasPortrait,ex:person_40
ex:coin_37357,nmo:hasPortrait,ex:person_33
ex:coin_37358,nmo:hasPortrait,ex:person_33
ex:coin_37359,nmo:hasPortrait,ex:person_39
ex:coin_37361,nmo:hasPortrait,ex:person_40
ex:coin_37362,nmo:hasPortrait,ex:person_41
ex:coin_37363,nmo:hasPortrait,ex:person_41
ex:coin_37364,nmo:hasPortrait,ex:person_40
ex:coin_37365,nmo:hasPortrait,ex:person_40
ex:coin_37366,nmo:hasPortrait,ex:person_33
ex:coin_37367,nmo:hasPortrait,ex:person_41
ex:coin_37368,nmo:hasPortrait,ex:person_33
ex:coin_37369,nmo:hasPortrait,ex:person_41
ex:coin_37370,nmo:hasPortrait,ex:person_40
ex:coin_37371,nmo:hasPortrait,ex:person_33
ex:coin_37372,nmo:hasPortrait,ex:person_41
ex:coin_37373,nmo:hasPortrait,ex:person_33
ex:coin_37374,nmo:hasPortrait,ex:person_41
ex:coin_37375,nmo:hasPortrait,ex:person_41
ex:coin_37376,nmo:hasPortrait,ex:person_41
ex:coin_37377,nmo:hasPortrait,ex:person_33
ex:coin_37378,nmo:hasPortrait,ex:person_33
ex:coin_37380,nmo:hasPortrait,ex:person_40
ex:coin_37382,nmo:hasPortrait,ex:person_33
ex:coin_37385,nmo:hasPortrait,ex:person_40
ex:coin_37386,nmo:hasPortrait,ex:person_40
ex:coin_37387,nmo:hasPortrait,ex:person_33
ex:coin_37388,nmo:hasPortrait,ex:person_40
ex:coin_37391,nmo:hasPortrait,ex:person_40
ex:coin_37392,nmo:hasPortrait,ex:person_33
ex:coin_37393,nmo:hasPortrait,ex:person_40
ex:coin_37394,nmo:hasPortrait,ex:person_33
ex:coin_37395,nmo:hasPortrait,ex:person_40
ex:coin_37396,nmo:hasPortrait,ex:person_40
ex:coin_37397,nmo:hasPortrait,ex:person_40
ex:coin_37398,nmo:hasPortrait,ex:person_41
ex:coin_37400,nmo:hasPortrait,ex:person_33
ex:coin_37401,nmo:hasPortrait,ex:person_33
ex:coin_37402,nmo:hasPortrait,ex:person_40
ex:coin_37403,nmo:hasPortrait,ex:person_33
ex:coin_37404,nmo:hasPortrait,ex:person_40
ex:coin_37406,nmo:hasPortrait,ex:person_33
ex:coin_37407,nmo:hasPortrait,ex:person_33
ex:coin_37408,nmo:hasPortrait,ex:person_33
ex:coin_37409,nmo:hasPortrait,ex:person_33
ex:coin_37410,nmo:hasPortrait,ex:person_33
ex:coin_37411,nmo:hasPortrait,ex:person_40
ex:coin_37412,nmo:hasPortrait,ex:person_36
ex:coin_37414,nmo:hasPortrait,ex:person_33
ex:coin_37415,nmo:hasPortrait,ex:person_41
ex:coin_37416,nmo:hasPortrait,ex:person_33
ex:coin_37417,nmo:hasPortrait,ex:person_41
ex:coin_37418,nmo:hasPortrait,ex:person_36
ex:coin_37419,nmo:hasPortrait,ex:person_40
ex:coin_37421,nmo:hasPortrait,ex:person_40
ex:coin_37423,nmo:hasPortrait,ex:person_41
ex:coin_37424,nmo:hasPortrait,ex:person_41
ex:coin_37425,nmo:hasPortrait,ex:person_40
ex:coin_37426,nmo:hasPortrait,ex:person_41
ex:coin_37427,nmo:hasPortrait,ex:person_33
ex:coin_37428,nmo:hasPortrait,ex:person_41
ex:coin_37430,nmo:hasPortrait,ex:person_33
ex:coin_37431,nmo:hasPortrait,ex:person_40
ex:coin_37432,nmo:hasPortrait,ex:person_40
ex:coin_37433,nmo:hasPortrait,ex:person_33
ex:coin_37434,nmo:hasPortrait,ex:person_41
ex:coin_37437,nmo:hasPortrait,ex:person_40
ex:coin_37438,nmo:hasPortrait,ex:person_33
ex:coin_37441,nmo:hasPortrait,ex:person_33
ex:coin_37442,nmo:hasPortrait,ex:person_40
ex:coin_37443,nmo:hasPortrait,ex:person_33
ex:coin_37444,nmo:hasPortrait,ex:person_33
ex:coin_37445,nmo:hasPortrait,ex:person_33
ex:coin_37446,nmo:hasPortrait,ex:person_33
ex:coin_37450,nmo:hasPortrait,ex:person_159
ex:coin_37461,nmo:hasPortrait,ex:person_32
ex:coin_37462,nmo:hasPortrait,ex:person_159
ex:coin_37463,nmo:hasPortrait,ex:person_33
ex:coin_37468,nmo:hasPortrait,ex:person_33
ex:coin_37469,nmo:hasPortrait,ex:person_40
ex:coin_37470,nmo:hasPortrait,ex:person_40
ex:coin_37471,nmo:hasPortrait,ex:person_41
ex:coin_37472,nmo:hasPortrait,ex:person_33
ex:coin_37473,nmo:hasPortrait,ex:person_40
ex:coin_37474,nmo:hasPortrait,ex:person_41
ex:coin_37475,nmo:hasPortrait,ex:person_40
ex:coin_37476,nmo:hasPortrait,ex:person_40
ex:coin_37477,nmo:hasPortrait,ex:person_40
ex:coin_37478,nmo:hasPortrait,ex:person_40
ex:coin_37479,nmo:hasPortrait,ex:person_33
ex:coin_37480,nmo:hasPortrait,ex:person_33
ex:coin_37481,nmo:hasPortrait,ex:person_33
ex:coin_37482,nmo:hasPortrait,ex:person_33
ex:coin_37483,nmo:hasPortrait,ex:person_40
ex:coin_37484,nmo:hasPortrait,ex:person_40
ex:coin_37485,nmo:hasPortrait,ex:person_41
ex:coin_37487,nmo:hasPortrait,ex:person_40
ex:coin_37488,nmo:hasPortrait,ex:person_40
ex:coin_37489,nmo:hasPortrait,ex:person_33
ex:coin_37491,nmo:hasPortrait,ex:person_33
ex:coin_37492,nmo:hasPortrait,ex:person_41
ex:coin_37493,nmo:hasPortrait,ex:person_41
ex:coin_37494,nmo:hasPortrait,ex:person_41
ex:coin_37495,nmo:hasPortrait,ex:person_41
ex:coin_37496,nmo:hasPortrait,ex:person_33
ex:coin_37499,nmo:hasPortrait,ex:person_32
ex:coin_37500,nmo:hasPortrait,ex:person_41
ex:coin_37501,nmo:hasPortrait,ex:person_40
ex:coin_37502,nmo:hasPortrait,ex:person_41
ex:coin_37503,nmo:hasPortrait,ex:person_40
ex:coin_37505,nmo:hasPortrait,ex:person_33
ex:coin_37506,nmo:hasPortrait,ex:person_33
ex:coin_37508,nmo:hasPortrait,ex:person_40
ex:coin_37509,nmo:hasPortrait,ex:person_36
ex:coin_37510,nmo:hasPortrait,ex:person_36
ex:coin_37517,nmo:hasPortrait,ex:person_32
ex:coin_37518,nmo:hasPortrait,ex:person_40
ex:coin_37519,nmo:hasPortrait,ex:person_40
ex:coin_37521,nmo:hasPortrait,ex:person_33
ex:coin_37522,nmo:hasPortrait,ex:person_36
ex:coin_37525,nmo:hasPortrait,ex:person_40
ex:coin_37529,nmo:hasPortrait,ex:person_32
ex:coin_37531,nmo:hasPortrait,ex:person_32
ex:coin_37533,nmo:hasPortrait,ex:person_33
ex:coin_37534,nmo:hasPortrait,ex:person_33
ex:coin_37537,nmo:hasPortrait,ex:person_33
ex:coin_37539,nmo:hasPortrait,ex:person_33
ex:coin_37540,nmo:hasPortrait,ex:person_41
ex:coin_37541,nmo:hasPortrait,ex:person_41
ex:coin_37542,nmo:hasPortrait,ex:person_36
ex:coin_37546,nmo:hasPortrait,ex:person_41
ex:coin_37550,nmo:hasPortrait,ex:person_32
ex:coin_37551,nmo:hasPortrait,ex:person_33
ex:coin_37556,nmo:hasPortrait,ex:person_41
ex:coin_37557,nmo:hasPortrait,ex:person_40
ex:coin_37558,nmo:hasPortrait,ex:person_33
ex:coin_37560,nmo:hasPortrait,ex:person_40
ex:coin_37564,nmo:hasPortrait,ex:person_40
ex:coin_37565,nmo:hasPortrait,ex:person_40
ex:coin_37567,nmo:hasPortrait,ex:person_40
ex:coin_37568,nmo:hasPortrait,ex:person_33
ex:coin_37569,nmo:hasPortrait,ex:person_33
ex:coin_37571,nmo:hasPortrait,ex:person_39
ex:coin_37573,nmo:hasPortrait,ex:person_33
ex:coin_37574,nmo:hasPortrait,ex:person_33
ex:coin_37579,nmo:hasPortrait,ex:person_36
ex:coin_37580,nmo:hasPortrait,ex:person_41
ex:coin_37582,nmo:hasPortrait,ex:person_33
ex:coin_37583,nmo:hasPortrait,ex:person_41
ex:coin_37586,nmo:hasPortrait,ex:person_33
ex:coin_37587,nmo:hasPortrait,ex:person_38
ex:coin_37588,nmo:hasPortrait,ex:person_32
ex:coin_37590,nmo:hasPortrait,ex:person_33
ex:coin_37591,nmo:hasPortrait,ex:person_33
ex:coin_37593,nmo:hasPortrait,ex:person_32
ex:coin_37596,nmo:hasPortrait,ex:person_33
ex:coin_37600,nmo:hasPortrait,ex:person_32
ex:coin_37604,nmo:hasPortrait,ex:person_33
ex:coin_37605,nmo:hasPortrait,ex:person_33
ex:coin_37606,nmo:hasPortrait,ex:person_40
ex:coin_37607,nmo:hasPortrait,ex:person_40
ex:coin_37608,nmo:hasPortrait,ex:person_33
ex:coin_37612,nmo:hasPortrait,ex:person_40
ex:coin_37616,nmo:hasPortrait,ex:person_33
ex:coin_37618,nmo:hasPortrait,ex:person_33
ex:coin_37621,nmo:hasPortrait,ex:person_33
ex:coin_37622,nmo:hasPortrait,ex:person_36
ex:coin_37624,nmo:hasPortrait,ex:person_32
ex:coin_37627,nmo:hasPortrait,ex:person_40
ex:coin_37628,nmo:hasPortrait,ex:person_32
ex:coin_37630,nmo:hasPortrait,ex:person_40
ex:coin_37631,nmo:hasPortrait,ex:person_33
ex:coin_37633,nmo:hasPortrait,ex:person_32
ex:coin_37636,nmo:hasPortrait,ex:person_40
ex:coin_37637,nmo:hasPortrait,ex:person_41
ex:coin_37639,nmo:hasPortrait,ex:person_40
ex:coin_37640,nmo:hasPortrait,ex:person_40
ex:coin_37641,nmo:hasPortrait,ex:person_33
ex:coin_37642,nmo:hasPortrait,ex:person_33
ex:coin_37643,nmo:hasPortrait,ex:person_41
ex:coin_37644,nmo:hasPortrait,ex:person_32
ex:coin_37645,nmo:hasPortrait,ex:person_40
ex:coin_37647,nmo:hasPortrait,ex:person_40
ex:coin_37649,nmo:hasPortrait,ex:person_40
ex:coin_37652,nmo:hasPortrait,ex:person_32
ex:coin_37655,nmo:hasPortrait,ex:person_33
ex:coin_37659,nmo:hasPortrait,ex:person_40
ex:coin_37661,nmo:hasPortrait,ex:person_41
ex:coin_37662,nmo:hasPortrait,ex:person_33
ex:coin_37663,nmo:hasPortrait,ex:person_41
ex:coin_37664,nmo:hasPortrait,ex:person_32
ex:coin_37665,nmo:hasPortrait,ex:person_38
ex:coin_37667,nmo:hasPortrait,ex:person_33
ex:coin_37668,nmo:hasPortrait,ex:person_32
ex:coin_37669,nmo:hasPortrait,ex:person_41
ex:coin_37670,nmo:hasPortrait,ex:person_40
ex:coin_37671,nmo:hasPortrait,ex:person_41
ex:coin_37673,nmo:hasPortrait,ex:person_33
ex:coin_37675,nmo:hasPortrait,ex:person_33
ex:coin_37678,nmo:hasPortrait,ex:person_32
ex:coin_37680,nmo:hasPortrait,ex:person_33
ex:coin_37681,nmo:hasPortrait,ex:person_40
ex:coin_37682,nmo:hasPortrait,ex:person_33
ex:coin_37686,nmo:hasPortrait,ex:person_33
ex:coin_37688,nmo:hasPortrait,ex:person_40
ex:coin_37691,nmo:hasPortrait,ex:person_41
ex:coin_37692,nmo:hasPortrait,ex:person_33
ex:coin_37693,nmo:hasPortrait,ex:person_33
ex:coin_37697,nmo:hasPortrait,ex:person_33
ex:coin_37701,nmo:hasPortrait,ex:person_32
ex:coin_37710,nmo:hasPortrait,ex:person_41
ex:coin_37713,nmo:hasPortrait,ex:person_32
ex:coin_37721,nmo:hasPortrait,ex:person_32
ex:coin_37722,nmo:hasPortrait,ex:person_41
ex:coin_37723,nmo:hasPortrait,ex:person_33
ex:coin_37726,nmo:hasPortrait,ex:person_41
ex:coin_37731,nmo:hasPortrait,ex:person_32
ex:coin_37734,nmo:hasPortrait,ex:person_33
ex:coin_37736,nmo:hasPortrait,ex:person_38
ex:coin_37740,nmo:hasPortrait,ex:person_32
ex:coin_37742,nmo:hasPortrait,ex:person_33
ex:coin_37744,nmo:hasPortrait,ex:person_159
ex:coin_37745,nmo:hasPortrait,ex:person_33
ex:coin_37746,nmo:hasPortrait,ex:person_33
ex:coin_37751,nmo:hasPortrait,ex:person_33
ex:coin_37754,nmo:hasPortrait,ex:person_32
ex:coin_37755,nmo:hasPortrait,ex:person_32
ex:coin_37756,nmo:hasPortrait,ex:person_41
ex:coin_37757,nmo:hasPortrait,ex:person_33
ex:coin_37764,nmo:hasPortrait,ex:person_32
ex:coin_37765,nmo:hasPortrait,ex:person_41
ex:coin_37767,nmo:hasPortrait,ex:person_33
ex:coin_37772,nmo:hasPortrait,ex:person_33
ex:coin_37773,nmo:hasPortrait,ex:person_201
ex:coin_37777,nmo:hasPortrait,ex:person_41
ex:coin_37778,nmo:hasPortrait,ex:person_32
ex:coin_37782,nmo:hasPortrait,ex:person_32
ex:coin_37783,nmo:hasPortrait,ex:person_32
ex:coin_37784,nmo:hasPortrait,ex:person_33
ex:coin_37785,nmo:hasPortrait,ex:person_33
ex:coin_37787,nmo:hasPortrait,ex:person_32
ex:coin_37789,nmo:hasPortrait,ex:person_33
ex:coin_37791,nmo:hasPortrait,ex:person_33
ex:coin_37793,nmo:hasPortrait,ex:person_41
ex:coin_37794,nmo:hasPortrait,ex:person_41
ex:coin_37796,nmo:hasPortrait,ex:person_33
ex:coin_37797,nmo:hasPortrait,ex:person_40
ex:coin_37798,nmo:hasPortrait,ex:person_33
ex:coin_37800,nmo:hasPortrait,ex:person_40
ex:coin_37803,nmo:hasPortrait,ex:person_41
ex:coin_37804,nmo:hasPortrait,ex:person_41
ex:coin_37805,nmo:hasPortrait,ex:person_40
ex:coin_37806,nmo:hasPortrait,ex:person_41
ex:coin_37807,nmo:hasPortrait,ex:person_32
ex:coin_37809,nmo:hasPortrait,ex:person_33
ex:coin_37812,nmo:hasPortrait,ex:person_33
ex:coin_37813,nmo:hasPortrait,ex:person_33
ex:coin_37814,nmo:hasPortrait,ex:person_40
ex:coin_37817,nmo:hasPortrait,ex:person_33
ex:coin_37819,nmo:hasPortrait,ex:person_33
ex:coin_37822,nmo:hasPortrait,ex:person_33
ex:coin_37823,nmo:hasPortrait,ex:person_41
ex:coin_37824,nmo:hasPortrait,ex:person_33
ex:coin_37826,nmo:hasPortrait,ex:person_33
ex:coin_37829,nmo:hasPortrait,ex:person_33
ex:coin_37830,nmo:hasPortrait,ex:person_33
ex:coin_37831,nmo:hasPortrait,ex:person_33
ex:coin_37832,nmo:hasPortrait,ex:person_40
ex:coin_37833,nmo:hasPortrait,ex:person_33
ex:coin_37834,nmo:hasPortrait,ex:person_40
ex:coin_37836,nmo:hasPortrait,ex:person_40
ex:coin_37837,nmo:hasPortrait,ex:person_40
ex:coin_37838,nmo:hasPortrait,ex:person_33
ex:coin_37841,nmo:hasPortrait,ex:person_41
ex:coin_37842,nmo:hasPortrait,ex:person_40
ex:coin_37843,nmo:hasPortrait,ex:person_33
ex:coin_37847,nmo:hasPortrait,ex:person_41
ex:coin_37848,nmo:hasPortrait,ex:person_33
ex:coin_37849,nmo:hasPortrait,ex:person_32
ex:coin_37851,nmo:hasPortrait,ex:person_41
ex:coin_37852,nmo:hasPortrait,ex:person_32
ex:coin_37857,nmo:hasPortrait,ex:person_33
ex:coin_37860,nmo:hasPortrait,ex:person_33
ex:coin_37862,nmo:hasPortrait,ex:person_32
ex:coin_37865,nmo:hasPortrait,ex:person_33
ex:coin_37867,nmo:hasPortrait,ex:person_32
ex:coin_37868,nmo:hasPortrait,ex:person_40
ex:coin_37871,nmo:hasPortrait,ex:person_33
ex:coin_37872,nmo:hasPortrait,ex:person_40
ex:coin_37873,nmo:hasPortrait,ex:person_33
ex:coin_37874,nmo:hasPortrait,ex:person_33
ex:coin_38947,nmo:hasPortrait,ex:person_40
ex:coin_38948,nmo:hasPortrait,ex:person_40
ex:coin_38955,nmo:hasPortrait,ex:person_40
ex:coin_38956,nmo:hasPortrait,ex:person_40
ex:coin_38963,nmo:hasPortrait,ex:person_33
ex:coin_38965,nmo:hasPortrait,ex:person_40
ex:coin_38972,nmo:hasPortrait,ex:person_40
ex:coin_39169,nmo:hasPortrait,ex:person_41
ex:coin_39209,nmo:hasPortrait,ex:person_38
ex:coin_39318,nmo:hasPortrait,ex:person_33
ex:coin_39348,nmo:hasPortrait,ex:person_38
ex:coin_39360,nmo:hasPortrait,ex:person_38
ex:coin_39439,nmo:hasPortrait,ex:person_41
ex:coin_39792,nmo:hasPortrait,ex:person_33
ex:coin_40083,nmo:hasPortrait,ex:person_41
ex:coin_40099,nmo:hasPortrait,ex:person_40
ex:coin_40102,nmo:hasPortrait,ex:person_38
ex:coin_40112,nmo:hasPortrait,ex:person_41
ex:coin_40122,nmo:hasPortrait,ex:person_41
ex:coin_40127,nmo:hasPortrait,ex:person_33
ex:coin_40128,nmo:hasPortrait,ex:person_40
ex:coin_40142,nmo:hasPortrait,ex:person_38
ex:coin_40145,nmo:hasPortrait,ex:person_38
ex:coin_41025,nmo:hasPortrait,ex:person_201
ex:coin_41430,nmo:hasPortrait,ex:person_40
ex:coin_41453,nmo:hasPortrait,ex:person_38
ex:coin_41470,nmo:hasPortrait,ex:person_38
ex:coin_41481,nmo:hasPortrait,ex:person_40
ex:coin_41483,nmo:hasPortrait,ex:person_38
ex:coin_41487,nmo:hasPortrait,ex:person_38
ex:coin_41494,nmo:hasPortrait,ex:person_40
ex:coin_41778,nmo:hasPortrait,ex:person_159
ex:coin_41782,nmo:hasPortrait,ex:person_159
ex:coin_41793,nmo:hasPortrait,ex:person_159
ex:coin_41916,nmo:hasPortrait,ex:person_40
ex:coin_42329,nmo:hasPortrait,ex:person_52
ex:coin_42330,nmo:hasPortrait,ex:person_52
ex:coin_42332,nmo:hasPortrait,ex:person_52
ex:coin_42333,nmo:hasPortrait,ex:person_52
ex:coin_42337,nmo:hasPortrait,ex:person_52
ex:coin_42344,nmo:hasPortrait,ex:person_52
ex:coin_4756,nmo:hasPortrait,ex:person_31
ex:coin_5703,nmo:hasPortrait,ex:person_120
ex:coin_14439,nmo:hasPortrait,ex:person_120
ex:coin_14540,nmo:hasPortrait,ex:person_33
ex:coin_14541,nmo:hasPortrait,ex:person_33
ex:coin_14542,nmo:hasPortrait,ex:person_33
ex:coin_14544,nmo:hasPortrait,ex:person_36
ex:coin_14547,nmo:hasPortrait,ex:person_36
ex:coin_14562,nmo:hasPortrait,ex:person_34
ex:coin_14563,nmo:hasPortrait,ex:person_34
ex:coin_14565,nmo:hasPortrait,ex:person_34
ex:coin_18185,nmo:hasPortrait,ex:person_43
ex:coin_539,nmo:hasPortrait,ex:person_63
ex:coin_540,nmo:hasPortrait,ex:person_63
ex:coin_1008,nmo:hasPortrait,ex:person_63
ex:coin_1056,nmo:hasPortrait,ex:person_70
ex:coin_1618,nmo:hasPortrait,ex:person_63
ex:coin_5282,nmo:hasPortrait,ex:person_120
ex:coin_5544,nmo:hasPortrait,ex:person_120
ex:coin_5545,nmo:hasPortrait,ex:person_120
ex:coin_5546,nmo:hasPortrait,ex:person_120
ex:coin_6503,nmo:hasPortrait,ex:person_63
ex:coin_6517,nmo:hasPortrait,ex:person_42
ex:coin_9895,nmo:hasPortrait,ex:person_120
ex:coin_12351,nmo:hasPortrait,ex:person_70
ex:coin_14447,nmo:hasPortrait,ex:person_120
ex:coin_14453,nmo:hasPortrait,ex:person_120
ex:coin_14548,nmo:hasPortrait,ex:person_36
ex:coin_14549,nmo:hasPortrait,ex:person_36
ex:coin_14556,nmo:hasPortrait,ex:person_36
ex:coin_14572,nmo:hasPortrait,ex:person_34
ex:coin_14752,nmo:hasPortrait,ex:person_120
ex:coin_14753,nmo:hasPortrait,ex:person_120
ex:coin_14754,nmo:hasPortrait,ex:person_120
ex:coin_14756,nmo:hasPortrait,ex:person_70
ex:coin_14757,nmo:hasPortrait,ex:person_70
ex:coin_14758,nmo:hasPortrait,ex:person_70
ex:coin_14759,nmo:hasPortrait,ex:person_70
ex:coin_14761,nmo:hasPortrait,ex:person_120
ex:coin_15098,nmo:hasPortrait,ex:person_120
ex:coin_17656,nmo:hasPortrait,ex:person_120
ex:coin_27389,nmo:hasPortrait,ex:person_120
ex:coin_30267,nmo:hasPortrait,ex:person_56
ex:coin_30913,nmo:hasPortrait,ex:person_56
ex:coin_32683,nmo:hasPortrait,ex:person_56
ex:coin_32754,nmo:hasPortrait,ex:person_56
ex:coin_33507,nmo:hasPortrait,ex:person_56
ex:coin_39720,nmo:hasPortrait,ex:person_120
ex:coin_40092,nmo:hasPortrait,ex:person_120
ex:coin_40097,nmo:hasPortrait,ex:person_120
ex:coin_40109,nmo:hasPortrait,ex:person_120
ex:coin_41343,nmo:hasPortrait,ex:person_120
ex:coin_41540,nmo:hasPortrait,ex:person_120
ex:coin_42181,nmo:hasPortrait,ex:person_120
ex:coin_42307,nmo:hasPortrait,ex:person_120
ex:coin_42312,nmo:hasPortrait,ex:person_120
ex:coin_42313,nmo:hasPortrait,ex:person_120
ex:coin_42314,nmo:hasPortrait,ex:person_120
ex:coin_42316,nmo:hasPortrait,ex:person_120
ex:coin_42317,nmo:hasPortrait,ex:person_120
ex:coin_42318,nmo:hasPortrait,ex:person_70
ex:coin_42319,nmo:hasPortrait,ex:person_70
ex:coin_42320,nmo:hasPortrait,ex:person_70
ex:coin_42321,nmo:hasPortrait,ex:person_70
ex:coin_42322,nmo:hasPortrait,ex:person_70
ex:coin_42326,nmo:hasPortrait,ex:person_120
ex:coin_42331,nmo:hasPortrait,ex:person_120
ex:coin_42334,nmo:hasPortrait,ex:person_120
ex:coin_42335,nmo:hasPortrait,ex:person_120
ex:coin_42336,nmo:hasPortrait,ex:person_120
ex:coin_42632,nmo:hasPortrait,ex:person_120
ex:coin_42633,nmo:hasPortrait,ex:person_120
ex:coin_42634,nmo:hasPortrait,ex:person_120
ex:coin_42649,nmo:hasPortrait,ex:person_120
ex:coin_42650,nmo:hasPortrait,ex:person_120
ex:coin_42652,nmo:hasPortrait,ex:person_120
ex:coin_42653,nmo:hasPortrait,ex:person_120
ex:coin_42654,nmo:hasPortrait,ex:person_120
ex:coin_42656,nmo:hasPortrait,ex:person_120
ex:coin_42657,nmo:hasPortrait,ex:person_70
ex:coin_42658,nmo:hasPortrait,ex:person_70
ex:coin_42659,nmo:hasPortrait,ex:person_120
ex:coin_42660,nmo:hasPortrait,ex:person_120
ex:coin_42661,nmo:hasPortrait,ex:person_120
ex:coin_42662,nmo:hasPortrait,ex:person_70
ex:coin_42663,nmo:hasPortrait,ex:person_70
ex:coin_42664,nmo:hasPortrait,ex:person_70
ex:coin_42665,nmo:hasPortrait,ex:person_70
ex:coin_42666,nmo:hasPortrait,ex:person_70
ex:coin_42667,nmo:hasPortrait,ex:person_70
ex:coin_42668,nmo:hasPortrait,ex:person_70
ex:coin_42669,nmo:hasPortrait,ex:person_70
ex:coin_13652,nmo:hasPortrait,ex:person_39
ex:coin_14041,nmo:hasPortrait,ex:person_1
ex:coin_17080,nmo:hasPortrait,ex:person_34
ex:coin_537,nmo:hasPortrait,ex:person_42
ex:coin_1017,nmo:hasPortrait,ex:person_43
ex:coin_1029,nmo:hasPortrait,ex:person_43
ex:coin_1058,nmo:hasPortrait,ex:person_43
ex:coin_1069,nmo:hasPortrait,ex:person_43
ex:coin_1099,nmo:hasPortrait,ex:person_39
ex:coin_1103,nmo:hasPortrait,ex:person_42
ex:coin_1140,nmo:hasPortrait,ex:person_39
ex:coin_1169,nmo:hasPortrait,ex:person_43
ex:coin_1170,nmo:hasPortrait,ex:person_39
ex:coin_1182,nmo:hasPortrait,ex:person_39
ex:coin_1194,nmo:hasPortrait,ex:person_39
ex:coin_1788,nmo:hasPortrait,ex:person_43
ex:coin_2076,nmo:hasPortrait,ex:person_39
ex:coin_5095,nmo:hasPortrait,ex:person_43
ex:coin_5309,nmo:hasPortrait,ex:person_39
ex:coin_5846,nmo:hasPortrait,ex:person_43
ex:coin_5900,nmo:hasPortrait,ex:person_43
ex:coin_6071,nmo:hasPortrait,ex:person_40
ex:coin_6073,nmo:hasPortrait,ex:person_39
ex:coin_9143,nmo:hasPortrait,ex:person_40
ex:coin_10945,nmo:hasPortrait,ex:person_42
ex:coin_10948,nmo:hasPortrait,ex:person_43
ex:coin_10949,nmo:hasPortrait,ex:person_43
ex:coin_10950,nmo:hasPortrait,ex:person_39
ex:coin_10980,nmo:hasPortrait,ex:person_39
ex:coin_10981,nmo:hasPortrait,ex:person_39
ex:coin_10982,nmo:hasPortrait,ex:person_39
ex:coin_11001,nmo:hasPortrait,ex:person_39
ex:coin_11002,nmo:hasPortrait,ex:person_39
ex:coin_11003,nmo:hasPortrait,ex:person_39
ex:coin_11027,nmo:hasPortrait,ex:person_43
ex:coin_11945,nmo:hasPortrait,ex:person_43
ex:coin_12389,nmo:hasPortrait,ex:person_39
ex:coin_13022,nmo:hasPortrait,ex:person_42
ex:coin_13541,nmo:hasPortrait,ex:person_43
ex:coin_13723,nmo:hasPortrait,ex:person_41
ex:coin_13911,nmo:hasPortrait,ex:person_43
ex:coin_13959,nmo:hasPortrait,ex:person_42
ex:coin_13960,nmo:hasPortrait,ex:person_39
ex:coin_14008,nmo:hasPortrait,ex:person_39
ex:coin_14064,nmo:hasPortrait,ex:person_42
ex:coin_14066,nmo:hasPortrait,ex:person_39
ex:coin_14136,nmo:hasPortrait,ex:person_40
ex:coin_14139,nmo:hasPortrait,ex:person_43
ex:coin_14338,nmo:hasPortrait,ex:person_39
ex:coin_14367,nmo:hasPortrait,ex:person_42
ex:coin_14924,nmo:hasPortrait,ex:person_39
ex:coin_14964,nmo:hasPortrait,ex:person_43
ex:coin_14965,nmo:hasPortrait,ex:person_43
ex:coin_14991,nmo:hasPortrait,ex:person_39
ex:coin_15191,nmo:hasPortrait,ex:person_39
ex:coin_15213,nmo:hasPortrait,ex:person_39
ex:coin_15268,nmo:hasPortrait,ex:person_43
ex:coin_15303,nmo:hasPortrait,ex:person_43
ex:coin_15392,nmo:hasPortrait,ex:person_39
ex:coin_15508,nmo:hasPortrait,ex:person_42
ex:coin_15509,nmo:hasPortrait,ex:person_43
ex:coin_15656,nmo:hasPortrait,ex:person_39
ex:coin_15789,nmo:hasPortrait,ex:person_42
ex:coin_15816,nmo:hasPortrait,ex:person_43
ex:coin_16203,nmo:hasPortrait,ex:person_42
ex:coin_16338,nmo:hasPortrait,ex:person_43
ex:coin_16355,nmo:hasPortrait,ex:person_43
ex:coin_16362,nmo:hasPortrait,ex:person_43
ex:coin_16381,nmo:hasPortrait,ex:person_43
ex:coin_16435,nmo:hasPortrait,ex:person_43
ex:coin_16761,nmo:hasPortrait,ex:person_39
ex:coin_16823,nmo:hasPortrait,ex:person_43
ex:coin_16825,nmo:hasPortrait,ex:person_43
ex:coin_16835,nmo:hasPortrait,ex:person_39
ex:coin_16853,nmo:hasPortrait,ex:person_43
ex:coin_16859,nmo:hasPortrait,ex:person_39
ex:coin_17237,nmo:hasPortrait,ex:person_39
ex:coin_17332,nmo:hasPortrait,ex:person_43
ex:coin_17341,nmo:hasPortrait,ex:person_43
ex:coin_17343,nmo:hasPortrait,ex:person_43
ex:coin_17356,nmo:hasPortrait,ex:person_39
ex:coin_17501,nmo:hasPortrait,ex:person_43
ex:coin_17513,nmo:hasPortrait,ex:person_43
ex:coin_17567,nmo:hasPortrait,ex:person_39
ex:coin_17573,nmo:hasPortrait,ex:person_39
ex:coin_17577,nmo:hasPortrait,ex:person_42
ex:coin_17600,nmo:hasPortrait,ex:person_39
ex:coin_17606,nmo:hasPortrait,ex:person_42
ex:coin_17633,nmo:hasPortrait,ex:person_41
ex:coin_17747,nmo:hasPortrait,ex:person_43
ex:coin_18003,nmo:hasPortrait,ex:person_39
ex:coin_18004,nmo:hasPortrait,ex:person_39
ex:coin_28088,nmo:hasPortrait,ex:person_42
ex:coin_28897,nmo:hasPortrait,ex:person_42
ex:coin_29071,nmo:hasPortrait,ex:person_42
ex:coin_29346,nmo:hasPortrait,ex:person_43
ex:coin_29369,nmo:hasPortrait,ex:person_42
ex:coin_29613,nmo:hasPortrait,ex:person_39
ex:coin_30060,nmo:hasPortrait,ex:person_43
ex:coin_30206,nmo:hasPortrait,ex:person_41
ex:coin_30877,nmo:hasPortrait,ex:person_42
ex:coin_31028,nmo:hasPortrait,ex:person_43
ex:coin_31093,nmo:hasPortrait,ex:person_43
ex:coin_31099,nmo:hasPortrait,ex:person_43
ex:coin_31133,nmo:hasPortrait,ex:person_39
ex:coin_31441,nmo:hasPortrait,ex:person_39
ex:coin_31516,nmo:hasPortrait,ex:person_39
ex:coin_31650,nmo:hasPortrait,ex:person_42
ex:coin_31730,nmo:hasPortrait,ex:person_43
ex:coin_31798,nmo:hasPortrait,ex:person_42
ex:coin_31957,nmo:hasPortrait,ex:person_42
ex:coin_31961,nmo:hasPortrait,ex:person_42
ex:coin_32193,nmo:hasPortrait,ex:person_39
ex:coin_32224,nmo:hasPortrait,ex:person_42
ex:coin_32302,nmo:hasPortrait,ex:person_42
ex:coin_32398,nmo:hasPortrait,ex:person_43
ex:coin_32847,nmo:hasPortrait,ex:person_42
ex:coin_33084,nmo:hasPortrait,ex:person_39
ex:coin_33117,nmo:hasPortrait,ex:person_39
ex:coin_33439,nmo:hasPortrait,ex:person_42
ex:coin_33464,nmo:hasPortrait,ex:person_39
ex:coin_33570,nmo:hasPortrait,ex:person_39
ex:coin_33607,nmo:hasPortrait,ex:person_43
ex:coin_33704,nmo:hasPortrait,ex:person_43
ex:coin_33808,nmo:hasPortrait,ex:person_42
ex:coin_33833,nmo:hasPortrait,ex:person_41
ex:coin_33873,nmo:hasPortrait,ex:person_39
ex:coin_33935,nmo:hasPortrait,ex:person_43
ex:coin_34094,nmo:hasPortrait,ex:person_39
ex:coin_34573,nmo:hasPortrait,ex:person_39
ex:coin_37883,nmo:hasPortrait,ex:person_39
ex:coin_37912,nmo:hasPortrait,ex:person_39
ex:coin_37915,nmo:hasPortrait,ex:person_43
ex:coin_37921,nmo:hasPortrait,ex:person_43
ex:coin_37931,nmo:hasPortrait,ex:person_39
ex:coin_37943,nmo:hasPortrait,ex:person_43
ex:coin_37974,nmo:hasPortrait,ex:person_39
ex:coin_38000,nmo:hasPortrait,ex:person_43
ex:coin_38021,nmo:hasPortrait,ex:person_41
ex:coin_38046,nmo:hasPortrait,ex:person_39
ex:coin_38054,nmo:hasPortrait,ex:person_39
ex:coin_38059,nmo:hasPortrait,ex:person_39
ex:coin_38066,nmo:hasPortrait,ex:person_39
ex:coin_38081,nmo:hasPortrait,ex:person_42
ex:coin_38085,nmo:hasPortrait,ex:person_42
ex:coin_38096,nmo:hasPortrait,ex:person_42
ex:coin_38097,nmo:hasPortrait,ex:person_43
ex:coin_38098,nmo:hasPortrait,ex:person_39
ex:coin_38115,nmo:hasPortrait,ex:person_43
ex:coin_38130,nmo:hasPortrait,ex:person_43
ex:coin_38143,nmo:hasPortrait,ex:person_39
ex:coin_38144,nmo:hasPortrait,ex:person_43
ex:coin_38168,nmo:hasPortrait,ex:person_39
ex:coin_38172,nmo:hasPortrait,ex:person_43
ex:coin_38211,nmo:hasPortrait,ex:person_39
ex:coin_38212,nmo:hasPortrait,ex:person_39
ex:coin_38247,nmo:hasPortrait,ex:person_43
ex:coin_38249,nmo:hasPortrait,ex:person_40
ex:coin_38257,nmo:hasPortrait,ex:person_43
ex:coin_38262,nmo:hasPortrait,ex:person_42
ex:coin_38273,nmo:hasPortrait,ex:person_39
ex:coin_38285,nmo:hasPortrait,ex:person_43
ex:coin_38308,nmo:hasPortrait,ex:person_43
ex:coin_38322,nmo:hasPortrait,ex:person_39
ex:coin_38330,nmo:hasPortrait,ex:person_43
ex:coin_38360,nmo:hasPortrait,ex:person_43
ex:coin_38378,nmo:hasPortrait,ex:person_43
ex:coin_38385,nmo:hasPortrait,ex:person_43
ex:coin_38389,nmo:hasPortrait,ex:person_39
ex:coin_38404,nmo:hasPortrait,ex:person_39
ex:coin_38425,nmo:hasPortrait,ex:person_39
ex:coin_38428,nmo:hasPortrait,ex:person_42
ex:coin_38468,nmo:hasPortrait,ex:person_43
ex:coin_38475,nmo:hasPortrait,ex:person_41
ex:coin_38480,nmo:hasPortrait,ex:person_40
ex:coin_38483,nmo:hasPortrait,ex:person_43
ex:coin_38489,nmo:hasPortrait,ex:person_39
ex:coin_38504,nmo:hasPortrait,ex:person_39
ex:coin_38507,nmo:hasPortrait,ex:person_39
ex:coin_38512,nmo:hasPortrait,ex:person_39
ex:coin_38519,nmo:hasPortrait,ex:person_43
ex:coin_38521,nmo:hasPortrait,ex:person_43
ex:coin_38973,nmo:hasPortrait,ex:person_42
ex:coin_40144,nmo:hasPortrait,ex:person_39
ex:coin_41031,nmo:hasPortrait,ex:person_39
ex:coin_41415,nmo:hasPortrait,ex:person_43
ex:coin_41416,nmo:hasPortrait,ex:person_39
ex:coin_41417,nmo:hasPortrait,ex:person_43
ex:coin_41418,nmo:hasPortrait,ex:person_43
ex:coin_41419,nmo:hasPortrait,ex:person_43
ex:coin_41420,nmo:hasPortrait,ex:person_43
ex:coin_41421,nmo:hasPortrait,ex:person_43
ex:coin_41423,nmo:hasPortrait,ex:person_39
ex:coin_41424,nmo:hasPortrait,ex:person_39
ex:coin_41425,nmo:hasPortrait,ex:person_43
ex:coin_41426,nmo:hasPortrait,ex:person_43
ex:coin_41427,nmo:hasPortrait,ex:person_43
ex:coin_41429,nmo:hasPortrait,ex:person_39
ex:coin_41431,nmo:hasPortrait,ex:person_39
ex:coin_41432,nmo:hasPortrait,ex:person_39
ex:coin_41433,nmo:hasPortrait,ex:person_43
ex:coin_41434,nmo:hasPortrait,ex:person_43
ex:coin_41436,nmo:hasPortrait,ex:person_43
ex:coin_41437,nmo:hasPortrait,ex:person_39
ex:coin_41439,nmo:hasPortrait,ex:person_39
ex:coin_41440,nmo:hasPortrait,ex:person_39
ex:coin_41441,nmo:hasPortrait,ex:person_39
ex:coin_41442,nmo:hasPortrait,ex:person_39
ex:coin_41443,nmo:hasPortrait,ex:person_39
ex:coin_41445,nmo:hasPortrait,ex:person_43
ex:coin_41446,nmo:hasPortrait,ex:person_43
ex:coin_41447,nmo:hasPortrait,ex:person_43
ex:coin_41448,nmo:hasPortrait,ex:person_39
ex:coin_41449,nmo:hasPortrait,ex:person_39
ex:coin_41450,nmo:hasPortrait,ex:person_39
ex:coin_41451,nmo:hasPortrait,ex:person_39
ex:coin_41452,nmo:hasPortrait,ex:person_39
ex:coin_41454,nmo:hasPortrait,ex:person_43
ex:coin_41455,nmo:hasPortrait,ex:person_39
ex:coin_41457,nmo:hasPortrait,ex:person_43
ex:coin_41460,nmo:hasPortrait,ex:person_43
ex:coin_41464,nmo:hasPortrait,ex:person_43
ex:coin_41466,nmo:hasPortrait,ex:person_39
ex:coin_41472,nmo:hasPortrait,ex:person_39
ex:coin_41476,nmo:hasPortrait,ex:person_43
ex:coin_41477,nmo:hasPortrait,ex:person_39
ex:coin_41479,nmo:hasPortrait,ex:person_43
ex:coin_41482,nmo:hasPortrait,ex:person_43
ex:coin_41484,nmo:hasPortrait,ex:person_43
ex:coin_41485,nmo:hasPortrait,ex:person_43
ex:coin_41488,nmo:hasPortrait,ex:person_43
ex:coin_41489,nmo:hasPortrait,ex:person_43
ex:coin_972,nmo:hasPortrait,ex:person_56
ex:coin_1104,nmo:hasPortrait,ex:person_56
ex:coin_1428,nmo:hasPortrait,ex:person_56
ex:coin_1429,nmo:hasPortrait,ex:person_56
ex:coin_1430,nmo:hasPortrait,ex:person_56
ex:coin_1431,nmo:hasPortrait,ex:person_56
ex:coin_1501,nmo:hasPortrait,ex:person_56
ex:coin_1502,nmo:hasPortrait,ex:person_56
ex:coin_1503,nmo:hasPortrait,ex:person_56
ex:coin_1504,nmo:hasPortrait,ex:person_56
ex:coin_1505,nmo:hasPortrait,ex:person_56
ex:coin_1506,nmo:hasPortrait,ex:person_56
ex:coin_1530,nmo:hasPortrait,ex:person_56
ex:coin_1613,nmo:hasPortrait,ex:person_56
ex:coin_1616,nmo:hasPortrait,ex:person_56
ex:coin_1627,nmo:hasPortrait,ex:person_56
ex:coin_1628,nmo:hasPortrait,ex:person_56
ex:coin_5081,nmo:hasPortrait,ex:person_56
ex:coin_5085,nmo:hasPortrait,ex:person_56
ex:coin_5090,nmo:hasPortrait,ex:person_56
ex:coin_5097,nmo:hasPortrait,ex:person_56
ex:coin_5280,nmo:hasPortrait,ex:person_56
ex:coin_5281,nmo:hasPortrait,ex:person_56
ex:coin_5503,nmo:hasPortrait,ex:person_56
ex:coin_5719,nmo:hasPortrait,ex:person_56
ex:coin_5855,nmo:hasPortrait,ex:person_56
ex:coin_6091,nmo:hasPortrait,ex:person_56
ex:coin_6851,nmo:hasPortrait,ex:person_56
ex:coin_6852,nmo:hasPortrait,ex:person_56
ex:coin_7008,nmo:hasPortrait,ex:person_56
ex:coin_7009,nmo:hasPortrait,ex:person_56
ex:coin_7010,nmo:hasPortrait,ex:person_56
ex:coin_7011,nmo:hasPortrait,ex:person_56
ex:coin_7883,nmo:hasPortrait,ex:person_56
ex:coin_7884,nmo:hasPortrait,ex:person_56
ex:coin_7885,nmo:hasPortrait,ex:person_56
ex:coin_7886,nmo:hasPortrait,ex:person_56
ex:coin_7887,nmo:hasPortrait,ex:person_56
ex:coin_7906,nmo:hasPortrait,ex:person_56
ex:coin_8061,nmo:hasPortrait,ex:person_56
ex:coin_8590,nmo:hasPortrait,ex:person_56
ex:coin_10987,nmo:hasPortrait,ex:person_56
ex:coin_11033,nmo:hasPortrait,ex:person_56
ex:coin_12531,nmo:hasPortrait,ex:person_56
ex:coin_12532,nmo:hasPortrait,ex:person_56
ex:coin_13729,nmo:hasPortrait,ex:person_56
ex:coin_14986,nmo:hasPortrait,ex:person_56
ex:coin_15786,nmo:hasPortrait,ex:person_56
ex:coin_15787,nmo:hasPortrait,ex:person_56
ex:coin_16606,nmo:hasPortrait,ex:person_56
ex:coin_16789,nmo:hasPortrait,ex:person_56
ex:coin_27385,nmo:hasPortrait,ex:person_56
ex:coin_28510,nmo:hasPortrait,ex:person_56
ex:coin_28511,nmo:hasPortrait,ex:person_56
ex:coin_29154,nmo:hasPortrait,ex:person_56
ex:coin_29619,nmo:hasPortrait,ex:person_56
ex:coin_29621,nmo:hasPortrait,ex:person_56
ex:coin_29622,nmo:hasPortrait,ex:person_56
ex:coin_30003,nmo:hasPortrait,ex:person_56
ex:coin_30346,nmo:hasPortrait,ex:person_56
ex:coin_30438,nmo:hasPortrait,ex:person_56
ex:coin_30483,nmo:hasPortrait,ex:person_56
ex:coin_30517,nmo:hasPortrait,ex:person_56
ex:coin_30780,nmo:hasPortrait,ex:person_56
ex:coin_30869,nmo:hasPortrait,ex:person_56
ex:coin_31565,nmo:hasPortrait,ex:person_56
ex:coin_31684,nmo:hasPortrait,ex:person_56
ex:coin_31718,nmo:hasPortrait,ex:person_56
ex:coin_31803,nmo:hasPortrait,ex:person_56
ex:coin_31940,nmo:hasPortrait,ex:person_56
ex:coin_31981,nmo:hasPortrait,ex:person_56
ex:coin_32013,nmo:hasPortrait,ex:person_56
ex:coin_32042,nmo:hasPortrait,ex:person_56
ex:coin_32247,nmo:hasPortrait,ex:person_56
ex:coin_32293,nmo:hasPortrait,ex:person_56
ex:coin_32308,nmo:hasPortrait,ex:person_56
ex:coin_32411,nmo:hasPortrait,ex:person_56
ex:coin_32533,nmo:hasPortrait,ex:person_56
ex:coin_32579,nmo:hasPortrait,ex:person_56
ex:coin_32595,nmo:hasPortrait,ex:person_56
ex:coin_32656,nmo:hasPortrait,ex:person_56
ex:coin_32669,nmo:hasPortrait,ex:person_56
ex:coin_32741,nmo:hasPortrait,ex:person_56
ex:coin_32917,nmo:hasPortrait,ex:person_56
ex:coin_32926,nmo:hasPortrait,ex:person_56
ex:coin_33359,nmo:hasPortrait,ex:person_56
ex:coin_33371,nmo:hasPortrait,ex:person_56
ex:coin_33437,nmo:hasPortrait,ex:person_56
ex:coin_33455,nmo:hasPortrait,ex:person_56
ex:coin_33862,nmo:hasPortrait,ex:person_56
ex:coin_33868,nmo:hasPortrait,ex:person_56
ex:coin_34294,nmo:hasPortrait,ex:person_56
ex:coin_34445,nmo:hasPortrait,ex:person_56
ex:coin_37877,nmo:hasPortrait,ex:person_56
ex:coin_37897,nmo:hasPortrait,ex:person_56
ex:coin_37934,nmo:hasPortrait,ex:person_56
ex:coin_37987,nmo:hasPortrait,ex:person_56
ex:coin_38016,nmo:hasPortrait,ex:person_56
ex:coin_38022,nmo:hasPortrait,ex:person_56
ex:coin_38026,nmo:hasPortrait,ex:person_56
ex:coin_38041,nmo:hasPortrait,ex:person_56
ex:coin_38047,nmo:hasPortrait,ex:person_56
ex:coin_38048,nmo:hasPortrait,ex:person_56
ex:coin_38126,nmo:hasPortrait,ex:person_56
ex:coin_38138,nmo:hasPortrait,ex:person_56
ex:coin_38238,nmo:hasPortrait,ex:person_56
ex:coin_38245,nmo:hasPortrait,ex:person_56
ex:coin_38345,nmo:hasPortrait,ex:person_56
ex:coin_38388,nmo:hasPortrait,ex:person_56
ex:coin_38433,nmo:hasPortrait,ex:person_56
ex:coin_38482,nmo:hasPortrait,ex:person_56
ex:coin_39784,nmo:hasPortrait,ex:person_56
ex:coin_40081,nmo:hasPortrait,ex:person_56
ex:coin_16547,nmo:hasPortrait,ex:person_33
ex:coin_16553,nmo:hasPortrait,ex:person_33
ex:coin_16560,nmo:hasPortrait,ex:person_33
ex:coin_16563,nmo:hasPortrait,ex:person_33
ex:coin_16564,nmo:hasPortrait,ex:person_33
ex:coin_16568,nmo:hasPortrait,ex:person_33
ex:coin_9158,nmo:hasPortrait,ex:person_40
ex:coin_16562,nmo:hasPortrait,ex:person_33
ex:coin_3125,nmo:hasPortrait,ex:person_4
ex:coin_5499,nmo:hasPortrait,ex:person_57
ex:coin_6871,nmo:hasPortrait,ex:person_57
ex:coin_8450,nmo:hasPortrait,ex:person_57
ex:coin_8771,nmo:hasPortrait,ex:person_33
ex:coin_8827,nmo:hasPortrait,ex:person_39
ex:coin_8828,nmo:hasPortrait,ex:person_39
ex:coin_8829,nmo:hasPortrait,ex:person_39
ex:coin_8830,nmo:hasPortrait,ex:person_43
ex:coin_8831,nmo:hasPortrait,ex:person_43
ex:coin_8861,nmo:hasPortrait,ex:person_40
ex:coin_8862,nmo:hasPortrait,ex:person_40
ex:coin_8863,nmo:hasPortrait,ex:person_40
ex:coin_8864,nmo:hasPortrait,ex:person_40
ex:coin_8865,nmo:hasPortrait,ex:person_40
ex:coin_8866,nmo:hasPortrait,ex:person_40
ex:coin_8867,nmo:hasPortrait,ex:person_40
ex:coin_8868,nmo:hasPortrait,ex:person_40
ex:coin_8869,nmo:hasPortrait,ex:person_41
ex:coin_8870,nmo:hasPortrait,ex:person_41
ex:coin_8871,nmo:hasPortrait,ex:person_41
ex:coin_8872,nmo:hasPortrait,ex:person_41
ex:coin_8873,nmo:hasPortrait,ex:person_41
ex:coin_8874,nmo:hasPortrait,ex:person_41
ex:coin_8875,nmo:hasPortrait,ex:person_41
ex:coin_8876,nmo:hasPortrait,ex:person_41
ex:coin_8877,nmo:hasPortrait,ex:person_41
ex:coin_8878,nmo:hasPortrait,ex:person_41
ex:coin_8879,nmo:hasPortrait,ex:person_41
ex:coin_8880,nmo:hasPortrait,ex:person_41
ex:coin_14538,nmo:hasPortrait,ex:person_42
ex:coin_30059,nmo:hasPortrait,ex:person_123
ex:coin_36467,nmo:hasPortrait,ex:person_123
ex:coin_36481,nmo:hasPortrait,ex:person_123
ex:coin_5474,nmo:hasPortrait,ex:person_175
ex:coin_7471,nmo:hasPortrait,ex:person_175
ex:coin_14460,nmo:hasPortrait,ex:person_31
ex:coin_14462,nmo:hasPortrait,ex:person_31
ex:coin_28002,nmo:hasPortrait,ex:person_175
ex:coin_30179,nmo:hasPortrait,ex:person_175
ex:coin_30640,nmo:hasPortrait,ex:person_175
ex:coin_37753,nmo:hasPortrait,ex:person_175
ex:coin_37858,nmo:hasPortrait,ex:person_175
ex:coin_9925,nmo:hasPortrait,ex:person_186
ex:coin_38946,nmo:hasPortrait,ex:person_115
ex:coin_6360,nmo:hasPortrait,ex:person_124
ex:coin_11944,nmo:hasPortrait,ex:person_178
ex:coin_36414,nmo:hasPortrait,ex:person_178
ex:coin_37224,nmo:hasPortrait,ex:person_201
ex:coin_7293,nmo:hasPortrait,ex:person_104
ex:coin_5554,nmo:hasPortrait,ex:person_167
ex:coin_6607,nmo:hasPortrait,ex:person_168
ex:coin_8586,nmo:hasPortrait,ex:person_166
ex:coin_9258,nmo:hasPortrait,ex:person_166
ex:coin_9976,nmo:hasPortrait,ex:person_166
ex:coin_10055,nmo:hasPortrait,ex:person_143
ex:coin_11553,nmo:hasPortrait,ex:person_167
ex:coin_12055,nmo:hasPortrait,ex:person_166
ex:coin_15860,nmo:hasPortrait,ex:person_166
ex:coin_16115,nmo:hasPortrait,ex:person_166
ex:coin_16671,nmo:hasPortrait,ex:person_166
ex:coin_16750,nmo:hasPortrait,ex:person_166
ex:coin_36556,nmo:hasPortrait,ex:person_166
ex:coin_40587,nmo:hasPortrait,ex:person_4
ex:coin_40588,nmo:hasPortrait,ex:person_9
ex:coin_40589,nmo:hasPortrait,ex:person_167
ex:coin_40590,nmo:hasPortrait,ex:person_167
ex:coin_40591,nmo:hasPortrait,ex:person_168
ex:coin_40592,nmo:hasPortrait,ex:person_168
ex:coin_40593,nmo:hasPortrait,ex:person_166
ex:coin_40594,nmo:hasPortrait,ex:person_166
ex:coin_40595,nmo:hasPortrait,ex:person_166
ex:coin_40596,nmo:hasPortrait,ex:person_166
ex:coin_6159,nmo:hasPortrait,ex:person_198
ex:coin_13094,nmo:hasPortrait,ex:person_198
ex:coin_40607,nmo:hasPortrait,ex:person_198
ex:coin_40608,nmo:hasPortrait,ex:person_198
ex:coin_40609,nmo:hasPortrait,ex:person_198
ex:coin_40610,nmo:hasPortrait,ex:person_198
ex:coin_40611,nmo:hasPortrait,ex:person_198
ex:coin_40612,nmo:hasPortrait,ex:person_198
ex:coin_40613,nmo:hasPortrait,ex:person_198
ex:coin_13743,nmo:hasPortrait,ex:person_2
ex:coin_42921,nmo:hasPortrait,ex:person_2
ex:coin_42922,nmo:hasPortrait,ex:person_2
ex:coin_6877,nmo:hasPortrait,ex:person_109
ex:coin_15602,nmo:hasPortrait,ex:person_7
ex:coin_16646,nmo:hasPortrait,ex:person_7
ex:coin_28215,nmo:hasPortrait,ex:person_7
ex:coin_35522,nmo:hasPortrait,ex:person_7
ex:coin_16032,nmo:hasPortrait,ex:person_153
ex:coin_866,nmo:hasPortrait,ex:person_15
ex:coin_1804,nmo:hasPortrait,ex:person_15
ex:coin_1817,nmo:hasPortrait,ex:person_15
ex:coin_2105,nmo:hasPortrait,ex:person_15
ex:coin_2116,nmo:hasPortrait,ex:person_15
ex:coin_2612,nmo:hasPortrait,ex:person_16
ex:coin_3122,nmo:hasPortrait,ex:person_15
ex:coin_3131,nmo:hasPortrait,ex:person_17
ex:coin_4644,nmo:hasPortrait,ex:person_16
ex:coin_4733,nmo:hasPortrait,ex:person_17
ex:coin_4734,nmo:hasPortrait,ex:person_17
ex:coin_4737,nmo:hasPortrait,ex:person_126
ex:coin_4900,nmo:hasPortrait,ex:person_16
ex:coin_5077,nmo:hasPortrait,ex:person_16
ex:coin_5355,nmo:hasPortrait,ex:person_17
ex:coin_5365,nmo:hasPortrait,ex:person_16
ex:coin_5366,nmo:hasPortrait,ex:person_126
ex:coin_5690,nmo:hasPortrait,ex:person_17
ex:coin_5743,nmo:hasPortrait,ex:person_17
ex:coin_5778,nmo:hasPortrait,ex:person_17
ex:coin_5779,nmo:hasPortrait,ex:person_16
ex:coin_6189,nmo:hasPortrait,ex:person_16
ex:coin_6226,nmo:hasPortrait,ex:person_16
ex:coin_6251,nmo:hasPortrait,ex:person_126
ex:coin_6622,nmo:hasPortrait,ex:person_17
ex:coin_6778,nmo:hasPortrait,ex:person_17
ex:coin_6835,nmo:hasPortrait,ex:person_17
ex:coin_7493,nmo:hasPortrait,ex:person_17
ex:coin_7530,nmo:hasPortrait,ex:person_17
ex:coin_7531,nmo:hasPortrait,ex:person_17
ex:coin_8354,nmo:hasPortrait,ex:person_17
ex:coin_8560,nmo:hasPortrait,ex:person_17
ex:coin_8605,nmo:hasPortrait,ex:person_17
ex:coin_8625,nmo:hasPortrait,ex:person_17
ex:coin_9039,nmo:hasPortrait,ex:person_17
ex:coin_9488,nmo:hasPortrait,ex:person_16
ex:coin_9806,nmo:hasPortrait,ex:person_16
ex:coin_9808,nmo:hasPortrait,ex:person_126
ex:coin_9856,nmo:hasPortrait,ex:person_126
ex:coin_11498,nmo:hasPortrait,ex:person_16
ex:coin_11502,nmo:hasPortrait,ex:person_17
ex:coin_11880,nmo:hasPortrait,ex:person_17
ex:coin_11937,nmo:hasPortrait,ex:person_16
ex:coin_12098,nmo:hasPortrait,ex:person_17
ex:coin_12284,nmo:hasPortrait,ex:person_16
ex:coin_12374,nmo:hasPortrait,ex:person_16
ex:coin_12578,nmo:hasPortrait,ex:person_16
ex:coin_12642,nmo:hasPortrait,ex:person_16
ex:coin_12643,nmo:hasPortrait,ex:person_16
ex:coin_12644,nmo:hasPortrait,ex:person_16
ex:coin_12645,nmo:hasPortrait,ex:person_16
ex:coin_13023,nmo:hasPortrait,ex:person_126
ex:coin_13150,nmo:hasPortrait,ex:person_17
ex:coin_13181,nmo:hasPortrait,ex:person_17
ex:coin_13742,nmo:hasPortrait,ex:person_16
ex:coin_13825,nmo:hasPortrait,ex:person_126
ex:coin_14989,nmo:hasPortrait,ex:person_16
ex:coin_15663,nmo:hasPortrait,ex:person_16
ex:coin_17147,nmo:hasPortrait,ex:person_17
ex:coin_17206,nmo:hasPortrait,ex:person_17
ex:coin_17279,nmo:hasPortrait,ex:person_16
ex:coin_17818,nmo:hasPortrait,ex:person_16
ex:coin_27983,nmo:hasPortrait,ex:person_17
ex:coin_27989,nmo:hasPortrait,ex:person_17
ex:coin_27991,nmo:hasPortrait,ex:person_17
ex:coin_28045,nmo:hasPortrait,ex:person_17
ex:coin_28049,nmo:hasPortrait,ex:person_17
ex:coin_28687,nmo:hasPortrait,ex:person_19
ex:coin_28688,nmo:hasPortrait,ex:person_19
ex:coin_30074,nmo:hasPortrait,ex:person_17
ex:coin_32069,nmo:hasPortrait,ex:person_19
ex:coin_33018,nmo:hasPortrait,ex:person_19
ex:coin_34113,nmo:hasPortrait,ex:person_17
ex:coin_34579,nmo:hasPortrait,ex:person_17
ex:coin_4646,nmo:hasPortrait,ex:person_126
ex:coin_4902,nmo:hasPortrait,ex:person_126
ex:coin_6688,nmo:hasPortrait,ex:person_126
ex:coin_10546,nmo:hasPortrait,ex:person_126
ex:coin_12343,nmo:hasPortrait,ex:person_126
ex:coin_12377,nmo:hasPortrait,ex:person_126
ex:coin_15886,nmo:hasPortrait,ex:person_26
ex:coin_16198,nmo:hasPortrait,ex:person_19
ex:coin_16298,nmo:hasPortrait,ex:person_21
ex:coin_18484,nmo:hasPortrait,ex:person_126
ex:coin_18678,nmo:hasPortrait,ex:person_17
ex:coin_33226,nmo:hasPortrait,ex:person_19
ex:coin_33233,nmo:hasPortrait,ex:person_19
ex:coin_33655,nmo:hasPortrait,ex:person_19
ex:coin_33686,nmo:hasPortrait,ex:person_19
ex:coin_36053,nmo:hasPortrait,ex:person_19
ex:coin_41306,nmo:hasPortrait,ex:person_19
ex:coin_42848,nmo:hasPortrait,ex:person_19
ex:coin_18200,nmo:hasPortrait,ex:person_25
ex:coin_18390,nmo:hasPortrait,ex:person_188
ex:coin_17839,nmo:hasPortrait,ex:person_26
ex:coin_29827,nmo:hasPortrait,ex:person_44
ex:coin_28977,nmo:hasPortrait,ex:person_193
ex:coin_30150,nmo:hasPortrait,ex:person_193
ex:coin_30151,nmo:hasPortrait,ex:person_193
ex:coin_6559,nmo:hasPortrait,ex:person_120
ex:coin_7787,nmo:hasPortrait,ex:person_33
ex:coin_13964,nmo:hasPortrait,ex:person_34
ex:coin_14449,nmo:hasPortrait,ex:person_33
ex:coin_15467,nmo:hasPortrait,ex:person_41
ex:coin_15468,nmo:hasPortrait,ex:person_41
ex:coin_15501,nmo:hasPortrait,ex:person_36
ex:coin_15644,nmo:hasPortrait,ex:person_33
ex:coin_17118,nmo:hasPortrait,ex:person_32
ex:coin_17649,nmo:hasPortrait,ex:person_34
ex:coin_17654,nmo:hasPortrait,ex:person_40
ex:coin_18203,nmo:hasPortrait,ex:person_142
ex:coin_29066,nmo:hasPortrait,ex:person_34
ex:coin_29237,nmo:hasPortrait,ex:person_34
ex:coin_29428,nmo:hasPortrait,ex:person_33
ex:coin_30071,nmo:hasPortrait,ex:person_41
ex:coin_30216,nmo:hasPortrait,ex:person_36
ex:coin_30320,nmo:hasPortrait,ex:person_33
ex:coin_30548,nmo:hasPortrait,ex:person_33
ex:coin_30641,nmo:hasPortrait,ex:person_34
ex:coin_30867,nmo:hasPortrait,ex:person_33
ex:coin_31174,nmo:hasPortrait,ex:person_34
ex:coin_31182,nmo:hasPortrait,ex:person_159
ex:coin_31378,nmo:hasPortrait,ex:person_34
ex:coin_31662,nmo:hasPortrait,ex:person_34
ex:coin_31677,nmo:hasPortrait,ex:person_175
ex:coin_31817,nmo:hasPortrait,ex:person_34
ex:coin_31991,nmo:hasPortrait,ex:person_34
ex:coin_31995,nmo:hasPortrait,ex:person_34
ex:coin_32225,nmo:hasPortrait,ex:person_37
ex:coin_32228,nmo:hasPortrait,ex:person_34
ex:coin_32657,nmo:hasPortrait,ex:person_34
ex:coin_32792,nmo:hasPortrait,ex:person_34
ex:coin_32793,nmo:hasPortrait,ex:person_175
ex:coin_33078,nmo:hasPortrait,ex:person_175
ex:coin_33230,nmo:hasPortrait,ex:person_37
ex:coin_33250,nmo:hasPortrait,ex:person_37
ex:coin_33257,nmo:hasPortrait,ex:person_34
ex:coin_33410,nmo:hasPortrait,ex:person_34
ex:coin_33684,nmo:hasPortrait,ex:person_175
ex:coin_33731,nmo:hasPortrait,ex:person_34
ex:coin_33734,nmo:hasPortrait,ex:person_34
ex:coin_33742,nmo:hasPortrait,ex:person_34
ex:coin_33834,nmo:hasPortrait,ex:person_34
ex:coin_34009,nmo:hasPortrait,ex:person_34
ex:coin_34216,nmo:hasPortrait,ex:person_34
ex:coin_34849,nmo:hasPortrait,ex:person_33
ex:coin_34869,nmo:hasPortrait,ex:person_34
ex:coin_34975,nmo:hasPortrait,ex:person_41
ex:coin_37298,nmo:hasPortrait,ex:person_34
ex:coin_37330,nmo:hasPortrait,ex:person_34
ex:coin_37579,nmo:hasPortrait,ex:person_34
ex:coin_37622,nmo:hasPortrait,ex:person_34
ex:coin_37644,nmo:hasPortrait,ex:person_33
ex:coin_37721,nmo:hasPortrait,ex:person_33
ex:coin_37824,nmo:hasPortrait,ex:person_34
ex:coin_14439,nmo:hasPortrait,ex:person_70
ex:coin_14761,nmo:hasPortrait,ex:person_70
ex:coin_15098,nmo:hasPortrait,ex:person_70
ex:coin_41540,nmo:hasPortrait,ex:person_70
ex:coin_42181,nmo:hasPortrait,ex:person_70
ex:coin_42307,nmo:hasPortrait,ex:person_70
ex:coin_42312,nmo:hasPortrait,ex:person_70
ex:coin_42313,nmo:hasPortrait,ex:person_70
ex:coin_42314,nmo:hasPortrait,ex:person_70
ex:coin_42316,nmo:hasPortrait,ex:person_70
ex:coin_42317,nmo:hasPortrait,ex:person_70
ex:coin_42326,nmo:hasPortrait,ex:person_70
ex:coin_42331,nmo:hasPortrait,ex:person_70
ex:coin_42334,nmo:hasPortrait,ex:person_70
ex:coin_42335,nmo:hasPortrait,ex:person_70
ex:coin_42336,nmo:hasPortrait,ex:person_70
ex:coin_42632,nmo:hasPortrait,ex:person_70
ex:coin_42633,nmo:hasPortrait,ex:person_70
ex:coin_42634,nmo:hasPortrait,ex:person_70
ex:coin_42649,nmo:hasPortrait,ex:person_70
ex:coin_42650,nmo:hasPortrait,ex:person_70
ex:coin_42652,nmo:hasPortrait,ex:person_70
ex:coin_42653,nmo:hasPortrait,ex:person_70
ex:coin_42654,nmo:hasPortrait,ex:person_70
ex:coin_42656,nmo:hasPortrait,ex:person_70
ex:coin_42659,nmo:hasPortrait,ex:person_70
ex:coin_42660,nmo:hasPortrait,ex:person_70
ex:coin_42661,nmo:hasPortrait,ex:person_70
ex:coin_14041,nmo:hasPortrait,ex:person_2
ex:coin_1069,nmo:hasPortrait,ex:person_39
ex:coin_31516,nmo:hasPortrait,ex:person_43
ex:coin_38512,nmo:hasPortrait,ex:person_43
ex:coin_16547,nmo:hasPortrait,ex:person_32
ex:coin_16553,nmo:hasPortrait,ex:person_32
ex:coin_16560,nmo:hasPortrait,ex:person_32
ex:coin_16563,nmo:hasPortrait,ex:person_32
ex:coin_16564,nmo:hasPortrait,ex:person_32
ex:coin_16568,nmo:hasPortrait,ex:person_32
ex:coin_16562,nmo:hasPortrait,ex:person_32
ex:coin_8831,nmo:hasPortrait,ex:person_39
ex:coin_8879,nmo:hasPortrait,ex:person_40
ex:coin_1592,nmo:hasPortrait,ex:uncertain
ex:coin_1601,nmo:hasPortrait,ex:uncertain
ex:coin_1607,nmo:hasPortrait,ex:uncertain
ex:coin_1609,nmo:hasPortrait,ex:uncertain
ex:coin_9497,nmo:hasPortrait,ex:uncertain
ex:coin_12366,nmo:hasPortrait,ex:uncertain
ex:coin_28157,nmo:hasPortrait,ex:uncertain
ex:coin_28158,nmo:hasPortrait,ex:uncertain
ex:coin_28159,nmo:hasPortrait,ex:uncertain
ex:coin_28160,nmo:hasPortrait,ex:uncertain
ex:coin_28161,nmo:hasPortrait,ex:uncertain
ex:coin_28162,nmo:hasPortrait,ex:uncertain
ex:coin_28163,nmo:hasPortrait,ex:uncertain
ex:coin_28164,nmo:hasPortrait,ex:uncertain
ex:coin_28165,nmo:hasPortrait,ex:uncertain
ex:coin_28166,nmo:hasPortrait,ex:uncertain
ex:coin_28167,nmo:hasPortrait,ex:uncertain
ex:coin_28168,nmo:hasPortrait,ex:uncertain
ex:coin_28169,nmo:hasPortrait,ex:uncertain
ex:coin_28170,nmo:hasPortrait,ex:uncertain
ex:coin_28171,nmo:hasPortrait,ex:uncertain
ex:coin_28172,nmo:hasPortrait,ex:uncertain
ex:coin_28173,nmo:hasPortrait,ex:uncertain
ex:coin_28174,nmo:hasPortrait,ex:uncertain
ex:coin_28175,nmo:hasPortrait,ex:uncertain
ex:coin_28176,nmo:hasPortrait,ex:uncertain
ex:coin_28177,nmo:hasPortrait,ex:uncertain
ex:coin_28178,nmo:hasPortrait,ex:uncertain
ex:coin_28179,nmo:hasPortrait,ex:uncertain
ex:coin_28180,nmo:hasPortrait,ex:uncertain
ex:coin_28181,nmo:hasPortrait,ex:uncertain
ex:coin_28182,nmo:hasPortrait,ex:uncertain
ex:coin_28183,nmo:hasPortrait,ex:uncertain
ex:coin_28184,nmo:hasPortrait,ex:uncertain
ex:coin_28185,nmo:hasPortrait,ex:uncertain
ex:coin_28186,nmo:hasPortrait,ex:uncertain
ex:coin_28187,nmo:hasPortrait,ex:uncertain
ex:coin_28188,nmo:hasPortrait,ex:uncertain
ex:coin_28189,nmo:hasPortrait,ex:uncertain
ex:coin_28190,nmo:hasPortrait,ex:uncertain
ex:coin_28191,nmo:hasPortrait,ex:uncertain
ex:coin_28192,nmo:hasPortrait,ex:uncertain
ex:coin_28193,nmo:hasPortrait,ex:uncertain
ex:coin_28194,nmo:hasPortrait,ex:uncertain
ex:coin_28195,nmo:hasPortrait,ex:uncertain
ex:coin_28196,nmo:hasPortrait,ex:uncertain
ex:coin_28380,nmo:hasPortrait,ex:uncertain
ex:coin_29574,nmo:hasPortrait,ex:uncertain
ex:coin_30207,nmo:hasPortrait,ex:uncertain
ex:coin_30613,nmo:hasPortrait,ex:uncertain
ex:coin_31632,nmo:hasPortrait,ex:uncertain
ex:coin_31658,nmo:hasPortrait,ex:uncertain
ex:coin_31736,nmo:hasPortrait,ex:uncertain
ex:coin_32034,nmo:hasPortrait,ex:uncertain
ex:coin_32568,nmo:hasPortrait,ex:uncertain
ex:coin_33331,nmo:hasPortrait,ex:uncertain
ex:coin_33577,nmo:hasPortrait,ex:uncertain
ex:coin_34220,nmo:hasPortrait,ex:uncertain
ex:coin_34318,nmo:hasPortrait,ex:uncertain
ex:coin_34365,nmo:hasPortrait,ex:uncertain
ex:coin_34522,nmo:hasPortrait,ex:uncertain
ex:coin_34629,nmo:hasPortrait,ex:uncertain
ex:coin_34697,nmo:hasPortrait,ex:uncertain
ex:coin_34837,nmo:hasPortrait,ex:uncertain
ex:coin_35130,nmo:hasPortrait,ex:uncertain
ex:coin_35235,nmo:hasPortrait,ex:uncertain
ex:coin_35241,nmo:hasPortrait,ex:uncertain
ex:coin_36829,nmo:hasPortrait,ex:uncertain
ex:coin_36865,nmo:hasPortrait,ex:uncertain
ex:coin_35179,nmo:hasPortrait,ex:uncertain
ex:coin_35289,nmo:hasPortrait,ex:uncertain
ex:coin_6877,nmo:hasPortrait,ex:uncertain
ex:coin_12495,nmo:hasPortrait,ex:uncertain
ex:coin_33323,nmo:hasPortrait,ex:uncertain
ex:coin_41535,nmo:hasPortrait,ex:uncertain
ex:coin_35263,nmo:hasPortrait,ex:uncertain
ex:coin_12297,nmo:hasPortrait,ex:uncertain
ex:coin_13130,nmo:hasPortrait,ex:uncertain
ex:coin_16645,nmo:hasPortrait,ex:uncertain
ex:coin_16797,nmo:hasPortrait,ex:uncertain
ex:coin_28215,nmo:hasPortrait,ex:uncertain
ex:coin_28646,nmo:hasPortrait,ex:uncertain
ex:coin_30166,nmo:hasPortrait,ex:uncertain
ex:coin_35522,nmo:hasPortrait,ex:uncertain
ex:coin_35622,nmo:hasPortrait,ex:uncertain
ex:coin_35633,nmo:hasPortrait,ex:uncertain
ex:coin_33483,nmo:hasPortrait,ex:uncertain
ex:coin_42931,nmo:hasPortrait,ex:uncertain
ex:coin_3122,nmo:hasPortrait,ex:uncertain
ex:coin_3131,nmo:hasPortrait,ex:uncertain
ex:coin_4733,nmo:hasPortrait,ex:uncertain
ex:coin_4734,nmo:hasPortrait,ex:uncertain
ex:coin_4737,nmo:hasPortrait,ex:uncertain
ex:coin_5743,nmo:hasPortrait,ex:uncertain
ex:coin_6528,nmo:hasPortrait,ex:uncertain
ex:coin_9120,nmo:hasPortrait,ex:uncertain
ex:coin_9487,nmo:hasPortrait,ex:uncertain
ex:coin_12284,nmo:hasPortrait,ex:uncertain
ex:coin_12982,nmo:hasPortrait,ex:uncertain
ex:coin_15663,nmo:hasPortrait,ex:uncertain
ex:coin_15962,nmo:hasPortrait,ex:uncertain
ex:coin_15973,nmo:hasPortrait,ex:uncertain
ex:coin_15976,nmo:hasPortrait,ex:uncertain
ex:coin_16012,nmo:hasPortrait,ex:uncertain
ex:coin_16219,nmo:hasPortrait,ex:uncertain
ex:coin_27987,nmo:hasPortrait,ex:uncertain
ex:coin_28681,nmo:hasPortrait,ex:uncertain
ex:coin_30074,nmo:hasPortrait,ex:uncertain
ex:coin_30220,nmo:hasPortrait,ex:uncertain
ex:coin_32387,nmo:hasPortrait,ex:uncertain
ex:coin_34794,nmo:hasPortrait,ex:uncertain
ex:coin_35937,nmo:hasPortrait,ex:uncertain
ex:coin_39112,nmo:hasPortrait,ex:uncertain
ex:coin_3123,nmo:hasPortrait,ex:uncertain
ex:coin_5079,nmo:hasPortrait,ex:uncertain
ex:coin_16172,nmo:hasPortrait,ex:uncertain
ex:coin_16683,nmo:hasPortrait,ex:uncertain
ex:coin_16826,nmo:hasPortrait,ex:uncertain
ex:coin_18457,nmo:hasPortrait,ex:uncertain
ex:coin_18484,nmo:hasPortrait,ex:uncertain
ex:coin_18630,nmo:hasPortrait,ex:uncertain
ex:coin_28981,nmo:hasPortrait,ex:uncertain
ex:coin_31273,nmo:hasPortrait,ex:uncertain
ex:coin_6137,nmo:hasPortrait,ex:uncertain
ex:coin_18639,nmo:hasPortrait,ex:uncertain
ex:coin_18390,nmo:hasPortrait,ex:uncertain
ex:coin_12944,nmo:hasPortrait,ex:uncertain
ex:coin_42775,nmo:hasPortrait,ex:uncertain
ex:coin_18176,nmo:hasPortrait,ex:uncertain
ex:coin_17839,nmo:hasPortrait,ex:uncertain
ex:coin_16709,nmo:hasPortrait,ex:uncertain
ex:coin_28053,nmo:hasPortrait,ex:uncertain
ex:coin_30150,nmo:hasPortrait,ex:uncertain
ex:coin_30151,nmo:hasPortrait,ex:uncertain
ex:coin_31176,nmo:hasPortrait,ex:uncertain
ex:coin_7923,nmo:hasPortrait,ex:uncertain
ex:coin_41406,nmo:hasPortrait,ex:uncertain
ex:coin_34828,nmo:hasPortrait,ex:uncertain
ex:coin_36911,nmo:hasPortrait,ex:uncertain
ex:coin_37009,nmo:hasPortrait,ex:uncertain
ex:coin_40839,nmo:hasPortrait,ex:uncertain
ex:coin_40845,nmo:hasPortrait,ex:uncertain
ex:coin_5853,nmo:hasPortrait,ex:uncertain
ex:coin_6016,nmo:hasPortrait,ex:uncertain
ex:coin_10196,nmo:hasPortrait,ex:uncertain
ex:coin_28589,nmo:hasPortrait,ex:uncertain
ex:coin_28983,nmo:hasPortrait,ex:uncertain
ex:coin_29057,nmo:hasPortrait,ex:uncertain
ex:coin_29440,nmo:hasPortrait,ex:uncertain
ex:coin_29938,nmo:hasPortrait,ex:uncertain
ex:coin_29939,nmo:hasPortrait,ex:uncertain
ex:coin_30101,nmo:hasPortrait,ex:uncertain
ex:coin_30128,nmo:hasPortrait,ex:uncertain
ex:coin_30152,nmo:hasPortrait,ex:uncertain
ex:coin_30185,nmo:hasPortrait,ex:uncertain
ex:coin_30495,nmo:hasPortrait,ex:uncertain
ex:coin_30945,nmo:hasPortrait,ex:uncertain
ex:coin_31965,nmo:hasPortrait,ex:uncertain
ex:coin_32258,nmo:hasPortrait,ex:uncertain
ex:coin_34165,nmo:hasPortrait,ex:uncertain
ex:coin_34267,nmo:hasPortrait,ex:uncertain
ex:coin_34295,nmo:hasPortrait,ex:uncertain
ex:coin_34296,nmo:hasPortrait,ex:uncertain
ex:coin_34325,nmo:hasPortrait,ex:uncertain
ex:coin_34397,nmo:hasPortrait,ex:uncertain
ex:coin_34413,nmo:hasPortrait,ex:uncertain
ex:coin_34417,nmo:hasPortrait,ex:uncertain
ex:coin_34630,nmo:hasPortrait,ex:uncertain
ex:coin_34631,nmo:hasPortrait,ex:uncertain
ex:coin_34632,nmo:hasPortrait,ex:uncertain
ex:coin_34633,nmo:hasPortrait,ex:uncertain
ex:coin_34634,nmo:hasPortrait,ex:uncertain
ex:coin_34635,nmo:hasPortrait,ex:uncertain
ex:coin_34753,nmo:hasPortrait,ex:uncertain
ex:coin_34790,nmo:hasPortrait,ex:uncertain
ex:coin_34791,nmo:hasPortrait,ex:uncertain
ex:coin_34845,nmo:hasPortrait,ex:uncertain
ex:coin_34861,nmo:hasPortrait,ex:uncertain
ex:coin_37345,nmo:hasPortrait,ex:uncertain
ex:coin_37379,nmo:hasPortrait,ex:uncertain
ex:coin_37399,nmo:hasPortrait,ex:uncertain
ex:coin_37413,nmo:hasPortrait,ex:uncertain
ex:coin_37420,nmo:hasPortrait,ex:uncertain
ex:coin_38549,nmo:hasPortrait,ex:uncertain
ex:coin_38550,nmo:hasPortrait,ex:uncertain
ex:coin_38551,nmo:hasPortrait,ex:uncertain
ex:coin_38552,nmo:hasPortrait,ex:uncertain
ex:coin_38553,nmo:hasPortrait,ex:uncertain
ex:coin_40627,nmo:hasPortrait,ex:uncertain
ex:coin_40667,nmo:hasPortrait,ex:uncertain
ex:coin_40677,nmo:hasPortrait,ex:uncertain
ex:coin_40680,nmo:hasPortrait,ex:uncertain
ex:coin_40718,nmo:hasPortrait,ex:uncertain
ex:coin_40733,nmo:hasPortrait,ex:uncertain
ex:coin_40792,nmo:hasPortrait,ex:uncertain
ex:coin_40930,nmo:hasPortrait,ex:uncertain
ex:coin_40940,nmo:hasPortrait,ex:uncertain
ex:coin_40960,nmo:hasPortrait,ex:uncertain
ex:coin_40989,nmo:hasPortrait,ex:uncertain
ex:coin_40994,nmo:hasPortrait,ex:uncertain
ex:coin_2036,nmo:hasPortrait,ex:uncertain
ex:coin_6559,nmo:hasPortrait,ex:uncertain
ex:coin_9815,nmo:hasPortrait,ex:uncertain
ex:coin_16852,nmo:hasPortrait,ex:uncertain
ex:coin_28353,nmo:hasPortrait,ex:uncertain
ex:coin_28452,nmo:hasPortrait,ex:uncertain
ex:coin_28477,nmo:hasPortrait,ex:uncertain
ex:coin_28478,nmo:hasPortrait,ex:uncertain
ex:coin_28481,nmo:hasPortrait,ex:uncertain
ex:coin_28484,nmo:hasPortrait,ex:uncertain
ex:coin_28486,nmo:hasPortrait,ex:uncertain
ex:coin_28489,nmo:hasPortrait,ex:uncertain
ex:coin_28492,nmo:hasPortrait,ex:uncertain
ex:coin_28494,nmo:hasPortrait,ex:uncertain
ex:coin_28575,nmo:hasPortrait,ex:uncertain
ex:coin_28591,nmo:hasPortrait,ex:uncertain
ex:coin_28592,nmo:hasPortrait,ex:uncertain
ex:coin_28877,nmo:hasPortrait,ex:uncertain
ex:coin_29041,nmo:hasPortrait,ex:uncertain
ex:coin_29043,nmo:hasPortrait,ex:uncertain
ex:coin_29067,nmo:hasPortrait,ex:uncertain
ex:coin_29069,nmo:hasPortrait,ex:uncertain
ex:coin_29201,nmo:hasPortrait,ex:uncertain
ex:coin_29358,nmo:hasPortrait,ex:uncertain
ex:coin_29362,nmo:hasPortrait,ex:uncertain
ex:coin_29370,nmo:hasPortrait,ex:uncertain
ex:coin_29428,nmo:hasPortrait,ex:uncertain
ex:coin_29511,nmo:hasPortrait,ex:uncertain
ex:coin_29623,nmo:hasPortrait,ex:uncertain
ex:coin_29677,nmo:hasPortrait,ex:uncertain
ex:coin_29710,nmo:hasPortrait,ex:uncertain
ex:coin_29729,nmo:hasPortrait,ex:uncertain
ex:coin_29749,nmo:hasPortrait,ex:uncertain
ex:coin_29875,nmo:hasPortrait,ex:uncertain
ex:coin_29921,nmo:hasPortrait,ex:uncertain
ex:coin_29922,nmo:hasPortrait,ex:uncertain
ex:coin_29924,nmo:hasPortrait,ex:uncertain
ex:coin_29994,nmo:hasPortrait,ex:uncertain
ex:coin_29995,nmo:hasPortrait,ex:uncertain
ex:coin_29996,nmo:hasPortrait,ex:uncertain
ex:coin_30023,nmo:hasPortrait,ex:uncertain
ex:coin_30027,nmo:hasPortrait,ex:uncertain
ex:coin_30028,nmo:hasPortrait,ex:uncertain
ex:coin_30029,nmo:hasPortrait,ex:uncertain
ex:coin_30032,nmo:hasPortrait,ex:uncertain
ex:coin_30050,nmo:hasPortrait,ex:uncertain
ex:coin_30056,nmo:hasPortrait,ex:uncertain
ex:coin_30061,nmo:hasPortrait,ex:uncertain
ex:coin_30067,nmo:hasPortrait,ex:uncertain
ex:coin_30082,nmo:hasPortrait,ex:uncertain
ex:coin_30142,nmo:hasPortrait,ex:uncertain
ex:coin_30170,nmo:hasPortrait,ex:uncertain
ex:coin_30184,nmo:hasPortrait,ex:uncertain
ex:coin_30205,nmo:hasPortrait,ex:uncertain
ex:coin_30215,nmo:hasPortrait,ex:uncertain
ex:coin_30216,nmo:hasPortrait,ex:uncertain
ex:coin_30226,nmo:hasPortrait,ex:uncertain
ex:coin_30295,nmo:hasPortrait,ex:uncertain
ex:coin_30296,nmo:hasPortrait,ex:uncertain
ex:coin_30298,nmo:hasPortrait,ex:uncertain
ex:coin_30321,nmo:hasPortrait,ex:uncertain
ex:coin_30323,nmo:hasPortrait,ex:uncertain
ex:coin_30385,nmo:hasPortrait,ex:uncertain
ex:coin_30394,nmo:hasPortrait,ex:uncertain
ex:coin_30414,nmo:hasPortrait,ex:uncertain
ex:coin_30565,nmo:hasPortrait,ex:uncertain
ex:coin_30591,nmo:hasPortrait,ex:uncertain
ex:coin_30597,nmo:hasPortrait,ex:uncertain
ex:coin_30615,nmo:hasPortrait,ex:uncertain
ex:coin_30627,nmo:hasPortrait,ex:uncertain
ex:coin_30631,nmo:hasPortrait,ex:uncertain
ex:coin_30675,nmo:hasPortrait,ex:uncertain
ex:coin_30714,nmo:hasPortrait,ex:uncertain
ex:coin_30724,nmo:hasPortrait,ex:uncertain
ex:coin_30725,nmo:hasPortrait,ex:uncertain
ex:coin_30771,nmo:hasPortrait,ex:uncertain
ex:coin_30792,nmo:hasPortrait,ex:uncertain
ex:coin_30794,nmo:hasPortrait,ex:uncertain
ex:coin_30811,nmo:hasPortrait,ex:uncertain
ex:coin_30813,nmo:hasPortrait,ex:uncertain
ex:coin_30867,nmo:hasPortrait,ex:uncertain
ex:coin_30880,nmo:hasPortrait,ex:uncertain
ex:coin_30882,nmo:hasPortrait,ex:uncertain
ex:coin_30941,nmo:hasPortrait,ex:uncertain
ex:coin_30958,nmo:hasPortrait,ex:uncertain
ex:coin_30964,nmo:hasPortrait,ex:uncertain
ex:coin_30973,nmo:hasPortrait,ex:uncertain
ex:coin_30997,nmo:hasPortrait,ex:uncertain
ex:coin_31009,nmo:hasPortrait,ex:uncertain
ex:coin_31036,nmo:hasPortrait,ex:uncertain
ex:coin_31057,nmo:hasPortrait,ex:uncertain
ex:coin_31079,nmo:hasPortrait,ex:uncertain
ex:coin_31083,nmo:hasPortrait,ex:uncertain
ex:coin_31086,nmo:hasPortrait,ex:uncertain
ex:coin_31117,nmo:hasPortrait,ex:uncertain
ex:coin_31170,nmo:hasPortrait,ex:uncertain
ex:coin_31188,nmo:hasPortrait,ex:uncertain
ex:coin_31196,nmo:hasPortrait,ex:uncertain
ex:coin_31215,nmo:hasPortrait,ex:uncertain
ex:coin_31217,nmo:hasPortrait,ex:uncertain
ex:coin_31228,nmo:hasPortrait,ex:uncertain
ex:coin_31243,nmo:hasPortrait,ex:uncertain
ex:coin_31261,nmo:hasPortrait,ex:uncertain
ex:coin_31290,nmo:hasPortrait,ex:uncertain
ex:coin_31291,nmo:hasPortrait,ex:uncertain
ex:coin_31303,nmo:hasPortrait,ex:uncertain
ex:coin_31306,nmo:hasPortrait,ex:uncertain
ex:coin_31313,nmo:hasPortrait,ex:uncertain
ex:coin_31317,nmo:hasPortrait,ex:uncertain
ex:coin_31324,nmo:hasPortrait,ex:uncertain
ex:coin_31333,nmo:hasPortrait,ex:uncertain
ex:coin_31343,nmo:hasPortrait,ex:uncertain
ex:coin_31352,nmo:hasPortrait,ex:uncertain
ex:coin_31357,nmo:hasPortrait,ex:uncertain
ex:coin_31380,nmo:hasPortrait,ex:uncertain
ex:coin_31403,nmo:hasPortrait,ex:uncertain
ex:coin_31464,nmo:hasPortrait,ex:uncertain
ex:coin_31467,nmo:hasPortrait,ex:uncertain
ex:coin_31475,nmo:hasPortrait,ex:uncertain
ex:coin_31478,nmo:hasPortrait,ex:uncertain
ex:coin_31508,nmo:hasPortrait,ex:uncertain
ex:coin_31532,nmo:hasPortrait,ex:uncertain
ex:coin_31544,nmo:hasPortrait,ex:uncertain
ex:coin_31561,nmo:hasPortrait,ex:uncertain
ex:coin_31574,nmo:hasPortrait,ex:uncertain
ex:coin_31578,nmo:hasPortrait,ex:uncertain
ex:coin_31580,nmo:hasPortrait,ex:uncertain
ex:coin_31581,nmo:hasPortrait,ex:uncertain
ex:coin_31582,nmo:hasPortrait,ex:uncertain
ex:coin_31590,nmo:hasPortrait,ex:uncertain
ex:coin_31592,nmo:hasPortrait,ex:uncertain
ex:coin_31604,nmo:hasPortrait,ex:uncertain
ex:coin_31625,nmo:hasPortrait,ex:uncertain
ex:coin_31641,nmo:hasPortrait,ex:uncertain
ex:coin_31674,nmo:hasPortrait,ex:uncertain
ex:coin_31676,nmo:hasPortrait,ex:uncertain
ex:coin_31677,nmo:hasPortrait,ex:uncertain
ex:coin_31691,nmo:hasPortrait,ex:uncertain
ex:coin_31749,nmo:hasPortrait,ex:uncertain
ex:coin_31760,nmo:hasPortrait,ex:uncertain
ex:coin_31780,nmo:hasPortrait,ex:uncertain
ex:coin_31786,nmo:hasPortrait,ex:uncertain
ex:coin_31800,nmo:hasPortrait,ex:uncertain
ex:coin_31811,nmo:hasPortrait,ex:uncertain
ex:coin_31819,nmo:hasPortrait,ex:uncertain
ex:coin_31827,nmo:hasPortrait,ex:uncertain
ex:coin_31858,nmo:hasPortrait,ex:uncertain
ex:coin_31873,nmo:hasPortrait,ex:uncertain
ex:coin_31899,nmo:hasPortrait,ex:uncertain
ex:coin_31904,nmo:hasPortrait,ex:uncertain
ex:coin_31929,nmo:hasPortrait,ex:uncertain
ex:coin_31969,nmo:hasPortrait,ex:uncertain
ex:coin_31989,nmo:hasPortrait,ex:uncertain
ex:coin_31990,nmo:hasPortrait,ex:uncertain
ex:coin_31992,nmo:hasPortrait,ex:uncertain
ex:coin_32036,nmo:hasPortrait,ex:uncertain
ex:coin_32038,nmo:hasPortrait,ex:uncertain
ex:coin_32040,nmo:hasPortrait,ex:uncertain
ex:coin_32055,nmo:hasPortrait,ex:uncertain
ex:coin_32085,nmo:hasPortrait,ex:uncertain
ex:coin_32109,nmo:hasPortrait,ex:uncertain
ex:coin_32166,nmo:hasPortrait,ex:uncertain
ex:coin_32167,nmo:hasPortrait,ex:uncertain
ex:coin_32170,nmo:hasPortrait,ex:uncertain
ex:coin_32205,nmo:hasPortrait,ex:uncertain
ex:coin_32213,nmo:hasPortrait,ex:uncertain
ex:coin_32227,nmo:hasPortrait,ex:uncertain
ex:coin_32238,nmo:hasPortrait,ex:uncertain
ex:coin_32285,nmo:hasPortrait,ex:uncertain
ex:coin_32303,nmo:hasPortrait,ex:uncertain
ex:coin_32324,nmo:hasPortrait,ex:uncertain
ex:coin_32338,nmo:hasPortrait,ex:uncertain
ex:coin_32339,nmo:hasPortrait,ex:uncertain
ex:coin_32342,nmo:hasPortrait,ex:uncertain
ex:coin_32347,nmo:hasPortrait,ex:uncertain
ex:coin_32352,nmo:hasPortrait,ex:uncertain
ex:coin_32371,nmo:hasPortrait,ex:uncertain
ex:coin_32394,nmo:hasPortrait,ex:uncertain
ex:coin_32395,nmo:hasPortrait,ex:uncertain
ex:coin_32405,nmo:hasPortrait,ex:uncertain
ex:coin_32420,nmo:hasPortrait,ex:uncertain
ex:coin_32428,nmo:hasPortrait,ex:uncertain
ex:coin_32447,nmo:hasPortrait,ex:uncertain
ex:coin_32448,nmo:hasPortrait,ex:uncertain
ex:coin_32470,nmo:hasPortrait,ex:uncertain
ex:coin_32474,nmo:hasPortrait,ex:uncertain
ex:coin_32538,nmo:hasPortrait,ex:uncertain
ex:coin_32611,nmo:hasPortrait,ex:uncertain
ex:coin_32682,nmo:hasPortrait,ex:uncertain
ex:coin_32686,nmo:hasPortrait,ex:uncertain
ex:coin_32692,nmo:hasPortrait,ex:uncertain
ex:coin_32782,nmo:hasPortrait,ex:uncertain
ex:coin_32787,nmo:hasPortrait,ex:uncertain
ex:coin_32793,nmo:hasPortrait,ex:uncertain
ex:coin_32816,nmo:hasPortrait,ex:uncertain
ex:coin_32817,nmo:hasPortrait,ex:uncertain
ex:coin_32857,nmo:hasPortrait,ex:uncertain
ex:coin_32913,nmo:hasPortrait,ex:uncertain
ex:coin_32934,nmo:hasPortrait,ex:uncertain
ex:coin_32979,nmo:hasPortrait,ex:uncertain
ex:coin_33003,nmo:hasPortrait,ex:uncertain
ex:coin_33009,nmo:hasPortrait,ex:uncertain
ex:coin_33022,nmo:hasPortrait,ex:uncertain
ex:coin_33025,nmo:hasPortrait,ex:uncertain
ex:coin_33030,nmo:hasPortrait,ex:uncertain
ex:coin_33040,nmo:hasPortrait,ex:uncertain
ex:coin_33044,nmo:hasPortrait,ex:uncertain
ex:coin_33066,nmo:hasPortrait,ex:uncertain
ex:coin_33070,nmo:hasPortrait,ex:uncertain
ex:coin_33078,nmo:hasPortrait,ex:uncertain
ex:coin_33085,nmo:hasPortrait,ex:uncertain
ex:coin_33086,nmo:hasPortrait,ex:uncertain
ex:coin_33110,nmo:hasPortrait,ex:uncertain
ex:coin_33222,nmo:hasPortrait,ex:uncertain
ex:coin_33236,nmo:hasPortrait,ex:uncertain
ex:coin_33247,nmo:hasPortrait,ex:uncertain
ex:coin_33257,nmo:hasPortrait,ex:uncertain
ex:coin_33302,nmo:hasPortrait,ex:uncertain
ex:coin_33336,nmo:hasPortrait,ex:uncertain
ex:coin_33356,nmo:hasPortrait,ex:uncertain
ex:coin_33384,nmo:hasPortrait,ex:uncertain
ex:coin_33391,nmo:hasPortrait,ex:uncertain
ex:coin_33395,nmo:hasPortrait,ex:uncertain
ex:coin_33396,nmo:hasPortrait,ex:uncertain
ex:coin_33401,nmo:hasPortrait,ex:uncertain
ex:coin_33405,nmo:hasPortrait,ex:uncertain
ex:coin_33424,nmo:hasPortrait,ex:uncertain
ex:coin_33426,nmo:hasPortrait,ex:uncertain
ex:coin_33427,nmo:hasPortrait,ex:uncertain
ex:coin_33428,nmo:hasPortrait,ex:uncertain
ex:coin_33433,nmo:hasPortrait,ex:uncertain
ex:coin_33453,nmo:hasPortrait,ex:uncertain
ex:coin_33477,nmo:hasPortrait,ex:uncertain
ex:coin_33501,nmo:hasPortrait,ex:uncertain
ex:coin_33544,nmo:hasPortrait,ex:uncertain
ex:coin_33548,nmo:hasPortrait,ex:uncertain
ex:coin_33584,nmo:hasPortrait,ex:uncertain
ex:coin_33590,nmo:hasPortrait,ex:uncertain
ex:coin_33684,nmo:hasPortrait,ex:uncertain
ex:coin_33745,nmo:hasPortrait,ex:uncertain
ex:coin_33760,nmo:hasPortrait,ex:uncertain
ex:coin_33761,nmo:hasPortrait,ex:uncertain
ex:coin_33853,nmo:hasPortrait,ex:uncertain
ex:coin_33941,nmo:hasPortrait,ex:uncertain
ex:coin_34216,nmo:hasPortrait,ex:uncertain
ex:coin_34299,nmo:hasPortrait,ex:uncertain
ex:coin_34368,nmo:hasPortrait,ex:uncertain
ex:coin_34409,nmo:hasPortrait,ex:uncertain
ex:coin_34724,nmo:hasPortrait,ex:uncertain
ex:coin_34728,nmo:hasPortrait,ex:uncertain
ex:coin_34774,nmo:hasPortrait,ex:uncertain
ex:coin_34808,nmo:hasPortrait,ex:uncertain
ex:coin_34821,nmo:hasPortrait,ex:uncertain
ex:coin_34823,nmo:hasPortrait,ex:uncertain
ex:coin_34829,nmo:hasPortrait,ex:uncertain
ex:coin_34857,nmo:hasPortrait,ex:uncertain
ex:coin_34863,nmo:hasPortrait,ex:uncertain
ex:coin_34866,nmo:hasPortrait,ex:uncertain
ex:coin_34871,nmo:hasPortrait,ex:uncertain
ex:coin_34875,nmo:hasPortrait,ex:uncertain
ex:coin_34879,nmo:hasPortrait,ex:uncertain
ex:coin_34885,nmo:hasPortrait,ex:uncertain
ex:coin_34894,nmo:hasPortrait,ex:uncertain
ex:coin_34901,nmo:hasPortrait,ex:uncertain
ex:coin_34913,nmo:hasPortrait,ex:uncertain
ex:coin_34926,nmo:hasPortrait,ex:uncertain
ex:coin_34928,nmo:hasPortrait,ex:uncertain
ex:coin_34969,nmo:hasPortrait,ex:uncertain
ex:coin_34983,nmo:hasPortrait,ex:uncertain
ex:coin_35048,nmo:hasPortrait,ex:uncertain
ex:coin_35086,nmo:hasPortrait,ex:uncertain
ex:coin_35232,nmo:hasPortrait,ex:uncertain
ex:coin_35248,nmo:hasPortrait,ex:uncertain
ex:coin_35267,nmo:hasPortrait,ex:uncertain
ex:coin_36362,nmo:hasPortrait,ex:uncertain
ex:coin_36440,nmo:hasPortrait,ex:uncertain
ex:coin_36530,nmo:hasPortrait,ex:uncertain
ex:coin_36626,nmo:hasPortrait,ex:uncertain
ex:coin_36798,nmo:hasPortrait,ex:uncertain
ex:coin_36838,nmo:hasPortrait,ex:uncertain
ex:coin_36861,nmo:hasPortrait,ex:uncertain
ex:coin_36872,nmo:hasPortrait,ex:uncertain
ex:coin_36874,nmo:hasPortrait,ex:uncertain
ex:coin_36878,nmo:hasPortrait,ex:uncertain
ex:coin_36882,nmo:hasPortrait,ex:uncertain
ex:coin_36888,nmo:hasPortrait,ex:uncertain
ex:coin_36892,nmo:hasPortrait,ex:uncertain
ex:coin_36899,nmo:hasPortrait,ex:uncertain
ex:coin_36907,nmo:hasPortrait,ex:uncertain
ex:coin_36912,nmo:hasPortrait,ex:uncertain
ex:coin_36913,nmo:hasPortrait,ex:uncertain
ex:coin_36914,nmo:hasPortrait,ex:uncertain
ex:coin_36917,nmo:hasPortrait,ex:uncertain
ex:coin_36932,nmo:hasPortrait,ex:uncertain
ex:coin_36942,nmo:hasPortrait,ex:uncertain
ex:coin_36954,nmo:hasPortrait,ex:uncertain
ex:coin_37517,nmo:hasPortrait,ex:uncertain
ex:coin_37721,nmo:hasPortrait,ex:uncertain
ex:coin_37736,nmo:hasPortrait,ex:uncertain
ex:coin_37742,nmo:hasPortrait,ex:uncertain
ex:coin_37826,nmo:hasPortrait,ex:uncertain
ex:coin_39209,nmo:hasPortrait,ex:uncertain
ex:coin_39318,nmo:hasPortrait,ex:uncertain
ex:coin_39360,nmo:hasPortrait,ex:uncertain
ex:coin_39792,nmo:hasPortrait,ex:uncertain
ex:coin_40102,nmo:hasPortrait,ex:uncertain
ex:coin_40127,nmo:hasPortrait,ex:uncertain
ex:coin_40142,nmo:hasPortrait,ex:uncertain
ex:coin_40145,nmo:hasPortrait,ex:uncertain
ex:coin_41453,nmo:hasPortrait,ex:uncertain
ex:coin_41470,nmo:hasPortrait,ex:uncertain
ex:coin_41483,nmo:hasPortrait,ex:uncertain
ex:coin_41487,nmo:hasPortrait,ex:uncertain
ex:coin_5703,nmo:hasPortrait,ex:uncertain
ex:coin_1618,nmo:hasPortrait,ex:uncertain
ex:coin_14761,nmo:hasPortrait,ex:uncertain
ex:coin_27389,nmo:hasPortrait,ex:uncertain
ex:coin_30267,nmo:hasPortrait,ex:uncertain
ex:coin_30913,nmo:hasPortrait,ex:uncertain
ex:coin_32683,nmo:hasPortrait,ex:uncertain
ex:coin_32754,nmo:hasPortrait,ex:uncertain
ex:coin_33507,nmo:hasPortrait,ex:uncertain
ex:coin_39720,nmo:hasPortrait,ex:uncertain
ex:coin_40092,nmo:hasPortrait,ex:uncertain
ex:coin_40097,nmo:hasPortrait,ex:uncertain
ex:coin_40109,nmo:hasPortrait,ex:uncertain
ex:coin_41343,nmo:hasPortrait,ex:uncertain
ex:coin_41540,nmo:hasPortrait,ex:uncertain
ex:coin_42181,nmo:hasPortrait,ex:uncertain
ex:coin_42307,nmo:hasPortrait,ex:uncertain
ex:coin_42312,nmo:hasPortrait,ex:uncertain
ex:coin_42318,nmo:hasPortrait,ex:uncertain
ex:coin_42319,nmo:hasPortrait,ex:uncertain
ex:coin_42320,nmo:hasPortrait,ex:uncertain
ex:coin_42322,nmo:hasPortrait,ex:uncertain
ex:coin_42632,nmo:hasPortrait,ex:uncertain
ex:coin_42633,nmo:hasPortrait,ex:uncertain
ex:coin_42634,nmo:hasPortrait,ex:uncertain
ex:coin_42649,nmo:hasPortrait,ex:uncertain
ex:coin_42650,nmo:hasPortrait,ex:uncertain
ex:coin_42652,nmo:hasPortrait,ex:uncertain
ex:coin_42653,nmo:hasPortrait,ex:uncertain
ex:coin_42654,nmo:hasPortrait,ex:uncertain
ex:coin_42656,nmo:hasPortrait,ex:uncertain
ex:coin_42657,nmo:hasPortrait,ex:uncertain
ex:coin_42658,nmo:hasPortrait,ex:uncertain
ex:coin_42659,nmo:hasPortrait,ex:uncertain
ex:coin_42660,nmo:hasPortrait,ex:uncertain
ex:coin_42661,nmo:hasPortrait,ex:uncertain
ex:coin_42662,nmo:hasPortrait,ex:uncertain
ex:coin_42663,nmo:hasPortrait,ex:uncertain
ex:coin_42664,nmo:hasPortrait,ex:uncertain
ex:coin_42665,nmo:hasPortrait,ex:uncertain
ex:coin_42666,nmo:hasPortrait,ex:uncertain
ex:coin_42667,nmo:hasPortrait,ex:uncertain
ex:coin_42668,nmo:hasPortrait,ex:uncertain
ex:coin_16853,nmo:hasPortrait,ex:uncertain
ex:coin_16859,nmo:hasPortrait,ex:uncertain
ex:coin_30206,nmo:hasPortrait,ex:uncertain
ex:coin_33570,nmo:hasPortrait,ex:uncertain
ex:coin_41479,nmo:hasPortrait,ex:uncertain
ex:coin_1530,nmo:hasPortrait,ex:uncertain
ex:coin_1613,nmo:hasPortrait,ex:uncertain
ex:coin_1616,nmo:hasPortrait,ex:uncertain
ex:coin_1627,nmo:hasPortrait,ex:uncertain
ex:coin_1628,nmo:hasPortrait,ex:uncertain
ex:coin_5085,nmo:hasPortrait,ex:uncertain
ex:coin_5090,nmo:hasPortrait,ex:uncertain
ex:coin_27385,nmo:hasPortrait,ex:uncertain
ex:coin_28510,nmo:hasPortrait,ex:uncertain
ex:coin_28511,nmo:hasPortrait,ex:uncertain
ex:coin_29154,nmo:hasPortrait,ex:uncertain
ex:coin_29619,nmo:hasPortrait,ex:uncertain
ex:coin_29621,nmo:hasPortrait,ex:uncertain
ex:coin_29622,nmo:hasPortrait,ex:uncertain
ex:coin_30003,nmo:hasPortrait,ex:uncertain
ex:coin_30346,nmo:hasPortrait,ex:uncertain
ex:coin_30438,nmo:hasPortrait,ex:uncertain
ex:coin_30483,nmo:hasPortrait,ex:uncertain
ex:coin_30517,nmo:hasPortrait,ex:uncertain
ex:coin_30780,nmo:hasPortrait,ex:uncertain
ex:coin_30869,nmo:hasPortrait,ex:uncertain
ex:coin_31565,nmo:hasPortrait,ex:uncertain
ex:coin_31684,nmo:hasPortrait,ex:uncertain
ex:coin_31718,nmo:hasPortrait,ex:uncertain
ex:coin_31803,nmo:hasPortrait,ex:uncertain
ex:coin_31940,nmo:hasPortrait,ex:uncertain
ex:coin_31981,nmo:hasPortrait,ex:uncertain
ex:coin_32013,nmo:hasPortrait,ex:uncertain
ex:coin_32042,nmo:hasPortrait,ex:uncertain
ex:coin_32247,nmo:hasPortrait,ex:uncertain
ex:coin_32293,nmo:hasPortrait,ex:uncertain
ex:coin_32308,nmo:hasPortrait,ex:uncertain
ex:coin_32411,nmo:hasPortrait,ex:uncertain
ex:coin_32533,nmo:hasPortrait,ex:uncertain
ex:coin_32579,nmo:hasPortrait,ex:uncertain
ex:coin_32595,nmo:hasPortrait,ex:uncertain
ex:coin_32656,nmo:hasPortrait,ex:uncertain
ex:coin_32741,nmo:hasPortrait,ex:uncertain
ex:coin_32917,nmo:hasPortrait,ex:uncertain
ex:coin_32926,nmo:hasPortrait,ex:uncertain
ex:coin_33371,nmo:hasPortrait,ex:uncertain
ex:coin_33437,nmo:hasPortrait,ex:uncertain
ex:coin_33455,nmo:hasPortrait,ex:uncertain
ex:coin_33868,nmo:hasPortrait,ex:uncertain
ex:coin_37934,nmo:hasPortrait,ex:uncertain
ex:coin_37987,nmo:hasPortrait,ex:uncertain
ex:coin_38022,nmo:hasPortrait,ex:uncertain
ex:coin_38047,nmo:hasPortrait,ex:uncertain
ex:coin_38048,nmo:hasPortrait,ex:uncertain
ex:coin_38126,nmo:hasPortrait,ex:uncertain
ex:coin_38345,nmo:hasPortrait,ex:uncertain
ex:coin_38433,nmo:hasPortrait,ex:uncertain
ex:coin_39784,nmo:hasPortrait,ex:uncertain
ex:coin_40081,nmo:hasPortrait,ex:uncertain
ex:coin_28002,nmo:hasPortrait,ex:uncertain
ex:coin_30179,nmo:hasPortrait,ex:uncertain
