s,o,p
ex:coin_34,ex:person_60,nmo:hasPortrait
ex:coin_126,ex:person_60,nmo:hasPortrait
ex:coin_166,ex:person_60,nmo:hasPortrait
ex:coin_177,ex:person_60,nmo:hasPortrait
ex:coin_210,ex:person_60,nmo:hasPortrait
ex:coin_1416,ex:person_60,nmo:hasPortrait
ex:coin_1417,ex:person_60,nmo:hasPortrait
ex:coin_911,ex:person_71,nmo:hasPortrait
ex:coin_1534,ex:person_2,nmo:hasPortrait
ex:coin_1592,ex:person_2,nmo:hasPortrait
ex:coin_1601,ex:person_2,nmo:hasPortrait
ex:coin_1607,ex:person_2,nmo:hasPortrait
ex:coin_1609,ex:person_2,nmo:hasPortrait
ex:coin_1812,ex:person_2,nmo:hasPortrait
ex:coin_5770,ex:person_107,nmo:hasPortrait
ex:coin_6421,ex:person_2,nmo:hasPortrait
ex:coin_9073,ex:person_2,nmo:hasPortrait
ex:coin_9427,ex:person_2,nmo:hasPortrait
ex:coin_9497,ex:person_4,nmo:hasPortrait
ex:coin_10123,ex:person_2,nmo:hasPortrait
ex:coin_10154,ex:person_2,nmo:hasPortrait
ex:coin_11651,ex:person_2,nmo:hasPortrait
ex:coin_12037,ex:person_2,nmo:hasPortrait
ex:coin_12365,ex:person_2,nmo:hasPortrait
ex:coin_12366,ex:person_2,nmo:hasPortrait
ex:coin_12831,ex:person_2,nmo:hasPortrait
ex:coin_13232,ex:person_2,nmo:hasPortrait
ex:coin_13504,ex:person_2,nmo:hasPortrait
ex:coin_14201,ex:person_2,nmo:hasPortrait
ex:coin_15055,ex:person_2,nmo:hasPortrait
ex:coin_16275,ex:person_2,nmo:hasPortrait
ex:coin_16276,ex:person_2,nmo:hasPortrait
ex:coin_17623,ex:person_2,nmo:hasPortrait
ex:coin_18266,ex:person_2,nmo:hasPortrait
ex:coin_18398,ex:person_2,nmo:hasPortrait
ex:coin_28157,ex:person_2,nmo:hasPortrait
ex:coin_28158,ex:person_2,nmo:hasPortrait
ex:coin_28159,ex:person_2,nmo:hasPortrait
ex:coin_28160,ex:person_2,nmo:hasPortrait
ex:coin_28161,ex:person_2,nmo:hasPortrait
ex:coin_28162,ex:person_2,nmo:hasPortrait
ex:coin_28163,ex:person_2,nmo:hasPortrait
ex:coin_28164,ex:person_2,nmo:hasPortrait
ex:coin_28165,ex:person_2,nmo:hasPortrait
ex:coin_28166,ex:person_2,nmo:hasPortrait
ex:coin_28167,ex:person_2,nmo:hasPortrait
ex:coin_28168,ex:person_2,nmo:hasPortrait
ex:coin_28169,ex:person_2,nmo:hasPortrait
ex:coin_28170,ex:person_2,nmo:hasPortrait
ex:coin_28171,ex:person_2,nmo:hasPortrait
ex:coin_28172,ex:person_2,nmo:hasPortrait
ex:coin_28173,ex:person_2,nmo:hasPortrait
ex:coin_28174,ex:person_2,nmo:hasPortrait
ex:coin_28175,ex:person_2,nmo:hasPortrait
ex:coin_28176,ex:person_2,nmo:hasPortrait
ex:coin_28177,ex:person_2,nmo:hasPortrait
ex:coin_28178,ex:person_2,nmo:hasPortrait
ex:coin_28179,ex:person_2,nmo:hasPortrait
ex:coin_28180,ex:person_2,nmo:hasPortrait
ex:coin_28181,ex:person_2,nmo:hasPortrait
ex:coin_28182,ex:person_2,nmo:hasPortrait
ex:coin_28183,ex:person_2,nmo:hasPortrait
ex:coin_28184,ex:person_2,nmo:hasPortrait
ex:coin_28185,ex:person_2,nmo:hasPortrait
ex:coin_28186,ex:person_2,nmo:hasPortrait
ex:coin_28187,ex:person_2,nmo:hasPortrait
ex:coin_28188,ex:person_2,nmo:hasPortrait
ex:coin_28189,ex:person_2,nmo:hasPortrait
ex:coin_28190,ex:person_2,nmo:hasPortrait
ex:coin_28191,ex:person_2,nmo:hasPortrait
ex:coin_28192,ex:person_2,nmo:hasPortrait
ex:coin_28193,ex:person_2,nmo:hasPortrait
ex:coin_28194,ex:person_2,nmo:hasPortrait
ex:coin_28195,ex:person_2,nmo:hasPortrait
ex:coin_28196,ex:person_2,nmo:hasPortrait
ex:coin_28380,ex:person_2,nmo:hasPortrait
ex:coin_29574,ex:person_2,nmo:hasPortrait
ex:coin_30207,ex:person_2,nmo:hasPortrait
ex:coin_30573,ex:person_2,nmo:hasPortrait
ex:coin_30613,ex:person_2,nmo:hasPortrait
ex:coin_31632,ex:person_2,nmo:hasPortrait
ex:coin_31658,ex:person_2,nmo:hasPortrait
ex:coin_31736,ex:person_2,nmo:hasPortrait
ex:coin_32034,ex:person_2,nmo:hasPortrait
ex:coin_32267,ex:person_2,nmo:hasPortrait
ex:coin_32568,ex:person_2,nmo:hasPortrait
ex:coin_33331,ex:person_2,nmo:hasPortrait
ex:coin_33518,ex:person_2,nmo:hasPortrait
ex:coin_33577,ex:person_2,nmo:hasPortrait
ex:coin_34220,ex:person_2,nmo:hasPortrait
ex:coin_34318,ex:person_2,nmo:hasPortrait
ex:coin_34365,ex:person_2,nmo:hasPortrait
ex:coin_34522,ex:person_2,nmo:hasPortrait
ex:coin_34629,ex:person_4,nmo:hasPortrait
ex:coin_34697,ex:person_2,nmo:hasPortrait
ex:coin_34837,ex:person_2,nmo:hasPortrait
ex:coin_35007,ex:person_2,nmo:hasPortrait
ex:coin_35008,ex:person_2,nmo:hasPortrait
ex:coin_35072,ex:person_2,nmo:hasPortrait
ex:coin_35073,ex:person_2,nmo:hasPortrait
ex:coin_35074,ex:person_2,nmo:hasPortrait
ex:coin_35130,ex:person_2,nmo:hasPortrait
ex:coin_35149,ex:person_2,nmo:hasPortrait
ex:coin_35235,ex:person_2,nmo:hasPortrait
ex:coin_35241,ex:person_2,nmo:hasPortrait
ex:coin_35279,ex:person_2,nmo:hasPortrait
ex:coin_36829,ex:person_2,nmo:hasPortrait
ex:coin_36865,ex:person_2,nmo:hasPortrait
ex:coin_36971,ex:person_2,nmo:hasPortrait
ex:coin_284,ex:person_46,nmo:hasPortrait
ex:coin_1535,ex:person_4,nmo:hasPortrait
ex:coin_1585,ex:person_4,nmo:hasPortrait
ex:coin_1791,ex:person_4,nmo:hasPortrait
ex:coin_1876,ex:person_4,nmo:hasPortrait
ex:coin_1877,ex:person_4,nmo:hasPortrait
ex:coin_1878,ex:person_4,nmo:hasPortrait
ex:coin_1879,ex:person_4,nmo:hasPortrait
ex:coin_1880,ex:person_4,nmo:hasPortrait
ex:coin_5350,ex:person_4,nmo:hasPortrait
ex:coin_5405,ex:person_4,nmo:hasPortrait
ex:coin_5756,ex:person_156,nmo:hasPortrait
ex:coin_6197,ex:person_4,nmo:hasPortrait
ex:coin_6448,ex:person_4,nmo:hasPortrait
ex:coin_6505,ex:person_4,nmo:hasPortrait
ex:coin_6555,ex:person_4,nmo:hasPortrait
ex:coin_6612,ex:person_107,nmo:hasPortrait
ex:coin_7550,ex:person_4,nmo:hasPortrait
ex:coin_7922,ex:person_154,nmo:hasPortrait
ex:coin_7999,ex:person_4,nmo:hasPortrait
ex:coin_8376,ex:person_4,nmo:hasPortrait
ex:coin_8562,ex:person_107,nmo:hasPortrait
ex:coin_8581,ex:person_4,nmo:hasPortrait
ex:coin_8681,ex:person_4,nmo:hasPortrait
ex:coin_10956,ex:person_4,nmo:hasPortrait
ex:coin_11034,ex:person_4,nmo:hasPortrait
ex:coin_11035,ex:person_4,nmo:hasPortrait
ex:coin_13087,ex:person_4,nmo:hasPortrait
ex:coin_13426,ex:person_4,nmo:hasPortrait
ex:coin_14185,ex:person_4,nmo:hasPortrait
ex:coin_14190,ex:person_4,nmo:hasPortrait
ex:coin_14202,ex:person_4,nmo:hasPortrait
ex:coin_15659,ex:person_4,nmo:hasPortrait
ex:coin_16416,ex:person_4,nmo:hasPortrait
ex:coin_16419,ex:person_4,nmo:hasPortrait
ex:coin_18377,ex:person_4,nmo:hasPortrait
ex:coin_35009,ex:person_4,nmo:hasPortrait
ex:coin_35010,ex:person_4,nmo:hasPortrait
ex:coin_35011,ex:person_4,nmo:hasPortrait
ex:coin_35012,ex:person_4,nmo:hasPortrait
ex:coin_35013,ex:person_4,nmo:hasPortrait
ex:coin_35014,ex:person_4,nmo:hasPortrait
ex:coin_35015,ex:person_4,nmo:hasPortrait
ex:coin_35016,ex:person_4,nmo:hasPortrait
ex:coin_35077,ex:person_4,nmo:hasPortrait
ex:coin_35102,ex:person_4,nmo:hasPortrait
ex:coin_35103,ex:person_4,nmo:hasPortrait
ex:coin_35118,ex:person_4,nmo:hasPortrait
ex:coin_35125,ex:person_4,nmo:hasPortrait
ex:coin_35167,ex:person_4,nmo:hasPortrait
ex:coin_35169,ex:person_4,nmo:hasPortrait
ex:coin_35179,ex:person_4,nmo:hasPortrait
ex:coin_35196,ex:person_4,nmo:hasPortrait
ex:coin_35203,ex:person_4,nmo:hasPortrait
ex:coin_35204,ex:person_4,nmo:hasPortrait
ex:coin_35210,ex:person_4,nmo:hasPortrait
ex:coin_35212,ex:person_4,nmo:hasPortrait
ex:coin_35228,ex:person_4,nmo:hasPortrait
ex:coin_35233,ex:person_4,nmo:hasPortrait
ex:coin_35243,ex:person_4,nmo:hasPortrait
ex:coin_35250,ex:person_4,nmo:hasPortrait
ex:coin_35256,ex:person_4,nmo:hasPortrait
ex:coin_35261,ex:person_4,nmo:hasPortrait
ex:coin_35268,ex:person_4,nmo:hasPortrait
ex:coin_35285,ex:person_4,nmo:hasPortrait
ex:coin_35289,ex:person_4,nmo:hasPortrait
ex:coin_36972,ex:person_4,nmo:hasPortrait
ex:coin_36978,ex:person_4,nmo:hasPortrait
ex:coin_36986,ex:person_4,nmo:hasPortrait
ex:coin_36987,ex:person_4,nmo:hasPortrait
ex:coin_36988,ex:person_4,nmo:hasPortrait
ex:coin_41407,ex:person_156,nmo:hasPortrait
ex:coin_42924,ex:person_4,nmo:hasPortrait
ex:coin_795,ex:person_4,nmo:hasPortrait
ex:coin_6249,ex:person_5,nmo:hasPortrait
ex:coin_6567,ex:person_4,nmo:hasPortrait
ex:coin_6718,ex:person_5,nmo:hasPortrait
ex:coin_6877,ex:person_108,nmo:hasPortrait
ex:coin_7620,ex:person_5,nmo:hasPortrait
ex:coin_9081,ex:person_108,nmo:hasPortrait
ex:coin_10543,ex:person_107,nmo:hasPortrait
ex:coin_12495,ex:person_107,nmo:hasPortrait
ex:coin_12593,ex:person_5,nmo:hasPortrait
ex:coin_12636,ex:person_107,nmo:hasPortrait
ex:coin_14212,ex:person_5,nmo:hasPortrait
ex:coin_15001,ex:person_5,nmo:hasPortrait
ex:coin_15115,ex:person_107,nmo:hasPortrait
ex:coin_15118,ex:person_107,nmo:hasPortrait
ex:coin_16252,ex:person_107,nmo:hasPortrait
ex:coin_33323,ex:person_4,nmo:hasPortrait
ex:coin_34976,ex:person_107,nmo:hasPortrait
ex:coin_34977,ex:person_107,nmo:hasPortrait
ex:coin_34978,ex:person_107,nmo:hasPortrait
ex:coin_34980,ex:person_5,nmo:hasPortrait
ex:coin_35021,ex:person_107,nmo:hasPortrait
ex:coin_35022,ex:person_5,nmo:hasPortrait
ex:coin_35023,ex:person_5,nmo:hasPortrait
ex:coin_35024,ex:person_5,nmo:hasPortrait
ex:coin_35025,ex:person_5,nmo:hasPortrait
ex:coin_35026,ex:person_5,nmo:hasPortrait
ex:coin_35027,ex:person_5,nmo:hasPortrait
ex:coin_35056,ex:person_4,nmo:hasPortrait
ex:coin_35080,ex:person_107,nmo:hasPortrait
ex:coin_35081,ex:person_107,nmo:hasPortrait
ex:coin_35119,ex:person_4,nmo:hasPortrait
ex:coin_35135,ex:person_4,nmo:hasPortrait
ex:coin_35140,ex:person_4,nmo:hasPortrait
ex:coin_35145,ex:person_5,nmo:hasPortrait
ex:coin_35209,ex:person_5,nmo:hasPortrait
ex:coin_35217,ex:person_107,nmo:hasPortrait
ex:coin_35220,ex:person_5,nmo:hasPortrait
ex:coin_35224,ex:person_107,nmo:hasPortrait
ex:coin_35225,ex:person_107,nmo:hasPortrait
ex:coin_35252,ex:person_5,nmo:hasPortrait
ex:coin_35278,ex:person_107,nmo:hasPortrait
ex:coin_35293,ex:person_4,nmo:hasPortrait
ex:coin_36973,ex:person_5,nmo:hasPortrait
ex:coin_1792,ex:person_4,nmo:hasPortrait
ex:coin_7490,ex:person_112,nmo:hasPortrait
ex:coin_8432,ex:person_5,nmo:hasPortrait
ex:coin_8518,ex:person_112,nmo:hasPortrait
ex:coin_8583,ex:person_5,nmo:hasPortrait
ex:coin_9277,ex:person_112,nmo:hasPortrait
ex:coin_12758,ex:person_108,nmo:hasPortrait
ex:coin_16622,ex:person_112,nmo:hasPortrait
ex:coin_28104,ex:person_109,nmo:hasPortrait
ex:coin_34981,ex:person_5,nmo:hasPortrait
ex:coin_35262,ex:person_184,nmo:hasPortrait
ex:coin_40147,ex:person_108,nmo:hasPortrait
ex:coin_41405,ex:person_112,nmo:hasPortrait
ex:coin_41535,ex:person_155,nmo:hasPortrait
ex:coin_35263,ex:person_6,nmo:hasPortrait
ex:coin_796,ex:person_7,nmo:hasPortrait
ex:coin_799,ex:person_7,nmo:hasPortrait
ex:coin_806,ex:person_6,nmo:hasPortrait
ex:coin_842,ex:person_7,nmo:hasPortrait
ex:coin_844,ex:person_6,nmo:hasPortrait
ex:coin_987,ex:person_7,nmo:hasPortrait
ex:coin_1161,ex:person_6,nmo:hasPortrait
ex:coin_1202,ex:person_7,nmo:hasPortrait
ex:coin_2895,ex:person_6,nmo:hasPortrait
ex:coin_2896,ex:person_6,nmo:hasPortrait
ex:coin_3158,ex:person_7,nmo:hasPortrait
ex:coin_3263,ex:person_7,nmo:hasPortrait
ex:coin_3264,ex:person_7,nmo:hasPortrait
ex:coin_3265,ex:person_6,nmo:hasPortrait
ex:coin_3379,ex:person_7,nmo:hasPortrait
ex:coin_3496,ex:person_6,nmo:hasPortrait
ex:coin_3497,ex:person_6,nmo:hasPortrait
ex:coin_3498,ex:person_6,nmo:hasPortrait
ex:coin_3499,ex:person_6,nmo:hasPortrait
ex:coin_3638,ex:person_6,nmo:hasPortrait
ex:coin_3639,ex:person_6,nmo:hasPortrait
ex:coin_3640,ex:person_7,nmo:hasPortrait
ex:coin_3641,ex:person_7,nmo:hasPortrait
ex:coin_3642,ex:person_7,nmo:hasPortrait
ex:coin_3643,ex:person_7,nmo:hasPortrait
ex:coin_3920,ex:person_7,nmo:hasPortrait
ex:coin_3921,ex:person_7,nmo:hasPortrait
ex:coin_3922,ex:person_7,nmo:hasPortrait
ex:coin_3923,ex:person_7,nmo:hasPortrait
ex:coin_3924,ex:person_7,nmo:hasPortrait
ex:coin_3925,ex:person_7,nmo:hasPortrait
ex:coin_3926,ex:person_7,nmo:hasPortrait
ex:coin_3927,ex:person_7,nmo:hasPortrait
ex:coin_4488,ex:person_6,nmo:hasPortrait
ex:coin_4489,ex:person_6,nmo:hasPortrait
ex:coin_4490,ex:person_6,nmo:hasPortrait
ex:coin_4491,ex:person_6,nmo:hasPortrait
ex:coin_4492,ex:person_7,nmo:hasPortrait
ex:coin_4493,ex:person_7,nmo:hasPortrait
ex:coin_4683,ex:person_6,nmo:hasPortrait
ex:coin_4797,ex:person_6,nmo:hasPortrait
ex:coin_4801,ex:person_7,nmo:hasPortrait
ex:coin_4802,ex:person_7,nmo:hasPortrait
ex:coin_5001,ex:person_7,nmo:hasPortrait
ex:coin_5011,ex:person_6,nmo:hasPortrait
ex:coin_5156,ex:person_6,nmo:hasPortrait
ex:coin_5157,ex:person_6,nmo:hasPortrait
ex:coin_5158,ex:person_7,nmo:hasPortrait
ex:coin_5159,ex:person_7,nmo:hasPortrait
ex:coin_5160,ex:person_7,nmo:hasPortrait
ex:coin_5411,ex:person_6,nmo:hasPortrait
ex:coin_5495,ex:person_6,nmo:hasPortrait
ex:coin_5655,ex:person_6,nmo:hasPortrait
ex:coin_6434,ex:person_6,nmo:hasPortrait
ex:coin_6540,ex:person_6,nmo:hasPortrait
ex:coin_7697,ex:person_6,nmo:hasPortrait
ex:coin_7698,ex:person_6,nmo:hasPortrait
ex:coin_7699,ex:person_6,nmo:hasPortrait
ex:coin_7700,ex:person_6,nmo:hasPortrait
ex:coin_7701,ex:person_6,nmo:hasPortrait
ex:coin_7702,ex:person_6,nmo:hasPortrait
ex:coin_7703,ex:person_6,nmo:hasPortrait
ex:coin_7704,ex:person_7,nmo:hasPortrait
ex:coin_7705,ex:person_7,nmo:hasPortrait
ex:coin_7706,ex:person_7,nmo:hasPortrait
ex:coin_7707,ex:person_7,nmo:hasPortrait
ex:coin_7708,ex:person_7,nmo:hasPortrait
ex:coin_7709,ex:person_7,nmo:hasPortrait
ex:coin_7710,ex:person_7,nmo:hasPortrait
ex:coin_8557,ex:person_6,nmo:hasPortrait
ex:coin_8925,ex:person_6,nmo:hasPortrait
ex:coin_8974,ex:person_7,nmo:hasPortrait
ex:coin_9298,ex:person_6,nmo:hasPortrait
ex:coin_10155,ex:person_6,nmo:hasPortrait
ex:coin_10163,ex:person_6,nmo:hasPortrait
ex:coin_10205,ex:person_6,nmo:hasPortrait
ex:coin_12028,ex:person_6,nmo:hasPortrait
ex:coin_12072,ex:person_7,nmo:hasPortrait
ex:coin_12297,ex:person_6,nmo:hasPortrait
ex:coin_12350,ex:person_6,nmo:hasPortrait
ex:coin_13130,ex:person_6,nmo:hasPortrait
ex:coin_13623,ex:person_7,nmo:hasPortrait
ex:coin_13732,ex:person_7,nmo:hasPortrait
ex:coin_13750,ex:person_6,nmo:hasPortrait
ex:coin_13778,ex:person_6,nmo:hasPortrait
ex:coin_13826,ex:person_7,nmo:hasPortrait
ex:coin_14317,ex:person_6,nmo:hasPortrait
ex:coin_14318,ex:person_6,nmo:hasPortrait
ex:coin_14319,ex:person_6,nmo:hasPortrait
ex:coin_15563,ex:person_7,nmo:hasPortrait
ex:coin_15602,ex:person_6,nmo:hasPortrait
ex:coin_15661,ex:person_6,nmo:hasPortrait
ex:coin_15691,ex:person_7,nmo:hasPortrait
ex:coin_16028,ex:person_6,nmo:hasPortrait
ex:coin_16043,ex:person_7,nmo:hasPortrait
ex:coin_16272,ex:person_6,nmo:hasPortrait
ex:coin_16645,ex:person_6,nmo:hasPortrait
ex:coin_16646,ex:person_6,nmo:hasPortrait
ex:coin_16797,ex:person_6,nmo:hasPortrait
ex:coin_17148,ex:person_7,nmo:hasPortrait
ex:coin_17795,ex:person_7,nmo:hasPortrait
ex:coin_28106,ex:person_7,nmo:hasPortrait
ex:coin_28215,ex:person_6,nmo:hasPortrait
ex:coin_28384,ex:person_7,nmo:hasPortrait
ex:coin_28385,ex:person_7,nmo:hasPortrait
ex:coin_28646,ex:person_6,nmo:hasPortrait
ex:coin_28782,ex:person_7,nmo:hasPortrait
ex:coin_30166,ex:person_7,nmo:hasPortrait
ex:coin_35464,ex:person_6,nmo:hasPortrait
ex:coin_35465,ex:person_6,nmo:hasPortrait
ex:coin_35466,ex:person_7,nmo:hasPortrait
ex:coin_35467,ex:person_7,nmo:hasPortrait
ex:coin_35495,ex:person_7,nmo:hasPortrait
ex:coin_35522,ex:person_6,nmo:hasPortrait
ex:coin_35530,ex:person_7,nmo:hasPortrait
ex:coin_35531,ex:person_7,nmo:hasPortrait
ex:coin_35544,ex:person_7,nmo:hasPortrait
ex:coin_35574,ex:person_6,nmo:hasPortrait
ex:coin_35602,ex:person_6,nmo:hasPortrait
ex:coin_35608,ex:person_6,nmo:hasPortrait
ex:coin_35620,ex:person_6,nmo:hasPortrait
ex:coin_35622,ex:person_6,nmo:hasPortrait
ex:coin_35628,ex:person_6,nmo:hasPortrait
ex:coin_35631,ex:person_6,nmo:hasPortrait
ex:coin_35633,ex:person_6,nmo:hasPortrait
ex:coin_35650,ex:person_6,nmo:hasPortrait
ex:coin_35660,ex:person_7,nmo:hasPortrait
ex:coin_40188,ex:person_6,nmo:hasPortrait
ex:coin_40189,ex:person_6,nmo:hasPortrait
ex:coin_40190,ex:person_6,nmo:hasPortrait
ex:coin_40191,ex:person_6,nmo:hasPortrait
ex:coin_40192,ex:person_7,nmo:hasPortrait
ex:coin_788,ex:person_7,nmo:hasPortrait
ex:coin_820,ex:person_7,nmo:hasPortrait
ex:coin_1129,ex:person_9,nmo:hasPortrait
ex:coin_1681,ex:person_7,nmo:hasPortrait
ex:coin_1966,ex:person_9,nmo:hasPortrait
ex:coin_2898,ex:person_172,nmo:hasPortrait
ex:coin_2982,ex:person_7,nmo:hasPortrait
ex:coin_3159,ex:person_7,nmo:hasPortrait
ex:coin_3160,ex:person_7,nmo:hasPortrait
ex:coin_3647,ex:person_7,nmo:hasPortrait
ex:coin_3648,ex:person_9,nmo:hasPortrait
ex:coin_3649,ex:person_9,nmo:hasPortrait
ex:coin_3650,ex:person_9,nmo:hasPortrait
ex:coin_3937,ex:person_7,nmo:hasPortrait
ex:coin_3938,ex:person_7,nmo:hasPortrait
ex:coin_3939,ex:person_7,nmo:hasPortrait
ex:coin_3940,ex:person_7,nmo:hasPortrait
ex:coin_3941,ex:person_7,nmo:hasPortrait
ex:coin_3942,ex:person_7,nmo:hasPortrait
ex:coin_3943,ex:person_7,nmo:hasPortrait
ex:coin_3944,ex:person_7,nmo:hasPortrait
ex:coin_3945,ex:person_9,nmo:hasPortrait
ex:coin_3946,ex:person_9,nmo:hasPortrait
ex:coin_3947,ex:person_9,nmo:hasPortrait
ex:coin_3948,ex:person_172,nmo:hasPortrait
ex:coin_3949,ex:person_172,nmo:hasPortrait
ex:coin_3950,ex:person_172,nmo:hasPortrait
ex:coin_4499,ex:person_9,nmo:hasPortrait
ex:coin_4799,ex:person_9,nmo:hasPortrait
ex:coin_4800,ex:person_9,nmo:hasPortrait
ex:coin_4876,ex:person_172,nmo:hasPortrait
ex:coin_5164,ex:person_7,nmo:hasPortrait
ex:coin_5165,ex:person_7,nmo:hasPortrait
ex:coin_5166,ex:person_9,nmo:hasPortrait
ex:coin_7502,ex:person_7,nmo:hasPortrait
ex:coin_7721,ex:person_7,nmo:hasPortrait
ex:coin_7722,ex:person_7,nmo:hasPortrait
ex:coin_7723,ex:person_7,nmo:hasPortrait
ex:coin_7724,ex:person_7,nmo:hasPortrait
ex:coin_7725,ex:person_9,nmo:hasPortrait
ex:coin_7726,ex:person_9,nmo:hasPortrait
ex:coin_8058,ex:person_7,nmo:hasPortrait
ex:coin_8137,ex:person_9,nmo:hasPortrait
ex:coin_8138,ex:person_9,nmo:hasPortrait
ex:coin_9498,ex:person_172,nmo:hasPortrait
ex:coin_10048,ex:person_9,nmo:hasPortrait
ex:coin_11581,ex:person_7,nmo:hasPortrait
ex:coin_13527,ex:person_7,nmo:hasPortrait
ex:coin_14115,ex:person_9,nmo:hasPortrait
ex:coin_14195,ex:person_7,nmo:hasPortrait
ex:coin_14975,ex:person_172,nmo:hasPortrait
ex:coin_15958,ex:person_7,nmo:hasPortrait
ex:coin_16287,ex:person_7,nmo:hasPortrait
ex:coin_17815,ex:person_9,nmo:hasPortrait
ex:coin_27298,ex:person_5,nmo:hasPortrait
ex:coin_33483,ex:person_7,nmo:hasPortrait
ex:coin_35473,ex:person_7,nmo:hasPortrait
ex:coin_35497,ex:person_7,nmo:hasPortrait
ex:coin_35498,ex:person_172,nmo:hasPortrait
ex:coin_35512,ex:person_7,nmo:hasPortrait
ex:coin_35570,ex:person_7,nmo:hasPortrait
ex:coin_35609,ex:person_172,nmo:hasPortrait
ex:coin_35634,ex:person_7,nmo:hasPortrait
ex:coin_35647,ex:person_9,nmo:hasPortrait
ex:coin_39116,ex:person_7,nmo:hasPortrait
ex:coin_42931,ex:person_7,nmo:hasPortrait
ex:coin_3996,ex:person_152,nmo:hasPortrait
ex:coin_5542,ex:person_2,nmo:hasPortrait
ex:coin_12497,ex:person_9,nmo:hasPortrait
ex:coin_35357,ex:person_4,nmo:hasPortrait
ex:coin_35414,ex:person_4,nmo:hasPortrait
ex:coin_1861,ex:person_130,nmo:hasPortrait
ex:coin_3553,ex:person_189,nmo:hasPortrait
ex:coin_3554,ex:person_179,nmo:hasPortrait
ex:coin_4285,ex:person_189,nmo:hasPortrait
ex:coin_4286,ex:person_179,nmo:hasPortrait
ex:coin_4287,ex:person_179,nmo:hasPortrait
ex:coin_6322,ex:person_179,nmo:hasPortrait
ex:coin_7738,ex:person_179,nmo:hasPortrait
ex:coin_40180,ex:person_179,nmo:hasPortrait
ex:coin_42315,ex:person_4,nmo:hasPortrait
ex:coin_269,ex:person_12,nmo:hasPortrait
ex:coin_762,ex:person_12,nmo:hasPortrait
ex:coin_1173,ex:person_13,nmo:hasPortrait
ex:coin_1648,ex:person_11,nmo:hasPortrait
ex:coin_1657,ex:person_11,nmo:hasPortrait
ex:coin_1820,ex:person_11,nmo:hasPortrait
ex:coin_1921,ex:person_11,nmo:hasPortrait
ex:coin_1922,ex:person_11,nmo:hasPortrait
ex:coin_1923,ex:person_11,nmo:hasPortrait
ex:coin_2137,ex:person_11,nmo:hasPortrait
ex:coin_2235,ex:person_132,nmo:hasPortrait
ex:coin_2268,ex:person_11,nmo:hasPortrait
ex:coin_2269,ex:person_11,nmo:hasPortrait
ex:coin_2270,ex:person_11,nmo:hasPortrait
ex:coin_2271,ex:person_11,nmo:hasPortrait
ex:coin_2272,ex:person_11,nmo:hasPortrait
ex:coin_2273,ex:person_13,nmo:hasPortrait
ex:coin_2274,ex:person_13,nmo:hasPortrait
ex:coin_2275,ex:person_13,nmo:hasPortrait
ex:coin_2276,ex:person_13,nmo:hasPortrait
ex:coin_2277,ex:person_12,nmo:hasPortrait
ex:coin_2884,ex:person_11,nmo:hasPortrait
ex:coin_2967,ex:person_11,nmo:hasPortrait
ex:coin_3101,ex:person_11,nmo:hasPortrait
ex:coin_3277,ex:person_11,nmo:hasPortrait
ex:coin_3278,ex:person_11,nmo:hasPortrait
ex:coin_3279,ex:person_13,nmo:hasPortrait
ex:coin_3565,ex:person_11,nmo:hasPortrait
ex:coin_3566,ex:person_13,nmo:hasPortrait
ex:coin_3831,ex:person_12,nmo:hasPortrait
ex:coin_4431,ex:person_11,nmo:hasPortrait
ex:coin_4432,ex:person_11,nmo:hasPortrait
ex:coin_4433,ex:person_13,nmo:hasPortrait
ex:coin_4706,ex:person_11,nmo:hasPortrait
ex:coin_4861,ex:person_11,nmo:hasPortrait
ex:coin_4897,ex:person_132,nmo:hasPortrait
ex:coin_4898,ex:person_11,nmo:hasPortrait
ex:coin_4942,ex:person_11,nmo:hasPortrait
ex:coin_5259,ex:person_11,nmo:hasPortrait
ex:coin_5260,ex:person_11,nmo:hasPortrait
ex:coin_5261,ex:person_11,nmo:hasPortrait
ex:coin_5262,ex:person_13,nmo:hasPortrait
ex:coin_5263,ex:person_13,nmo:hasPortrait
ex:coin_5264,ex:person_12,nmo:hasPortrait
ex:coin_5451,ex:person_11,nmo:hasPortrait
ex:coin_5479,ex:person_13,nmo:hasPortrait
ex:coin_5584,ex:person_13,nmo:hasPortrait
ex:coin_5805,ex:person_11,nmo:hasPortrait
ex:coin_6275,ex:person_13,nmo:hasPortrait
ex:coin_6354,ex:person_11,nmo:hasPortrait
ex:coin_6587,ex:person_13,nmo:hasPortrait
ex:coin_7750,ex:person_11,nmo:hasPortrait
ex:coin_7751,ex:person_11,nmo:hasPortrait
ex:coin_8171,ex:person_11,nmo:hasPortrait
ex:coin_8172,ex:person_11,nmo:hasPortrait
ex:coin_8173,ex:person_11,nmo:hasPortrait
ex:coin_8174,ex:person_176,nmo:hasPortrait
ex:coin_8913,ex:person_11,nmo:hasPortrait
ex:coin_9249,ex:person_13,nmo:hasPortrait
ex:coin_10186,ex:person_11,nmo:hasPortrait
ex:coin_11877,ex:person_11,nmo:hasPortrait
ex:coin_12322,ex:person_11,nmo:hasPortrait
ex:coin_13027,ex:person_11,nmo:hasPortrait
ex:coin_13141,ex:person_11,nmo:hasPortrait
ex:coin_13855,ex:person_11,nmo:hasPortrait
ex:coin_15669,ex:person_13,nmo:hasPortrait
ex:coin_15710,ex:person_11,nmo:hasPortrait
ex:coin_15975,ex:person_11,nmo:hasPortrait
ex:coin_16032,ex:person_134,nmo:hasPortrait
ex:coin_16164,ex:person_11,nmo:hasPortrait
ex:coin_16354,ex:person_11,nmo:hasPortrait
ex:coin_17167,ex:person_11,nmo:hasPortrait
ex:coin_17963,ex:person_11,nmo:hasPortrait
ex:coin_18338,ex:person_11,nmo:hasPortrait
ex:coin_18690,ex:person_11,nmo:hasPortrait
ex:coin_28283,ex:person_11,nmo:hasPortrait
ex:coin_28284,ex:person_11,nmo:hasPortrait
ex:coin_28919,ex:person_11,nmo:hasPortrait
ex:coin_29263,ex:person_11,nmo:hasPortrait
ex:coin_33830,ex:person_11,nmo:hasPortrait
ex:coin_35684,ex:person_189,nmo:hasPortrait
ex:coin_35685,ex:person_11,nmo:hasPortrait
ex:coin_35686,ex:person_11,nmo:hasPortrait
ex:coin_35713,ex:person_11,nmo:hasPortrait
ex:coin_35714,ex:person_11,nmo:hasPortrait
ex:coin_35715,ex:person_11,nmo:hasPortrait
ex:coin_35737,ex:person_11,nmo:hasPortrait
ex:coin_35757,ex:person_11,nmo:hasPortrait
ex:coin_35782,ex:person_11,nmo:hasPortrait
ex:coin_35790,ex:person_11,nmo:hasPortrait
ex:coin_42909,ex:person_11,nmo:hasPortrait
ex:coin_273,ex:person_14,nmo:hasPortrait
ex:coin_737,ex:person_15,nmo:hasPortrait
ex:coin_738,ex:person_16,nmo:hasPortrait
ex:coin_748,ex:person_16,nmo:hasPortrait
ex:coin_770,ex:person_14,nmo:hasPortrait
ex:coin_841,ex:person_16,nmo:hasPortrait
ex:coin_855,ex:person_14,nmo:hasPortrait
ex:coin_862,ex:person_16,nmo:hasPortrait
ex:coin_866,ex:person_16,nmo:hasPortrait
ex:coin_869,ex:person_16,nmo:hasPortrait
ex:coin_876,ex:person_14,nmo:hasPortrait
ex:coin_878,ex:person_16,nmo:hasPortrait
ex:coin_886,ex:person_14,nmo:hasPortrait
ex:coin_899,ex:person_16,nmo:hasPortrait
ex:coin_999,ex:person_16,nmo:hasPortrait
ex:coin_1013,ex:person_16,nmo:hasPortrait
ex:coin_1201,ex:person_17,nmo:hasPortrait
ex:coin_1605,ex:person_14,nmo:hasPortrait
ex:coin_1758,ex:person_14,nmo:hasPortrait
ex:coin_1804,ex:person_16,nmo:hasPortrait
ex:coin_1817,ex:person_16,nmo:hasPortrait
ex:coin_1931,ex:person_16,nmo:hasPortrait
ex:coin_1932,ex:person_16,nmo:hasPortrait
ex:coin_1933,ex:person_16,nmo:hasPortrait
ex:coin_1934,ex:person_16,nmo:hasPortrait
ex:coin_1935,ex:person_16,nmo:hasPortrait
ex:coin_1937,ex:person_16,nmo:hasPortrait
ex:coin_1938,ex:person_16,nmo:hasPortrait
ex:coin_1939,ex:person_16,nmo:hasPortrait
ex:coin_1942,ex:person_14,nmo:hasPortrait
ex:coin_1943,ex:person_14,nmo:hasPortrait
ex:coin_1944,ex:person_14,nmo:hasPortrait
ex:coin_1945,ex:person_14,nmo:hasPortrait
ex:coin_1946,ex:person_17,nmo:hasPortrait
ex:coin_1947,ex:person_17,nmo:hasPortrait
ex:coin_1961,ex:person_16,nmo:hasPortrait
ex:coin_1962,ex:person_16,nmo:hasPortrait
ex:coin_1969,ex:person_16,nmo:hasPortrait
ex:coin_2049,ex:person_16,nmo:hasPortrait
ex:coin_2105,ex:person_16,nmo:hasPortrait
ex:coin_2116,ex:person_16,nmo:hasPortrait
ex:coin_2121,ex:person_16,nmo:hasPortrait
ex:coin_2162,ex:person_14,nmo:hasPortrait
ex:coin_2165,ex:person_16,nmo:hasPortrait
ex:coin_2526,ex:person_15,nmo:hasPortrait
ex:coin_2527,ex:person_15,nmo:hasPortrait
ex:coin_2528,ex:person_15,nmo:hasPortrait
ex:coin_2529,ex:person_16,nmo:hasPortrait
ex:coin_2530,ex:person_16,nmo:hasPortrait
ex:coin_2531,ex:person_16,nmo:hasPortrait
ex:coin_2532,ex:person_16,nmo:hasPortrait
ex:coin_2533,ex:person_16,nmo:hasPortrait
ex:coin_2534,ex:person_16,nmo:hasPortrait
ex:coin_2535,ex:person_16,nmo:hasPortrait
ex:coin_2536,ex:person_16,nmo:hasPortrait
ex:coin_2537,ex:person_16,nmo:hasPortrait
ex:coin_2538,ex:person_16,nmo:hasPortrait
ex:coin_2539,ex:person_16,nmo:hasPortrait
ex:coin_2540,ex:person_16,nmo:hasPortrait
ex:coin_2541,ex:person_16,nmo:hasPortrait
ex:coin_2542,ex:person_16,nmo:hasPortrait
ex:coin_2543,ex:person_16,nmo:hasPortrait
ex:coin_2544,ex:person_16,nmo:hasPortrait
ex:coin_2545,ex:person_16,nmo:hasPortrait
ex:coin_2546,ex:person_16,nmo:hasPortrait
ex:coin_2547,ex:person_16,nmo:hasPortrait
ex:coin_2548,ex:person_16,nmo:hasPortrait
ex:coin_2549,ex:person_16,nmo:hasPortrait
ex:coin_2550,ex:person_16,nmo:hasPortrait
ex:coin_2551,ex:person_16,nmo:hasPortrait
ex:coin_2552,ex:person_16,nmo:hasPortrait
ex:coin_2553,ex:person_16,nmo:hasPortrait
ex:coin_2554,ex:person_16,nmo:hasPortrait
ex:coin_2555,ex:person_16,nmo:hasPortrait
ex:coin_2556,ex:person_16,nmo:hasPortrait
ex:coin_2557,ex:person_16,nmo:hasPortrait
ex:coin_2558,ex:person_16,nmo:hasPortrait
ex:coin_2559,ex:person_16,nmo:hasPortrait
ex:coin_2560,ex:person_16,nmo:hasPortrait
ex:coin_2561,ex:person_16,nmo:hasPortrait
ex:coin_2562,ex:person_14,nmo:hasPortrait
ex:coin_2563,ex:person_14,nmo:hasPortrait
ex:coin_2564,ex:person_14,nmo:hasPortrait
ex:coin_2565,ex:person_14,nmo:hasPortrait
ex:coin_2566,ex:person_14,nmo:hasPortrait
ex:coin_2567,ex:person_14,nmo:hasPortrait
ex:coin_2568,ex:person_14,nmo:hasPortrait
ex:coin_2569,ex:person_14,nmo:hasPortrait
ex:coin_2570,ex:person_14,nmo:hasPortrait
ex:coin_2571,ex:person_14,nmo:hasPortrait
ex:coin_2572,ex:person_14,nmo:hasPortrait
ex:coin_2573,ex:person_14,nmo:hasPortrait
ex:coin_2574,ex:person_14,nmo:hasPortrait
ex:coin_2575,ex:person_14,nmo:hasPortrait
ex:coin_2602,ex:person_14,nmo:hasPortrait
ex:coin_2603,ex:person_14,nmo:hasPortrait
ex:coin_2604,ex:person_14,nmo:hasPortrait
ex:coin_2605,ex:person_17,nmo:hasPortrait
ex:coin_2606,ex:person_17,nmo:hasPortrait
ex:coin_2607,ex:person_17,nmo:hasPortrait
ex:coin_2608,ex:person_17,nmo:hasPortrait
ex:coin_2609,ex:person_17,nmo:hasPortrait
ex:coin_2610,ex:person_17,nmo:hasPortrait
ex:coin_2611,ex:person_17,nmo:hasPortrait
ex:coin_2612,ex:person_17,nmo:hasPortrait
ex:coin_2847,ex:person_14,nmo:hasPortrait
ex:coin_2887,ex:person_14,nmo:hasPortrait
ex:coin_2888,ex:person_14,nmo:hasPortrait
ex:coin_2970,ex:person_14,nmo:hasPortrait
ex:coin_3013,ex:person_16,nmo:hasPortrait
ex:coin_3014,ex:person_14,nmo:hasPortrait
ex:coin_3028,ex:person_16,nmo:hasPortrait
ex:coin_3029,ex:person_16,nmo:hasPortrait
ex:coin_3030,ex:person_16,nmo:hasPortrait
ex:coin_3031,ex:person_16,nmo:hasPortrait
ex:coin_3104,ex:person_15,nmo:hasPortrait
ex:coin_3105,ex:person_15,nmo:hasPortrait
ex:coin_3106,ex:person_15,nmo:hasPortrait
ex:coin_3107,ex:person_15,nmo:hasPortrait
ex:coin_3108,ex:person_15,nmo:hasPortrait
ex:coin_3109,ex:person_15,nmo:hasPortrait
ex:coin_3110,ex:person_15,nmo:hasPortrait
ex:coin_3111,ex:person_15,nmo:hasPortrait
ex:coin_3112,ex:person_15,nmo:hasPortrait
ex:coin_3113,ex:person_15,nmo:hasPortrait
ex:coin_3114,ex:person_15,nmo:hasPortrait
ex:coin_3115,ex:person_15,nmo:hasPortrait
ex:coin_3116,ex:person_15,nmo:hasPortrait
ex:coin_3117,ex:person_14,nmo:hasPortrait
ex:coin_3118,ex:person_14,nmo:hasPortrait
ex:coin_3122,ex:person_17,nmo:hasPortrait
ex:coin_3131,ex:person_15,nmo:hasPortrait
ex:coin_3135,ex:person_16,nmo:hasPortrait
ex:coin_3136,ex:person_16,nmo:hasPortrait
ex:coin_3144,ex:person_17,nmo:hasPortrait
ex:coin_3196,ex:person_16,nmo:hasPortrait
ex:coin_3197,ex:person_16,nmo:hasPortrait
ex:coin_3198,ex:person_16,nmo:hasPortrait
ex:coin_3199,ex:person_14,nmo:hasPortrait
ex:coin_3296,ex:person_16,nmo:hasPortrait
ex:coin_3297,ex:person_16,nmo:hasPortrait
ex:coin_3298,ex:person_16,nmo:hasPortrait
ex:coin_3299,ex:person_14,nmo:hasPortrait
ex:coin_3300,ex:person_14,nmo:hasPortrait
ex:coin_3301,ex:person_17,nmo:hasPortrait
ex:coin_3302,ex:person_17,nmo:hasPortrait
ex:coin_3327,ex:person_14,nmo:hasPortrait
ex:coin_3328,ex:person_16,nmo:hasPortrait
ex:coin_3329,ex:person_16,nmo:hasPortrait
ex:coin_3356,ex:person_14,nmo:hasPortrait
ex:coin_3381,ex:person_15,nmo:hasPortrait
ex:coin_3424,ex:person_16,nmo:hasPortrait
ex:coin_3425,ex:person_16,nmo:hasPortrait
ex:coin_3426,ex:person_16,nmo:hasPortrait
ex:coin_3427,ex:person_16,nmo:hasPortrait
ex:coin_3428,ex:person_16,nmo:hasPortrait
ex:coin_3429,ex:person_16,nmo:hasPortrait
ex:coin_3430,ex:person_16,nmo:hasPortrait
ex:coin_3431,ex:person_16,nmo:hasPortrait
ex:coin_3432,ex:person_16,nmo:hasPortrait
ex:coin_3433,ex:person_16,nmo:hasPortrait
ex:coin_3434,ex:person_16,nmo:hasPortrait
ex:coin_3435,ex:person_14,nmo:hasPortrait
ex:coin_3436,ex:person_14,nmo:hasPortrait
ex:coin_3437,ex:person_14,nmo:hasPortrait
ex:coin_3438,ex:person_14,nmo:hasPortrait
ex:coin_3439,ex:person_17,nmo:hasPortrait
ex:coin_3440,ex:person_17,nmo:hasPortrait
ex:coin_3441,ex:person_17,nmo:hasPortrait
ex:coin_3569,ex:person_15,nmo:hasPortrait
ex:coin_3575,ex:person_15,nmo:hasPortrait
ex:coin_3833,ex:person_16,nmo:hasPortrait
ex:coin_3834,ex:person_16,nmo:hasPortrait
ex:coin_3835,ex:person_14,nmo:hasPortrait
ex:coin_3840,ex:person_14,nmo:hasPortrait
ex:coin_3863,ex:person_16,nmo:hasPortrait
ex:coin_3864,ex:person_16,nmo:hasPortrait
ex:coin_3911,ex:person_16,nmo:hasPortrait
ex:coin_4164,ex:person_16,nmo:hasPortrait
ex:coin_4165,ex:person_16,nmo:hasPortrait
ex:coin_4166,ex:person_14,nmo:hasPortrait
ex:coin_4167,ex:person_14,nmo:hasPortrait
ex:coin_4440,ex:person_16,nmo:hasPortrait
ex:coin_4441,ex:person_16,nmo:hasPortrait
ex:coin_4442,ex:person_16,nmo:hasPortrait
ex:coin_4443,ex:person_14,nmo:hasPortrait
ex:coin_4584,ex:person_15,nmo:hasPortrait
ex:coin_4585,ex:person_14,nmo:hasPortrait
ex:coin_4589,ex:person_15,nmo:hasPortrait
ex:coin_4601,ex:person_15,nmo:hasPortrait
ex:coin_4602,ex:person_15,nmo:hasPortrait
ex:coin_4628,ex:person_15,nmo:hasPortrait
ex:coin_4644,ex:person_15,nmo:hasPortrait
ex:coin_4711,ex:person_16,nmo:hasPortrait
ex:coin_4712,ex:person_17,nmo:hasPortrait
ex:coin_4713,ex:person_17,nmo:hasPortrait
ex:coin_4726,ex:person_17,nmo:hasPortrait
ex:coin_4733,ex:person_15,nmo:hasPortrait
ex:coin_4734,ex:person_15,nmo:hasPortrait
ex:coin_4735,ex:person_16,nmo:hasPortrait
ex:coin_4736,ex:person_16,nmo:hasPortrait
ex:coin_4737,ex:person_16,nmo:hasPortrait
ex:coin_4738,ex:person_17,nmo:hasPortrait
ex:coin_4866,ex:person_14,nmo:hasPortrait
ex:coin_4867,ex:person_14,nmo:hasPortrait
ex:coin_4889,ex:person_14,nmo:hasPortrait
ex:coin_4890,ex:person_17,nmo:hasPortrait
ex:coin_4891,ex:person_17,nmo:hasPortrait
ex:coin_4900,ex:person_15,nmo:hasPortrait
ex:coin_4956,ex:person_16,nmo:hasPortrait
ex:coin_4957,ex:person_16,nmo:hasPortrait
ex:coin_4958,ex:person_16,nmo:hasPortrait
ex:coin_4959,ex:person_16,nmo:hasPortrait
ex:coin_4960,ex:person_16,nmo:hasPortrait
ex:coin_4961,ex:person_14,nmo:hasPortrait
ex:coin_4962,ex:person_14,nmo:hasPortrait
ex:coin_4963,ex:person_14,nmo:hasPortrait
ex:coin_4964,ex:person_14,nmo:hasPortrait
ex:coin_4965,ex:person_17,nmo:hasPortrait
ex:coin_5015,ex:person_16,nmo:hasPortrait
ex:coin_5016,ex:person_16,nmo:hasPortrait
ex:coin_5017,ex:person_16,nmo:hasPortrait
ex:coin_5064,ex:person_15,nmo:hasPortrait
ex:coin_5077,ex:person_15,nmo:hasPortrait
ex:coin_5316,ex:person_14,nmo:hasPortrait
ex:coin_5355,ex:person_15,nmo:hasPortrait
ex:coin_5365,ex:person_15,nmo:hasPortrait
ex:coin_5366,ex:person_17,nmo:hasPortrait
ex:coin_5389,ex:person_16,nmo:hasPortrait
ex:coin_5403,ex:person_14,nmo:hasPortrait
ex:coin_5437,ex:person_16,nmo:hasPortrait
ex:coin_5442,ex:person_16,nmo:hasPortrait
ex:coin_5446,ex:person_14,nmo:hasPortrait
ex:coin_5481,ex:person_14,nmo:hasPortrait
ex:coin_5482,ex:person_16,nmo:hasPortrait
ex:coin_5591,ex:person_14,nmo:hasPortrait
ex:coin_5592,ex:person_14,nmo:hasPortrait
ex:coin_5593,ex:person_16,nmo:hasPortrait
ex:coin_5618,ex:person_16,nmo:hasPortrait
ex:coin_5639,ex:person_16,nmo:hasPortrait
ex:coin_5652,ex:person_14,nmo:hasPortrait
ex:coin_5690,ex:person_15,nmo:hasPortrait
ex:coin_5692,ex:person_15,nmo:hasPortrait
ex:coin_5743,ex:person_15,nmo:hasPortrait
ex:coin_5778,ex:person_15,nmo:hasPortrait
ex:coin_5779,ex:person_15,nmo:hasPortrait
ex:coin_5831,ex:person_14,nmo:hasPortrait
ex:coin_5929,ex:person_14,nmo:hasPortrait
ex:coin_5975,ex:person_17,nmo:hasPortrait
ex:coin_6090,ex:person_17,nmo:hasPortrait
ex:coin_6114,ex:person_14,nmo:hasPortrait
ex:coin_6153,ex:person_14,nmo:hasPortrait
ex:coin_6160,ex:person_16,nmo:hasPortrait
ex:coin_6189,ex:person_15,nmo:hasPortrait
ex:coin_6195,ex:person_16,nmo:hasPortrait
ex:coin_6221,ex:person_16,nmo:hasPortrait
ex:coin_6226,ex:person_15,nmo:hasPortrait
ex:coin_6231,ex:person_16,nmo:hasPortrait
ex:coin_6237,ex:person_17,nmo:hasPortrait
ex:coin_6251,ex:person_16,nmo:hasPortrait
ex:coin_6385,ex:person_15,nmo:hasPortrait
ex:coin_6437,ex:person_16,nmo:hasPortrait
ex:coin_6440,ex:person_15,nmo:hasPortrait
ex:coin_6455,ex:person_17,nmo:hasPortrait
ex:coin_6507,ex:person_15,nmo:hasPortrait
ex:coin_6527,ex:person_15,nmo:hasPortrait
ex:coin_6528,ex:person_14,nmo:hasPortrait
ex:coin_6531,ex:person_17,nmo:hasPortrait
ex:coin_6538,ex:person_16,nmo:hasPortrait
ex:coin_6581,ex:person_17,nmo:hasPortrait
ex:coin_6586,ex:person_16,nmo:hasPortrait
ex:coin_6588,ex:person_14,nmo:hasPortrait
ex:coin_6594,ex:person_14,nmo:hasPortrait
ex:coin_6622,ex:person_15,nmo:hasPortrait
ex:coin_6671,ex:person_17,nmo:hasPortrait
ex:coin_6778,ex:person_15,nmo:hasPortrait
ex:coin_6783,ex:person_15,nmo:hasPortrait
ex:coin_6835,ex:person_15,nmo:hasPortrait
ex:coin_6866,ex:person_15,nmo:hasPortrait
ex:coin_6867,ex:person_15,nmo:hasPortrait
ex:coin_6900,ex:person_15,nmo:hasPortrait
ex:coin_6911,ex:person_15,nmo:hasPortrait
ex:coin_7475,ex:person_15,nmo:hasPortrait
ex:coin_7493,ex:person_15,nmo:hasPortrait
ex:coin_7512,ex:person_17,nmo:hasPortrait
ex:coin_7530,ex:person_15,nmo:hasPortrait
ex:coin_7531,ex:person_15,nmo:hasPortrait
ex:coin_7758,ex:person_15,nmo:hasPortrait
ex:coin_7759,ex:person_15,nmo:hasPortrait
ex:coin_7760,ex:person_15,nmo:hasPortrait
ex:coin_7761,ex:person_17,nmo:hasPortrait
ex:coin_7772,ex:person_15,nmo:hasPortrait
ex:coin_7915,ex:person_14,nmo:hasPortrait
ex:coin_7946,ex:person_15,nmo:hasPortrait
ex:coin_7957,ex:person_17,nmo:hasPortrait
ex:coin_7959,ex:person_17,nmo:hasPortrait
ex:coin_8196,ex:person_15,nmo:hasPortrait
ex:coin_8197,ex:person_15,nmo:hasPortrait
ex:coin_8198,ex:person_15,nmo:hasPortrait
ex:coin_8199,ex:person_15,nmo:hasPortrait
ex:coin_8200,ex:person_15,nmo:hasPortrait
ex:coin_8201,ex:person_15,nmo:hasPortrait
ex:coin_8202,ex:person_15,nmo:hasPortrait
ex:coin_8203,ex:person_15,nmo:hasPortrait
ex:coin_8204,ex:person_15,nmo:hasPortrait
ex:coin_8205,ex:person_15,nmo:hasPortrait
ex:coin_8206,ex:person_15,nmo:hasPortrait
ex:coin_8207,ex:person_15,nmo:hasPortrait
ex:coin_8208,ex:person_15,nmo:hasPortrait
ex:coin_8209,ex:person_15,nmo:hasPortrait
ex:coin_8210,ex:person_15,nmo:hasPortrait
ex:coin_8211,ex:person_15,nmo:hasPortrait
ex:coin_8212,ex:person_15,nmo:hasPortrait
ex:coin_8213,ex:person_15,nmo:hasPortrait
ex:coin_8214,ex:person_14,nmo:hasPortrait
ex:coin_8215,ex:person_14,nmo:hasPortrait
ex:coin_8216,ex:person_14,nmo:hasPortrait
ex:coin_8217,ex:person_14,nmo:hasPortrait
ex:coin_8218,ex:person_14,nmo:hasPortrait
ex:coin_8219,ex:person_14,nmo:hasPortrait
ex:coin_8220,ex:person_17,nmo:hasPortrait
ex:coin_8221,ex:person_17,nmo:hasPortrait
ex:coin_8222,ex:person_17,nmo:hasPortrait
ex:coin_8223,ex:person_17,nmo:hasPortrait
ex:coin_8298,ex:person_15,nmo:hasPortrait
ex:coin_8299,ex:person_15,nmo:hasPortrait
ex:coin_8300,ex:person_15,nmo:hasPortrait
ex:coin_8301,ex:person_14,nmo:hasPortrait
ex:coin_8302,ex:person_14,nmo:hasPortrait
ex:coin_8318,ex:person_17,nmo:hasPortrait
ex:coin_8354,ex:person_15,nmo:hasPortrait
ex:coin_8384,ex:person_16,nmo:hasPortrait
ex:coin_8547,ex:person_14,nmo:hasPortrait
ex:coin_8560,ex:person_15,nmo:hasPortrait
ex:coin_8567,ex:person_17,nmo:hasPortrait
ex:coin_8594,ex:person_15,nmo:hasPortrait
ex:coin_8605,ex:person_15,nmo:hasPortrait
ex:coin_8607,ex:person_16,nmo:hasPortrait
ex:coin_8625,ex:person_15,nmo:hasPortrait
ex:coin_8703,ex:person_14,nmo:hasPortrait
ex:coin_8704,ex:person_16,nmo:hasPortrait
ex:coin_8705,ex:person_16,nmo:hasPortrait
ex:coin_8706,ex:person_17,nmo:hasPortrait
ex:coin_8707,ex:person_17,nmo:hasPortrait
ex:coin_8713,ex:person_15,nmo:hasPortrait
ex:coin_8720,ex:person_14,nmo:hasPortrait
ex:coin_8747,ex:person_14,nmo:hasPortrait
ex:coin_8775,ex:person_15,nmo:hasPortrait
ex:coin_8786,ex:person_15,nmo:hasPortrait
ex:coin_8911,ex:person_14,nmo:hasPortrait
ex:coin_8945,ex:person_17,nmo:hasPortrait
ex:coin_8957,ex:person_14,nmo:hasPortrait
ex:coin_9010,ex:person_16,nmo:hasPortrait
ex:coin_9024,ex:person_16,nmo:hasPortrait
ex:coin_9039,ex:person_15,nmo:hasPortrait
ex:coin_9063,ex:person_14,nmo:hasPortrait
ex:coin_9084,ex:person_14,nmo:hasPortrait
ex:coin_9087,ex:person_16,nmo:hasPortrait
ex:coin_9092,ex:person_15,nmo:hasPortrait
ex:coin_9100,ex:person_16,nmo:hasPortrait
ex:coin_9101,ex:person_16,nmo:hasPortrait
ex:coin_9120,ex:person_15,nmo:hasPortrait
ex:coin_9121,ex:person_16,nmo:hasPortrait
ex:coin_9190,ex:person_14,nmo:hasPortrait
ex:coin_9200,ex:person_17,nmo:hasPortrait
ex:coin_9227,ex:person_15,nmo:hasPortrait
ex:coin_9257,ex:person_17,nmo:hasPortrait
ex:coin_9286,ex:person_14,nmo:hasPortrait
ex:coin_9297,ex:person_17,nmo:hasPortrait
ex:coin_9341,ex:person_15,nmo:hasPortrait
ex:coin_9460,ex:person_15,nmo:hasPortrait
ex:coin_9487,ex:person_17,nmo:hasPortrait
ex:coin_9488,ex:person_15,nmo:hasPortrait
ex:coin_9499,ex:person_17,nmo:hasPortrait
ex:coin_9671,ex:person_14,nmo:hasPortrait
ex:coin_9806,ex:person_15,nmo:hasPortrait
ex:coin_9808,ex:person_17,nmo:hasPortrait
ex:coin_9827,ex:person_16,nmo:hasPortrait
ex:coin_9828,ex:person_15,nmo:hasPortrait
ex:coin_9834,ex:person_16,nmo:hasPortrait
ex:coin_9856,ex:person_17,nmo:hasPortrait
ex:coin_9864,ex:person_17,nmo:hasPortrait
ex:coin_9876,ex:person_16,nmo:hasPortrait
ex:coin_9914,ex:person_16,nmo:hasPortrait
ex:coin_9927,ex:person_16,nmo:hasPortrait
ex:coin_9965,ex:person_17,nmo:hasPortrait
ex:coin_9987,ex:person_16,nmo:hasPortrait
ex:coin_10142,ex:person_15,nmo:hasPortrait
ex:coin_10143,ex:person_17,nmo:hasPortrait
ex:coin_10156,ex:person_17,nmo:hasPortrait
ex:coin_10165,ex:person_17,nmo:hasPortrait
ex:coin_10202,ex:person_17,nmo:hasPortrait
ex:coin_10354,ex:person_16,nmo:hasPortrait
ex:coin_10355,ex:person_16,nmo:hasPortrait
ex:coin_10363,ex:person_16,nmo:hasPortrait
ex:coin_10409,ex:person_14,nmo:hasPortrait
ex:coin_10449,ex:person_16,nmo:hasPortrait
ex:coin_10484,ex:person_16,nmo:hasPortrait
ex:coin_10508,ex:person_14,nmo:hasPortrait
ex:coin_10524,ex:person_17,nmo:hasPortrait
ex:coin_10537,ex:person_16,nmo:hasPortrait
ex:coin_11430,ex:person_16,nmo:hasPortrait
ex:coin_11431,ex:person_16,nmo:hasPortrait
ex:coin_11432,ex:person_17,nmo:hasPortrait
ex:coin_11480,ex:person_16,nmo:hasPortrait
ex:coin_11490,ex:person_15,nmo:hasPortrait
ex:coin_11498,ex:person_15,nmo:hasPortrait
ex:coin_11502,ex:person_15,nmo:hasPortrait
ex:coin_11509,ex:person_16,nmo:hasPortrait
ex:coin_11586,ex:person_16,nmo:hasPortrait
ex:coin_11587,ex:person_17,nmo:hasPortrait
ex:coin_11608,ex:person_14,nmo:hasPortrait
ex:coin_11627,ex:person_16,nmo:hasPortrait
ex:coin_11628,ex:person_17,nmo:hasPortrait
ex:coin_11653,ex:person_16,nmo:hasPortrait
ex:coin_11654,ex:person_16,nmo:hasPortrait
ex:coin_11676,ex:person_17,nmo:hasPortrait
ex:coin_11682,ex:person_14,nmo:hasPortrait
ex:coin_11683,ex:person_14,nmo:hasPortrait
ex:coin_11684,ex:person_14,nmo:hasPortrait
ex:coin_11685,ex:person_17,nmo:hasPortrait
ex:coin_11692,ex:person_17,nmo:hasPortrait
ex:coin_11880,ex:person_15,nmo:hasPortrait
ex:coin_11903,ex:person_17,nmo:hasPortrait
ex:coin_11937,ex:person_15,nmo:hasPortrait
ex:coin_11960,ex:person_16,nmo:hasPortrait
ex:coin_12010,ex:person_16,nmo:hasPortrait
ex:coin_12035,ex:person_16,nmo:hasPortrait
ex:coin_12059,ex:person_15,nmo:hasPortrait
ex:coin_12098,ex:person_15,nmo:hasPortrait
ex:coin_12253,ex:person_16,nmo:hasPortrait
ex:coin_12276,ex:person_16,nmo:hasPortrait
ex:coin_12282,ex:person_16,nmo:hasPortrait
ex:coin_12284,ex:person_15,nmo:hasPortrait
ex:coin_12292,ex:person_16,nmo:hasPortrait
ex:coin_12311,ex:person_16,nmo:hasPortrait
ex:coin_12321,ex:person_17,nmo:hasPortrait
ex:coin_12330,ex:person_14,nmo:hasPortrait
ex:coin_12355,ex:person_14,nmo:hasPortrait
ex:coin_12374,ex:person_15,nmo:hasPortrait
ex:coin_12578,ex:person_15,nmo:hasPortrait
ex:coin_12615,ex:person_15,nmo:hasPortrait
ex:coin_12616,ex:person_15,nmo:hasPortrait
ex:coin_12617,ex:person_15,nmo:hasPortrait
ex:coin_12618,ex:person_15,nmo:hasPortrait
ex:coin_12619,ex:person_16,nmo:hasPortrait
ex:coin_12620,ex:person_14,nmo:hasPortrait
ex:coin_12621,ex:person_14,nmo:hasPortrait
ex:coin_12641,ex:person_17,nmo:hasPortrait
ex:coin_12642,ex:person_17,nmo:hasPortrait
ex:coin_12643,ex:person_17,nmo:hasPortrait
ex:coin_12644,ex:person_17,nmo:hasPortrait
ex:coin_12645,ex:person_17,nmo:hasPortrait
ex:coin_12751,ex:person_16,nmo:hasPortrait
ex:coin_12771,ex:person_16,nmo:hasPortrait
ex:coin_12785,ex:person_16,nmo:hasPortrait
ex:coin_12829,ex:person_14,nmo:hasPortrait
ex:coin_12879,ex:person_16,nmo:hasPortrait
ex:coin_12934,ex:person_16,nmo:hasPortrait
ex:coin_12935,ex:person_14,nmo:hasPortrait
ex:coin_12980,ex:person_14,nmo:hasPortrait
ex:coin_12981,ex:person_17,nmo:hasPortrait
ex:coin_12982,ex:person_17,nmo:hasPortrait
ex:coin_12983,ex:person_16,nmo:hasPortrait
ex:coin_12984,ex:person_16,nmo:hasPortrait
ex:coin_13023,ex:person_17,nmo:hasPortrait
ex:coin_13150,ex:person_15,nmo:hasPortrait
ex:coin_13181,ex:person_15,nmo:hasPortrait
ex:coin_13184,ex:person_16,nmo:hasPortrait
ex:coin_13416,ex:person_14,nmo:hasPortrait
ex:coin_13485,ex:person_16,nmo:hasPortrait
ex:coin_13544,ex:person_14,nmo:hasPortrait
ex:coin_13549,ex:person_16,nmo:hasPortrait
ex:coin_13679,ex:person_14,nmo:hasPortrait
ex:coin_13825,ex:person_17,nmo:hasPortrait
ex:coin_13913,ex:person_16,nmo:hasPortrait
ex:coin_14016,ex:person_16,nmo:hasPortrait
ex:coin_14288,ex:person_16,nmo:hasPortrait
ex:coin_14289,ex:person_16,nmo:hasPortrait
ex:coin_14335,ex:person_16,nmo:hasPortrait
ex:coin_14405,ex:person_17,nmo:hasPortrait
ex:coin_14710,ex:person_17,nmo:hasPortrait
ex:coin_14910,ex:person_16,nmo:hasPortrait
ex:coin_14989,ex:person_15,nmo:hasPortrait
ex:coin_15080,ex:person_16,nmo:hasPortrait
ex:coin_15090,ex:person_14,nmo:hasPortrait
ex:coin_15091,ex:person_17,nmo:hasPortrait
ex:coin_15195,ex:person_17,nmo:hasPortrait
ex:coin_15196,ex:person_17,nmo:hasPortrait
ex:coin_15574,ex:person_16,nmo:hasPortrait
ex:coin_15580,ex:person_17,nmo:hasPortrait
ex:coin_15581,ex:person_14,nmo:hasPortrait
ex:coin_15587,ex:person_16,nmo:hasPortrait
ex:coin_15589,ex:person_16,nmo:hasPortrait
ex:coin_15595,ex:person_14,nmo:hasPortrait
ex:coin_15663,ex:person_15,nmo:hasPortrait
ex:coin_15688,ex:person_17,nmo:hasPortrait
ex:coin_15765,ex:person_14,nmo:hasPortrait
ex:coin_15773,ex:person_16,nmo:hasPortrait
ex:coin_15847,ex:person_14,nmo:hasPortrait
ex:coin_15885,ex:person_14,nmo:hasPortrait
ex:coin_15942,ex:person_16,nmo:hasPortrait
ex:coin_15943,ex:person_16,nmo:hasPortrait
ex:coin_15944,ex:person_16,nmo:hasPortrait
ex:coin_15945,ex:person_16,nmo:hasPortrait
ex:coin_15946,ex:person_17,nmo:hasPortrait
ex:coin_15947,ex:person_17,nmo:hasPortrait
ex:coin_15954,ex:person_14,nmo:hasPortrait
ex:coin_15955,ex:person_14,nmo:hasPortrait
ex:coin_15962,ex:person_14,nmo:hasPortrait
ex:coin_15967,ex:person_14,nmo:hasPortrait
ex:coin_15970,ex:person_14,nmo:hasPortrait
ex:coin_15973,ex:person_16,nmo:hasPortrait
ex:coin_15976,ex:person_14,nmo:hasPortrait
ex:coin_16003,ex:person_16,nmo:hasPortrait
ex:coin_16012,ex:person_17,nmo:hasPortrait
ex:coin_16024,ex:person_14,nmo:hasPortrait
ex:coin_16051,ex:person_16,nmo:hasPortrait
ex:coin_16056,ex:person_17,nmo:hasPortrait
ex:coin_16059,ex:person_14,nmo:hasPortrait
ex:coin_16062,ex:person_15,nmo:hasPortrait
ex:coin_16067,ex:person_14,nmo:hasPortrait
ex:coin_16074,ex:person_14,nmo:hasPortrait
ex:coin_16153,ex:person_14,nmo:hasPortrait
ex:coin_16166,ex:person_17,nmo:hasPortrait
ex:coin_16179,ex:person_14,nmo:hasPortrait
ex:coin_16182,ex:person_14,nmo:hasPortrait
ex:coin_16185,ex:person_15,nmo:hasPortrait
ex:coin_16189,ex:person_15,nmo:hasPortrait
ex:coin_16205,ex:person_16,nmo:hasPortrait
ex:coin_16215,ex:person_14,nmo:hasPortrait
ex:coin_16219,ex:person_16,nmo:hasPortrait
ex:coin_16227,ex:person_16,nmo:hasPortrait
ex:coin_16228,ex:person_16,nmo:hasPortrait
ex:coin_16230,ex:person_16,nmo:hasPortrait
ex:coin_16251,ex:person_14,nmo:hasPortrait
ex:coin_16264,ex:person_14,nmo:hasPortrait
ex:coin_16279,ex:person_15,nmo:hasPortrait
ex:coin_16297,ex:person_16,nmo:hasPortrait
ex:coin_16302,ex:person_17,nmo:hasPortrait
ex:coin_16494,ex:person_14,nmo:hasPortrait
ex:coin_16625,ex:person_16,nmo:hasPortrait
ex:coin_16649,ex:person_15,nmo:hasPortrait
ex:coin_16653,ex:person_16,nmo:hasPortrait
ex:coin_16689,ex:person_16,nmo:hasPortrait
ex:coin_16699,ex:person_16,nmo:hasPortrait
ex:coin_16704,ex:person_16,nmo:hasPortrait
ex:coin_16798,ex:person_15,nmo:hasPortrait
ex:coin_16799,ex:person_16,nmo:hasPortrait
ex:coin_16800,ex:person_14,nmo:hasPortrait
ex:coin_16855,ex:person_14,nmo:hasPortrait
ex:coin_16880,ex:person_14,nmo:hasPortrait
ex:coin_16885,ex:person_15,nmo:hasPortrait
ex:coin_16899,ex:person_16,nmo:hasPortrait
ex:coin_16900,ex:person_16,nmo:hasPortrait
ex:coin_16910,ex:person_17,nmo:hasPortrait
ex:coin_16919,ex:person_16,nmo:hasPortrait
ex:coin_16927,ex:person_16,nmo:hasPortrait
ex:coin_16932,ex:person_16,nmo:hasPortrait
ex:coin_16939,ex:person_15,nmo:hasPortrait
ex:coin_16940,ex:person_16,nmo:hasPortrait
ex:coin_16955,ex:person_16,nmo:hasPortrait
ex:coin_16979,ex:person_16,nmo:hasPortrait
ex:coin_17147,ex:person_15,nmo:hasPortrait
ex:coin_17152,ex:person_14,nmo:hasPortrait
ex:coin_17170,ex:person_14,nmo:hasPortrait
ex:coin_17206,ex:person_15,nmo:hasPortrait
ex:coin_17223,ex:person_16,nmo:hasPortrait
ex:coin_17279,ex:person_15,nmo:hasPortrait
ex:coin_17621,ex:person_17,nmo:hasPortrait
ex:coin_17688,ex:person_17,nmo:hasPortrait
ex:coin_17741,ex:person_16,nmo:hasPortrait
ex:coin_17758,ex:person_16,nmo:hasPortrait
ex:coin_17762,ex:person_16,nmo:hasPortrait
ex:coin_17775,ex:person_17,nmo:hasPortrait
ex:coin_17805,ex:person_17,nmo:hasPortrait
ex:coin_17818,ex:person_15,nmo:hasPortrait
ex:coin_17826,ex:person_17,nmo:hasPortrait
ex:coin_17829,ex:person_16,nmo:hasPortrait
ex:coin_17876,ex:person_14,nmo:hasPortrait
ex:coin_17881,ex:person_14,nmo:hasPortrait
ex:coin_17883,ex:person_14,nmo:hasPortrait
ex:coin_17893,ex:person_14,nmo:hasPortrait
ex:coin_17894,ex:person_14,nmo:hasPortrait
ex:coin_17910,ex:person_17,nmo:hasPortrait
ex:coin_17914,ex:person_14,nmo:hasPortrait
ex:coin_17916,ex:person_14,nmo:hasPortrait
ex:coin_17929,ex:person_16,nmo:hasPortrait
ex:coin_17938,ex:person_17,nmo:hasPortrait
ex:coin_17956,ex:person_16,nmo:hasPortrait
ex:coin_17959,ex:person_16,nmo:hasPortrait
ex:coin_17971,ex:person_15,nmo:hasPortrait
ex:coin_17977,ex:person_14,nmo:hasPortrait
ex:coin_17983,ex:person_16,nmo:hasPortrait
ex:coin_18021,ex:person_16,nmo:hasPortrait
ex:coin_18031,ex:person_16,nmo:hasPortrait
ex:coin_18050,ex:person_15,nmo:hasPortrait
ex:coin_18235,ex:person_17,nmo:hasPortrait
ex:coin_18275,ex:person_16,nmo:hasPortrait
ex:coin_18327,ex:person_14,nmo:hasPortrait
ex:coin_18420,ex:person_14,nmo:hasPortrait
ex:coin_18438,ex:person_17,nmo:hasPortrait
ex:coin_18450,ex:person_16,nmo:hasPortrait
ex:coin_18467,ex:person_16,nmo:hasPortrait
ex:coin_18470,ex:person_14,nmo:hasPortrait
ex:coin_18488,ex:person_14,nmo:hasPortrait
ex:coin_18491,ex:person_16,nmo:hasPortrait
ex:coin_18705,ex:person_17,nmo:hasPortrait
ex:coin_18720,ex:person_16,nmo:hasPortrait
ex:coin_18730,ex:person_17,nmo:hasPortrait
ex:coin_27971,ex:person_17,nmo:hasPortrait
ex:coin_27983,ex:person_15,nmo:hasPortrait
ex:coin_27987,ex:person_15,nmo:hasPortrait
ex:coin_27989,ex:person_15,nmo:hasPortrait
ex:coin_27990,ex:person_16,nmo:hasPortrait
ex:coin_27991,ex:person_15,nmo:hasPortrait
ex:coin_28045,ex:person_15,nmo:hasPortrait
ex:coin_28049,ex:person_15,nmo:hasPortrait
ex:coin_28293,ex:person_15,nmo:hasPortrait
ex:coin_28294,ex:person_15,nmo:hasPortrait
ex:coin_28295,ex:person_15,nmo:hasPortrait
ex:coin_28296,ex:person_15,nmo:hasPortrait
ex:coin_28297,ex:person_15,nmo:hasPortrait
ex:coin_28298,ex:person_15,nmo:hasPortrait
ex:coin_28299,ex:person_15,nmo:hasPortrait
ex:coin_28300,ex:person_15,nmo:hasPortrait
ex:coin_28301,ex:person_15,nmo:hasPortrait
ex:coin_28302,ex:person_15,nmo:hasPortrait
ex:coin_28303,ex:person_15,nmo:hasPortrait
ex:coin_28304,ex:person_15,nmo:hasPortrait
ex:coin_28555,ex:person_14,nmo:hasPortrait
ex:coin_28670,ex:person_16,nmo:hasPortrait
ex:coin_28678,ex:person_14,nmo:hasPortrait
ex:coin_28679,ex:person_16,nmo:hasPortrait
ex:coin_28680,ex:person_16,nmo:hasPortrait
ex:coin_28681,ex:person_16,nmo:hasPortrait
ex:coin_28686,ex:person_17,nmo:hasPortrait
ex:coin_28687,ex:person_17,nmo:hasPortrait
ex:coin_28688,ex:person_17,nmo:hasPortrait
ex:coin_28771,ex:person_17,nmo:hasPortrait
ex:coin_28889,ex:person_16,nmo:hasPortrait
ex:coin_28920,ex:person_17,nmo:hasPortrait
ex:coin_28926,ex:person_15,nmo:hasPortrait
ex:coin_28934,ex:person_15,nmo:hasPortrait
ex:coin_29182,ex:person_14,nmo:hasPortrait
ex:coin_29336,ex:person_17,nmo:hasPortrait
ex:coin_29512,ex:person_15,nmo:hasPortrait
ex:coin_29695,ex:person_17,nmo:hasPortrait
ex:coin_29784,ex:person_14,nmo:hasPortrait
ex:coin_29864,ex:person_17,nmo:hasPortrait
ex:coin_29923,ex:person_15,nmo:hasPortrait
ex:coin_30074,ex:person_15,nmo:hasPortrait
ex:coin_30160,ex:person_17,nmo:hasPortrait
ex:coin_30220,ex:person_15,nmo:hasPortrait
ex:coin_30639,ex:person_16,nmo:hasPortrait
ex:coin_31004,ex:person_17,nmo:hasPortrait
ex:coin_31253,ex:person_14,nmo:hasPortrait
ex:coin_31838,ex:person_16,nmo:hasPortrait
ex:coin_32069,ex:person_17,nmo:hasPortrait
ex:coin_32387,ex:person_15,nmo:hasPortrait
ex:coin_33018,ex:person_17,nmo:hasPortrait
ex:coin_33141,ex:person_203,nmo:hasPortrait
ex:coin_33162,ex:person_17,nmo:hasPortrait
ex:coin_33254,ex:person_203,nmo:hasPortrait
ex:coin_33447,ex:person_203,nmo:hasPortrait
ex:coin_33713,ex:person_16,nmo:hasPortrait
ex:coin_33739,ex:person_17,nmo:hasPortrait
ex:coin_33792,ex:person_16,nmo:hasPortrait
ex:coin_33995,ex:person_15,nmo:hasPortrait
ex:coin_34113,ex:person_15,nmo:hasPortrait
ex:coin_34579,ex:person_15,nmo:hasPortrait
ex:coin_34794,ex:person_17,nmo:hasPortrait
ex:coin_35798,ex:person_16,nmo:hasPortrait
ex:coin_35824,ex:person_14,nmo:hasPortrait
ex:coin_35825,ex:person_14,nmo:hasPortrait
ex:coin_35826,ex:person_14,nmo:hasPortrait
ex:coin_35827,ex:person_14,nmo:hasPortrait
ex:coin_35828,ex:person_14,nmo:hasPortrait
ex:coin_35829,ex:person_15,nmo:hasPortrait
ex:coin_35830,ex:person_15,nmo:hasPortrait
ex:coin_35831,ex:person_16,nmo:hasPortrait
ex:coin_35832,ex:person_16,nmo:hasPortrait
ex:coin_35833,ex:person_16,nmo:hasPortrait
ex:coin_35834,ex:person_16,nmo:hasPortrait
ex:coin_35835,ex:person_16,nmo:hasPortrait
ex:coin_35836,ex:person_16,nmo:hasPortrait
ex:coin_35837,ex:person_16,nmo:hasPortrait
ex:coin_35838,ex:person_16,nmo:hasPortrait
ex:coin_35839,ex:person_16,nmo:hasPortrait
ex:coin_35840,ex:person_16,nmo:hasPortrait
ex:coin_35841,ex:person_16,nmo:hasPortrait
ex:coin_35842,ex:person_16,nmo:hasPortrait
ex:coin_35843,ex:person_16,nmo:hasPortrait
ex:coin_35844,ex:person_16,nmo:hasPortrait
ex:coin_35845,ex:person_16,nmo:hasPortrait
ex:coin_35846,ex:person_16,nmo:hasPortrait
ex:coin_35847,ex:person_16,nmo:hasPortrait
ex:coin_35848,ex:person_17,nmo:hasPortrait
ex:coin_35923,ex:person_14,nmo:hasPortrait
ex:coin_35924,ex:person_14,nmo:hasPortrait
ex:coin_35925,ex:person_14,nmo:hasPortrait
ex:coin_35926,ex:person_14,nmo:hasPortrait
ex:coin_35927,ex:person_14,nmo:hasPortrait
ex:coin_35928,ex:person_16,nmo:hasPortrait
ex:coin_35929,ex:person_16,nmo:hasPortrait
ex:coin_35930,ex:person_16,nmo:hasPortrait
ex:coin_35931,ex:person_16,nmo:hasPortrait
ex:coin_35932,ex:person_16,nmo:hasPortrait
ex:coin_35933,ex:person_16,nmo:hasPortrait
ex:coin_35934,ex:person_16,nmo:hasPortrait
ex:coin_35935,ex:person_16,nmo:hasPortrait
ex:coin_35936,ex:person_16,nmo:hasPortrait
ex:coin_35937,ex:person_16,nmo:hasPortrait
ex:coin_35938,ex:person_17,nmo:hasPortrait
ex:coin_35939,ex:person_17,nmo:hasPortrait
ex:coin_35940,ex:person_17,nmo:hasPortrait
ex:coin_35941,ex:person_17,nmo:hasPortrait
ex:coin_35942,ex:person_17,nmo:hasPortrait
ex:coin_35988,ex:person_17,nmo:hasPortrait
ex:coin_36007,ex:person_16,nmo:hasPortrait
ex:coin_36015,ex:person_14,nmo:hasPortrait
ex:coin_36016,ex:person_14,nmo:hasPortrait
ex:coin_36017,ex:person_15,nmo:hasPortrait
ex:coin_36018,ex:person_16,nmo:hasPortrait
ex:coin_36019,ex:person_16,nmo:hasPortrait
ex:coin_36020,ex:person_16,nmo:hasPortrait
ex:coin_36021,ex:person_16,nmo:hasPortrait
ex:coin_36022,ex:person_16,nmo:hasPortrait
ex:coin_36023,ex:person_16,nmo:hasPortrait
ex:coin_36024,ex:person_17,nmo:hasPortrait
ex:coin_36025,ex:person_17,nmo:hasPortrait
ex:coin_36050,ex:person_16,nmo:hasPortrait
ex:coin_36051,ex:person_16,nmo:hasPortrait
ex:coin_36061,ex:person_14,nmo:hasPortrait
ex:coin_36062,ex:person_16,nmo:hasPortrait
ex:coin_36063,ex:person_17,nmo:hasPortrait
ex:coin_36067,ex:person_16,nmo:hasPortrait
ex:coin_36075,ex:person_17,nmo:hasPortrait
ex:coin_36079,ex:person_16,nmo:hasPortrait
ex:coin_36084,ex:person_16,nmo:hasPortrait
ex:coin_36085,ex:person_14,nmo:hasPortrait
ex:coin_36090,ex:person_17,nmo:hasPortrait
ex:coin_36092,ex:person_14,nmo:hasPortrait
ex:coin_36093,ex:person_16,nmo:hasPortrait
ex:coin_36100,ex:person_14,nmo:hasPortrait
ex:coin_36102,ex:person_16,nmo:hasPortrait
ex:coin_36103,ex:person_16,nmo:hasPortrait
ex:coin_36114,ex:person_16,nmo:hasPortrait
ex:coin_36130,ex:person_16,nmo:hasPortrait
ex:coin_36134,ex:person_14,nmo:hasPortrait
ex:coin_36146,ex:person_16,nmo:hasPortrait
ex:coin_36153,ex:person_16,nmo:hasPortrait
ex:coin_36155,ex:person_16,nmo:hasPortrait
ex:coin_36160,ex:person_16,nmo:hasPortrait
ex:coin_36162,ex:person_17,nmo:hasPortrait
ex:coin_36163,ex:person_14,nmo:hasPortrait
ex:coin_36165,ex:person_16,nmo:hasPortrait
ex:coin_36166,ex:person_14,nmo:hasPortrait
ex:coin_36167,ex:person_16,nmo:hasPortrait
ex:coin_36179,ex:person_17,nmo:hasPortrait
ex:coin_36183,ex:person_16,nmo:hasPortrait
ex:coin_36190,ex:person_16,nmo:hasPortrait
ex:coin_36201,ex:person_16,nmo:hasPortrait
ex:coin_36203,ex:person_16,nmo:hasPortrait
ex:coin_36211,ex:person_16,nmo:hasPortrait
ex:coin_36231,ex:person_16,nmo:hasPortrait
ex:coin_36233,ex:person_14,nmo:hasPortrait
ex:coin_36235,ex:person_16,nmo:hasPortrait
ex:coin_36241,ex:person_16,nmo:hasPortrait
ex:coin_36253,ex:person_16,nmo:hasPortrait
ex:coin_36259,ex:person_16,nmo:hasPortrait
ex:coin_36260,ex:person_15,nmo:hasPortrait
ex:coin_36271,ex:person_16,nmo:hasPortrait
ex:coin_36283,ex:person_17,nmo:hasPortrait
ex:coin_36294,ex:person_17,nmo:hasPortrait
ex:coin_36298,ex:person_16,nmo:hasPortrait
ex:coin_36302,ex:person_17,nmo:hasPortrait
ex:coin_36313,ex:person_17,nmo:hasPortrait
ex:coin_36314,ex:person_14,nmo:hasPortrait
ex:coin_36319,ex:person_16,nmo:hasPortrait
ex:coin_36323,ex:person_16,nmo:hasPortrait
ex:coin_36325,ex:person_17,nmo:hasPortrait
ex:coin_36337,ex:person_16,nmo:hasPortrait
ex:coin_36340,ex:person_16,nmo:hasPortrait
ex:coin_39112,ex:person_14,nmo:hasPortrait
ex:coin_42731,ex:person_17,nmo:hasPortrait
ex:coin_42854,ex:person_15,nmo:hasPortrait
ex:coin_42858,ex:person_14,nmo:hasPortrait
ex:coin_42886,ex:person_15,nmo:hasPortrait
ex:coin_42900,ex:person_15,nmo:hasPortrait
ex:coin_42910,ex:person_16,nmo:hasPortrait
ex:coin_42915,ex:person_14,nmo:hasPortrait
ex:coin_740,ex:person_19,nmo:hasPortrait
ex:coin_741,ex:person_19,nmo:hasPortrait
ex:coin_883,ex:person_17,nmo:hasPortrait
ex:coin_1652,ex:person_17,nmo:hasPortrait
ex:coin_1660,ex:person_17,nmo:hasPortrait
ex:coin_1661,ex:person_17,nmo:hasPortrait
ex:coin_1743,ex:person_17,nmo:hasPortrait
ex:coin_1770,ex:person_135,nmo:hasPortrait
ex:coin_1805,ex:person_17,nmo:hasPortrait
ex:coin_1818,ex:person_19,nmo:hasPortrait
ex:coin_1821,ex:person_19,nmo:hasPortrait
ex:coin_2044,ex:person_19,nmo:hasPortrait
ex:coin_2703,ex:person_135,nmo:hasPortrait
ex:coin_2704,ex:person_135,nmo:hasPortrait
ex:coin_2705,ex:person_135,nmo:hasPortrait
ex:coin_2706,ex:person_135,nmo:hasPortrait
ex:coin_2707,ex:person_135,nmo:hasPortrait
ex:coin_2708,ex:person_135,nmo:hasPortrait
ex:coin_2709,ex:person_200,nmo:hasPortrait
ex:coin_2710,ex:person_200,nmo:hasPortrait
ex:coin_2711,ex:person_200,nmo:hasPortrait
ex:coin_2712,ex:person_200,nmo:hasPortrait
ex:coin_2713,ex:person_200,nmo:hasPortrait
ex:coin_2714,ex:person_200,nmo:hasPortrait
ex:coin_2715,ex:person_200,nmo:hasPortrait
ex:coin_2716,ex:person_200,nmo:hasPortrait
ex:coin_2717,ex:person_200,nmo:hasPortrait
ex:coin_2718,ex:person_200,nmo:hasPortrait
ex:coin_2719,ex:person_200,nmo:hasPortrait
ex:coin_2720,ex:person_200,nmo:hasPortrait
ex:coin_2721,ex:person_200,nmo:hasPortrait
ex:coin_2722,ex:person_200,nmo:hasPortrait
ex:coin_2723,ex:person_200,nmo:hasPortrait
ex:coin_2724,ex:person_200,nmo:hasPortrait
ex:coin_2725,ex:person_200,nmo:hasPortrait
ex:coin_2726,ex:person_200,nmo:hasPortrait
ex:coin_2727,ex:person_200,nmo:hasPortrait
ex:coin_2728,ex:person_140,nmo:hasPortrait
ex:coin_2729,ex:person_118,nmo:hasPortrait
ex:coin_2730,ex:person_118,nmo:hasPortrait
ex:coin_2731,ex:person_118,nmo:hasPortrait
ex:coin_2732,ex:person_118,nmo:hasPortrait
ex:coin_2733,ex:person_118,nmo:hasPortrait
ex:coin_2734,ex:person_118,nmo:hasPortrait
ex:coin_2735,ex:person_118,nmo:hasPortrait
ex:coin_2736,ex:person_17,nmo:hasPortrait
ex:coin_2737,ex:person_17,nmo:hasPortrait
ex:coin_2738,ex:person_17,nmo:hasPortrait
ex:coin_2739,ex:person_17,nmo:hasPortrait
ex:coin_2740,ex:person_17,nmo:hasPortrait
ex:coin_2741,ex:person_17,nmo:hasPortrait
ex:coin_2742,ex:person_17,nmo:hasPortrait
ex:coin_2743,ex:person_17,nmo:hasPortrait
ex:coin_2744,ex:person_17,nmo:hasPortrait
ex:coin_2745,ex:person_17,nmo:hasPortrait
ex:coin_2746,ex:person_17,nmo:hasPortrait
ex:coin_2747,ex:person_17,nmo:hasPortrait
ex:coin_2748,ex:person_17,nmo:hasPortrait
ex:coin_2749,ex:person_17,nmo:hasPortrait
ex:coin_2750,ex:person_17,nmo:hasPortrait
ex:coin_2751,ex:person_17,nmo:hasPortrait
ex:coin_2752,ex:person_17,nmo:hasPortrait
ex:coin_2753,ex:person_17,nmo:hasPortrait
ex:coin_2754,ex:person_17,nmo:hasPortrait
ex:coin_2755,ex:person_17,nmo:hasPortrait
ex:coin_2756,ex:person_17,nmo:hasPortrait
ex:coin_2757,ex:person_17,nmo:hasPortrait
ex:coin_2758,ex:person_17,nmo:hasPortrait
ex:coin_2759,ex:person_17,nmo:hasPortrait
ex:coin_2760,ex:person_17,nmo:hasPortrait
ex:coin_2761,ex:person_126,nmo:hasPortrait
ex:coin_2762,ex:person_126,nmo:hasPortrait
ex:coin_2763,ex:person_126,nmo:hasPortrait
ex:coin_2764,ex:person_126,nmo:hasPortrait
ex:coin_2765,ex:person_126,nmo:hasPortrait
ex:coin_2766,ex:person_126,nmo:hasPortrait
ex:coin_2767,ex:person_126,nmo:hasPortrait
ex:coin_2768,ex:person_19,nmo:hasPortrait
ex:coin_2769,ex:person_19,nmo:hasPortrait
ex:coin_2770,ex:person_19,nmo:hasPortrait
ex:coin_2771,ex:person_19,nmo:hasPortrait
ex:coin_2772,ex:person_19,nmo:hasPortrait
ex:coin_2773,ex:person_19,nmo:hasPortrait
ex:coin_2774,ex:person_19,nmo:hasPortrait
ex:coin_2775,ex:person_19,nmo:hasPortrait
ex:coin_2776,ex:person_19,nmo:hasPortrait
ex:coin_2777,ex:person_19,nmo:hasPortrait
ex:coin_2778,ex:person_19,nmo:hasPortrait
ex:coin_2779,ex:person_19,nmo:hasPortrait
ex:coin_2780,ex:person_19,nmo:hasPortrait
ex:coin_2890,ex:person_17,nmo:hasPortrait
ex:coin_2891,ex:person_17,nmo:hasPortrait
ex:coin_2974,ex:person_126,nmo:hasPortrait
ex:coin_3039,ex:person_140,nmo:hasPortrait
ex:coin_3040,ex:person_17,nmo:hasPortrait
ex:coin_3041,ex:person_126,nmo:hasPortrait
ex:coin_3042,ex:person_19,nmo:hasPortrait
ex:coin_3120,ex:person_17,nmo:hasPortrait
ex:coin_3121,ex:person_17,nmo:hasPortrait
ex:coin_3123,ex:person_17,nmo:hasPortrait
ex:coin_3137,ex:person_135,nmo:hasPortrait
ex:coin_3138,ex:person_17,nmo:hasPortrait
ex:coin_3201,ex:person_17,nmo:hasPortrait
ex:coin_3234,ex:person_17,nmo:hasPortrait
ex:coin_3306,ex:person_135,nmo:hasPortrait
ex:coin_3309,ex:person_17,nmo:hasPortrait
ex:coin_3310,ex:person_17,nmo:hasPortrait
ex:coin_3311,ex:person_17,nmo:hasPortrait
ex:coin_3330,ex:person_17,nmo:hasPortrait
ex:coin_3331,ex:person_135,nmo:hasPortrait
ex:coin_3448,ex:person_135,nmo:hasPortrait
ex:coin_3500,ex:person_135,nmo:hasPortrait
ex:coin_3501,ex:person_135,nmo:hasPortrait
ex:coin_3506,ex:person_118,nmo:hasPortrait
ex:coin_3507,ex:person_17,nmo:hasPortrait
ex:coin_3508,ex:person_17,nmo:hasPortrait
ex:coin_3509,ex:person_17,nmo:hasPortrait
ex:coin_3510,ex:person_17,nmo:hasPortrait
ex:coin_3511,ex:person_17,nmo:hasPortrait
ex:coin_3512,ex:person_17,nmo:hasPortrait
ex:coin_3513,ex:person_19,nmo:hasPortrait
ex:coin_3577,ex:person_135,nmo:hasPortrait
ex:coin_3579,ex:person_17,nmo:hasPortrait
ex:coin_3580,ex:person_19,nmo:hasPortrait
ex:coin_3843,ex:person_135,nmo:hasPortrait
ex:coin_3866,ex:person_17,nmo:hasPortrait
ex:coin_3913,ex:person_135,nmo:hasPortrait
ex:coin_4171,ex:person_135,nmo:hasPortrait
ex:coin_4172,ex:person_17,nmo:hasPortrait
ex:coin_4173,ex:person_19,nmo:hasPortrait
ex:coin_4646,ex:person_17,nmo:hasPortrait
ex:coin_4647,ex:person_19,nmo:hasPortrait
ex:coin_4893,ex:person_118,nmo:hasPortrait
ex:coin_4902,ex:person_17,nmo:hasPortrait
ex:coin_4974,ex:person_118,nmo:hasPortrait
ex:coin_4975,ex:person_118,nmo:hasPortrait
ex:coin_4976,ex:person_17,nmo:hasPortrait
ex:coin_4977,ex:person_17,nmo:hasPortrait
ex:coin_4978,ex:person_17,nmo:hasPortrait
ex:coin_5024,ex:person_118,nmo:hasPortrait
ex:coin_5025,ex:person_126,nmo:hasPortrait
ex:coin_5065,ex:person_19,nmo:hasPortrait
ex:coin_5079,ex:person_118,nmo:hasPortrait
ex:coin_5323,ex:person_17,nmo:hasPortrait
ex:coin_5359,ex:person_135,nmo:hasPortrait
ex:coin_5370,ex:person_135,nmo:hasPortrait
ex:coin_5387,ex:person_17,nmo:hasPortrait
ex:coin_5493,ex:person_135,nmo:hasPortrait
ex:coin_5520,ex:person_135,nmo:hasPortrait
ex:coin_5595,ex:person_118,nmo:hasPortrait
ex:coin_5596,ex:person_17,nmo:hasPortrait
ex:coin_5597,ex:person_17,nmo:hasPortrait
ex:coin_5669,ex:person_135,nmo:hasPortrait
ex:coin_5711,ex:person_17,nmo:hasPortrait
ex:coin_5817,ex:person_17,nmo:hasPortrait
ex:coin_5830,ex:person_135,nmo:hasPortrait
ex:coin_5832,ex:person_19,nmo:hasPortrait
ex:coin_5860,ex:person_17,nmo:hasPortrait
ex:coin_5971,ex:person_17,nmo:hasPortrait
ex:coin_6089,ex:person_17,nmo:hasPortrait
ex:coin_6130,ex:person_19,nmo:hasPortrait
ex:coin_6234,ex:person_135,nmo:hasPortrait
ex:coin_6235,ex:person_126,nmo:hasPortrait
ex:coin_6269,ex:person_17,nmo:hasPortrait
ex:coin_6390,ex:person_19,nmo:hasPortrait
ex:coin_6432,ex:person_135,nmo:hasPortrait
ex:coin_6582,ex:person_126,nmo:hasPortrait
ex:coin_6590,ex:person_17,nmo:hasPortrait
ex:coin_6592,ex:person_135,nmo:hasPortrait
ex:coin_6596,ex:person_135,nmo:hasPortrait
ex:coin_6597,ex:person_135,nmo:hasPortrait
ex:coin_6599,ex:person_17,nmo:hasPortrait
ex:coin_6600,ex:person_17,nmo:hasPortrait
ex:coin_6679,ex:person_17,nmo:hasPortrait
ex:coin_6687,ex:person_17,nmo:hasPortrait
ex:coin_6688,ex:person_17,nmo:hasPortrait
ex:coin_6689,ex:person_126,nmo:hasPortrait
ex:coin_6905,ex:person_17,nmo:hasPortrait
ex:coin_7619,ex:person_19,nmo:hasPortrait
ex:coin_7762,ex:person_118,nmo:hasPortrait
ex:coin_7763,ex:person_17,nmo:hasPortrait
ex:coin_7827,ex:person_19,nmo:hasPortrait
ex:coin_7828,ex:person_19,nmo:hasPortrait
ex:coin_7932,ex:person_140,nmo:hasPortrait
ex:coin_7947,ex:person_135,nmo:hasPortrait
ex:coin_8001,ex:person_118,nmo:hasPortrait
ex:coin_8039,ex:person_17,nmo:hasPortrait
ex:coin_8055,ex:person_19,nmo:hasPortrait
ex:coin_8124,ex:person_19,nmo:hasPortrait
ex:coin_8246,ex:person_135,nmo:hasPortrait
ex:coin_8247,ex:person_135,nmo:hasPortrait
ex:coin_8248,ex:person_135,nmo:hasPortrait
ex:coin_8249,ex:person_135,nmo:hasPortrait
ex:coin_8250,ex:person_135,nmo:hasPortrait
ex:coin_8251,ex:person_135,nmo:hasPortrait
ex:coin_8252,ex:person_140,nmo:hasPortrait
ex:coin_8253,ex:person_140,nmo:hasPortrait
ex:coin_8254,ex:person_140,nmo:hasPortrait
ex:coin_8255,ex:person_118,nmo:hasPortrait
ex:coin_8256,ex:person_17,nmo:hasPortrait
ex:coin_8257,ex:person_17,nmo:hasPortrait
ex:coin_8258,ex:person_17,nmo:hasPortrait
ex:coin_8259,ex:person_17,nmo:hasPortrait
ex:coin_8260,ex:person_17,nmo:hasPortrait
ex:coin_8261,ex:person_17,nmo:hasPortrait
ex:coin_8262,ex:person_17,nmo:hasPortrait
ex:coin_8263,ex:person_17,nmo:hasPortrait
ex:coin_8264,ex:person_17,nmo:hasPortrait
ex:coin_8265,ex:person_17,nmo:hasPortrait
ex:coin_8266,ex:person_17,nmo:hasPortrait
ex:coin_8267,ex:person_17,nmo:hasPortrait
ex:coin_8268,ex:person_17,nmo:hasPortrait
ex:coin_8269,ex:person_19,nmo:hasPortrait
ex:coin_8270,ex:person_19,nmo:hasPortrait
ex:coin_8271,ex:person_19,nmo:hasPortrait
ex:coin_8272,ex:person_19,nmo:hasPortrait
ex:coin_8303,ex:person_135,nmo:hasPortrait
ex:coin_8304,ex:person_140,nmo:hasPortrait
ex:coin_8549,ex:person_135,nmo:hasPortrait
ex:coin_8568,ex:person_118,nmo:hasPortrait
ex:coin_8569,ex:person_17,nmo:hasPortrait
ex:coin_8570,ex:person_17,nmo:hasPortrait
ex:coin_8750,ex:person_17,nmo:hasPortrait
ex:coin_8958,ex:person_17,nmo:hasPortrait
ex:coin_8976,ex:person_135,nmo:hasPortrait
ex:coin_9175,ex:person_17,nmo:hasPortrait
ex:coin_9268,ex:person_135,nmo:hasPortrait
ex:coin_9313,ex:person_135,nmo:hasPortrait
ex:coin_9484,ex:person_126,nmo:hasPortrait
ex:coin_9830,ex:person_135,nmo:hasPortrait
ex:coin_9890,ex:person_126,nmo:hasPortrait
ex:coin_9926,ex:person_135,nmo:hasPortrait
ex:coin_10125,ex:person_19,nmo:hasPortrait
ex:coin_10410,ex:person_17,nmo:hasPortrait
ex:coin_10442,ex:person_17,nmo:hasPortrait
ex:coin_10536,ex:person_17,nmo:hasPortrait
ex:coin_10544,ex:person_17,nmo:hasPortrait
ex:coin_10546,ex:person_17,nmo:hasPortrait
ex:coin_10547,ex:person_19,nmo:hasPortrait
ex:coin_11549,ex:person_17,nmo:hasPortrait
ex:coin_11573,ex:person_17,nmo:hasPortrait
ex:coin_11618,ex:person_17,nmo:hasPortrait
ex:coin_11647,ex:person_17,nmo:hasPortrait
ex:coin_11670,ex:person_17,nmo:hasPortrait
ex:coin_11687,ex:person_17,nmo:hasPortrait
ex:coin_11688,ex:person_17,nmo:hasPortrait
ex:coin_11689,ex:person_135,nmo:hasPortrait
ex:coin_11690,ex:person_118,nmo:hasPortrait
ex:coin_11906,ex:person_17,nmo:hasPortrait
ex:coin_11946,ex:person_17,nmo:hasPortrait
ex:coin_12040,ex:person_17,nmo:hasPortrait
ex:coin_12257,ex:person_17,nmo:hasPortrait
ex:coin_12273,ex:person_17,nmo:hasPortrait
ex:coin_12287,ex:person_135,nmo:hasPortrait
ex:coin_12294,ex:person_19,nmo:hasPortrait
ex:coin_12303,ex:person_19,nmo:hasPortrait
ex:coin_12323,ex:person_19,nmo:hasPortrait
ex:coin_12343,ex:person_17,nmo:hasPortrait
ex:coin_12369,ex:person_17,nmo:hasPortrait
ex:coin_12376,ex:person_135,nmo:hasPortrait
ex:coin_12377,ex:person_17,nmo:hasPortrait
ex:coin_12378,ex:person_19,nmo:hasPortrait
ex:coin_12513,ex:person_19,nmo:hasPortrait
ex:coin_12601,ex:person_17,nmo:hasPortrait
ex:coin_12653,ex:person_17,nmo:hasPortrait
ex:coin_12654,ex:person_17,nmo:hasPortrait
ex:coin_12655,ex:person_17,nmo:hasPortrait
ex:coin_12656,ex:person_17,nmo:hasPortrait
ex:coin_12657,ex:person_17,nmo:hasPortrait
ex:coin_12658,ex:person_126,nmo:hasPortrait
ex:coin_12659,ex:person_19,nmo:hasPortrait
ex:coin_12660,ex:person_19,nmo:hasPortrait
ex:coin_12772,ex:person_135,nmo:hasPortrait
ex:coin_12848,ex:person_126,nmo:hasPortrait
ex:coin_12853,ex:person_118,nmo:hasPortrait
ex:coin_12888,ex:person_17,nmo:hasPortrait
ex:coin_13028,ex:person_135,nmo:hasPortrait
ex:coin_13157,ex:person_19,nmo:hasPortrait
ex:coin_13163,ex:person_17,nmo:hasPortrait
ex:coin_13188,ex:person_17,nmo:hasPortrait
ex:coin_13460,ex:person_126,nmo:hasPortrait
ex:coin_13462,ex:person_17,nmo:hasPortrait
ex:coin_13479,ex:person_14,nmo:hasPortrait
ex:coin_13579,ex:person_19,nmo:hasPortrait
ex:coin_13618,ex:person_17,nmo:hasPortrait
ex:coin_13736,ex:person_19,nmo:hasPortrait
ex:coin_13752,ex:person_19,nmo:hasPortrait
ex:coin_13753,ex:person_19,nmo:hasPortrait
ex:coin_13754,ex:person_19,nmo:hasPortrait
ex:coin_14263,ex:person_135,nmo:hasPortrait
ex:coin_14267,ex:person_19,nmo:hasPortrait
ex:coin_14271,ex:person_118,nmo:hasPortrait
ex:coin_14275,ex:person_17,nmo:hasPortrait
ex:coin_14286,ex:person_19,nmo:hasPortrait
ex:coin_14307,ex:person_135,nmo:hasPortrait
ex:coin_14404,ex:person_135,nmo:hasPortrait
ex:coin_14406,ex:person_17,nmo:hasPortrait
ex:coin_15024,ex:person_126,nmo:hasPortrait
ex:coin_15126,ex:person_17,nmo:hasPortrait
ex:coin_15127,ex:person_17,nmo:hasPortrait
ex:coin_15150,ex:person_126,nmo:hasPortrait
ex:coin_15216,ex:person_19,nmo:hasPortrait
ex:coin_15410,ex:person_17,nmo:hasPortrait
ex:coin_15568,ex:person_17,nmo:hasPortrait
ex:coin_15613,ex:person_19,nmo:hasPortrait
ex:coin_15700,ex:person_118,nmo:hasPortrait
ex:coin_15709,ex:person_126,nmo:hasPortrait
ex:coin_15719,ex:person_135,nmo:hasPortrait
ex:coin_15764,ex:person_17,nmo:hasPortrait
ex:coin_15849,ex:person_135,nmo:hasPortrait
ex:coin_15886,ex:person_118,nmo:hasPortrait
ex:coin_15950,ex:person_118,nmo:hasPortrait
ex:coin_15966,ex:person_17,nmo:hasPortrait
ex:coin_15974,ex:person_19,nmo:hasPortrait
ex:coin_16055,ex:person_17,nmo:hasPortrait
ex:coin_16065,ex:person_126,nmo:hasPortrait
ex:coin_16068,ex:person_118,nmo:hasPortrait
ex:coin_16072,ex:person_135,nmo:hasPortrait
ex:coin_16073,ex:person_135,nmo:hasPortrait
ex:coin_16171,ex:person_19,nmo:hasPortrait
ex:coin_16172,ex:person_17,nmo:hasPortrait
ex:coin_16175,ex:person_17,nmo:hasPortrait
ex:coin_16192,ex:person_17,nmo:hasPortrait
ex:coin_16193,ex:person_135,nmo:hasPortrait
ex:coin_16200,ex:person_17,nmo:hasPortrait
ex:coin_16213,ex:person_17,nmo:hasPortrait
ex:coin_16214,ex:person_17,nmo:hasPortrait
ex:coin_16220,ex:person_118,nmo:hasPortrait
ex:coin_16221,ex:person_17,nmo:hasPortrait
ex:coin_16232,ex:person_135,nmo:hasPortrait
ex:coin_16267,ex:person_19,nmo:hasPortrait
ex:coin_16298,ex:person_19,nmo:hasPortrait
ex:coin_16630,ex:person_19,nmo:hasPortrait
ex:coin_16652,ex:person_135,nmo:hasPortrait
ex:coin_16683,ex:person_19,nmo:hasPortrait
ex:coin_16685,ex:person_17,nmo:hasPortrait
ex:coin_16686,ex:person_19,nmo:hasPortrait
ex:coin_16688,ex:person_17,nmo:hasPortrait
ex:coin_16702,ex:person_126,nmo:hasPortrait
ex:coin_16801,ex:person_17,nmo:hasPortrait
ex:coin_16815,ex:person_19,nmo:hasPortrait
ex:coin_16826,ex:person_118,nmo:hasPortrait
ex:coin_16842,ex:person_17,nmo:hasPortrait
ex:coin_16905,ex:person_17,nmo:hasPortrait
ex:coin_16913,ex:person_135,nmo:hasPortrait
ex:coin_16918,ex:person_17,nmo:hasPortrait
ex:coin_16941,ex:person_17,nmo:hasPortrait
ex:coin_16948,ex:person_126,nmo:hasPortrait
ex:coin_16951,ex:person_19,nmo:hasPortrait
ex:coin_17171,ex:person_17,nmo:hasPortrait
ex:coin_17351,ex:person_118,nmo:hasPortrait
ex:coin_17457,ex:person_19,nmo:hasPortrait
ex:coin_17659,ex:person_118,nmo:hasPortrait
ex:coin_17660,ex:person_126,nmo:hasPortrait
ex:coin_17701,ex:person_17,nmo:hasPortrait
ex:coin_17702,ex:person_17,nmo:hasPortrait
ex:coin_17763,ex:person_17,nmo:hasPortrait
ex:coin_17768,ex:person_17,nmo:hasPortrait
ex:coin_17798,ex:person_17,nmo:hasPortrait
ex:coin_17811,ex:person_17,nmo:hasPortrait
ex:coin_17812,ex:person_135,nmo:hasPortrait
ex:coin_17842,ex:person_135,nmo:hasPortrait
ex:coin_17865,ex:person_135,nmo:hasPortrait
ex:coin_17868,ex:person_135,nmo:hasPortrait
ex:coin_17871,ex:person_135,nmo:hasPortrait
ex:coin_17880,ex:person_17,nmo:hasPortrait
ex:coin_17889,ex:person_118,nmo:hasPortrait
ex:coin_17902,ex:person_126,nmo:hasPortrait
ex:coin_17922,ex:person_19,nmo:hasPortrait
ex:coin_17935,ex:person_126,nmo:hasPortrait
ex:coin_17937,ex:person_140,nmo:hasPortrait
ex:coin_17953,ex:person_17,nmo:hasPortrait
ex:coin_17966,ex:person_126,nmo:hasPortrait
ex:coin_17982,ex:person_19,nmo:hasPortrait
ex:coin_17989,ex:person_17,nmo:hasPortrait
ex:coin_18020,ex:person_135,nmo:hasPortrait
ex:coin_18030,ex:person_16,nmo:hasPortrait
ex:coin_18034,ex:person_17,nmo:hasPortrait
ex:coin_18055,ex:person_17,nmo:hasPortrait
ex:coin_18056,ex:person_17,nmo:hasPortrait
ex:coin_18075,ex:person_17,nmo:hasPortrait
ex:coin_18077,ex:person_19,nmo:hasPortrait
ex:coin_18083,ex:person_17,nmo:hasPortrait
ex:coin_18296,ex:person_16,nmo:hasPortrait
ex:coin_18368,ex:person_19,nmo:hasPortrait
ex:coin_18437,ex:person_135,nmo:hasPortrait
ex:coin_18457,ex:person_17,nmo:hasPortrait
ex:coin_18478,ex:person_135,nmo:hasPortrait
ex:coin_18484,ex:person_17,nmo:hasPortrait
ex:coin_18492,ex:person_19,nmo:hasPortrait
ex:coin_18494,ex:person_126,nmo:hasPortrait
ex:coin_18498,ex:person_118,nmo:hasPortrait
ex:coin_18630,ex:person_17,nmo:hasPortrait
ex:coin_18644,ex:person_17,nmo:hasPortrait
ex:coin_18675,ex:person_19,nmo:hasPortrait
ex:coin_18676,ex:person_19,nmo:hasPortrait
ex:coin_18678,ex:person_19,nmo:hasPortrait
ex:coin_18711,ex:person_17,nmo:hasPortrait
ex:coin_18718,ex:person_16,nmo:hasPortrait
ex:coin_27988,ex:person_19,nmo:hasPortrait
ex:coin_28316,ex:person_17,nmo:hasPortrait
ex:coin_28317,ex:person_17,nmo:hasPortrait
ex:coin_28318,ex:person_17,nmo:hasPortrait
ex:coin_28319,ex:person_17,nmo:hasPortrait
ex:coin_28320,ex:person_17,nmo:hasPortrait
ex:coin_28321,ex:person_17,nmo:hasPortrait
ex:coin_28981,ex:person_118,nmo:hasPortrait
ex:coin_29721,ex:person_135,nmo:hasPortrait
ex:coin_30093,ex:person_17,nmo:hasPortrait
ex:coin_30122,ex:person_17,nmo:hasPortrait
ex:coin_30191,ex:person_19,nmo:hasPortrait
ex:coin_30238,ex:person_126,nmo:hasPortrait
ex:coin_30277,ex:person_17,nmo:hasPortrait
ex:coin_30578,ex:person_17,nmo:hasPortrait
ex:coin_31273,ex:person_19,nmo:hasPortrait
ex:coin_32360,ex:person_19,nmo:hasPortrait
ex:coin_33226,ex:person_17,nmo:hasPortrait
ex:coin_33233,ex:person_17,nmo:hasPortrait
ex:coin_33655,ex:person_17,nmo:hasPortrait
ex:coin_33686,ex:person_17,nmo:hasPortrait
ex:coin_33762,ex:person_19,nmo:hasPortrait
ex:coin_34817,ex:person_19,nmo:hasPortrait
ex:coin_35799,ex:person_17,nmo:hasPortrait
ex:coin_35866,ex:person_135,nmo:hasPortrait
ex:coin_35867,ex:person_135,nmo:hasPortrait
ex:coin_35868,ex:person_118,nmo:hasPortrait
ex:coin_35869,ex:person_118,nmo:hasPortrait
ex:coin_35870,ex:person_118,nmo:hasPortrait
ex:coin_35871,ex:person_118,nmo:hasPortrait
ex:coin_35872,ex:person_17,nmo:hasPortrait
ex:coin_35873,ex:person_17,nmo:hasPortrait
ex:coin_35874,ex:person_17,nmo:hasPortrait
ex:coin_35875,ex:person_17,nmo:hasPortrait
ex:coin_35876,ex:person_17,nmo:hasPortrait
ex:coin_35877,ex:person_17,nmo:hasPortrait
ex:coin_35878,ex:person_17,nmo:hasPortrait
ex:coin_35879,ex:person_17,nmo:hasPortrait
ex:coin_35880,ex:person_126,nmo:hasPortrait
ex:coin_35884,ex:person_19,nmo:hasPortrait
ex:coin_35885,ex:person_19,nmo:hasPortrait
ex:coin_35886,ex:person_19,nmo:hasPortrait
ex:coin_35887,ex:person_19,nmo:hasPortrait
ex:coin_35888,ex:person_19,nmo:hasPortrait
ex:coin_35889,ex:person_19,nmo:hasPortrait
ex:coin_35906,ex:person_17,nmo:hasPortrait
ex:coin_35907,ex:person_17,nmo:hasPortrait
ex:coin_35961,ex:person_135,nmo:hasPortrait
ex:coin_35962,ex:person_17,nmo:hasPortrait
ex:coin_35963,ex:person_17,nmo:hasPortrait
ex:coin_35964,ex:person_19,nmo:hasPortrait
ex:coin_35965,ex:person_19,nmo:hasPortrait
ex:coin_35966,ex:person_19,nmo:hasPortrait
ex:coin_35967,ex:person_19,nmo:hasPortrait
ex:coin_35987,ex:person_19,nmo:hasPortrait
ex:coin_35990,ex:person_19,nmo:hasPortrait
ex:coin_35991,ex:person_19,nmo:hasPortrait
ex:coin_35997,ex:person_17,nmo:hasPortrait
ex:coin_36000,ex:person_17,nmo:hasPortrait
ex:coin_36002,ex:person_17,nmo:hasPortrait
ex:coin_36003,ex:person_19,nmo:hasPortrait
ex:coin_36004,ex:person_19,nmo:hasPortrait
ex:coin_36032,ex:person_17,nmo:hasPortrait
ex:coin_36033,ex:person_126,nmo:hasPortrait
ex:coin_36034,ex:person_19,nmo:hasPortrait
ex:coin_36045,ex:person_19,nmo:hasPortrait
ex:coin_36047,ex:person_17,nmo:hasPortrait
ex:coin_36049,ex:person_17,nmo:hasPortrait
ex:coin_36052,ex:person_17,nmo:hasPortrait
ex:coin_36053,ex:person_17,nmo:hasPortrait
ex:coin_36059,ex:person_19,nmo:hasPortrait
ex:coin_36065,ex:person_17,nmo:hasPortrait
ex:coin_36076,ex:person_17,nmo:hasPortrait
ex:coin_36077,ex:person_17,nmo:hasPortrait
ex:coin_36083,ex:person_17,nmo:hasPortrait
ex:coin_36086,ex:person_135,nmo:hasPortrait
ex:coin_36087,ex:person_19,nmo:hasPortrait
ex:coin_36088,ex:person_126,nmo:hasPortrait
ex:coin_36095,ex:person_17,nmo:hasPortrait
ex:coin_36096,ex:person_118,nmo:hasPortrait
ex:coin_36106,ex:person_17,nmo:hasPortrait
ex:coin_36117,ex:person_19,nmo:hasPortrait
ex:coin_36121,ex:person_17,nmo:hasPortrait
ex:coin_36123,ex:person_17,nmo:hasPortrait
ex:coin_36132,ex:person_17,nmo:hasPortrait
ex:coin_36138,ex:person_118,nmo:hasPortrait
ex:coin_36142,ex:person_17,nmo:hasPortrait
ex:coin_36144,ex:person_17,nmo:hasPortrait
ex:coin_36147,ex:person_19,nmo:hasPortrait
ex:coin_36164,ex:person_19,nmo:hasPortrait
ex:coin_36168,ex:person_17,nmo:hasPortrait
ex:coin_36172,ex:person_17,nmo:hasPortrait
ex:coin_36175,ex:person_17,nmo:hasPortrait
ex:coin_36184,ex:person_19,nmo:hasPortrait
ex:coin_36187,ex:person_126,nmo:hasPortrait
ex:coin_36189,ex:person_17,nmo:hasPortrait
ex:coin_36192,ex:person_17,nmo:hasPortrait
ex:coin_36197,ex:person_19,nmo:hasPortrait
ex:coin_36198,ex:person_17,nmo:hasPortrait
ex:coin_36207,ex:person_17,nmo:hasPortrait
ex:coin_36208,ex:person_118,nmo:hasPortrait
ex:coin_36216,ex:person_126,nmo:hasPortrait
ex:coin_36247,ex:person_118,nmo:hasPortrait
ex:coin_36248,ex:person_17,nmo:hasPortrait
ex:coin_36249,ex:person_17,nmo:hasPortrait
ex:coin_36250,ex:person_17,nmo:hasPortrait
ex:coin_36255,ex:person_19,nmo:hasPortrait
ex:coin_36268,ex:person_17,nmo:hasPortrait
ex:coin_36269,ex:person_135,nmo:hasPortrait
ex:coin_36278,ex:person_17,nmo:hasPortrait
ex:coin_36281,ex:person_17,nmo:hasPortrait
ex:coin_36282,ex:person_19,nmo:hasPortrait
ex:coin_36285,ex:person_17,nmo:hasPortrait
ex:coin_36290,ex:person_17,nmo:hasPortrait
ex:coin_36292,ex:person_17,nmo:hasPortrait
ex:coin_36296,ex:person_17,nmo:hasPortrait
ex:coin_36297,ex:person_19,nmo:hasPortrait
ex:coin_36300,ex:person_17,nmo:hasPortrait
ex:coin_36303,ex:person_118,nmo:hasPortrait
ex:coin_36305,ex:person_19,nmo:hasPortrait
ex:coin_36308,ex:person_19,nmo:hasPortrait
ex:coin_36316,ex:person_19,nmo:hasPortrait
ex:coin_36318,ex:person_19,nmo:hasPortrait
ex:coin_36331,ex:person_126,nmo:hasPortrait
ex:coin_36338,ex:person_126,nmo:hasPortrait
ex:coin_41306,ex:person_17,nmo:hasPortrait
ex:coin_41309,ex:person_19,nmo:hasPortrait
ex:coin_42735,ex:person_126,nmo:hasPortrait
ex:coin_42797,ex:person_118,nmo:hasPortrait
ex:coin_42809,ex:person_140,nmo:hasPortrait
ex:coin_42841,ex:person_17,nmo:hasPortrait
ex:coin_42848,ex:person_17,nmo:hasPortrait
ex:coin_42865,ex:person_17,nmo:hasPortrait
ex:coin_42880,ex:person_17,nmo:hasPortrait
ex:coin_4590,ex:person_19,nmo:hasPortrait
ex:coin_4615,ex:person_19,nmo:hasPortrait
ex:coin_4982,ex:person_19,nmo:hasPortrait
ex:coin_5420,ex:person_19,nmo:hasPortrait
ex:coin_5695,ex:person_19,nmo:hasPortrait
ex:coin_6436,ex:person_19,nmo:hasPortrait
ex:coin_6537,ex:person_19,nmo:hasPortrait
ex:coin_7917,ex:person_19,nmo:hasPortrait
ex:coin_8398,ex:person_19,nmo:hasPortrait
ex:coin_8516,ex:person_19,nmo:hasPortrait
ex:coin_8641,ex:person_19,nmo:hasPortrait
ex:coin_8716,ex:person_19,nmo:hasPortrait
ex:coin_8995,ex:person_19,nmo:hasPortrait
ex:coin_9666,ex:person_19,nmo:hasPortrait
ex:coin_9857,ex:person_19,nmo:hasPortrait
ex:coin_11453,ex:person_19,nmo:hasPortrait
ex:coin_11691,ex:person_19,nmo:hasPortrait
ex:coin_12077,ex:person_19,nmo:hasPortrait
ex:coin_12958,ex:person_19,nmo:hasPortrait
ex:coin_13461,ex:person_19,nmo:hasPortrait
ex:coin_14800,ex:person_19,nmo:hasPortrait
ex:coin_15157,ex:person_19,nmo:hasPortrait
ex:coin_15842,ex:person_19,nmo:hasPortrait
ex:coin_15843,ex:person_19,nmo:hasPortrait
ex:coin_991,ex:person_21,nmo:hasPortrait
ex:coin_1735,ex:person_141,nmo:hasPortrait
ex:coin_2833,ex:person_141,nmo:hasPortrait
ex:coin_2834,ex:person_141,nmo:hasPortrait
ex:coin_2835,ex:person_141,nmo:hasPortrait
ex:coin_2836,ex:person_21,nmo:hasPortrait
ex:coin_2837,ex:person_21,nmo:hasPortrait
ex:coin_2838,ex:person_21,nmo:hasPortrait
ex:coin_2839,ex:person_21,nmo:hasPortrait
ex:coin_2840,ex:person_21,nmo:hasPortrait
ex:coin_2841,ex:person_21,nmo:hasPortrait
ex:coin_2842,ex:person_21,nmo:hasPortrait
ex:coin_3045,ex:person_141,nmo:hasPortrait
ex:coin_3151,ex:person_141,nmo:hasPortrait
ex:coin_3521,ex:person_21,nmo:hasPortrait
ex:coin_3582,ex:person_21,nmo:hasPortrait
ex:coin_4650,ex:person_21,nmo:hasPortrait
ex:coin_4997,ex:person_21,nmo:hasPortrait
ex:coin_4998,ex:person_21,nmo:hasPortrait
ex:coin_5667,ex:person_21,nmo:hasPortrait
ex:coin_6137,ex:person_21,nmo:hasPortrait
ex:coin_6619,ex:person_21,nmo:hasPortrait
ex:coin_8282,ex:person_21,nmo:hasPortrait
ex:coin_8283,ex:person_21,nmo:hasPortrait
ex:coin_8307,ex:person_21,nmo:hasPortrait
ex:coin_8435,ex:person_141,nmo:hasPortrait
ex:coin_8729,ex:person_21,nmo:hasPortrait
ex:coin_9011,ex:person_141,nmo:hasPortrait
ex:coin_9076,ex:person_141,nmo:hasPortrait
ex:coin_9301,ex:person_141,nmo:hasPortrait
ex:coin_9859,ex:person_21,nmo:hasPortrait
ex:coin_11591,ex:person_21,nmo:hasPortrait
ex:coin_11640,ex:person_21,nmo:hasPortrait
ex:coin_12281,ex:person_141,nmo:hasPortrait
ex:coin_12380,ex:person_21,nmo:hasPortrait
ex:coin_12474,ex:person_21,nmo:hasPortrait
ex:coin_12668,ex:person_21,nmo:hasPortrait
ex:coin_12872,ex:person_21,nmo:hasPortrait
ex:coin_13151,ex:person_21,nmo:hasPortrait
ex:coin_13587,ex:person_21,nmo:hasPortrait
ex:coin_13779,ex:person_21,nmo:hasPortrait
ex:coin_13915,ex:person_21,nmo:hasPortrait
ex:coin_15037,ex:person_21,nmo:hasPortrait
ex:coin_15093,ex:person_21,nmo:hasPortrait
ex:coin_15694,ex:person_21,nmo:hasPortrait
ex:coin_15701,ex:person_21,nmo:hasPortrait
ex:coin_16057,ex:person_21,nmo:hasPortrait
ex:coin_16191,ex:person_21,nmo:hasPortrait
ex:coin_16277,ex:person_21,nmo:hasPortrait
ex:coin_16294,ex:person_21,nmo:hasPortrait
ex:coin_16628,ex:person_141,nmo:hasPortrait
ex:coin_16635,ex:person_141,nmo:hasPortrait
ex:coin_16703,ex:person_21,nmo:hasPortrait
ex:coin_17179,ex:person_21,nmo:hasPortrait
ex:coin_17585,ex:person_21,nmo:hasPortrait
ex:coin_17873,ex:person_141,nmo:hasPortrait
ex:coin_17936,ex:person_141,nmo:hasPortrait
ex:coin_17943,ex:person_141,nmo:hasPortrait
ex:coin_18375,ex:person_14,nmo:hasPortrait
ex:coin_18460,ex:person_21,nmo:hasPortrait
ex:coin_18462,ex:person_21,nmo:hasPortrait
ex:coin_28077,ex:person_21,nmo:hasPortrait
ex:coin_35800,ex:person_141,nmo:hasPortrait
ex:coin_35801,ex:person_141,nmo:hasPortrait
ex:coin_35802,ex:person_21,nmo:hasPortrait
ex:coin_35803,ex:person_21,nmo:hasPortrait
ex:coin_35983,ex:person_141,nmo:hasPortrait
ex:coin_35984,ex:person_141,nmo:hasPortrait
ex:coin_35985,ex:person_21,nmo:hasPortrait
ex:coin_36044,ex:person_141,nmo:hasPortrait
ex:coin_36046,ex:person_141,nmo:hasPortrait
ex:coin_36073,ex:person_21,nmo:hasPortrait
ex:coin_36104,ex:person_21,nmo:hasPortrait
ex:coin_36137,ex:person_141,nmo:hasPortrait
ex:coin_36322,ex:person_21,nmo:hasPortrait
ex:coin_36332,ex:person_21,nmo:hasPortrait
ex:coin_42744,ex:person_21,nmo:hasPortrait
ex:coin_42907,ex:person_21,nmo:hasPortrait
ex:coin_829,ex:person_22,nmo:hasPortrait
ex:coin_1150,ex:person_22,nmo:hasPortrait
ex:coin_1726,ex:person_23,nmo:hasPortrait
ex:coin_1727,ex:person_22,nmo:hasPortrait
ex:coin_1837,ex:person_22,nmo:hasPortrait
ex:coin_1963,ex:person_22,nmo:hasPortrait
ex:coin_1968,ex:person_22,nmo:hasPortrait
ex:coin_2844,ex:person_146,nmo:hasPortrait
ex:coin_3915,ex:person_22,nmo:hasPortrait
ex:coin_4743,ex:person_22,nmo:hasPortrait
ex:coin_4908,ex:person_23,nmo:hasPortrait
ex:coin_4909,ex:person_22,nmo:hasPortrait
ex:coin_5385,ex:person_162,nmo:hasPortrait
ex:coin_5623,ex:person_23,nmo:hasPortrait
ex:coin_5624,ex:person_23,nmo:hasPortrait
ex:coin_5625,ex:person_162,nmo:hasPortrait
ex:coin_5626,ex:person_22,nmo:hasPortrait
ex:coin_5755,ex:person_23,nmo:hasPortrait
ex:coin_6319,ex:person_23,nmo:hasPortrait
ex:coin_6680,ex:person_22,nmo:hasPortrait
ex:coin_7557,ex:person_188,nmo:hasPortrait
ex:coin_8309,ex:person_22,nmo:hasPortrait
ex:coin_8573,ex:person_22,nmo:hasPortrait
ex:coin_8632,ex:person_22,nmo:hasPortrait
ex:coin_9238,ex:person_162,nmo:hasPortrait
ex:coin_9346,ex:person_162,nmo:hasPortrait
ex:coin_9495,ex:person_22,nmo:hasPortrait
ex:coin_9860,ex:person_22,nmo:hasPortrait
ex:coin_11467,ex:person_22,nmo:hasPortrait
ex:coin_11604,ex:person_22,nmo:hasPortrait
ex:coin_11610,ex:person_23,nmo:hasPortrait
ex:coin_11909,ex:person_162,nmo:hasPortrait
ex:coin_11930,ex:person_162,nmo:hasPortrait
ex:coin_12022,ex:person_22,nmo:hasPortrait
ex:coin_12928,ex:person_22,nmo:hasPortrait
ex:coin_12929,ex:person_162,nmo:hasPortrait
ex:coin_12941,ex:person_22,nmo:hasPortrait
ex:coin_12942,ex:person_22,nmo:hasPortrait
ex:coin_12989,ex:person_162,nmo:hasPortrait
ex:coin_13465,ex:person_23,nmo:hasPortrait
ex:coin_13472,ex:person_23,nmo:hasPortrait
ex:coin_13788,ex:person_22,nmo:hasPortrait
ex:coin_13842,ex:person_22,nmo:hasPortrait
ex:coin_14032,ex:person_22,nmo:hasPortrait
ex:coin_14303,ex:person_22,nmo:hasPortrait
ex:coin_15069,ex:person_22,nmo:hasPortrait
ex:coin_15128,ex:person_162,nmo:hasPortrait
ex:coin_15144,ex:person_162,nmo:hasPortrait
ex:coin_15716,ex:person_22,nmo:hasPortrait
ex:coin_16229,ex:person_22,nmo:hasPortrait
ex:coin_16295,ex:person_162,nmo:hasPortrait
ex:coin_16386,ex:person_22,nmo:hasPortrait
ex:coin_16613,ex:person_22,nmo:hasPortrait
ex:coin_16890,ex:person_22,nmo:hasPortrait
ex:coin_16903,ex:person_162,nmo:hasPortrait
ex:coin_17172,ex:person_22,nmo:hasPortrait
ex:coin_17706,ex:person_22,nmo:hasPortrait
ex:coin_17736,ex:person_22,nmo:hasPortrait
ex:coin_17745,ex:person_22,nmo:hasPortrait
ex:coin_17863,ex:person_22,nmo:hasPortrait
ex:coin_18060,ex:person_22,nmo:hasPortrait
ex:coin_18200,ex:person_22,nmo:hasPortrait
ex:coin_18480,ex:person_23,nmo:hasPortrait
ex:coin_18639,ex:person_22,nmo:hasPortrait
ex:coin_27300,ex:person_23,nmo:hasPortrait
ex:coin_28122,ex:person_23,nmo:hasPortrait
ex:coin_28123,ex:person_23,nmo:hasPortrait
ex:coin_28124,ex:person_22,nmo:hasPortrait
ex:coin_36342,ex:person_23,nmo:hasPortrait
ex:coin_36344,ex:person_23,nmo:hasPortrait
ex:coin_36345,ex:person_23,nmo:hasPortrait
ex:coin_36349,ex:person_23,nmo:hasPortrait
ex:coin_36372,ex:person_23,nmo:hasPortrait
ex:coin_36373,ex:person_22,nmo:hasPortrait
ex:coin_36374,ex:person_22,nmo:hasPortrait
ex:coin_36375,ex:person_22,nmo:hasPortrait
ex:coin_36389,ex:person_23,nmo:hasPortrait
ex:coin_36390,ex:person_23,nmo:hasPortrait
ex:coin_36393,ex:person_22,nmo:hasPortrait
ex:coin_36394,ex:person_22,nmo:hasPortrait
ex:coin_36395,ex:person_22,nmo:hasPortrait
ex:coin_36396,ex:person_22,nmo:hasPortrait
ex:coin_36399,ex:person_22,nmo:hasPortrait
ex:coin_36400,ex:person_22,nmo:hasPortrait
ex:coin_36409,ex:person_22,nmo:hasPortrait
ex:coin_36410,ex:person_22,nmo:hasPortrait
ex:coin_36412,ex:person_23,nmo:hasPortrait
ex:coin_36417,ex:person_22,nmo:hasPortrait
ex:coin_36418,ex:person_22,nmo:hasPortrait
ex:coin_36422,ex:person_22,nmo:hasPortrait
ex:coin_36423,ex:person_22,nmo:hasPortrait
ex:coin_36426,ex:person_22,nmo:hasPortrait
ex:coin_36433,ex:person_23,nmo:hasPortrait
ex:coin_36434,ex:person_22,nmo:hasPortrait
ex:coin_36435,ex:person_22,nmo:hasPortrait
ex:coin_40199,ex:person_23,nmo:hasPortrait
ex:coin_40243,ex:person_23,nmo:hasPortrait
ex:coin_40244,ex:person_23,nmo:hasPortrait
ex:coin_40245,ex:person_23,nmo:hasPortrait
ex:coin_40246,ex:person_23,nmo:hasPortrait
ex:coin_40247,ex:person_23,nmo:hasPortrait
ex:coin_40248,ex:person_23,nmo:hasPortrait
ex:coin_40249,ex:person_23,nmo:hasPortrait
ex:coin_40250,ex:person_23,nmo:hasPortrait
ex:coin_40251,ex:person_23,nmo:hasPortrait
ex:coin_40252,ex:person_23,nmo:hasPortrait
ex:coin_40253,ex:person_23,nmo:hasPortrait
ex:coin_40254,ex:person_23,nmo:hasPortrait
ex:coin_40255,ex:person_22,nmo:hasPortrait
ex:coin_40256,ex:person_22,nmo:hasPortrait
ex:coin_40257,ex:person_22,nmo:hasPortrait
ex:coin_40258,ex:person_22,nmo:hasPortrait
ex:coin_40259,ex:person_22,nmo:hasPortrait
ex:coin_40260,ex:person_22,nmo:hasPortrait
ex:coin_40261,ex:person_22,nmo:hasPortrait
ex:coin_40262,ex:person_22,nmo:hasPortrait
ex:coin_40263,ex:person_22,nmo:hasPortrait
ex:coin_41408,ex:person_162,nmo:hasPortrait
ex:coin_41409,ex:person_162,nmo:hasPortrait
ex:coin_41739,ex:person_162,nmo:hasPortrait
ex:coin_41759,ex:person_162,nmo:hasPortrait
ex:coin_41765,ex:person_162,nmo:hasPortrait
ex:coin_41800,ex:person_162,nmo:hasPortrait
ex:coin_41810,ex:person_162,nmo:hasPortrait
ex:coin_41852,ex:person_162,nmo:hasPortrait
ex:coin_41876,ex:person_162,nmo:hasPortrait
ex:coin_42635,ex:person_162,nmo:hasPortrait
ex:coin_42645,ex:person_162,nmo:hasPortrait
ex:coin_42646,ex:person_162,nmo:hasPortrait
ex:coin_42647,ex:person_162,nmo:hasPortrait
ex:coin_42648,ex:person_162,nmo:hasPortrait
ex:coin_42651,ex:person_162,nmo:hasPortrait
ex:coin_42655,ex:person_162,nmo:hasPortrait
ex:coin_42740,ex:person_22,nmo:hasPortrait
ex:coin_42917,ex:person_22,nmo:hasPortrait
ex:coin_13174,ex:person_188,nmo:hasPortrait
ex:coin_13786,ex:person_22,nmo:hasPortrait
ex:coin_14009,ex:person_22,nmo:hasPortrait
ex:coin_14385,ex:person_188,nmo:hasPortrait
ex:coin_15703,ex:person_22,nmo:hasPortrait
ex:coin_18039,ex:person_22,nmo:hasPortrait
ex:coin_18059,ex:person_188,nmo:hasPortrait
ex:coin_18225,ex:person_22,nmo:hasPortrait
ex:coin_18254,ex:person_188,nmo:hasPortrait
ex:coin_36376,ex:person_22,nmo:hasPortrait
ex:coin_36406,ex:person_188,nmo:hasPortrait
ex:coin_36436,ex:person_148,nmo:hasPortrait
ex:coin_40274,ex:person_22,nmo:hasPortrait
ex:coin_40275,ex:person_22,nmo:hasPortrait
ex:coin_40276,ex:person_22,nmo:hasPortrait
ex:coin_722,ex:person_171,nmo:hasPortrait
ex:coin_752,ex:person_47,nmo:hasPortrait
ex:coin_4593,ex:person_47,nmo:hasPortrait
ex:coin_4594,ex:person_113,nmo:hasPortrait
ex:coin_4920,ex:person_171,nmo:hasPortrait
ex:coin_4921,ex:person_47,nmo:hasPortrait
ex:coin_5037,ex:person_171,nmo:hasPortrait
ex:coin_5038,ex:person_171,nmo:hasPortrait
ex:coin_6152,ex:person_47,nmo:hasPortrait
ex:coin_6252,ex:person_47,nmo:hasPortrait
ex:coin_8553,ex:person_47,nmo:hasPortrait
ex:coin_9316,ex:person_171,nmo:hasPortrait
ex:coin_9677,ex:person_171,nmo:hasPortrait
ex:coin_11671,ex:person_113,nmo:hasPortrait
ex:coin_11856,ex:person_171,nmo:hasPortrait
ex:coin_11956,ex:person_47,nmo:hasPortrait
ex:coin_12074,ex:person_171,nmo:hasPortrait
ex:coin_12944,ex:person_47,nmo:hasPortrait
ex:coin_13684,ex:person_171,nmo:hasPortrait
ex:coin_13850,ex:person_47,nmo:hasPortrait
ex:coin_14034,ex:person_47,nmo:hasPortrait
ex:coin_18064,ex:person_113,nmo:hasPortrait
ex:coin_18227,ex:person_171,nmo:hasPortrait
ex:coin_18321,ex:person_47,nmo:hasPortrait
ex:coin_36448,ex:person_47,nmo:hasPortrait
ex:coin_36449,ex:person_47,nmo:hasPortrait
ex:coin_36456,ex:person_171,nmo:hasPortrait
ex:coin_36457,ex:person_171,nmo:hasPortrait
ex:coin_36466,ex:person_170,nmo:hasPortrait
ex:coin_36485,ex:person_171,nmo:hasPortrait
ex:coin_36488,ex:person_47,nmo:hasPortrait
ex:coin_36506,ex:person_47,nmo:hasPortrait
ex:coin_40335,ex:person_170,nmo:hasPortrait
ex:coin_40336,ex:person_170,nmo:hasPortrait
ex:coin_40337,ex:person_170,nmo:hasPortrait
ex:coin_40338,ex:person_170,nmo:hasPortrait
ex:coin_40339,ex:person_170,nmo:hasPortrait
ex:coin_40340,ex:person_171,nmo:hasPortrait
ex:coin_40341,ex:person_171,nmo:hasPortrait
ex:coin_40342,ex:person_171,nmo:hasPortrait
ex:coin_40343,ex:person_113,nmo:hasPortrait
ex:coin_40344,ex:person_47,nmo:hasPortrait
ex:coin_40345,ex:person_47,nmo:hasPortrait
ex:coin_40346,ex:person_47,nmo:hasPortrait
ex:coin_40347,ex:person_47,nmo:hasPortrait
ex:coin_40348,ex:person_47,nmo:hasPortrait
ex:coin_40349,ex:person_47,nmo:hasPortrait
ex:coin_40350,ex:person_47,nmo:hasPortrait
ex:coin_40351,ex:person_47,nmo:hasPortrait
ex:coin_40352,ex:person_47,nmo:hasPortrait
ex:coin_42775,ex:person_47,nmo:hasPortrait
ex:coin_764,ex:person_25,nmo:hasPortrait
ex:coin_3867,ex:person_25,nmo:hasPortrait
ex:coin_4666,ex:person_25,nmo:hasPortrait
ex:coin_4930,ex:person_25,nmo:hasPortrait
ex:coin_4931,ex:person_25,nmo:hasPortrait
ex:coin_4932,ex:person_25,nmo:hasPortrait
ex:coin_5041,ex:person_25,nmo:hasPortrait
ex:coin_5042,ex:person_25,nmo:hasPortrait
ex:coin_5823,ex:person_25,nmo:hasPortrait
ex:coin_5984,ex:person_25,nmo:hasPortrait
ex:coin_7533,ex:person_25,nmo:hasPortrait
ex:coin_7534,ex:person_25,nmo:hasPortrait
ex:coin_8572,ex:person_25,nmo:hasPortrait
ex:coin_9333,ex:person_25,nmo:hasPortrait
ex:coin_9347,ex:person_47,nmo:hasPortrait
ex:coin_9349,ex:person_25,nmo:hasPortrait
ex:coin_9424,ex:person_25,nmo:hasPortrait
ex:coin_9888,ex:person_25,nmo:hasPortrait
ex:coin_9904,ex:person_25,nmo:hasPortrait
ex:coin_9936,ex:person_25,nmo:hasPortrait
ex:coin_12681,ex:person_25,nmo:hasPortrait
ex:coin_12682,ex:person_25,nmo:hasPortrait
ex:coin_12776,ex:person_25,nmo:hasPortrait
ex:coin_12789,ex:person_25,nmo:hasPortrait
ex:coin_12875,ex:person_25,nmo:hasPortrait
ex:coin_13437,ex:person_25,nmo:hasPortrait
ex:coin_13509,ex:person_25,nmo:hasPortrait
ex:coin_13681,ex:person_25,nmo:hasPortrait
ex:coin_15016,ex:person_47,nmo:hasPortrait
ex:coin_15129,ex:person_25,nmo:hasPortrait
ex:coin_15130,ex:person_25,nmo:hasPortrait
ex:coin_15131,ex:person_25,nmo:hasPortrait
ex:coin_16891,ex:person_25,nmo:hasPortrait
ex:coin_18176,ex:person_25,nmo:hasPortrait
ex:coin_18683,ex:person_25,nmo:hasPortrait
ex:coin_36462,ex:person_25,nmo:hasPortrait
ex:coin_36463,ex:person_25,nmo:hasPortrait
ex:coin_36480,ex:person_25,nmo:hasPortrait
ex:coin_36482,ex:person_25,nmo:hasPortrait
ex:coin_36494,ex:person_25,nmo:hasPortrait
ex:coin_36498,ex:person_25,nmo:hasPortrait
ex:coin_36501,ex:person_25,nmo:hasPortrait
ex:coin_36505,ex:person_25,nmo:hasPortrait
ex:coin_36519,ex:person_25,nmo:hasPortrait
ex:coin_36523,ex:person_25,nmo:hasPortrait
ex:coin_39011,ex:person_128,nmo:hasPortrait
ex:coin_40430,ex:person_128,nmo:hasPortrait
ex:coin_40431,ex:person_25,nmo:hasPortrait
ex:coin_40432,ex:person_25,nmo:hasPortrait
ex:coin_40433,ex:person_25,nmo:hasPortrait
ex:coin_40434,ex:person_25,nmo:hasPortrait
ex:coin_40435,ex:person_25,nmo:hasPortrait
ex:coin_40436,ex:person_25,nmo:hasPortrait
ex:coin_40437,ex:person_25,nmo:hasPortrait
ex:coin_40438,ex:person_25,nmo:hasPortrait
ex:coin_40439,ex:person_25,nmo:hasPortrait
ex:coin_40440,ex:person_25,nmo:hasPortrait
ex:coin_40441,ex:person_25,nmo:hasPortrait
ex:coin_42324,ex:person_191,nmo:hasPortrait
ex:coin_42670,ex:person_191,nmo:hasPortrait
ex:coin_42811,ex:person_25,nmo:hasPortrait
ex:coin_12778,ex:person_182,nmo:hasPortrait
ex:coin_12783,ex:person_182,nmo:hasPortrait
ex:coin_16981,ex:person_182,nmo:hasPortrait
ex:coin_17839,ex:person_190,nmo:hasPortrait
ex:coin_693,ex:person_187,nmo:hasPortrait
ex:coin_1164,ex:person_26,nmo:hasPortrait
ex:coin_5684,ex:person_26,nmo:hasPortrait
ex:coin_5784,ex:person_26,nmo:hasPortrait
ex:coin_6123,ex:person_187,nmo:hasPortrait
ex:coin_6361,ex:person_187,nmo:hasPortrait
ex:coin_7538,ex:person_187,nmo:hasPortrait
ex:coin_7549,ex:person_26,nmo:hasPortrait
ex:coin_7829,ex:person_26,nmo:hasPortrait
ex:coin_8127,ex:person_187,nmo:hasPortrait
ex:coin_8971,ex:person_26,nmo:hasPortrait
ex:coin_8982,ex:person_26,nmo:hasPortrait
ex:coin_9005,ex:person_26,nmo:hasPortrait
ex:coin_9431,ex:person_26,nmo:hasPortrait
ex:coin_11437,ex:person_26,nmo:hasPortrait
ex:coin_11612,ex:person_26,nmo:hasPortrait
ex:coin_12779,ex:person_26,nmo:hasPortrait
ex:coin_16086,ex:person_26,nmo:hasPortrait
ex:coin_16089,ex:person_26,nmo:hasPortrait
ex:coin_16129,ex:person_26,nmo:hasPortrait
ex:coin_16658,ex:person_26,nmo:hasPortrait
ex:coin_16709,ex:person_26,nmo:hasPortrait
ex:coin_16723,ex:person_26,nmo:hasPortrait
ex:coin_16726,ex:person_26,nmo:hasPortrait
ex:coin_36546,ex:person_187,nmo:hasPortrait
ex:coin_40568,ex:person_187,nmo:hasPortrait
ex:coin_40569,ex:person_187,nmo:hasPortrait
ex:coin_40570,ex:person_187,nmo:hasPortrait
ex:coin_40571,ex:person_187,nmo:hasPortrait
ex:coin_42325,ex:person_26,nmo:hasPortrait
ex:coin_42327,ex:person_26,nmo:hasPortrait
ex:coin_42328,ex:person_26,nmo:hasPortrait
ex:coin_42671,ex:person_26,nmo:hasPortrait
ex:coin_42672,ex:person_26,nmo:hasPortrait
ex:coin_42673,ex:person_26,nmo:hasPortrait
ex:coin_42674,ex:person_26,nmo:hasPortrait
ex:coin_42675,ex:person_26,nmo:hasPortrait
ex:coin_42676,ex:person_26,nmo:hasPortrait
ex:coin_42677,ex:person_26,nmo:hasPortrait
ex:coin_42678,ex:person_26,nmo:hasPortrait
ex:coin_5558,ex:person_44,nmo:hasPortrait
ex:coin_7494,ex:person_44,nmo:hasPortrait
ex:coin_8575,ex:person_45,nmo:hasPortrait
ex:coin_9324,ex:person_192,nmo:hasPortrait
ex:coin_13189,ex:person_44,nmo:hasPortrait
ex:coin_13250,ex:person_45,nmo:hasPortrait
ex:coin_13251,ex:person_45,nmo:hasPortrait
ex:coin_16125,ex:person_44,nmo:hasPortrait
ex:coin_16130,ex:person_193,nmo:hasPortrait
ex:coin_29827,ex:person_193,nmo:hasPortrait
ex:coin_36691,ex:person_131,nmo:hasPortrait
ex:coin_42323,ex:person_131,nmo:hasPortrait
ex:coin_682,ex:person_45,nmo:hasPortrait
ex:coin_684,ex:person_45,nmo:hasPortrait
ex:coin_685,ex:person_45,nmo:hasPortrait
ex:coin_718,ex:person_192,nmo:hasPortrait
ex:coin_3489,ex:person_45,nmo:hasPortrait
ex:coin_3490,ex:person_193,nmo:hasPortrait
ex:coin_4674,ex:person_192,nmo:hasPortrait
ex:coin_4675,ex:person_193,nmo:hasPortrait
ex:coin_5438,ex:person_192,nmo:hasPortrait
ex:coin_5560,ex:person_193,nmo:hasPortrait
ex:coin_5561,ex:person_192,nmo:hasPortrait
ex:coin_5712,ex:person_192,nmo:hasPortrait
ex:coin_5878,ex:person_192,nmo:hasPortrait
ex:coin_5917,ex:person_192,nmo:hasPortrait
ex:coin_6294,ex:person_192,nmo:hasPortrait
ex:coin_6396,ex:person_192,nmo:hasPortrait
ex:coin_8329,ex:person_193,nmo:hasPortrait
ex:coin_8623,ex:person_192,nmo:hasPortrait
ex:coin_8992,ex:person_192,nmo:hasPortrait
ex:coin_9326,ex:person_192,nmo:hasPortrait
ex:coin_9469,ex:person_192,nmo:hasPortrait
ex:coin_9811,ex:person_192,nmo:hasPortrait
ex:coin_9980,ex:person_192,nmo:hasPortrait
ex:coin_10389,ex:person_44,nmo:hasPortrait
ex:coin_11438,ex:person_193,nmo:hasPortrait
ex:coin_11593,ex:person_192,nmo:hasPortrait
ex:coin_11790,ex:person_192,nmo:hasPortrait
ex:coin_11791,ex:person_192,nmo:hasPortrait
ex:coin_11792,ex:person_192,nmo:hasPortrait
ex:coin_11793,ex:person_192,nmo:hasPortrait
ex:coin_11794,ex:person_192,nmo:hasPortrait
ex:coin_11795,ex:person_192,nmo:hasPortrait
ex:coin_11796,ex:person_192,nmo:hasPortrait
ex:coin_11797,ex:person_192,nmo:hasPortrait
ex:coin_11798,ex:person_192,nmo:hasPortrait
ex:coin_11799,ex:person_192,nmo:hasPortrait
ex:coin_11800,ex:person_192,nmo:hasPortrait
ex:coin_11801,ex:person_192,nmo:hasPortrait
ex:coin_11802,ex:person_192,nmo:hasPortrait
ex:coin_11803,ex:person_192,nmo:hasPortrait
ex:coin_11804,ex:person_192,nmo:hasPortrait
ex:coin_11805,ex:person_192,nmo:hasPortrait
ex:coin_12313,ex:person_45,nmo:hasPortrait
ex:coin_12805,ex:person_192,nmo:hasPortrait
ex:coin_12806,ex:person_192,nmo:hasPortrait
ex:coin_12807,ex:person_192,nmo:hasPortrait
ex:coin_12946,ex:person_192,nmo:hasPortrait
ex:coin_13322,ex:person_192,nmo:hasPortrait
ex:coin_13323,ex:person_192,nmo:hasPortrait
ex:coin_13324,ex:person_192,nmo:hasPortrait
ex:coin_13325,ex:person_192,nmo:hasPortrait
ex:coin_13326,ex:person_192,nmo:hasPortrait
ex:coin_13327,ex:person_192,nmo:hasPortrait
ex:coin_13328,ex:person_192,nmo:hasPortrait
ex:coin_13329,ex:person_192,nmo:hasPortrait
ex:coin_13330,ex:person_192,nmo:hasPortrait
ex:coin_13331,ex:person_192,nmo:hasPortrait
ex:coin_13332,ex:person_192,nmo:hasPortrait
ex:coin_13333,ex:person_192,nmo:hasPortrait
ex:coin_13334,ex:person_192,nmo:hasPortrait
ex:coin_13335,ex:person_192,nmo:hasPortrait
ex:coin_13336,ex:person_192,nmo:hasPortrait
ex:coin_13337,ex:person_192,nmo:hasPortrait
ex:coin_13338,ex:person_192,nmo:hasPortrait
ex:coin_13339,ex:person_192,nmo:hasPortrait
ex:coin_13340,ex:person_192,nmo:hasPortrait
ex:coin_13341,ex:person_192,nmo:hasPortrait
ex:coin_13342,ex:person_192,nmo:hasPortrait
ex:coin_13343,ex:person_192,nmo:hasPortrait
ex:coin_13636,ex:person_192,nmo:hasPortrait
ex:coin_15674,ex:person_192,nmo:hasPortrait
ex:coin_16360,ex:person_192,nmo:hasPortrait
ex:coin_16506,ex:person_192,nmo:hasPortrait
ex:coin_16657,ex:person_193,nmo:hasPortrait
ex:coin_16672,ex:person_45,nmo:hasPortrait
ex:coin_16710,ex:person_44,nmo:hasPortrait
ex:coin_17757,ex:person_192,nmo:hasPortrait
ex:coin_27296,ex:person_44,nmo:hasPortrait
ex:coin_28053,ex:person_193,nmo:hasPortrait
ex:coin_28977,ex:person_44,nmo:hasPortrait
ex:coin_30150,ex:person_44,nmo:hasPortrait
ex:coin_30151,ex:person_44,nmo:hasPortrait
ex:coin_30383,ex:person_192,nmo:hasPortrait
ex:coin_31176,ex:person_192,nmo:hasPortrait
ex:coin_31530,ex:person_192,nmo:hasPortrait
ex:coin_33949,ex:person_192,nmo:hasPortrait
ex:coin_33991,ex:person_193,nmo:hasPortrait
ex:coin_36586,ex:person_193,nmo:hasPortrait
ex:coin_36587,ex:person_192,nmo:hasPortrait
ex:coin_36607,ex:person_45,nmo:hasPortrait
ex:coin_36632,ex:person_192,nmo:hasPortrait
ex:coin_36637,ex:person_44,nmo:hasPortrait
ex:coin_36643,ex:person_192,nmo:hasPortrait
ex:coin_36648,ex:person_192,nmo:hasPortrait
ex:coin_36653,ex:person_192,nmo:hasPortrait
ex:coin_36663,ex:person_45,nmo:hasPortrait
ex:coin_36672,ex:person_192,nmo:hasPortrait
ex:coin_36674,ex:person_192,nmo:hasPortrait
ex:coin_36695,ex:person_192,nmo:hasPortrait
ex:coin_36701,ex:person_44,nmo:hasPortrait
ex:coin_36709,ex:person_192,nmo:hasPortrait
ex:coin_40648,ex:person_192,nmo:hasPortrait
ex:coin_6575,ex:person_57,nmo:hasPortrait
ex:coin_7444,ex:person_57,nmo:hasPortrait
ex:coin_7923,ex:person_57,nmo:hasPortrait
ex:coin_41406,ex:person_57,nmo:hasPortrait
ex:coin_1136,ex:person_57,nmo:hasPortrait
ex:coin_1744,ex:person_57,nmo:hasPortrait
ex:coin_11454,ex:person_57,nmo:hasPortrait
ex:coin_14055,ex:person_57,nmo:hasPortrait
ex:coin_14056,ex:person_57,nmo:hasPortrait
ex:coin_14411,ex:person_57,nmo:hasPortrait
ex:coin_14819,ex:person_57,nmo:hasPortrait
ex:coin_15262,ex:person_57,nmo:hasPortrait
ex:coin_15793,ex:person_57,nmo:hasPortrait
ex:coin_15833,ex:person_57,nmo:hasPortrait
ex:coin_16441,ex:person_57,nmo:hasPortrait
ex:coin_18033,ex:person_57,nmo:hasPortrait
ex:coin_31074,ex:person_57,nmo:hasPortrait
ex:coin_32275,ex:person_57,nmo:hasPortrait
ex:coin_33946,ex:person_57,nmo:hasPortrait
ex:coin_33947,ex:person_57,nmo:hasPortrait
ex:coin_33948,ex:person_57,nmo:hasPortrait
ex:coin_33951,ex:person_57,nmo:hasPortrait
ex:coin_33952,ex:person_57,nmo:hasPortrait
ex:coin_33953,ex:person_57,nmo:hasPortrait
ex:coin_33954,ex:person_57,nmo:hasPortrait
ex:coin_33955,ex:person_57,nmo:hasPortrait
ex:coin_33956,ex:person_57,nmo:hasPortrait
ex:coin_33957,ex:person_57,nmo:hasPortrait
ex:coin_33958,ex:person_57,nmo:hasPortrait
ex:coin_33959,ex:person_57,nmo:hasPortrait
ex:coin_33961,ex:person_57,nmo:hasPortrait
ex:coin_33962,ex:person_57,nmo:hasPortrait
ex:coin_33963,ex:person_57,nmo:hasPortrait
ex:coin_33964,ex:person_57,nmo:hasPortrait
ex:coin_33965,ex:person_57,nmo:hasPortrait
ex:coin_33967,ex:person_57,nmo:hasPortrait
ex:coin_33968,ex:person_57,nmo:hasPortrait
ex:coin_33969,ex:person_57,nmo:hasPortrait
ex:coin_33970,ex:person_57,nmo:hasPortrait
ex:coin_33972,ex:person_57,nmo:hasPortrait
ex:coin_33974,ex:person_57,nmo:hasPortrait
ex:coin_33975,ex:person_57,nmo:hasPortrait
ex:coin_33976,ex:person_57,nmo:hasPortrait
ex:coin_33977,ex:person_57,nmo:hasPortrait
ex:coin_33978,ex:person_57,nmo:hasPortrait
ex:coin_33979,ex:person_57,nmo:hasPortrait
ex:coin_33981,ex:person_57,nmo:hasPortrait
ex:coin_33982,ex:person_57,nmo:hasPortrait
ex:coin_33984,ex:person_57,nmo:hasPortrait
ex:coin_33986,ex:person_57,nmo:hasPortrait
ex:coin_33987,ex:person_57,nmo:hasPortrait
ex:coin_33988,ex:person_57,nmo:hasPortrait
ex:coin_33989,ex:person_57,nmo:hasPortrait
ex:coin_33990,ex:person_57,nmo:hasPortrait
ex:coin_33993,ex:person_57,nmo:hasPortrait
ex:coin_33996,ex:person_57,nmo:hasPortrait
ex:coin_33997,ex:person_57,nmo:hasPortrait
ex:coin_33998,ex:person_57,nmo:hasPortrait
ex:coin_33999,ex:person_57,nmo:hasPortrait
ex:coin_34000,ex:person_57,nmo:hasPortrait
ex:coin_34420,ex:person_57,nmo:hasPortrait
ex:coin_34748,ex:person_57,nmo:hasPortrait
ex:coin_34770,ex:person_57,nmo:hasPortrait
ex:coin_34771,ex:person_57,nmo:hasPortrait
ex:coin_34807,ex:person_57,nmo:hasPortrait
ex:coin_34828,ex:person_57,nmo:hasPortrait
ex:coin_34876,ex:person_57,nmo:hasPortrait
ex:coin_34887,ex:person_57,nmo:hasPortrait
ex:coin_34916,ex:person_57,nmo:hasPortrait
ex:coin_34933,ex:person_57,nmo:hasPortrait
ex:coin_34945,ex:person_57,nmo:hasPortrait
ex:coin_34952,ex:person_57,nmo:hasPortrait
ex:coin_34954,ex:person_57,nmo:hasPortrait
ex:coin_35165,ex:person_57,nmo:hasPortrait
ex:coin_36596,ex:person_57,nmo:hasPortrait
ex:coin_36597,ex:person_57,nmo:hasPortrait
ex:coin_36598,ex:person_57,nmo:hasPortrait
ex:coin_36599,ex:person_57,nmo:hasPortrait
ex:coin_36600,ex:person_57,nmo:hasPortrait
ex:coin_36619,ex:person_57,nmo:hasPortrait
ex:coin_36620,ex:person_57,nmo:hasPortrait
ex:coin_36621,ex:person_57,nmo:hasPortrait
ex:coin_36622,ex:person_57,nmo:hasPortrait
ex:coin_36628,ex:person_57,nmo:hasPortrait
ex:coin_36629,ex:person_57,nmo:hasPortrait
ex:coin_36630,ex:person_57,nmo:hasPortrait
ex:coin_36640,ex:person_57,nmo:hasPortrait
ex:coin_36641,ex:person_57,nmo:hasPortrait
ex:coin_36642,ex:person_57,nmo:hasPortrait
ex:coin_36654,ex:person_57,nmo:hasPortrait
ex:coin_36682,ex:person_57,nmo:hasPortrait
ex:coin_36688,ex:person_57,nmo:hasPortrait
ex:coin_36728,ex:person_57,nmo:hasPortrait
ex:coin_36740,ex:person_57,nmo:hasPortrait
ex:coin_36762,ex:person_57,nmo:hasPortrait
ex:coin_36781,ex:person_57,nmo:hasPortrait
ex:coin_36782,ex:person_57,nmo:hasPortrait
ex:coin_36783,ex:person_57,nmo:hasPortrait
ex:coin_36784,ex:person_57,nmo:hasPortrait
ex:coin_36789,ex:person_57,nmo:hasPortrait
ex:coin_36804,ex:person_57,nmo:hasPortrait
ex:coin_36805,ex:person_57,nmo:hasPortrait
ex:coin_36842,ex:person_57,nmo:hasPortrait
ex:coin_36911,ex:person_57,nmo:hasPortrait
ex:coin_36946,ex:person_57,nmo:hasPortrait
ex:coin_36996,ex:person_57,nmo:hasPortrait
ex:coin_36997,ex:person_57,nmo:hasPortrait
ex:coin_36998,ex:person_57,nmo:hasPortrait
ex:coin_36999,ex:person_57,nmo:hasPortrait
ex:coin_37000,ex:person_57,nmo:hasPortrait
ex:coin_37001,ex:person_57,nmo:hasPortrait
ex:coin_37002,ex:person_57,nmo:hasPortrait
ex:coin_37003,ex:person_57,nmo:hasPortrait
ex:coin_37004,ex:person_57,nmo:hasPortrait
ex:coin_37005,ex:person_57,nmo:hasPortrait
ex:coin_37006,ex:person_57,nmo:hasPortrait
ex:coin_37007,ex:person_57,nmo:hasPortrait
ex:coin_37008,ex:person_57,nmo:hasPortrait
ex:coin_37009,ex:person_57,nmo:hasPortrait
ex:coin_37010,ex:person_57,nmo:hasPortrait
ex:coin_37011,ex:person_57,nmo:hasPortrait
ex:coin_37015,ex:person_57,nmo:hasPortrait
ex:coin_37016,ex:person_57,nmo:hasPortrait
ex:coin_37017,ex:person_57,nmo:hasPortrait
ex:coin_37018,ex:person_57,nmo:hasPortrait
ex:coin_37019,ex:person_57,nmo:hasPortrait
ex:coin_37020,ex:person_57,nmo:hasPortrait
ex:coin_37021,ex:person_57,nmo:hasPortrait
ex:coin_37022,ex:person_57,nmo:hasPortrait
ex:coin_37023,ex:person_57,nmo:hasPortrait
ex:coin_37024,ex:person_57,nmo:hasPortrait
ex:coin_37025,ex:person_57,nmo:hasPortrait
ex:coin_37026,ex:person_57,nmo:hasPortrait
ex:coin_37027,ex:person_57,nmo:hasPortrait
ex:coin_37028,ex:person_57,nmo:hasPortrait
ex:coin_37029,ex:person_57,nmo:hasPortrait
ex:coin_37030,ex:person_57,nmo:hasPortrait
ex:coin_37031,ex:person_57,nmo:hasPortrait
ex:coin_37032,ex:person_57,nmo:hasPortrait
ex:coin_37033,ex:person_57,nmo:hasPortrait
ex:coin_37034,ex:person_57,nmo:hasPortrait
ex:coin_37035,ex:person_57,nmo:hasPortrait
ex:coin_37036,ex:person_57,nmo:hasPortrait
ex:coin_37037,ex:person_57,nmo:hasPortrait
ex:coin_37038,ex:person_57,nmo:hasPortrait
ex:coin_37039,ex:person_57,nmo:hasPortrait
ex:coin_37040,ex:person_57,nmo:hasPortrait
ex:coin_37041,ex:person_57,nmo:hasPortrait
ex:coin_37042,ex:person_57,nmo:hasPortrait
ex:coin_37043,ex:person_57,nmo:hasPortrait
ex:coin_37044,ex:person_57,nmo:hasPortrait
ex:coin_37045,ex:person_57,nmo:hasPortrait
ex:coin_37047,ex:person_57,nmo:hasPortrait
ex:coin_37048,ex:person_57,nmo:hasPortrait
ex:coin_37049,ex:person_57,nmo:hasPortrait
ex:coin_37050,ex:person_57,nmo:hasPortrait
ex:coin_37051,ex:person_57,nmo:hasPortrait
ex:coin_37052,ex:person_57,nmo:hasPortrait
ex:coin_37053,ex:person_57,nmo:hasPortrait
ex:coin_37054,ex:person_57,nmo:hasPortrait
ex:coin_37055,ex:person_57,nmo:hasPortrait
ex:coin_37056,ex:person_57,nmo:hasPortrait
ex:coin_37057,ex:person_57,nmo:hasPortrait
ex:coin_37058,ex:person_57,nmo:hasPortrait
ex:coin_37059,ex:person_57,nmo:hasPortrait
ex:coin_37060,ex:person_57,nmo:hasPortrait
ex:coin_37061,ex:person_57,nmo:hasPortrait
ex:coin_37062,ex:person_57,nmo:hasPortrait
ex:coin_37063,ex:person_57,nmo:hasPortrait
ex:coin_37064,ex:person_57,nmo:hasPortrait
ex:coin_37065,ex:person_57,nmo:hasPortrait
ex:coin_37066,ex:person_57,nmo:hasPortrait
ex:coin_37067,ex:person_57,nmo:hasPortrait
ex:coin_37068,ex:person_57,nmo:hasPortrait
ex:coin_37069,ex:person_57,nmo:hasPortrait
ex:coin_37071,ex:person_57,nmo:hasPortrait
ex:coin_40080,ex:person_57,nmo:hasPortrait
ex:coin_40839,ex:person_57,nmo:hasPortrait
ex:coin_40845,ex:person_57,nmo:hasPortrait
ex:coin_41010,ex:person_57,nmo:hasPortrait
ex:coin_41011,ex:person_57,nmo:hasPortrait
ex:coin_41012,ex:person_57,nmo:hasPortrait
ex:coin_41013,ex:person_57,nmo:hasPortrait
ex:coin_41014,ex:person_57,nmo:hasPortrait
ex:coin_41015,ex:person_57,nmo:hasPortrait
ex:coin_13396,ex:person_57,nmo:hasPortrait
ex:coin_13463,ex:person_57,nmo:hasPortrait
ex:coin_42351,ex:person_197,nmo:hasPortrait
ex:coin_5394,ex:person_29,nmo:hasPortrait
ex:coin_5853,ex:person_29,nmo:hasPortrait
ex:coin_6012,ex:person_29,nmo:hasPortrait
ex:coin_6013,ex:person_29,nmo:hasPortrait
ex:coin_6016,ex:person_29,nmo:hasPortrait
ex:coin_6017,ex:person_29,nmo:hasPortrait
ex:coin_6018,ex:person_29,nmo:hasPortrait
ex:coin_6146,ex:person_29,nmo:hasPortrait
ex:coin_6348,ex:person_29,nmo:hasPortrait
ex:coin_6349,ex:person_29,nmo:hasPortrait
ex:coin_6364,ex:person_29,nmo:hasPortrait
ex:coin_6602,ex:person_29,nmo:hasPortrait
ex:coin_6913,ex:person_29,nmo:hasPortrait
ex:coin_7384,ex:person_29,nmo:hasPortrait
ex:coin_8451,ex:person_29,nmo:hasPortrait
ex:coin_10196,ex:person_29,nmo:hasPortrait
ex:coin_10200,ex:person_29,nmo:hasPortrait
ex:coin_12754,ex:person_29,nmo:hasPortrait
ex:coin_12962,ex:person_29,nmo:hasPortrait
ex:coin_13020,ex:person_29,nmo:hasPortrait
ex:coin_13611,ex:person_29,nmo:hasPortrait
ex:coin_13666,ex:person_29,nmo:hasPortrait
ex:coin_16333,ex:person_29,nmo:hasPortrait
ex:coin_16876,ex:person_29,nmo:hasPortrait
ex:coin_17030,ex:person_29,nmo:hasPortrait
ex:coin_17220,ex:person_29,nmo:hasPortrait
ex:coin_17525,ex:person_29,nmo:hasPortrait
ex:coin_17579,ex:person_29,nmo:hasPortrait
ex:coin_18392,ex:person_29,nmo:hasPortrait
ex:coin_18424,ex:person_29,nmo:hasPortrait
ex:coin_28589,ex:person_29,nmo:hasPortrait
ex:coin_28983,ex:person_29,nmo:hasPortrait
ex:coin_29057,ex:person_29,nmo:hasPortrait
ex:coin_29438,ex:person_29,nmo:hasPortrait
ex:coin_29439,ex:person_29,nmo:hasPortrait
ex:coin_29440,ex:person_29,nmo:hasPortrait
ex:coin_29938,ex:person_29,nmo:hasPortrait
ex:coin_29939,ex:person_29,nmo:hasPortrait
ex:coin_30101,ex:person_29,nmo:hasPortrait
ex:coin_30128,ex:person_29,nmo:hasPortrait
ex:coin_30152,ex:person_29,nmo:hasPortrait
ex:coin_30185,ex:person_29,nmo:hasPortrait
ex:coin_30495,ex:person_29,nmo:hasPortrait
ex:coin_30925,ex:person_29,nmo:hasPortrait
ex:coin_30945,ex:person_29,nmo:hasPortrait
ex:coin_31076,ex:person_29,nmo:hasPortrait
ex:coin_31468,ex:person_29,nmo:hasPortrait
ex:coin_31870,ex:person_29,nmo:hasPortrait
ex:coin_31965,ex:person_29,nmo:hasPortrait
ex:coin_32107,ex:person_29,nmo:hasPortrait
ex:coin_32258,ex:person_29,nmo:hasPortrait
ex:coin_32377,ex:person_29,nmo:hasPortrait
ex:coin_32814,ex:person_29,nmo:hasPortrait
ex:coin_33485,ex:person_29,nmo:hasPortrait
ex:coin_33727,ex:person_29,nmo:hasPortrait
ex:coin_33906,ex:person_29,nmo:hasPortrait
ex:coin_33907,ex:person_29,nmo:hasPortrait
ex:coin_34014,ex:person_29,nmo:hasPortrait
ex:coin_34032,ex:person_29,nmo:hasPortrait
ex:coin_34033,ex:person_29,nmo:hasPortrait
ex:coin_34034,ex:person_29,nmo:hasPortrait
ex:coin_34035,ex:person_29,nmo:hasPortrait
ex:coin_34036,ex:person_29,nmo:hasPortrait
ex:coin_34037,ex:person_29,nmo:hasPortrait
ex:coin_34066,ex:person_29,nmo:hasPortrait
ex:coin_34067,ex:person_29,nmo:hasPortrait
ex:coin_34068,ex:person_29,nmo:hasPortrait
ex:coin_34069,ex:person_29,nmo:hasPortrait
ex:coin_34074,ex:person_29,nmo:hasPortrait
ex:coin_34086,ex:person_29,nmo:hasPortrait
ex:coin_34087,ex:person_29,nmo:hasPortrait
ex:coin_34090,ex:person_29,nmo:hasPortrait
ex:coin_34092,ex:person_29,nmo:hasPortrait
ex:coin_34097,ex:person_29,nmo:hasPortrait
ex:coin_34106,ex:person_29,nmo:hasPortrait
ex:coin_34119,ex:person_29,nmo:hasPortrait
ex:coin_34130,ex:person_29,nmo:hasPortrait
ex:coin_34136,ex:person_29,nmo:hasPortrait
ex:coin_34138,ex:person_29,nmo:hasPortrait
ex:coin_34145,ex:person_29,nmo:hasPortrait
ex:coin_34161,ex:person_29,nmo:hasPortrait
ex:coin_34165,ex:person_29,nmo:hasPortrait
ex:coin_34172,ex:person_29,nmo:hasPortrait
ex:coin_34173,ex:person_29,nmo:hasPortrait
ex:coin_34180,ex:person_29,nmo:hasPortrait
ex:coin_34184,ex:person_29,nmo:hasPortrait
ex:coin_34187,ex:person_29,nmo:hasPortrait
ex:coin_34189,ex:person_29,nmo:hasPortrait
ex:coin_34190,ex:person_29,nmo:hasPortrait
ex:coin_34212,ex:person_29,nmo:hasPortrait
ex:coin_34213,ex:person_29,nmo:hasPortrait
ex:coin_34214,ex:person_29,nmo:hasPortrait
ex:coin_34223,ex:person_29,nmo:hasPortrait
ex:coin_34225,ex:person_29,nmo:hasPortrait
ex:coin_34228,ex:person_29,nmo:hasPortrait
ex:coin_34238,ex:person_29,nmo:hasPortrait
ex:coin_34240,ex:person_29,nmo:hasPortrait
ex:coin_34242,ex:person_29,nmo:hasPortrait
ex:coin_34246,ex:person_29,nmo:hasPortrait
ex:coin_34249,ex:person_29,nmo:hasPortrait
ex:coin_34254,ex:person_29,nmo:hasPortrait
ex:coin_34255,ex:person_29,nmo:hasPortrait
ex:coin_34266,ex:person_29,nmo:hasPortrait
ex:coin_34267,ex:person_29,nmo:hasPortrait
ex:coin_34270,ex:person_29,nmo:hasPortrait
ex:coin_34275,ex:person_29,nmo:hasPortrait
ex:coin_34277,ex:person_29,nmo:hasPortrait
ex:coin_34295,ex:person_29,nmo:hasPortrait
ex:coin_34296,ex:person_29,nmo:hasPortrait
ex:coin_34312,ex:person_29,nmo:hasPortrait
ex:coin_34313,ex:person_29,nmo:hasPortrait
ex:coin_34325,ex:person_29,nmo:hasPortrait
ex:coin_34357,ex:person_29,nmo:hasPortrait
ex:coin_34358,ex:person_29,nmo:hasPortrait
ex:coin_34359,ex:person_29,nmo:hasPortrait
ex:coin_34397,ex:person_29,nmo:hasPortrait
ex:coin_34413,ex:person_29,nmo:hasPortrait
ex:coin_34417,ex:person_29,nmo:hasPortrait
ex:coin_34418,ex:person_29,nmo:hasPortrait
ex:coin_34423,ex:person_29,nmo:hasPortrait
ex:coin_34504,ex:person_29,nmo:hasPortrait
ex:coin_34505,ex:person_29,nmo:hasPortrait
ex:coin_34519,ex:person_29,nmo:hasPortrait
ex:coin_34520,ex:person_29,nmo:hasPortrait
ex:coin_34521,ex:person_29,nmo:hasPortrait
ex:coin_34524,ex:person_29,nmo:hasPortrait
ex:coin_34525,ex:person_29,nmo:hasPortrait
ex:coin_34526,ex:person_29,nmo:hasPortrait
ex:coin_34530,ex:person_29,nmo:hasPortrait
ex:coin_34531,ex:person_29,nmo:hasPortrait
ex:coin_34532,ex:person_29,nmo:hasPortrait
ex:coin_34533,ex:person_29,nmo:hasPortrait
ex:coin_34534,ex:person_29,nmo:hasPortrait
ex:coin_34561,ex:person_29,nmo:hasPortrait
ex:coin_34562,ex:person_29,nmo:hasPortrait
ex:coin_34563,ex:person_29,nmo:hasPortrait
ex:coin_34602,ex:person_29,nmo:hasPortrait
ex:coin_34603,ex:person_29,nmo:hasPortrait
ex:coin_34604,ex:person_29,nmo:hasPortrait
ex:coin_34605,ex:person_29,nmo:hasPortrait
ex:coin_34606,ex:person_29,nmo:hasPortrait
ex:coin_34607,ex:person_29,nmo:hasPortrait
ex:coin_34608,ex:person_29,nmo:hasPortrait
ex:coin_34609,ex:person_29,nmo:hasPortrait
ex:coin_34610,ex:person_29,nmo:hasPortrait
ex:coin_34611,ex:person_29,nmo:hasPortrait
ex:coin_34612,ex:person_29,nmo:hasPortrait
ex:coin_34613,ex:person_29,nmo:hasPortrait
ex:coin_34614,ex:person_29,nmo:hasPortrait
ex:coin_34615,ex:person_29,nmo:hasPortrait
ex:coin_34616,ex:person_29,nmo:hasPortrait
ex:coin_34617,ex:person_29,nmo:hasPortrait
ex:coin_34618,ex:person_29,nmo:hasPortrait
ex:coin_34619,ex:person_29,nmo:hasPortrait
ex:coin_34620,ex:person_29,nmo:hasPortrait
ex:coin_34621,ex:person_29,nmo:hasPortrait
ex:coin_34622,ex:person_29,nmo:hasPortrait
ex:coin_34630,ex:person_29,nmo:hasPortrait
ex:coin_34631,ex:person_29,nmo:hasPortrait
ex:coin_34632,ex:person_29,nmo:hasPortrait
ex:coin_34633,ex:person_29,nmo:hasPortrait
ex:coin_34634,ex:person_29,nmo:hasPortrait
ex:coin_34635,ex:person_29,nmo:hasPortrait
ex:coin_34734,ex:person_29,nmo:hasPortrait
ex:coin_34749,ex:person_29,nmo:hasPortrait
ex:coin_34753,ex:person_29,nmo:hasPortrait
ex:coin_34790,ex:person_29,nmo:hasPortrait
ex:coin_34791,ex:person_29,nmo:hasPortrait
ex:coin_34845,ex:person_29,nmo:hasPortrait
ex:coin_34861,ex:person_29,nmo:hasPortrait
ex:coin_34890,ex:person_29,nmo:hasPortrait
ex:coin_36945,ex:person_29,nmo:hasPortrait
ex:coin_37072,ex:person_29,nmo:hasPortrait
ex:coin_37093,ex:person_29,nmo:hasPortrait
ex:coin_37094,ex:person_29,nmo:hasPortrait
ex:coin_37095,ex:person_29,nmo:hasPortrait
ex:coin_37279,ex:person_29,nmo:hasPortrait
ex:coin_37345,ex:person_29,nmo:hasPortrait
ex:coin_37379,ex:person_29,nmo:hasPortrait
ex:coin_37399,ex:person_29,nmo:hasPortrait
ex:coin_37413,ex:person_29,nmo:hasPortrait
ex:coin_37420,ex:person_29,nmo:hasPortrait
ex:coin_37511,ex:person_29,nmo:hasPortrait
ex:coin_38300,ex:person_29,nmo:hasPortrait
ex:coin_38301,ex:person_29,nmo:hasPortrait
ex:coin_38434,ex:person_29,nmo:hasPortrait
ex:coin_38446,ex:person_29,nmo:hasPortrait
ex:coin_38450,ex:person_29,nmo:hasPortrait
ex:coin_38470,ex:person_29,nmo:hasPortrait
ex:coin_38493,ex:person_29,nmo:hasPortrait
ex:coin_38524,ex:person_29,nmo:hasPortrait
ex:coin_38525,ex:person_29,nmo:hasPortrait
ex:coin_38526,ex:person_29,nmo:hasPortrait
ex:coin_38539,ex:person_29,nmo:hasPortrait
ex:coin_38540,ex:person_29,nmo:hasPortrait
ex:coin_38541,ex:person_29,nmo:hasPortrait
ex:coin_38549,ex:person_29,nmo:hasPortrait
ex:coin_38550,ex:person_29,nmo:hasPortrait
ex:coin_38551,ex:person_29,nmo:hasPortrait
ex:coin_38552,ex:person_29,nmo:hasPortrait
ex:coin_38553,ex:person_29,nmo:hasPortrait
ex:coin_38554,ex:person_29,nmo:hasPortrait
ex:coin_38555,ex:person_29,nmo:hasPortrait
ex:coin_38562,ex:person_29,nmo:hasPortrait
ex:coin_38567,ex:person_29,nmo:hasPortrait
ex:coin_38572,ex:person_29,nmo:hasPortrait
ex:coin_38578,ex:person_29,nmo:hasPortrait
ex:coin_38878,ex:person_29,nmo:hasPortrait
ex:coin_40095,ex:person_29,nmo:hasPortrait
ex:coin_40627,ex:person_29,nmo:hasPortrait
ex:coin_40657,ex:person_29,nmo:hasPortrait
ex:coin_40667,ex:person_29,nmo:hasPortrait
ex:coin_40677,ex:person_29,nmo:hasPortrait
ex:coin_40680,ex:person_29,nmo:hasPortrait
ex:coin_40718,ex:person_29,nmo:hasPortrait
ex:coin_40733,ex:person_29,nmo:hasPortrait
ex:coin_40792,ex:person_29,nmo:hasPortrait
ex:coin_40930,ex:person_29,nmo:hasPortrait
ex:coin_40938,ex:person_29,nmo:hasPortrait
ex:coin_40940,ex:person_29,nmo:hasPortrait
ex:coin_40960,ex:person_29,nmo:hasPortrait
ex:coin_40989,ex:person_29,nmo:hasPortrait
ex:coin_40994,ex:person_29,nmo:hasPortrait
ex:coin_41105,ex:person_29,nmo:hasPortrait
ex:coin_41196,ex:person_29,nmo:hasPortrait
ex:coin_41200,ex:person_29,nmo:hasPortrait
ex:coin_41203,ex:person_29,nmo:hasPortrait
ex:coin_41204,ex:person_29,nmo:hasPortrait
ex:coin_41209,ex:person_29,nmo:hasPortrait
ex:coin_41210,ex:person_29,nmo:hasPortrait
ex:coin_41215,ex:person_29,nmo:hasPortrait
ex:coin_41221,ex:person_29,nmo:hasPortrait
ex:coin_41223,ex:person_29,nmo:hasPortrait
ex:coin_41226,ex:person_29,nmo:hasPortrait
ex:coin_41234,ex:person_29,nmo:hasPortrait
ex:coin_41235,ex:person_29,nmo:hasPortrait
ex:coin_41243,ex:person_29,nmo:hasPortrait
ex:coin_41247,ex:person_29,nmo:hasPortrait
ex:coin_41260,ex:person_29,nmo:hasPortrait
ex:coin_41286,ex:person_29,nmo:hasPortrait
ex:coin_41288,ex:person_29,nmo:hasPortrait
ex:coin_41297,ex:person_29,nmo:hasPortrait
ex:coin_1724,ex:person_180,nmo:hasPortrait
ex:coin_13638,ex:person_30,nmo:hasPortrait
ex:coin_5091,ex:person_31,nmo:hasPortrait
ex:coin_9138,ex:person_52,nmo:hasPortrait
ex:coin_37275,ex:person_30,nmo:hasPortrait
ex:coin_9170,ex:person_160,nmo:hasPortrait
ex:coin_783,ex:person_38,nmo:hasPortrait
ex:coin_968,ex:person_34,nmo:hasPortrait
ex:coin_969,ex:person_32,nmo:hasPortrait
ex:coin_973,ex:person_40,nmo:hasPortrait
ex:coin_974,ex:person_33,nmo:hasPortrait
ex:coin_975,ex:person_32,nmo:hasPortrait
ex:coin_976,ex:person_41,nmo:hasPortrait
ex:coin_978,ex:person_33,nmo:hasPortrait
ex:coin_981,ex:person_41,nmo:hasPortrait
ex:coin_982,ex:person_33,nmo:hasPortrait
ex:coin_983,ex:person_41,nmo:hasPortrait
ex:coin_985,ex:person_41,nmo:hasPortrait
ex:coin_1025,ex:person_33,nmo:hasPortrait
ex:coin_1026,ex:person_41,nmo:hasPortrait
ex:coin_1027,ex:person_38,nmo:hasPortrait
ex:coin_1030,ex:person_40,nmo:hasPortrait
ex:coin_1031,ex:person_33,nmo:hasPortrait
ex:coin_1036,ex:person_41,nmo:hasPortrait
ex:coin_1043,ex:person_38,nmo:hasPortrait
ex:coin_1047,ex:person_32,nmo:hasPortrait
ex:coin_1050,ex:person_40,nmo:hasPortrait
ex:coin_1051,ex:person_40,nmo:hasPortrait
ex:coin_1054,ex:person_41,nmo:hasPortrait
ex:coin_1060,ex:person_41,nmo:hasPortrait
ex:coin_1061,ex:person_40,nmo:hasPortrait
ex:coin_1066,ex:person_38,nmo:hasPortrait
ex:coin_1068,ex:person_40,nmo:hasPortrait
ex:coin_1077,ex:person_41,nmo:hasPortrait
ex:coin_1079,ex:person_41,nmo:hasPortrait
ex:coin_1080,ex:person_41,nmo:hasPortrait
ex:coin_1083,ex:person_41,nmo:hasPortrait
ex:coin_1084,ex:person_41,nmo:hasPortrait
ex:coin_1087,ex:person_33,nmo:hasPortrait
ex:coin_1088,ex:person_33,nmo:hasPortrait
ex:coin_1090,ex:person_40,nmo:hasPortrait
ex:coin_1091,ex:person_41,nmo:hasPortrait
ex:coin_1098,ex:person_38,nmo:hasPortrait
ex:coin_1100,ex:person_40,nmo:hasPortrait
ex:coin_1106,ex:person_38,nmo:hasPortrait
ex:coin_1107,ex:person_41,nmo:hasPortrait
ex:coin_1110,ex:person_40,nmo:hasPortrait
ex:coin_1112,ex:person_38,nmo:hasPortrait
ex:coin_1119,ex:person_40,nmo:hasPortrait
ex:coin_1128,ex:person_32,nmo:hasPortrait
ex:coin_1134,ex:person_40,nmo:hasPortrait
ex:coin_1137,ex:person_40,nmo:hasPortrait
ex:coin_1138,ex:person_40,nmo:hasPortrait
ex:coin_1172,ex:person_41,nmo:hasPortrait
ex:coin_1433,ex:person_40,nmo:hasPortrait
ex:coin_1488,ex:person_38,nmo:hasPortrait
ex:coin_1489,ex:person_33,nmo:hasPortrait
ex:coin_1490,ex:person_32,nmo:hasPortrait
ex:coin_1491,ex:person_33,nmo:hasPortrait
ex:coin_1492,ex:person_32,nmo:hasPortrait
ex:coin_1493,ex:person_32,nmo:hasPortrait
ex:coin_1668,ex:person_41,nmo:hasPortrait
ex:coin_1672,ex:person_40,nmo:hasPortrait
ex:coin_1709,ex:person_40,nmo:hasPortrait
ex:coin_1711,ex:person_34,nmo:hasPortrait
ex:coin_1713,ex:person_41,nmo:hasPortrait
ex:coin_1714,ex:person_41,nmo:hasPortrait
ex:coin_1719,ex:person_33,nmo:hasPortrait
ex:coin_1720,ex:person_34,nmo:hasPortrait
ex:coin_1721,ex:person_34,nmo:hasPortrait
ex:coin_1745,ex:person_33,nmo:hasPortrait
ex:coin_1749,ex:person_34,nmo:hasPortrait
ex:coin_1771,ex:person_34,nmo:hasPortrait
ex:coin_1772,ex:person_33,nmo:hasPortrait
ex:coin_1773,ex:person_40,nmo:hasPortrait
ex:coin_1843,ex:person_40,nmo:hasPortrait
ex:coin_2011,ex:person_40,nmo:hasPortrait
ex:coin_2012,ex:person_40,nmo:hasPortrait
ex:coin_2013,ex:person_40,nmo:hasPortrait
ex:coin_2017,ex:person_34,nmo:hasPortrait
ex:coin_2020,ex:person_41,nmo:hasPortrait
ex:coin_2021,ex:person_41,nmo:hasPortrait
ex:coin_2022,ex:person_41,nmo:hasPortrait
ex:coin_2023,ex:person_41,nmo:hasPortrait
ex:coin_2024,ex:person_41,nmo:hasPortrait
ex:coin_2029,ex:person_33,nmo:hasPortrait
ex:coin_2031,ex:person_33,nmo:hasPortrait
ex:coin_2032,ex:person_34,nmo:hasPortrait
ex:coin_2033,ex:person_32,nmo:hasPortrait
ex:coin_2034,ex:person_33,nmo:hasPortrait
ex:coin_2036,ex:person_32,nmo:hasPortrait
ex:coin_2059,ex:person_38,nmo:hasPortrait
ex:coin_2062,ex:person_34,nmo:hasPortrait
ex:coin_2064,ex:person_41,nmo:hasPortrait
ex:coin_2074,ex:person_40,nmo:hasPortrait
ex:coin_2084,ex:person_36,nmo:hasPortrait
ex:coin_5093,ex:person_41,nmo:hasPortrait
ex:coin_5094,ex:person_41,nmo:hasPortrait
ex:coin_5100,ex:person_34,nmo:hasPortrait
ex:coin_5104,ex:person_52,nmo:hasPortrait
ex:coin_5105,ex:person_40,nmo:hasPortrait
ex:coin_5106,ex:person_40,nmo:hasPortrait
ex:coin_5303,ex:person_34,nmo:hasPortrait
ex:coin_5306,ex:person_41,nmo:hasPortrait
ex:coin_5396,ex:person_32,nmo:hasPortrait
ex:coin_5397,ex:person_33,nmo:hasPortrait
ex:coin_5472,ex:person_34,nmo:hasPortrait
ex:coin_5630,ex:person_40,nmo:hasPortrait
ex:coin_5660,ex:person_38,nmo:hasPortrait
ex:coin_5671,ex:person_33,nmo:hasPortrait
ex:coin_5705,ex:person_40,nmo:hasPortrait
ex:coin_5787,ex:person_40,nmo:hasPortrait
ex:coin_5788,ex:person_41,nmo:hasPortrait
ex:coin_5811,ex:person_32,nmo:hasPortrait
ex:coin_5841,ex:person_33,nmo:hasPortrait
ex:coin_5842,ex:person_41,nmo:hasPortrait
ex:coin_5843,ex:person_41,nmo:hasPortrait
ex:coin_5893,ex:person_36,nmo:hasPortrait
ex:coin_5894,ex:person_34,nmo:hasPortrait
ex:coin_5895,ex:person_40,nmo:hasPortrait
ex:coin_5896,ex:person_40,nmo:hasPortrait
ex:coin_5897,ex:person_41,nmo:hasPortrait
ex:coin_5898,ex:person_41,nmo:hasPortrait
ex:coin_5899,ex:person_41,nmo:hasPortrait
ex:coin_5924,ex:person_41,nmo:hasPortrait
ex:coin_6059,ex:person_33,nmo:hasPortrait
ex:coin_6060,ex:person_33,nmo:hasPortrait
ex:coin_6061,ex:person_36,nmo:hasPortrait
ex:coin_6062,ex:person_36,nmo:hasPortrait
ex:coin_6063,ex:person_34,nmo:hasPortrait
ex:coin_6064,ex:person_40,nmo:hasPortrait
ex:coin_6065,ex:person_40,nmo:hasPortrait
ex:coin_6066,ex:person_40,nmo:hasPortrait
ex:coin_6067,ex:person_40,nmo:hasPortrait
ex:coin_6068,ex:person_40,nmo:hasPortrait
ex:coin_6069,ex:person_40,nmo:hasPortrait
ex:coin_6070,ex:person_40,nmo:hasPortrait
ex:coin_6086,ex:person_33,nmo:hasPortrait
ex:coin_6127,ex:person_33,nmo:hasPortrait
ex:coin_6170,ex:person_33,nmo:hasPortrait
ex:coin_6171,ex:person_33,nmo:hasPortrait
ex:coin_6245,ex:person_38,nmo:hasPortrait
ex:coin_6270,ex:person_32,nmo:hasPortrait
ex:coin_6292,ex:person_40,nmo:hasPortrait
ex:coin_6316,ex:person_34,nmo:hasPortrait
ex:coin_6339,ex:person_32,nmo:hasPortrait
ex:coin_6340,ex:person_34,nmo:hasPortrait
ex:coin_6365,ex:person_38,nmo:hasPortrait
ex:coin_6366,ex:person_33,nmo:hasPortrait
ex:coin_6388,ex:person_32,nmo:hasPortrait
ex:coin_6389,ex:person_34,nmo:hasPortrait
ex:coin_6391,ex:person_33,nmo:hasPortrait
ex:coin_6414,ex:person_36,nmo:hasPortrait
ex:coin_6466,ex:person_33,nmo:hasPortrait
ex:coin_6559,ex:person_34,nmo:hasPortrait
ex:coin_6626,ex:person_34,nmo:hasPortrait
ex:coin_6640,ex:person_32,nmo:hasPortrait
ex:coin_6641,ex:person_32,nmo:hasPortrait
ex:coin_6642,ex:person_32,nmo:hasPortrait
ex:coin_6643,ex:person_32,nmo:hasPortrait
ex:coin_6644,ex:person_33,nmo:hasPortrait
ex:coin_6645,ex:person_33,nmo:hasPortrait
ex:coin_6646,ex:person_33,nmo:hasPortrait
ex:coin_6647,ex:person_33,nmo:hasPortrait
ex:coin_6648,ex:person_33,nmo:hasPortrait
ex:coin_6651,ex:person_33,nmo:hasPortrait
ex:coin_6652,ex:person_33,nmo:hasPortrait
ex:coin_6653,ex:person_33,nmo:hasPortrait
ex:coin_6654,ex:person_33,nmo:hasPortrait
ex:coin_6655,ex:person_33,nmo:hasPortrait
ex:coin_6656,ex:person_33,nmo:hasPortrait
ex:coin_6657,ex:person_34,nmo:hasPortrait
ex:coin_6658,ex:person_34,nmo:hasPortrait
ex:coin_6659,ex:person_34,nmo:hasPortrait
ex:coin_6665,ex:person_33,nmo:hasPortrait
ex:coin_6666,ex:person_34,nmo:hasPortrait
ex:coin_6789,ex:person_32,nmo:hasPortrait
ex:coin_6806,ex:person_33,nmo:hasPortrait
ex:coin_6880,ex:person_39,nmo:hasPortrait
ex:coin_6892,ex:person_33,nmo:hasPortrait
ex:coin_6928,ex:person_32,nmo:hasPortrait
ex:coin_6929,ex:person_32,nmo:hasPortrait
ex:coin_6930,ex:person_33,nmo:hasPortrait
ex:coin_6931,ex:person_33,nmo:hasPortrait
ex:coin_6932,ex:person_33,nmo:hasPortrait
ex:coin_6933,ex:person_33,nmo:hasPortrait
ex:coin_6934,ex:person_40,nmo:hasPortrait
ex:coin_6935,ex:person_40,nmo:hasPortrait
ex:coin_6936,ex:person_40,nmo:hasPortrait
ex:coin_6937,ex:person_40,nmo:hasPortrait
ex:coin_6938,ex:person_40,nmo:hasPortrait
ex:coin_6939,ex:person_41,nmo:hasPortrait
ex:coin_6940,ex:person_41,nmo:hasPortrait
ex:coin_6941,ex:person_41,nmo:hasPortrait
ex:coin_7396,ex:person_42,nmo:hasPortrait
ex:coin_7399,ex:person_41,nmo:hasPortrait
ex:coin_7405,ex:person_40,nmo:hasPortrait
ex:coin_7473,ex:person_34,nmo:hasPortrait
ex:coin_7483,ex:person_40,nmo:hasPortrait
ex:coin_7498,ex:person_32,nmo:hasPortrait
ex:coin_7518,ex:person_34,nmo:hasPortrait
ex:coin_7560,ex:person_40,nmo:hasPortrait
ex:coin_7588,ex:person_33,nmo:hasPortrait
ex:coin_7589,ex:person_36,nmo:hasPortrait
ex:coin_7590,ex:person_34,nmo:hasPortrait
ex:coin_7591,ex:person_41,nmo:hasPortrait
ex:coin_7769,ex:person_32,nmo:hasPortrait
ex:coin_7783,ex:person_33,nmo:hasPortrait
ex:coin_7784,ex:person_33,nmo:hasPortrait
ex:coin_7785,ex:person_33,nmo:hasPortrait
ex:coin_7786,ex:person_34,nmo:hasPortrait
ex:coin_7787,ex:person_34,nmo:hasPortrait
ex:coin_7788,ex:person_43,nmo:hasPortrait
ex:coin_7789,ex:person_40,nmo:hasPortrait
ex:coin_7790,ex:person_40,nmo:hasPortrait
ex:coin_7791,ex:person_40,nmo:hasPortrait
ex:coin_7792,ex:person_40,nmo:hasPortrait
ex:coin_7793,ex:person_40,nmo:hasPortrait
ex:coin_7794,ex:person_40,nmo:hasPortrait
ex:coin_7795,ex:person_40,nmo:hasPortrait
ex:coin_7796,ex:person_41,nmo:hasPortrait
ex:coin_7797,ex:person_41,nmo:hasPortrait
ex:coin_7855,ex:person_33,nmo:hasPortrait
ex:coin_7856,ex:person_33,nmo:hasPortrait
ex:coin_7858,ex:person_34,nmo:hasPortrait
ex:coin_7859,ex:person_34,nmo:hasPortrait
ex:coin_7860,ex:person_34,nmo:hasPortrait
ex:coin_7861,ex:person_34,nmo:hasPortrait
ex:coin_7862,ex:person_34,nmo:hasPortrait
ex:coin_7863,ex:person_39,nmo:hasPortrait
ex:coin_7864,ex:person_40,nmo:hasPortrait
ex:coin_7865,ex:person_40,nmo:hasPortrait
ex:coin_7866,ex:person_40,nmo:hasPortrait
ex:coin_7867,ex:person_40,nmo:hasPortrait
ex:coin_7868,ex:person_40,nmo:hasPortrait
ex:coin_7869,ex:person_40,nmo:hasPortrait
ex:coin_7870,ex:person_41,nmo:hasPortrait
ex:coin_7871,ex:person_41,nmo:hasPortrait
ex:coin_7872,ex:person_41,nmo:hasPortrait
ex:coin_7873,ex:person_41,nmo:hasPortrait
ex:coin_7910,ex:person_33,nmo:hasPortrait
ex:coin_7951,ex:person_159,nmo:hasPortrait
ex:coin_8004,ex:person_34,nmo:hasPortrait
ex:coin_8042,ex:person_33,nmo:hasPortrait
ex:coin_8048,ex:person_33,nmo:hasPortrait
ex:coin_8067,ex:person_40,nmo:hasPortrait
ex:coin_8069,ex:person_37,nmo:hasPortrait
ex:coin_8099,ex:person_32,nmo:hasPortrait
ex:coin_8100,ex:person_32,nmo:hasPortrait
ex:coin_8101,ex:person_41,nmo:hasPortrait
ex:coin_8330,ex:person_36,nmo:hasPortrait
ex:coin_8428,ex:person_34,nmo:hasPortrait
ex:coin_8477,ex:person_32,nmo:hasPortrait
ex:coin_8478,ex:person_32,nmo:hasPortrait
ex:coin_8479,ex:person_32,nmo:hasPortrait
ex:coin_8480,ex:person_32,nmo:hasPortrait
ex:coin_8481,ex:person_32,nmo:hasPortrait
ex:coin_8482,ex:person_32,nmo:hasPortrait
ex:coin_8483,ex:person_33,nmo:hasPortrait
ex:coin_8484,ex:person_33,nmo:hasPortrait
ex:coin_8485,ex:person_33,nmo:hasPortrait
ex:coin_8486,ex:person_33,nmo:hasPortrait
ex:coin_8487,ex:person_33,nmo:hasPortrait
ex:coin_8488,ex:person_33,nmo:hasPortrait
ex:coin_8489,ex:person_33,nmo:hasPortrait
ex:coin_8490,ex:person_33,nmo:hasPortrait
ex:coin_8491,ex:person_33,nmo:hasPortrait
ex:coin_8492,ex:person_33,nmo:hasPortrait
ex:coin_8493,ex:person_33,nmo:hasPortrait
ex:coin_8494,ex:person_33,nmo:hasPortrait
ex:coin_8495,ex:person_33,nmo:hasPortrait
ex:coin_8496,ex:person_33,nmo:hasPortrait
ex:coin_8497,ex:person_34,nmo:hasPortrait
ex:coin_8498,ex:person_34,nmo:hasPortrait
ex:coin_8499,ex:person_38,nmo:hasPortrait
ex:coin_8517,ex:person_32,nmo:hasPortrait
ex:coin_8758,ex:person_33,nmo:hasPortrait
ex:coin_8760,ex:person_36,nmo:hasPortrait
ex:coin_8776,ex:person_41,nmo:hasPortrait
ex:coin_8777,ex:person_32,nmo:hasPortrait
ex:coin_8783,ex:person_40,nmo:hasPortrait
ex:coin_8784,ex:person_40,nmo:hasPortrait
ex:coin_8799,ex:person_40,nmo:hasPortrait
ex:coin_8806,ex:person_33,nmo:hasPortrait
ex:coin_8807,ex:person_33,nmo:hasPortrait
ex:coin_8808,ex:person_33,nmo:hasPortrait
ex:coin_8809,ex:person_33,nmo:hasPortrait
ex:coin_8810,ex:person_33,nmo:hasPortrait
ex:coin_8811,ex:person_33,nmo:hasPortrait
ex:coin_8812,ex:person_33,nmo:hasPortrait
ex:coin_8813,ex:person_33,nmo:hasPortrait
ex:coin_8814,ex:person_33,nmo:hasPortrait
ex:coin_8815,ex:person_33,nmo:hasPortrait
ex:coin_8816,ex:person_33,nmo:hasPortrait
ex:coin_8817,ex:person_33,nmo:hasPortrait
ex:coin_8818,ex:person_33,nmo:hasPortrait
ex:coin_8819,ex:person_34,nmo:hasPortrait
ex:coin_8820,ex:person_34,nmo:hasPortrait
ex:coin_8821,ex:person_34,nmo:hasPortrait
ex:coin_8822,ex:person_34,nmo:hasPortrait
ex:coin_8823,ex:person_34,nmo:hasPortrait
ex:coin_8824,ex:person_34,nmo:hasPortrait
ex:coin_8825,ex:person_36,nmo:hasPortrait
ex:coin_8940,ex:person_33,nmo:hasPortrait
ex:coin_8941,ex:person_41,nmo:hasPortrait
ex:coin_9050,ex:person_30,nmo:hasPortrait
ex:coin_9140,ex:person_33,nmo:hasPortrait
ex:coin_9141,ex:person_33,nmo:hasPortrait
ex:coin_9142,ex:person_41,nmo:hasPortrait
ex:coin_9180,ex:person_33,nmo:hasPortrait
ex:coin_9234,ex:person_32,nmo:hasPortrait
ex:coin_9241,ex:person_40,nmo:hasPortrait
ex:coin_9353,ex:person_34,nmo:hasPortrait
ex:coin_9354,ex:person_34,nmo:hasPortrait
ex:coin_9355,ex:person_33,nmo:hasPortrait
ex:coin_9470,ex:person_32,nmo:hasPortrait
ex:coin_9734,ex:person_41,nmo:hasPortrait
ex:coin_9735,ex:person_41,nmo:hasPortrait
ex:coin_9736,ex:person_41,nmo:hasPortrait
ex:coin_9737,ex:person_41,nmo:hasPortrait
ex:coin_9738,ex:person_41,nmo:hasPortrait
ex:coin_9753,ex:person_40,nmo:hasPortrait
ex:coin_9754,ex:person_40,nmo:hasPortrait
ex:coin_9755,ex:person_40,nmo:hasPortrait
ex:coin_9777,ex:person_33,nmo:hasPortrait
ex:coin_9779,ex:person_38,nmo:hasPortrait
ex:coin_9794,ex:person_41,nmo:hasPortrait
ex:coin_9815,ex:person_36,nmo:hasPortrait
ex:coin_9825,ex:person_30,nmo:hasPortrait
ex:coin_10190,ex:person_33,nmo:hasPortrait
ex:coin_10191,ex:person_32,nmo:hasPortrait
ex:coin_10197,ex:person_40,nmo:hasPortrait
ex:coin_10419,ex:person_33,nmo:hasPortrait
ex:coin_10421,ex:person_41,nmo:hasPortrait
ex:coin_10448,ex:person_34,nmo:hasPortrait
ex:coin_10501,ex:person_33,nmo:hasPortrait
ex:coin_10944,ex:person_40,nmo:hasPortrait
ex:coin_10946,ex:person_41,nmo:hasPortrait
ex:coin_10947,ex:person_41,nmo:hasPortrait
ex:coin_10954,ex:person_41,nmo:hasPortrait
ex:coin_10976,ex:person_34,nmo:hasPortrait
ex:coin_10983,ex:person_41,nmo:hasPortrait
ex:coin_10984,ex:person_41,nmo:hasPortrait
ex:coin_10985,ex:person_41,nmo:hasPortrait
ex:coin_10988,ex:person_40,nmo:hasPortrait
ex:coin_10989,ex:person_40,nmo:hasPortrait
ex:coin_10990,ex:person_40,nmo:hasPortrait
ex:coin_10991,ex:person_40,nmo:hasPortrait
ex:coin_10992,ex:person_40,nmo:hasPortrait
ex:coin_10993,ex:person_41,nmo:hasPortrait
ex:coin_10996,ex:person_38,nmo:hasPortrait
ex:coin_11005,ex:person_41,nmo:hasPortrait
ex:coin_11006,ex:person_41,nmo:hasPortrait
ex:coin_11007,ex:person_41,nmo:hasPortrait
ex:coin_11008,ex:person_41,nmo:hasPortrait
ex:coin_11009,ex:person_41,nmo:hasPortrait
ex:coin_11010,ex:person_41,nmo:hasPortrait
ex:coin_11016,ex:person_34,nmo:hasPortrait
ex:coin_11026,ex:person_41,nmo:hasPortrait
ex:coin_11493,ex:person_40,nmo:hasPortrait
ex:coin_11505,ex:person_33,nmo:hasPortrait
ex:coin_11535,ex:person_32,nmo:hasPortrait
ex:coin_11595,ex:person_40,nmo:hasPortrait
ex:coin_11615,ex:person_32,nmo:hasPortrait
ex:coin_11616,ex:person_40,nmo:hasPortrait
ex:coin_12114,ex:person_33,nmo:hasPortrait
ex:coin_12117,ex:person_41,nmo:hasPortrait
ex:coin_12129,ex:person_34,nmo:hasPortrait
ex:coin_12130,ex:person_33,nmo:hasPortrait
ex:coin_12132,ex:person_40,nmo:hasPortrait
ex:coin_12133,ex:person_41,nmo:hasPortrait
ex:coin_12172,ex:person_33,nmo:hasPortrait
ex:coin_12270,ex:person_34,nmo:hasPortrait
ex:coin_12390,ex:person_40,nmo:hasPortrait
ex:coin_12391,ex:person_40,nmo:hasPortrait
ex:coin_12393,ex:person_32,nmo:hasPortrait
ex:coin_12406,ex:person_40,nmo:hasPortrait
ex:coin_12407,ex:person_40,nmo:hasPortrait
ex:coin_12408,ex:person_41,nmo:hasPortrait
ex:coin_12409,ex:person_41,nmo:hasPortrait
ex:coin_12418,ex:person_38,nmo:hasPortrait
ex:coin_12419,ex:person_34,nmo:hasPortrait
ex:coin_12421,ex:person_33,nmo:hasPortrait
ex:coin_12423,ex:person_41,nmo:hasPortrait
ex:coin_12424,ex:person_40,nmo:hasPortrait
ex:coin_12444,ex:person_38,nmo:hasPortrait
ex:coin_12475,ex:person_40,nmo:hasPortrait
ex:coin_12477,ex:person_41,nmo:hasPortrait
ex:coin_12478,ex:person_41,nmo:hasPortrait
ex:coin_12487,ex:person_41,nmo:hasPortrait
ex:coin_12488,ex:person_40,nmo:hasPortrait
ex:coin_12504,ex:person_34,nmo:hasPortrait
ex:coin_12550,ex:person_159,nmo:hasPortrait
ex:coin_12566,ex:person_32,nmo:hasPortrait
ex:coin_12857,ex:person_40,nmo:hasPortrait
ex:coin_12858,ex:person_32,nmo:hasPortrait
ex:coin_12859,ex:person_33,nmo:hasPortrait
ex:coin_12860,ex:person_33,nmo:hasPortrait
ex:coin_12898,ex:person_33,nmo:hasPortrait
ex:coin_12920,ex:person_34,nmo:hasPortrait
ex:coin_13204,ex:person_30,nmo:hasPortrait
ex:coin_13205,ex:person_40,nmo:hasPortrait
ex:coin_13239,ex:person_40,nmo:hasPortrait
ex:coin_13240,ex:person_33,nmo:hasPortrait
ex:coin_13456,ex:person_34,nmo:hasPortrait
ex:coin_13475,ex:person_33,nmo:hasPortrait
ex:coin_13477,ex:person_34,nmo:hasPortrait
ex:coin_13511,ex:person_40,nmo:hasPortrait
ex:coin_13512,ex:person_40,nmo:hasPortrait
ex:coin_13538,ex:person_32,nmo:hasPortrait
ex:coin_13540,ex:person_41,nmo:hasPortrait
ex:coin_13545,ex:person_32,nmo:hasPortrait
ex:coin_13546,ex:person_32,nmo:hasPortrait
ex:coin_13645,ex:person_32,nmo:hasPortrait
ex:coin_13693,ex:person_33,nmo:hasPortrait
ex:coin_13694,ex:person_32,nmo:hasPortrait
ex:coin_13700,ex:person_33,nmo:hasPortrait
ex:coin_13702,ex:person_33,nmo:hasPortrait
ex:coin_13724,ex:person_41,nmo:hasPortrait
ex:coin_13725,ex:person_41,nmo:hasPortrait
ex:coin_13726,ex:person_41,nmo:hasPortrait
ex:coin_13727,ex:person_40,nmo:hasPortrait
ex:coin_13757,ex:person_32,nmo:hasPortrait
ex:coin_13892,ex:person_41,nmo:hasPortrait
ex:coin_13901,ex:person_41,nmo:hasPortrait
ex:coin_13902,ex:person_41,nmo:hasPortrait
ex:coin_13903,ex:person_41,nmo:hasPortrait
ex:coin_13922,ex:person_40,nmo:hasPortrait
ex:coin_13923,ex:person_40,nmo:hasPortrait
ex:coin_13924,ex:person_40,nmo:hasPortrait
ex:coin_13925,ex:person_40,nmo:hasPortrait
ex:coin_13926,ex:person_40,nmo:hasPortrait
ex:coin_13927,ex:person_40,nmo:hasPortrait
ex:coin_13929,ex:person_33,nmo:hasPortrait
ex:coin_13934,ex:person_41,nmo:hasPortrait
ex:coin_13935,ex:person_41,nmo:hasPortrait
ex:coin_13936,ex:person_41,nmo:hasPortrait
ex:coin_13937,ex:person_41,nmo:hasPortrait
ex:coin_13938,ex:person_41,nmo:hasPortrait
ex:coin_13939,ex:person_41,nmo:hasPortrait
ex:coin_13940,ex:person_41,nmo:hasPortrait
ex:coin_13951,ex:person_34,nmo:hasPortrait
ex:coin_13954,ex:person_33,nmo:hasPortrait
ex:coin_13963,ex:person_41,nmo:hasPortrait
ex:coin_13964,ex:person_36,nmo:hasPortrait
ex:coin_13976,ex:person_39,nmo:hasPortrait
ex:coin_13999,ex:person_40,nmo:hasPortrait
ex:coin_14000,ex:person_40,nmo:hasPortrait
ex:coin_14004,ex:person_33,nmo:hasPortrait
ex:coin_14043,ex:person_33,nmo:hasPortrait
ex:coin_14049,ex:person_41,nmo:hasPortrait
ex:coin_14050,ex:person_40,nmo:hasPortrait
ex:coin_14052,ex:person_41,nmo:hasPortrait
ex:coin_14119,ex:person_33,nmo:hasPortrait
ex:coin_14122,ex:person_33,nmo:hasPortrait
ex:coin_14123,ex:person_37,nmo:hasPortrait
ex:coin_14128,ex:person_33,nmo:hasPortrait
ex:coin_14130,ex:person_41,nmo:hasPortrait
ex:coin_14131,ex:person_41,nmo:hasPortrait
ex:coin_14132,ex:person_41,nmo:hasPortrait
ex:coin_14133,ex:person_41,nmo:hasPortrait
ex:coin_14134,ex:person_40,nmo:hasPortrait
ex:coin_14135,ex:person_40,nmo:hasPortrait
ex:coin_14137,ex:person_41,nmo:hasPortrait
ex:coin_14138,ex:person_41,nmo:hasPortrait
ex:coin_14210,ex:person_41,nmo:hasPortrait
ex:coin_14211,ex:person_41,nmo:hasPortrait
ex:coin_14230,ex:person_40,nmo:hasPortrait
ex:coin_14231,ex:person_39,nmo:hasPortrait
ex:coin_14234,ex:person_40,nmo:hasPortrait
ex:coin_14242,ex:person_41,nmo:hasPortrait
ex:coin_14341,ex:person_41,nmo:hasPortrait
ex:coin_14346,ex:person_40,nmo:hasPortrait
ex:coin_14347,ex:person_40,nmo:hasPortrait
ex:coin_14350,ex:person_38,nmo:hasPortrait
ex:coin_14354,ex:person_41,nmo:hasPortrait
ex:coin_14388,ex:person_41,nmo:hasPortrait
ex:coin_14392,ex:person_41,nmo:hasPortrait
ex:coin_14437,ex:person_41,nmo:hasPortrait
ex:coin_14449,ex:person_32,nmo:hasPortrait
ex:coin_14493,ex:person_32,nmo:hasPortrait
ex:coin_14494,ex:person_32,nmo:hasPortrait
ex:coin_14496,ex:person_33,nmo:hasPortrait
ex:coin_14497,ex:person_33,nmo:hasPortrait
ex:coin_14500,ex:person_33,nmo:hasPortrait
ex:coin_14501,ex:person_33,nmo:hasPortrait
ex:coin_14504,ex:person_33,nmo:hasPortrait
ex:coin_14505,ex:person_33,nmo:hasPortrait
ex:coin_14506,ex:person_33,nmo:hasPortrait
ex:coin_14507,ex:person_33,nmo:hasPortrait
ex:coin_14508,ex:person_33,nmo:hasPortrait
ex:coin_14509,ex:person_33,nmo:hasPortrait
ex:coin_14511,ex:person_33,nmo:hasPortrait
ex:coin_14512,ex:person_33,nmo:hasPortrait
ex:coin_14513,ex:person_33,nmo:hasPortrait
ex:coin_14514,ex:person_33,nmo:hasPortrait
ex:coin_14515,ex:person_33,nmo:hasPortrait
ex:coin_14516,ex:person_34,nmo:hasPortrait
ex:coin_14517,ex:person_34,nmo:hasPortrait
ex:coin_14518,ex:person_34,nmo:hasPortrait
ex:coin_14519,ex:person_34,nmo:hasPortrait
ex:coin_14520,ex:person_36,nmo:hasPortrait
ex:coin_14521,ex:person_36,nmo:hasPortrait
ex:coin_14522,ex:person_36,nmo:hasPortrait
ex:coin_14523,ex:person_37,nmo:hasPortrait
ex:coin_14636,ex:person_33,nmo:hasPortrait
ex:coin_14925,ex:person_40,nmo:hasPortrait
ex:coin_14926,ex:person_40,nmo:hasPortrait
ex:coin_14929,ex:person_41,nmo:hasPortrait
ex:coin_14930,ex:person_41,nmo:hasPortrait
ex:coin_14947,ex:person_40,nmo:hasPortrait
ex:coin_14958,ex:person_40,nmo:hasPortrait
ex:coin_14959,ex:person_40,nmo:hasPortrait
ex:coin_14960,ex:person_40,nmo:hasPortrait
ex:coin_14962,ex:person_34,nmo:hasPortrait
ex:coin_14963,ex:person_40,nmo:hasPortrait
ex:coin_14990,ex:person_34,nmo:hasPortrait
ex:coin_15028,ex:person_33,nmo:hasPortrait
ex:coin_15029,ex:person_36,nmo:hasPortrait
ex:coin_15030,ex:person_34,nmo:hasPortrait
ex:coin_15031,ex:person_34,nmo:hasPortrait
ex:coin_15032,ex:person_43,nmo:hasPortrait
ex:coin_15033,ex:person_41,nmo:hasPortrait
ex:coin_15034,ex:person_40,nmo:hasPortrait
ex:coin_15075,ex:person_32,nmo:hasPortrait
ex:coin_15136,ex:person_40,nmo:hasPortrait
ex:coin_15161,ex:person_40,nmo:hasPortrait
ex:coin_15162,ex:person_40,nmo:hasPortrait
ex:coin_15163,ex:person_40,nmo:hasPortrait
ex:coin_15178,ex:person_33,nmo:hasPortrait
ex:coin_15180,ex:person_33,nmo:hasPortrait
ex:coin_15183,ex:person_41,nmo:hasPortrait
ex:coin_15184,ex:person_41,nmo:hasPortrait
ex:coin_15185,ex:person_40,nmo:hasPortrait
ex:coin_15186,ex:person_41,nmo:hasPortrait
ex:coin_15187,ex:person_41,nmo:hasPortrait
ex:coin_15202,ex:person_41,nmo:hasPortrait
ex:coin_15203,ex:person_41,nmo:hasPortrait
ex:coin_15205,ex:person_40,nmo:hasPortrait
ex:coin_15210,ex:person_41,nmo:hasPortrait
ex:coin_15230,ex:person_33,nmo:hasPortrait
ex:coin_15231,ex:person_34,nmo:hasPortrait
ex:coin_15261,ex:person_41,nmo:hasPortrait
ex:coin_15265,ex:person_33,nmo:hasPortrait
ex:coin_15266,ex:person_41,nmo:hasPortrait
ex:coin_15413,ex:person_34,nmo:hasPortrait
ex:coin_15416,ex:person_40,nmo:hasPortrait
ex:coin_15417,ex:person_40,nmo:hasPortrait
ex:coin_15418,ex:person_36,nmo:hasPortrait
ex:coin_15420,ex:person_41,nmo:hasPortrait
ex:coin_15467,ex:person_40,nmo:hasPortrait
ex:coin_15468,ex:person_40,nmo:hasPortrait
ex:coin_15469,ex:person_40,nmo:hasPortrait
ex:coin_15470,ex:person_40,nmo:hasPortrait
ex:coin_15471,ex:person_40,nmo:hasPortrait
ex:coin_15472,ex:person_40,nmo:hasPortrait
ex:coin_15473,ex:person_40,nmo:hasPortrait
ex:coin_15474,ex:person_40,nmo:hasPortrait
ex:coin_15475,ex:person_41,nmo:hasPortrait
ex:coin_15476,ex:person_41,nmo:hasPortrait
ex:coin_15477,ex:person_41,nmo:hasPortrait
ex:coin_15478,ex:person_41,nmo:hasPortrait
ex:coin_15479,ex:person_41,nmo:hasPortrait
ex:coin_15480,ex:person_41,nmo:hasPortrait
ex:coin_15500,ex:person_34,nmo:hasPortrait
ex:coin_15501,ex:person_33,nmo:hasPortrait
ex:coin_15540,ex:person_40,nmo:hasPortrait
ex:coin_15541,ex:person_40,nmo:hasPortrait
ex:coin_15542,ex:person_40,nmo:hasPortrait
ex:coin_15543,ex:person_40,nmo:hasPortrait
ex:coin_15544,ex:person_41,nmo:hasPortrait
ex:coin_15600,ex:person_41,nmo:hasPortrait
ex:coin_15601,ex:person_40,nmo:hasPortrait
ex:coin_15603,ex:person_40,nmo:hasPortrait
ex:coin_15604,ex:person_34,nmo:hasPortrait
ex:coin_15611,ex:person_40,nmo:hasPortrait
ex:coin_15619,ex:person_40,nmo:hasPortrait
ex:coin_15620,ex:person_41,nmo:hasPortrait
ex:coin_15630,ex:person_41,nmo:hasPortrait
ex:coin_15633,ex:person_40,nmo:hasPortrait
ex:coin_15639,ex:person_34,nmo:hasPortrait
ex:coin_15643,ex:person_33,nmo:hasPortrait
ex:coin_15644,ex:person_32,nmo:hasPortrait
ex:coin_15657,ex:person_33,nmo:hasPortrait
ex:coin_15658,ex:person_41,nmo:hasPortrait
ex:coin_15721,ex:person_40,nmo:hasPortrait
ex:coin_15792,ex:person_41,nmo:hasPortrait
ex:coin_15815,ex:person_33,nmo:hasPortrait
ex:coin_15817,ex:person_41,nmo:hasPortrait
ex:coin_16134,ex:person_34,nmo:hasPortrait
ex:coin_16321,ex:person_41,nmo:hasPortrait
ex:coin_16322,ex:person_41,nmo:hasPortrait
ex:coin_16349,ex:person_41,nmo:hasPortrait
ex:coin_16375,ex:person_33,nmo:hasPortrait
ex:coin_16378,ex:person_41,nmo:hasPortrait
ex:coin_16390,ex:person_40,nmo:hasPortrait
ex:coin_16403,ex:person_40,nmo:hasPortrait
ex:coin_16407,ex:person_40,nmo:hasPortrait
ex:coin_16438,ex:person_41,nmo:hasPortrait
ex:coin_16449,ex:person_34,nmo:hasPortrait
ex:coin_16468,ex:person_33,nmo:hasPortrait
ex:coin_16470,ex:person_41,nmo:hasPortrait
ex:coin_16607,ex:person_40,nmo:hasPortrait
ex:coin_16608,ex:person_33,nmo:hasPortrait
ex:coin_16610,ex:person_34,nmo:hasPortrait
ex:coin_16614,ex:person_32,nmo:hasPortrait
ex:coin_16753,ex:person_33,nmo:hasPortrait
ex:coin_16758,ex:person_41,nmo:hasPortrait
ex:coin_16781,ex:person_41,nmo:hasPortrait
ex:coin_16783,ex:person_41,nmo:hasPortrait
ex:coin_16784,ex:person_41,nmo:hasPortrait
ex:coin_16786,ex:person_34,nmo:hasPortrait
ex:coin_16787,ex:person_41,nmo:hasPortrait
ex:coin_16790,ex:person_40,nmo:hasPortrait
ex:coin_16792,ex:person_41,nmo:hasPortrait
ex:coin_16793,ex:person_41,nmo:hasPortrait
ex:coin_16802,ex:person_37,nmo:hasPortrait
ex:coin_16804,ex:person_41,nmo:hasPortrait
ex:coin_16807,ex:person_40,nmo:hasPortrait
ex:coin_16808,ex:person_40,nmo:hasPortrait
ex:coin_16809,ex:person_41,nmo:hasPortrait
ex:coin_16810,ex:person_40,nmo:hasPortrait
ex:coin_16813,ex:person_41,nmo:hasPortrait
ex:coin_16822,ex:person_40,nmo:hasPortrait
ex:coin_16824,ex:person_40,nmo:hasPortrait
ex:coin_16827,ex:person_41,nmo:hasPortrait
ex:coin_16832,ex:person_40,nmo:hasPortrait
ex:coin_16838,ex:person_34,nmo:hasPortrait
ex:coin_16839,ex:person_34,nmo:hasPortrait
ex:coin_16841,ex:person_34,nmo:hasPortrait
ex:coin_16844,ex:person_37,nmo:hasPortrait
ex:coin_16847,ex:person_33,nmo:hasPortrait
ex:coin_16849,ex:person_41,nmo:hasPortrait
ex:coin_16852,ex:person_33,nmo:hasPortrait
ex:coin_16864,ex:person_40,nmo:hasPortrait
ex:coin_16868,ex:person_34,nmo:hasPortrait
ex:coin_16869,ex:person_33,nmo:hasPortrait
ex:coin_17118,ex:person_33,nmo:hasPortrait
ex:coin_17209,ex:person_41,nmo:hasPortrait
ex:coin_17210,ex:person_41,nmo:hasPortrait
ex:coin_17256,ex:person_33,nmo:hasPortrait
ex:coin_17257,ex:person_40,nmo:hasPortrait
ex:coin_17262,ex:person_34,nmo:hasPortrait
ex:coin_17267,ex:person_34,nmo:hasPortrait
ex:coin_17271,ex:person_40,nmo:hasPortrait
ex:coin_17277,ex:person_41,nmo:hasPortrait
ex:coin_17281,ex:person_33,nmo:hasPortrait
ex:coin_17289,ex:person_41,nmo:hasPortrait
ex:coin_17295,ex:person_34,nmo:hasPortrait
ex:coin_17325,ex:person_33,nmo:hasPortrait
ex:coin_17327,ex:person_40,nmo:hasPortrait
ex:coin_17333,ex:person_33,nmo:hasPortrait
ex:coin_17335,ex:person_33,nmo:hasPortrait
ex:coin_17345,ex:person_41,nmo:hasPortrait
ex:coin_17350,ex:person_40,nmo:hasPortrait
ex:coin_17361,ex:person_33,nmo:hasPortrait
ex:coin_17364,ex:person_33,nmo:hasPortrait
ex:coin_17365,ex:person_41,nmo:hasPortrait
ex:coin_17372,ex:person_40,nmo:hasPortrait
ex:coin_17375,ex:person_40,nmo:hasPortrait
ex:coin_17388,ex:person_41,nmo:hasPortrait
ex:coin_17389,ex:person_40,nmo:hasPortrait
ex:coin_17391,ex:person_40,nmo:hasPortrait
ex:coin_17395,ex:person_32,nmo:hasPortrait
ex:coin_17405,ex:person_33,nmo:hasPortrait
ex:coin_17413,ex:person_40,nmo:hasPortrait
ex:coin_17415,ex:person_33,nmo:hasPortrait
ex:coin_17420,ex:person_41,nmo:hasPortrait
ex:coin_17425,ex:person_40,nmo:hasPortrait
ex:coin_17427,ex:person_40,nmo:hasPortrait
ex:coin_17432,ex:person_41,nmo:hasPortrait
ex:coin_17442,ex:person_32,nmo:hasPortrait
ex:coin_17453,ex:person_41,nmo:hasPortrait
ex:coin_17458,ex:person_34,nmo:hasPortrait
ex:coin_17474,ex:person_40,nmo:hasPortrait
ex:coin_17475,ex:person_40,nmo:hasPortrait
ex:coin_17476,ex:person_41,nmo:hasPortrait
ex:coin_17481,ex:person_34,nmo:hasPortrait
ex:coin_17482,ex:person_40,nmo:hasPortrait
ex:coin_17486,ex:person_32,nmo:hasPortrait
ex:coin_17488,ex:person_40,nmo:hasPortrait
ex:coin_17497,ex:person_41,nmo:hasPortrait
ex:coin_17498,ex:person_41,nmo:hasPortrait
ex:coin_17514,ex:person_34,nmo:hasPortrait
ex:coin_17516,ex:person_41,nmo:hasPortrait
ex:coin_17527,ex:person_41,nmo:hasPortrait
ex:coin_17528,ex:person_34,nmo:hasPortrait
ex:coin_17529,ex:person_40,nmo:hasPortrait
ex:coin_17530,ex:person_40,nmo:hasPortrait
ex:coin_17536,ex:person_40,nmo:hasPortrait
ex:coin_17543,ex:person_40,nmo:hasPortrait
ex:coin_17544,ex:person_40,nmo:hasPortrait
ex:coin_17566,ex:person_34,nmo:hasPortrait
ex:coin_17569,ex:person_40,nmo:hasPortrait
ex:coin_17580,ex:person_41,nmo:hasPortrait
ex:coin_17604,ex:person_41,nmo:hasPortrait
ex:coin_17620,ex:person_33,nmo:hasPortrait
ex:coin_17628,ex:person_40,nmo:hasPortrait
ex:coin_17629,ex:person_33,nmo:hasPortrait
ex:coin_17630,ex:person_33,nmo:hasPortrait
ex:coin_17631,ex:person_33,nmo:hasPortrait
ex:coin_17634,ex:person_41,nmo:hasPortrait
ex:coin_17635,ex:person_41,nmo:hasPortrait
ex:coin_17639,ex:person_34,nmo:hasPortrait
ex:coin_17641,ex:person_34,nmo:hasPortrait
ex:coin_17643,ex:person_41,nmo:hasPortrait
ex:coin_17644,ex:person_40,nmo:hasPortrait
ex:coin_17646,ex:person_41,nmo:hasPortrait
ex:coin_17647,ex:person_33,nmo:hasPortrait
ex:coin_17648,ex:person_33,nmo:hasPortrait
ex:coin_17649,ex:person_36,nmo:hasPortrait
ex:coin_17651,ex:person_33,nmo:hasPortrait
ex:coin_17652,ex:person_41,nmo:hasPortrait
ex:coin_17654,ex:person_41,nmo:hasPortrait
ex:coin_17661,ex:person_33,nmo:hasPortrait
ex:coin_17662,ex:person_34,nmo:hasPortrait
ex:coin_17663,ex:person_33,nmo:hasPortrait
ex:coin_17665,ex:person_34,nmo:hasPortrait
ex:coin_17666,ex:person_34,nmo:hasPortrait
ex:coin_17667,ex:person_34,nmo:hasPortrait
ex:coin_17669,ex:person_33,nmo:hasPortrait
ex:coin_17671,ex:person_40,nmo:hasPortrait
ex:coin_17672,ex:person_41,nmo:hasPortrait
ex:coin_17673,ex:person_41,nmo:hasPortrait
ex:coin_17674,ex:person_41,nmo:hasPortrait
ex:coin_17675,ex:person_41,nmo:hasPortrait
ex:coin_17676,ex:person_41,nmo:hasPortrait
ex:coin_17677,ex:person_41,nmo:hasPortrait
ex:coin_17678,ex:person_40,nmo:hasPortrait
ex:coin_17679,ex:person_40,nmo:hasPortrait
ex:coin_17719,ex:person_40,nmo:hasPortrait
ex:coin_17720,ex:person_40,nmo:hasPortrait
ex:coin_17721,ex:person_41,nmo:hasPortrait
ex:coin_17722,ex:person_41,nmo:hasPortrait
ex:coin_17734,ex:person_40,nmo:hasPortrait
ex:coin_17746,ex:person_41,nmo:hasPortrait
ex:coin_18001,ex:person_41,nmo:hasPortrait
ex:coin_18002,ex:person_40,nmo:hasPortrait
ex:coin_18010,ex:person_41,nmo:hasPortrait
ex:coin_18011,ex:person_33,nmo:hasPortrait
ex:coin_18012,ex:person_33,nmo:hasPortrait
ex:coin_18013,ex:person_32,nmo:hasPortrait
ex:coin_27445,ex:person_33,nmo:hasPortrait
ex:coin_27998,ex:person_33,nmo:hasPortrait
ex:coin_28001,ex:person_32,nmo:hasPortrait
ex:coin_28003,ex:person_33,nmo:hasPortrait
ex:coin_28005,ex:person_33,nmo:hasPortrait
ex:coin_28008,ex:person_36,nmo:hasPortrait
ex:coin_28080,ex:person_40,nmo:hasPortrait
ex:coin_28083,ex:person_36,nmo:hasPortrait
ex:coin_28086,ex:person_33,nmo:hasPortrait
ex:coin_28087,ex:person_33,nmo:hasPortrait
ex:coin_28352,ex:person_36,nmo:hasPortrait
ex:coin_28353,ex:person_38,nmo:hasPortrait
ex:coin_28365,ex:person_32,nmo:hasPortrait
ex:coin_28371,ex:person_41,nmo:hasPortrait
ex:coin_28401,ex:person_33,nmo:hasPortrait
ex:coin_28402,ex:person_33,nmo:hasPortrait
ex:coin_28405,ex:person_32,nmo:hasPortrait
ex:coin_28406,ex:person_33,nmo:hasPortrait
ex:coin_28407,ex:person_33,nmo:hasPortrait
ex:coin_28444,ex:person_40,nmo:hasPortrait
ex:coin_28446,ex:person_36,nmo:hasPortrait
ex:coin_28451,ex:person_33,nmo:hasPortrait
ex:coin_28452,ex:person_38,nmo:hasPortrait
ex:coin_28460,ex:person_32,nmo:hasPortrait
ex:coin_28461,ex:person_33,nmo:hasPortrait
ex:coin_28462,ex:person_32,nmo:hasPortrait
ex:coin_28477,ex:person_33,nmo:hasPortrait
ex:coin_28478,ex:person_33,nmo:hasPortrait
ex:coin_28481,ex:person_33,nmo:hasPortrait
ex:coin_28484,ex:person_33,nmo:hasPortrait
ex:coin_28485,ex:person_40,nmo:hasPortrait
ex:coin_28486,ex:person_34,nmo:hasPortrait
ex:coin_28489,ex:person_33,nmo:hasPortrait
ex:coin_28492,ex:person_38,nmo:hasPortrait
ex:coin_28493,ex:person_33,nmo:hasPortrait
ex:coin_28494,ex:person_38,nmo:hasPortrait
ex:coin_28495,ex:person_41,nmo:hasPortrait
ex:coin_28496,ex:person_41,nmo:hasPortrait
ex:coin_28575,ex:person_33,nmo:hasPortrait
ex:coin_28591,ex:person_33,nmo:hasPortrait
ex:coin_28592,ex:person_38,nmo:hasPortrait
ex:coin_28845,ex:person_41,nmo:hasPortrait
ex:coin_28859,ex:person_40,nmo:hasPortrait
ex:coin_28876,ex:person_33,nmo:hasPortrait
ex:coin_28877,ex:person_38,nmo:hasPortrait
ex:coin_28879,ex:person_41,nmo:hasPortrait
ex:coin_28880,ex:person_41,nmo:hasPortrait
ex:coin_28887,ex:person_36,nmo:hasPortrait
ex:coin_28888,ex:person_33,nmo:hasPortrait
ex:coin_28898,ex:person_40,nmo:hasPortrait
ex:coin_28899,ex:person_41,nmo:hasPortrait
ex:coin_28900,ex:person_41,nmo:hasPortrait
ex:coin_28901,ex:person_41,nmo:hasPortrait
ex:coin_28988,ex:person_40,nmo:hasPortrait
ex:coin_28989,ex:person_40,nmo:hasPortrait
ex:coin_28990,ex:person_40,nmo:hasPortrait
ex:coin_28991,ex:person_41,nmo:hasPortrait
ex:coin_29041,ex:person_41,nmo:hasPortrait
ex:coin_29043,ex:person_38,nmo:hasPortrait
ex:coin_29066,ex:person_33,nmo:hasPortrait
ex:coin_29067,ex:person_38,nmo:hasPortrait
ex:coin_29069,ex:person_38,nmo:hasPortrait
ex:coin_29072,ex:person_40,nmo:hasPortrait
ex:coin_29160,ex:person_41,nmo:hasPortrait
ex:coin_29201,ex:person_38,nmo:hasPortrait
ex:coin_29215,ex:person_33,nmo:hasPortrait
ex:coin_29216,ex:person_40,nmo:hasPortrait
ex:coin_29237,ex:person_33,nmo:hasPortrait
ex:coin_29264,ex:person_40,nmo:hasPortrait
ex:coin_29303,ex:person_32,nmo:hasPortrait
ex:coin_29304,ex:person_36,nmo:hasPortrait
ex:coin_29358,ex:person_33,nmo:hasPortrait
ex:coin_29362,ex:person_33,nmo:hasPortrait
ex:coin_29370,ex:person_38,nmo:hasPortrait
ex:coin_29402,ex:person_33,nmo:hasPortrait
ex:coin_29405,ex:person_33,nmo:hasPortrait
ex:coin_29425,ex:person_33,nmo:hasPortrait
ex:coin_29428,ex:person_32,nmo:hasPortrait
ex:coin_29511,ex:person_38,nmo:hasPortrait
ex:coin_29532,ex:person_41,nmo:hasPortrait
ex:coin_29553,ex:person_33,nmo:hasPortrait
ex:coin_29612,ex:person_38,nmo:hasPortrait
ex:coin_29623,ex:person_38,nmo:hasPortrait
ex:coin_29624,ex:person_41,nmo:hasPortrait
ex:coin_29677,ex:person_38,nmo:hasPortrait
ex:coin_29681,ex:person_40,nmo:hasPortrait
ex:coin_29682,ex:person_41,nmo:hasPortrait
ex:coin_29710,ex:person_33,nmo:hasPortrait
ex:coin_29726,ex:person_33,nmo:hasPortrait
ex:coin_29729,ex:person_38,nmo:hasPortrait
ex:coin_29738,ex:person_33,nmo:hasPortrait
ex:coin_29749,ex:person_38,nmo:hasPortrait
ex:coin_29780,ex:person_33,nmo:hasPortrait
ex:coin_29781,ex:person_33,nmo:hasPortrait
ex:coin_29787,ex:person_38,nmo:hasPortrait
ex:coin_29831,ex:person_40,nmo:hasPortrait
ex:coin_29875,ex:person_38,nmo:hasPortrait
ex:coin_29921,ex:person_38,nmo:hasPortrait
ex:coin_29922,ex:person_38,nmo:hasPortrait
ex:coin_29924,ex:person_33,nmo:hasPortrait
ex:coin_29927,ex:person_41,nmo:hasPortrait
ex:coin_29928,ex:person_38,nmo:hasPortrait
ex:coin_29957,ex:person_33,nmo:hasPortrait
ex:coin_29994,ex:person_34,nmo:hasPortrait
ex:coin_29995,ex:person_38,nmo:hasPortrait
ex:coin_29996,ex:person_38,nmo:hasPortrait
ex:coin_29997,ex:person_41,nmo:hasPortrait
ex:coin_30007,ex:person_40,nmo:hasPortrait
ex:coin_30010,ex:person_40,nmo:hasPortrait
ex:coin_30011,ex:person_40,nmo:hasPortrait
ex:coin_30014,ex:person_41,nmo:hasPortrait
ex:coin_30016,ex:person_41,nmo:hasPortrait
ex:coin_30017,ex:person_41,nmo:hasPortrait
ex:coin_30023,ex:person_38,nmo:hasPortrait
ex:coin_30027,ex:person_38,nmo:hasPortrait
ex:coin_30028,ex:person_38,nmo:hasPortrait
ex:coin_30029,ex:person_38,nmo:hasPortrait
ex:coin_30032,ex:person_38,nmo:hasPortrait
ex:coin_30033,ex:person_40,nmo:hasPortrait
ex:coin_30034,ex:person_40,nmo:hasPortrait
ex:coin_30036,ex:person_33,nmo:hasPortrait
ex:coin_30050,ex:person_38,nmo:hasPortrait
ex:coin_30056,ex:person_38,nmo:hasPortrait
ex:coin_30061,ex:person_34,nmo:hasPortrait
ex:coin_30067,ex:person_33,nmo:hasPortrait
ex:coin_30068,ex:person_36,nmo:hasPortrait
ex:coin_30071,ex:person_40,nmo:hasPortrait
ex:coin_30082,ex:person_41,nmo:hasPortrait
ex:coin_30096,ex:person_40,nmo:hasPortrait
ex:coin_30107,ex:person_41,nmo:hasPortrait
ex:coin_30131,ex:person_40,nmo:hasPortrait
ex:coin_30141,ex:person_33,nmo:hasPortrait
ex:coin_30142,ex:person_33,nmo:hasPortrait
ex:coin_30143,ex:person_41,nmo:hasPortrait
ex:coin_30170,ex:person_34,nmo:hasPortrait
ex:coin_30184,ex:person_33,nmo:hasPortrait
ex:coin_30205,ex:person_38,nmo:hasPortrait
ex:coin_30209,ex:person_41,nmo:hasPortrait
ex:coin_30214,ex:person_36,nmo:hasPortrait
ex:coin_30215,ex:person_34,nmo:hasPortrait
ex:coin_30216,ex:person_33,nmo:hasPortrait
ex:coin_30226,ex:person_38,nmo:hasPortrait
ex:coin_30255,ex:person_40,nmo:hasPortrait
ex:coin_30288,ex:person_41,nmo:hasPortrait
ex:coin_30293,ex:person_201,nmo:hasPortrait
ex:coin_30294,ex:person_41,nmo:hasPortrait
ex:coin_30295,ex:person_38,nmo:hasPortrait
ex:coin_30296,ex:person_38,nmo:hasPortrait
ex:coin_30298,ex:person_38,nmo:hasPortrait
ex:coin_30320,ex:person_32,nmo:hasPortrait
ex:coin_30321,ex:person_38,nmo:hasPortrait
ex:coin_30323,ex:person_38,nmo:hasPortrait
ex:coin_30332,ex:person_33,nmo:hasPortrait
ex:coin_30333,ex:person_40,nmo:hasPortrait
ex:coin_30339,ex:person_33,nmo:hasPortrait
ex:coin_30341,ex:person_41,nmo:hasPortrait
ex:coin_30367,ex:person_38,nmo:hasPortrait
ex:coin_30368,ex:person_37,nmo:hasPortrait
ex:coin_30385,ex:person_38,nmo:hasPortrait
ex:coin_30394,ex:person_38,nmo:hasPortrait
ex:coin_30401,ex:person_40,nmo:hasPortrait
ex:coin_30402,ex:person_38,nmo:hasPortrait
ex:coin_30411,ex:person_32,nmo:hasPortrait
ex:coin_30413,ex:person_38,nmo:hasPortrait
ex:coin_30414,ex:person_38,nmo:hasPortrait
ex:coin_30415,ex:person_33,nmo:hasPortrait
ex:coin_30436,ex:person_41,nmo:hasPortrait
ex:coin_30447,ex:person_33,nmo:hasPortrait
ex:coin_30510,ex:person_41,nmo:hasPortrait
ex:coin_30548,ex:person_32,nmo:hasPortrait
ex:coin_30565,ex:person_38,nmo:hasPortrait
ex:coin_30567,ex:person_36,nmo:hasPortrait
ex:coin_30585,ex:person_33,nmo:hasPortrait
ex:coin_30586,ex:person_32,nmo:hasPortrait
ex:coin_30591,ex:person_38,nmo:hasPortrait
ex:coin_30597,ex:person_38,nmo:hasPortrait
ex:coin_30615,ex:person_38,nmo:hasPortrait
ex:coin_30619,ex:person_33,nmo:hasPortrait
ex:coin_30627,ex:person_38,nmo:hasPortrait
ex:coin_30631,ex:person_38,nmo:hasPortrait
ex:coin_30641,ex:person_33,nmo:hasPortrait
ex:coin_30675,ex:person_38,nmo:hasPortrait
ex:coin_30714,ex:person_38,nmo:hasPortrait
ex:coin_30723,ex:person_40,nmo:hasPortrait
ex:coin_30724,ex:person_38,nmo:hasPortrait
ex:coin_30725,ex:person_38,nmo:hasPortrait
ex:coin_30728,ex:person_39,nmo:hasPortrait
ex:coin_30758,ex:person_40,nmo:hasPortrait
ex:coin_30762,ex:person_38,nmo:hasPortrait
ex:coin_30771,ex:person_38,nmo:hasPortrait
ex:coin_30792,ex:person_38,nmo:hasPortrait
ex:coin_30794,ex:person_38,nmo:hasPortrait
ex:coin_30811,ex:person_38,nmo:hasPortrait
ex:coin_30813,ex:person_38,nmo:hasPortrait
ex:coin_30866,ex:person_41,nmo:hasPortrait
ex:coin_30867,ex:person_32,nmo:hasPortrait
ex:coin_30880,ex:person_33,nmo:hasPortrait
ex:coin_30882,ex:person_33,nmo:hasPortrait
ex:coin_30939,ex:person_40,nmo:hasPortrait
ex:coin_30941,ex:person_38,nmo:hasPortrait
ex:coin_30948,ex:person_38,nmo:hasPortrait
ex:coin_30949,ex:person_33,nmo:hasPortrait
ex:coin_30958,ex:person_38,nmo:hasPortrait
ex:coin_30959,ex:person_41,nmo:hasPortrait
ex:coin_30964,ex:person_38,nmo:hasPortrait
ex:coin_30973,ex:person_38,nmo:hasPortrait
ex:coin_30993,ex:person_33,nmo:hasPortrait
ex:coin_30997,ex:person_38,nmo:hasPortrait
ex:coin_31009,ex:person_38,nmo:hasPortrait
ex:coin_31011,ex:person_38,nmo:hasPortrait
ex:coin_31015,ex:person_40,nmo:hasPortrait
ex:coin_31017,ex:person_38,nmo:hasPortrait
ex:coin_31031,ex:person_41,nmo:hasPortrait
ex:coin_31036,ex:person_38,nmo:hasPortrait
ex:coin_31039,ex:person_33,nmo:hasPortrait
ex:coin_31057,ex:person_38,nmo:hasPortrait
ex:coin_31077,ex:person_33,nmo:hasPortrait
ex:coin_31079,ex:person_38,nmo:hasPortrait
ex:coin_31083,ex:person_38,nmo:hasPortrait
ex:coin_31086,ex:person_38,nmo:hasPortrait
ex:coin_31117,ex:person_38,nmo:hasPortrait
ex:coin_31140,ex:person_33,nmo:hasPortrait
ex:coin_31144,ex:person_38,nmo:hasPortrait
ex:coin_31170,ex:person_38,nmo:hasPortrait
ex:coin_31174,ex:person_36,nmo:hasPortrait
ex:coin_31177,ex:person_40,nmo:hasPortrait
ex:coin_31181,ex:person_40,nmo:hasPortrait
ex:coin_31182,ex:person_39,nmo:hasPortrait
ex:coin_31184,ex:person_33,nmo:hasPortrait
ex:coin_31188,ex:person_38,nmo:hasPortrait
ex:coin_31189,ex:person_40,nmo:hasPortrait
ex:coin_31190,ex:person_41,nmo:hasPortrait
ex:coin_31196,ex:person_38,nmo:hasPortrait
ex:coin_31206,ex:person_40,nmo:hasPortrait
ex:coin_31207,ex:person_40,nmo:hasPortrait
ex:coin_31208,ex:person_40,nmo:hasPortrait
ex:coin_31215,ex:person_38,nmo:hasPortrait
ex:coin_31217,ex:person_38,nmo:hasPortrait
ex:coin_31223,ex:person_40,nmo:hasPortrait
ex:coin_31226,ex:person_41,nmo:hasPortrait
ex:coin_31227,ex:person_36,nmo:hasPortrait
ex:coin_31228,ex:person_38,nmo:hasPortrait
ex:coin_31229,ex:person_40,nmo:hasPortrait
ex:coin_31243,ex:person_34,nmo:hasPortrait
ex:coin_31249,ex:person_41,nmo:hasPortrait
ex:coin_31261,ex:person_38,nmo:hasPortrait
ex:coin_31269,ex:person_41,nmo:hasPortrait
ex:coin_31290,ex:person_38,nmo:hasPortrait
ex:coin_31291,ex:person_38,nmo:hasPortrait
ex:coin_31299,ex:person_41,nmo:hasPortrait
ex:coin_31303,ex:person_34,nmo:hasPortrait
ex:coin_31306,ex:person_38,nmo:hasPortrait
ex:coin_31313,ex:person_38,nmo:hasPortrait
ex:coin_31317,ex:person_38,nmo:hasPortrait
ex:coin_31324,ex:person_38,nmo:hasPortrait
ex:coin_31333,ex:person_38,nmo:hasPortrait
ex:coin_31343,ex:person_38,nmo:hasPortrait
ex:coin_31344,ex:person_32,nmo:hasPortrait
ex:coin_31349,ex:person_33,nmo:hasPortrait
ex:coin_31352,ex:person_38,nmo:hasPortrait
ex:coin_31354,ex:person_41,nmo:hasPortrait
ex:coin_31357,ex:person_38,nmo:hasPortrait
ex:coin_31372,ex:person_40,nmo:hasPortrait
ex:coin_31378,ex:person_32,nmo:hasPortrait
ex:coin_31379,ex:person_32,nmo:hasPortrait
ex:coin_31380,ex:person_38,nmo:hasPortrait
ex:coin_31395,ex:person_41,nmo:hasPortrait
ex:coin_31403,ex:person_38,nmo:hasPortrait
ex:coin_31405,ex:person_40,nmo:hasPortrait
ex:coin_31416,ex:person_33,nmo:hasPortrait
ex:coin_31420,ex:person_33,nmo:hasPortrait
ex:coin_31427,ex:person_41,nmo:hasPortrait
ex:coin_31438,ex:person_40,nmo:hasPortrait
ex:coin_31445,ex:person_41,nmo:hasPortrait
ex:coin_31449,ex:person_40,nmo:hasPortrait
ex:coin_31464,ex:person_38,nmo:hasPortrait
ex:coin_31467,ex:person_33,nmo:hasPortrait
ex:coin_31475,ex:person_38,nmo:hasPortrait
ex:coin_31478,ex:person_38,nmo:hasPortrait
ex:coin_31491,ex:person_40,nmo:hasPortrait
ex:coin_31508,ex:person_38,nmo:hasPortrait
ex:coin_31514,ex:person_33,nmo:hasPortrait
ex:coin_31529,ex:person_41,nmo:hasPortrait
ex:coin_31532,ex:person_38,nmo:hasPortrait
ex:coin_31534,ex:person_40,nmo:hasPortrait
ex:coin_31536,ex:person_40,nmo:hasPortrait
ex:coin_31544,ex:person_38,nmo:hasPortrait
ex:coin_31547,ex:person_33,nmo:hasPortrait
ex:coin_31561,ex:person_38,nmo:hasPortrait
ex:coin_31574,ex:person_38,nmo:hasPortrait
ex:coin_31578,ex:person_38,nmo:hasPortrait
ex:coin_31579,ex:person_40,nmo:hasPortrait
ex:coin_31580,ex:person_38,nmo:hasPortrait
ex:coin_31581,ex:person_38,nmo:hasPortrait
ex:coin_31582,ex:person_38,nmo:hasPortrait
ex:coin_31583,ex:person_33,nmo:hasPortrait
ex:coin_31590,ex:person_38,nmo:hasPortrait
ex:coin_31592,ex:person_38,nmo:hasPortrait
ex:coin_31596,ex:person_41,nmo:hasPortrait
ex:coin_31604,ex:person_38,nmo:hasPortrait
ex:coin_31609,ex:person_40,nmo:hasPortrait
ex:coin_31612,ex:person_40,nmo:hasPortrait
ex:coin_31625,ex:person_38,nmo:hasPortrait
ex:coin_31641,ex:person_38,nmo:hasPortrait
ex:coin_31655,ex:person_41,nmo:hasPortrait
ex:coin_31661,ex:person_33,nmo:hasPortrait
ex:coin_31662,ex:person_36,nmo:hasPortrait
ex:coin_31673,ex:person_40,nmo:hasPortrait
ex:coin_31674,ex:person_38,nmo:hasPortrait
ex:coin_31676,ex:person_38,nmo:hasPortrait
ex:coin_31677,ex:person_38,nmo:hasPortrait
ex:coin_31691,ex:person_38,nmo:hasPortrait
ex:coin_31700,ex:person_33,nmo:hasPortrait
ex:coin_31743,ex:person_36,nmo:hasPortrait
ex:coin_31749,ex:person_38,nmo:hasPortrait
ex:coin_31760,ex:person_38,nmo:hasPortrait
ex:coin_31780,ex:person_38,nmo:hasPortrait
ex:coin_31783,ex:person_38,nmo:hasPortrait
ex:coin_31786,ex:person_38,nmo:hasPortrait
ex:coin_31800,ex:person_38,nmo:hasPortrait
ex:coin_31801,ex:person_38,nmo:hasPortrait
ex:coin_31811,ex:person_38,nmo:hasPortrait
ex:coin_31815,ex:person_41,nmo:hasPortrait
ex:coin_31817,ex:person_36,nmo:hasPortrait
ex:coin_31819,ex:person_38,nmo:hasPortrait
ex:coin_31826,ex:person_32,nmo:hasPortrait
ex:coin_31827,ex:person_33,nmo:hasPortrait
ex:coin_31830,ex:person_40,nmo:hasPortrait
ex:coin_31831,ex:person_40,nmo:hasPortrait
ex:coin_31851,ex:person_38,nmo:hasPortrait
ex:coin_31858,ex:person_38,nmo:hasPortrait
ex:coin_31867,ex:person_41,nmo:hasPortrait
ex:coin_31872,ex:person_40,nmo:hasPortrait
ex:coin_31873,ex:person_38,nmo:hasPortrait
ex:coin_31884,ex:person_41,nmo:hasPortrait
ex:coin_31899,ex:person_38,nmo:hasPortrait
ex:coin_31904,ex:person_38,nmo:hasPortrait
ex:coin_31920,ex:person_32,nmo:hasPortrait
ex:coin_31929,ex:person_33,nmo:hasPortrait
ex:coin_31941,ex:person_40,nmo:hasPortrait
ex:coin_31969,ex:person_38,nmo:hasPortrait
ex:coin_31979,ex:person_41,nmo:hasPortrait
ex:coin_31984,ex:person_40,nmo:hasPortrait
ex:coin_31985,ex:person_41,nmo:hasPortrait
ex:coin_31989,ex:person_38,nmo:hasPortrait
ex:coin_31990,ex:person_38,nmo:hasPortrait
ex:coin_31991,ex:person_33,nmo:hasPortrait
ex:coin_31992,ex:person_33,nmo:hasPortrait
ex:coin_31995,ex:person_36,nmo:hasPortrait
ex:coin_32014,ex:person_40,nmo:hasPortrait
ex:coin_32026,ex:person_33,nmo:hasPortrait
ex:coin_32036,ex:person_38,nmo:hasPortrait
ex:coin_32038,ex:person_38,nmo:hasPortrait
ex:coin_32040,ex:person_38,nmo:hasPortrait
ex:coin_32055,ex:person_38,nmo:hasPortrait
ex:coin_32073,ex:person_41,nmo:hasPortrait
ex:coin_32078,ex:person_38,nmo:hasPortrait
ex:coin_32085,ex:person_38,nmo:hasPortrait
ex:coin_32109,ex:person_33,nmo:hasPortrait
ex:coin_32166,ex:person_38,nmo:hasPortrait
ex:coin_32167,ex:person_38,nmo:hasPortrait
ex:coin_32170,ex:person_38,nmo:hasPortrait
ex:coin_32180,ex:person_32,nmo:hasPortrait
ex:coin_32205,ex:person_38,nmo:hasPortrait
ex:coin_32213,ex:person_38,nmo:hasPortrait
ex:coin_32217,ex:person_40,nmo:hasPortrait
ex:coin_32225,ex:person_34,nmo:hasPortrait
ex:coin_32227,ex:person_38,nmo:hasPortrait
ex:coin_32228,ex:person_36,nmo:hasPortrait
ex:coin_32238,ex:person_38,nmo:hasPortrait
ex:coin_32240,ex:person_33,nmo:hasPortrait
ex:coin_32285,ex:person_38,nmo:hasPortrait
ex:coin_32296,ex:person_32,nmo:hasPortrait
ex:coin_32299,ex:person_33,nmo:hasPortrait
ex:coin_32303,ex:person_38,nmo:hasPortrait
ex:coin_32324,ex:person_38,nmo:hasPortrait
ex:coin_32338,ex:person_38,nmo:hasPortrait
ex:coin_32339,ex:person_38,nmo:hasPortrait
ex:coin_32342,ex:person_38,nmo:hasPortrait
ex:coin_32344,ex:person_41,nmo:hasPortrait
ex:coin_32346,ex:person_38,nmo:hasPortrait
ex:coin_32347,ex:person_38,nmo:hasPortrait
ex:coin_32352,ex:person_38,nmo:hasPortrait
ex:coin_32371,ex:person_38,nmo:hasPortrait
ex:coin_32376,ex:person_40,nmo:hasPortrait
ex:coin_32388,ex:person_39,nmo:hasPortrait
ex:coin_32394,ex:person_38,nmo:hasPortrait
ex:coin_32395,ex:person_38,nmo:hasPortrait
ex:coin_32402,ex:person_41,nmo:hasPortrait
ex:coin_32403,ex:person_39,nmo:hasPortrait
ex:coin_32405,ex:person_38,nmo:hasPortrait
ex:coin_32408,ex:person_41,nmo:hasPortrait
ex:coin_32410,ex:person_40,nmo:hasPortrait
ex:coin_32420,ex:person_38,nmo:hasPortrait
ex:coin_32428,ex:person_38,nmo:hasPortrait
ex:coin_32445,ex:person_40,nmo:hasPortrait
ex:coin_32447,ex:person_38,nmo:hasPortrait
ex:coin_32448,ex:person_38,nmo:hasPortrait
ex:coin_32470,ex:person_33,nmo:hasPortrait
ex:coin_32473,ex:person_33,nmo:hasPortrait
ex:coin_32474,ex:person_38,nmo:hasPortrait
ex:coin_32503,ex:person_38,nmo:hasPortrait
ex:coin_32505,ex:person_41,nmo:hasPortrait
ex:coin_32506,ex:person_38,nmo:hasPortrait
ex:coin_32508,ex:person_32,nmo:hasPortrait
ex:coin_32510,ex:person_33,nmo:hasPortrait
ex:coin_32529,ex:person_38,nmo:hasPortrait
ex:coin_32534,ex:person_33,nmo:hasPortrait
ex:coin_32538,ex:person_33,nmo:hasPortrait
ex:coin_32553,ex:person_41,nmo:hasPortrait
ex:coin_32580,ex:person_40,nmo:hasPortrait
ex:coin_32597,ex:person_33,nmo:hasPortrait
ex:coin_32611,ex:person_38,nmo:hasPortrait
ex:coin_32641,ex:person_33,nmo:hasPortrait
ex:coin_32655,ex:person_40,nmo:hasPortrait
ex:coin_32657,ex:person_36,nmo:hasPortrait
ex:coin_32677,ex:person_33,nmo:hasPortrait
ex:coin_32682,ex:person_38,nmo:hasPortrait
ex:coin_32686,ex:person_38,nmo:hasPortrait
ex:coin_32688,ex:person_40,nmo:hasPortrait
ex:coin_32692,ex:person_38,nmo:hasPortrait
ex:coin_32710,ex:person_40,nmo:hasPortrait
ex:coin_32712,ex:person_38,nmo:hasPortrait
ex:coin_32720,ex:person_32,nmo:hasPortrait
ex:coin_32743,ex:person_40,nmo:hasPortrait
ex:coin_32748,ex:person_41,nmo:hasPortrait
ex:coin_32753,ex:person_41,nmo:hasPortrait
ex:coin_32782,ex:person_38,nmo:hasPortrait
ex:coin_32787,ex:person_38,nmo:hasPortrait
ex:coin_32788,ex:person_41,nmo:hasPortrait
ex:coin_32792,ex:person_36,nmo:hasPortrait
ex:coin_32793,ex:person_38,nmo:hasPortrait
ex:coin_32797,ex:person_38,nmo:hasPortrait
ex:coin_32799,ex:person_41,nmo:hasPortrait
ex:coin_32816,ex:person_38,nmo:hasPortrait
ex:coin_32817,ex:person_38,nmo:hasPortrait
ex:coin_32823,ex:person_33,nmo:hasPortrait
ex:coin_32857,ex:person_38,nmo:hasPortrait
ex:coin_32875,ex:person_41,nmo:hasPortrait
ex:coin_32886,ex:person_40,nmo:hasPortrait
ex:coin_32912,ex:person_33,nmo:hasPortrait
ex:coin_32913,ex:person_33,nmo:hasPortrait
ex:coin_32920,ex:person_38,nmo:hasPortrait
ex:coin_32925,ex:person_38,nmo:hasPortrait
ex:coin_32930,ex:person_38,nmo:hasPortrait
ex:coin_32934,ex:person_38,nmo:hasPortrait
ex:coin_32950,ex:person_41,nmo:hasPortrait
ex:coin_32951,ex:person_40,nmo:hasPortrait
ex:coin_32952,ex:person_38,nmo:hasPortrait
ex:coin_32961,ex:person_33,nmo:hasPortrait
ex:coin_32979,ex:person_38,nmo:hasPortrait
ex:coin_33003,ex:person_38,nmo:hasPortrait
ex:coin_33005,ex:person_41,nmo:hasPortrait
ex:coin_33009,ex:person_38,nmo:hasPortrait
ex:coin_33015,ex:person_40,nmo:hasPortrait
ex:coin_33022,ex:person_38,nmo:hasPortrait
ex:coin_33025,ex:person_38,nmo:hasPortrait
ex:coin_33030,ex:person_38,nmo:hasPortrait
ex:coin_33040,ex:person_38,nmo:hasPortrait
ex:coin_33042,ex:person_40,nmo:hasPortrait
ex:coin_33044,ex:person_38,nmo:hasPortrait
ex:coin_33048,ex:person_38,nmo:hasPortrait
ex:coin_33066,ex:person_38,nmo:hasPortrait
ex:coin_33070,ex:person_38,nmo:hasPortrait
ex:coin_33076,ex:person_40,nmo:hasPortrait
ex:coin_33078,ex:person_38,nmo:hasPortrait
ex:coin_33085,ex:person_38,nmo:hasPortrait
ex:coin_33086,ex:person_38,nmo:hasPortrait
ex:coin_33110,ex:person_38,nmo:hasPortrait
ex:coin_33119,ex:person_40,nmo:hasPortrait
ex:coin_33157,ex:person_40,nmo:hasPortrait
ex:coin_33197,ex:person_33,nmo:hasPortrait
ex:coin_33222,ex:person_33,nmo:hasPortrait
ex:coin_33230,ex:person_36,nmo:hasPortrait
ex:coin_33231,ex:person_41,nmo:hasPortrait
ex:coin_33236,ex:person_38,nmo:hasPortrait
ex:coin_33244,ex:person_38,nmo:hasPortrait
ex:coin_33247,ex:person_38,nmo:hasPortrait
ex:coin_33250,ex:person_36,nmo:hasPortrait
ex:coin_33252,ex:person_41,nmo:hasPortrait
ex:coin_33257,ex:person_33,nmo:hasPortrait
ex:coin_33259,ex:person_41,nmo:hasPortrait
ex:coin_33302,ex:person_38,nmo:hasPortrait
ex:coin_33336,ex:person_38,nmo:hasPortrait
ex:coin_33356,ex:person_38,nmo:hasPortrait
ex:coin_33365,ex:person_32,nmo:hasPortrait
ex:coin_33384,ex:person_38,nmo:hasPortrait
ex:coin_33386,ex:person_41,nmo:hasPortrait
ex:coin_33391,ex:person_38,nmo:hasPortrait
ex:coin_33395,ex:person_38,nmo:hasPortrait
ex:coin_33396,ex:person_38,nmo:hasPortrait
ex:coin_33401,ex:person_38,nmo:hasPortrait
ex:coin_33405,ex:person_34,nmo:hasPortrait
ex:coin_33410,ex:person_36,nmo:hasPortrait
ex:coin_33424,ex:person_38,nmo:hasPortrait
ex:coin_33425,ex:person_33,nmo:hasPortrait
ex:coin_33426,ex:person_38,nmo:hasPortrait
ex:coin_33427,ex:person_38,nmo:hasPortrait
ex:coin_33428,ex:person_38,nmo:hasPortrait
ex:coin_33433,ex:person_38,nmo:hasPortrait
ex:coin_33438,ex:person_40,nmo:hasPortrait
ex:coin_33453,ex:person_38,nmo:hasPortrait
ex:coin_33456,ex:person_41,nmo:hasPortrait
ex:coin_33459,ex:person_32,nmo:hasPortrait
ex:coin_33460,ex:person_41,nmo:hasPortrait
ex:coin_33477,ex:person_38,nmo:hasPortrait
ex:coin_33501,ex:person_38,nmo:hasPortrait
ex:coin_33506,ex:person_38,nmo:hasPortrait
ex:coin_33514,ex:person_41,nmo:hasPortrait
ex:coin_33517,ex:person_40,nmo:hasPortrait
ex:coin_33544,ex:person_38,nmo:hasPortrait
ex:coin_33548,ex:person_38,nmo:hasPortrait
ex:coin_33551,ex:person_40,nmo:hasPortrait
ex:coin_33579,ex:person_41,nmo:hasPortrait
ex:coin_33581,ex:person_33,nmo:hasPortrait
ex:coin_33584,ex:person_38,nmo:hasPortrait
ex:coin_33590,ex:person_38,nmo:hasPortrait
ex:coin_33604,ex:person_40,nmo:hasPortrait
ex:coin_33609,ex:person_33,nmo:hasPortrait
ex:coin_33615,ex:person_33,nmo:hasPortrait
ex:coin_33637,ex:person_33,nmo:hasPortrait
ex:coin_33684,ex:person_38,nmo:hasPortrait
ex:coin_33699,ex:person_32,nmo:hasPortrait
ex:coin_33714,ex:person_33,nmo:hasPortrait
ex:coin_33731,ex:person_33,nmo:hasPortrait
ex:coin_33734,ex:person_33,nmo:hasPortrait
ex:coin_33742,ex:person_33,nmo:hasPortrait
ex:coin_33745,ex:person_38,nmo:hasPortrait
ex:coin_33757,ex:person_33,nmo:hasPortrait
ex:coin_33758,ex:person_41,nmo:hasPortrait
ex:coin_33760,ex:person_38,nmo:hasPortrait
ex:coin_33761,ex:person_38,nmo:hasPortrait
ex:coin_33767,ex:person_33,nmo:hasPortrait
ex:coin_33796,ex:person_41,nmo:hasPortrait
ex:coin_33797,ex:person_32,nmo:hasPortrait
ex:coin_33798,ex:person_41,nmo:hasPortrait
ex:coin_33814,ex:person_33,nmo:hasPortrait
ex:coin_33829,ex:person_40,nmo:hasPortrait
ex:coin_33834,ex:person_36,nmo:hasPortrait
ex:coin_33836,ex:person_37,nmo:hasPortrait
ex:coin_33849,ex:person_33,nmo:hasPortrait
ex:coin_33853,ex:person_38,nmo:hasPortrait
ex:coin_33869,ex:person_33,nmo:hasPortrait
ex:coin_33875,ex:person_40,nmo:hasPortrait
ex:coin_33941,ex:person_38,nmo:hasPortrait
ex:coin_34009,ex:person_36,nmo:hasPortrait
ex:coin_34142,ex:person_32,nmo:hasPortrait
ex:coin_34216,ex:person_33,nmo:hasPortrait
ex:coin_34299,ex:person_38,nmo:hasPortrait
ex:coin_34367,ex:person_34,nmo:hasPortrait
ex:coin_34368,ex:person_38,nmo:hasPortrait
ex:coin_34385,ex:person_40,nmo:hasPortrait
ex:coin_34387,ex:person_40,nmo:hasPortrait
ex:coin_34388,ex:person_41,nmo:hasPortrait
ex:coin_34390,ex:person_41,nmo:hasPortrait
ex:coin_34391,ex:person_41,nmo:hasPortrait
ex:coin_34392,ex:person_41,nmo:hasPortrait
ex:coin_34393,ex:person_41,nmo:hasPortrait
ex:coin_34395,ex:person_41,nmo:hasPortrait
ex:coin_34409,ex:person_38,nmo:hasPortrait
ex:coin_34412,ex:person_40,nmo:hasPortrait
ex:coin_34437,ex:person_40,nmo:hasPortrait
ex:coin_34588,ex:person_41,nmo:hasPortrait
ex:coin_34696,ex:person_41,nmo:hasPortrait
ex:coin_34722,ex:person_38,nmo:hasPortrait
ex:coin_34724,ex:person_38,nmo:hasPortrait
ex:coin_34728,ex:person_38,nmo:hasPortrait
ex:coin_34730,ex:person_38,nmo:hasPortrait
ex:coin_34732,ex:person_40,nmo:hasPortrait
ex:coin_34733,ex:person_41,nmo:hasPortrait
ex:coin_34774,ex:person_38,nmo:hasPortrait
ex:coin_34795,ex:person_40,nmo:hasPortrait
ex:coin_34808,ex:person_38,nmo:hasPortrait
ex:coin_34809,ex:person_33,nmo:hasPortrait
ex:coin_34821,ex:person_38,nmo:hasPortrait
ex:coin_34823,ex:person_38,nmo:hasPortrait
ex:coin_34829,ex:person_34,nmo:hasPortrait
ex:coin_34849,ex:person_32,nmo:hasPortrait
ex:coin_34850,ex:person_40,nmo:hasPortrait
ex:coin_34857,ex:person_38,nmo:hasPortrait
ex:coin_34860,ex:person_40,nmo:hasPortrait
ex:coin_34862,ex:person_41,nmo:hasPortrait
ex:coin_34863,ex:person_38,nmo:hasPortrait
ex:coin_34866,ex:person_38,nmo:hasPortrait
ex:coin_34869,ex:person_36,nmo:hasPortrait
ex:coin_34871,ex:person_38,nmo:hasPortrait
ex:coin_34875,ex:person_38,nmo:hasPortrait
ex:coin_34879,ex:person_38,nmo:hasPortrait
ex:coin_34885,ex:person_38,nmo:hasPortrait
ex:coin_34888,ex:person_38,nmo:hasPortrait
ex:coin_34889,ex:person_41,nmo:hasPortrait
ex:coin_34894,ex:person_38,nmo:hasPortrait
ex:coin_34900,ex:person_38,nmo:hasPortrait
ex:coin_34901,ex:person_38,nmo:hasPortrait
ex:coin_34907,ex:person_41,nmo:hasPortrait
ex:coin_34913,ex:person_38,nmo:hasPortrait
ex:coin_34914,ex:person_41,nmo:hasPortrait
ex:coin_34915,ex:person_38,nmo:hasPortrait
ex:coin_34920,ex:person_41,nmo:hasPortrait
ex:coin_34922,ex:person_40,nmo:hasPortrait
ex:coin_34926,ex:person_38,nmo:hasPortrait
ex:coin_34928,ex:person_38,nmo:hasPortrait
ex:coin_34939,ex:person_40,nmo:hasPortrait
ex:coin_34942,ex:person_41,nmo:hasPortrait
ex:coin_34955,ex:person_40,nmo:hasPortrait
ex:coin_34964,ex:person_41,nmo:hasPortrait
ex:coin_34965,ex:person_40,nmo:hasPortrait
ex:coin_34967,ex:person_41,nmo:hasPortrait
ex:coin_34969,ex:person_38,nmo:hasPortrait
ex:coin_34971,ex:person_40,nmo:hasPortrait
ex:coin_34973,ex:person_40,nmo:hasPortrait
ex:coin_34975,ex:person_40,nmo:hasPortrait
ex:coin_34983,ex:person_38,nmo:hasPortrait
ex:coin_35047,ex:person_40,nmo:hasPortrait
ex:coin_35048,ex:person_38,nmo:hasPortrait
ex:coin_35075,ex:person_41,nmo:hasPortrait
ex:coin_35086,ex:person_38,nmo:hasPortrait
ex:coin_35163,ex:person_41,nmo:hasPortrait
ex:coin_35170,ex:person_41,nmo:hasPortrait
ex:coin_35180,ex:person_41,nmo:hasPortrait
ex:coin_35232,ex:person_38,nmo:hasPortrait
ex:coin_35248,ex:person_38,nmo:hasPortrait
ex:coin_35267,ex:person_38,nmo:hasPortrait
ex:coin_36353,ex:person_40,nmo:hasPortrait
ex:coin_36354,ex:person_40,nmo:hasPortrait
ex:coin_36359,ex:person_41,nmo:hasPortrait
ex:coin_36360,ex:person_40,nmo:hasPortrait
ex:coin_36362,ex:person_38,nmo:hasPortrait
ex:coin_36377,ex:person_41,nmo:hasPortrait
ex:coin_36385,ex:person_40,nmo:hasPortrait
ex:coin_36440,ex:person_38,nmo:hasPortrait
ex:coin_36442,ex:person_33,nmo:hasPortrait
ex:coin_36530,ex:person_38,nmo:hasPortrait
ex:coin_36626,ex:person_38,nmo:hasPortrait
ex:coin_36798,ex:person_38,nmo:hasPortrait
ex:coin_36816,ex:person_41,nmo:hasPortrait
ex:coin_36825,ex:person_33,nmo:hasPortrait
ex:coin_36836,ex:person_38,nmo:hasPortrait
ex:coin_36838,ex:person_38,nmo:hasPortrait
ex:coin_36841,ex:person_41,nmo:hasPortrait
ex:coin_36844,ex:person_41,nmo:hasPortrait
ex:coin_36850,ex:person_41,nmo:hasPortrait
ex:coin_36853,ex:person_41,nmo:hasPortrait
ex:coin_36861,ex:person_38,nmo:hasPortrait
ex:coin_36862,ex:person_38,nmo:hasPortrait
ex:coin_36867,ex:person_41,nmo:hasPortrait
ex:coin_36872,ex:person_38,nmo:hasPortrait
ex:coin_36874,ex:person_38,nmo:hasPortrait
ex:coin_36876,ex:person_41,nmo:hasPortrait
ex:coin_36878,ex:person_38,nmo:hasPortrait
ex:coin_36882,ex:person_38,nmo:hasPortrait
ex:coin_36883,ex:person_41,nmo:hasPortrait
ex:coin_36888,ex:person_38,nmo:hasPortrait
ex:coin_36892,ex:person_38,nmo:hasPortrait
ex:coin_36899,ex:person_38,nmo:hasPortrait
ex:coin_36904,ex:person_41,nmo:hasPortrait
ex:coin_36905,ex:person_33,nmo:hasPortrait
ex:coin_36907,ex:person_38,nmo:hasPortrait
ex:coin_36912,ex:person_38,nmo:hasPortrait
ex:coin_36913,ex:person_38,nmo:hasPortrait
ex:coin_36914,ex:person_38,nmo:hasPortrait
ex:coin_36915,ex:person_41,nmo:hasPortrait
ex:coin_36916,ex:person_40,nmo:hasPortrait
ex:coin_36917,ex:person_38,nmo:hasPortrait
ex:coin_36919,ex:person_41,nmo:hasPortrait
ex:coin_36920,ex:person_41,nmo:hasPortrait
ex:coin_36927,ex:person_40,nmo:hasPortrait
ex:coin_36928,ex:person_38,nmo:hasPortrait
ex:coin_36932,ex:person_38,nmo:hasPortrait
ex:coin_36934,ex:person_40,nmo:hasPortrait
ex:coin_36941,ex:person_36,nmo:hasPortrait
ex:coin_36942,ex:person_38,nmo:hasPortrait
ex:coin_36950,ex:person_41,nmo:hasPortrait
ex:coin_36953,ex:person_41,nmo:hasPortrait
ex:coin_36954,ex:person_38,nmo:hasPortrait
ex:coin_36961,ex:person_38,nmo:hasPortrait
ex:coin_36962,ex:person_41,nmo:hasPortrait
ex:coin_36965,ex:person_41,nmo:hasPortrait
ex:coin_37261,ex:person_201,nmo:hasPortrait
ex:coin_37289,ex:person_41,nmo:hasPortrait
ex:coin_37290,ex:person_40,nmo:hasPortrait
ex:coin_37291,ex:person_41,nmo:hasPortrait
ex:coin_37292,ex:person_33,nmo:hasPortrait
ex:coin_37293,ex:person_33,nmo:hasPortrait
ex:coin_37294,ex:person_41,nmo:hasPortrait
ex:coin_37295,ex:person_33,nmo:hasPortrait
ex:coin_37297,ex:person_41,nmo:hasPortrait
ex:coin_37298,ex:person_33,nmo:hasPortrait
ex:coin_37299,ex:person_33,nmo:hasPortrait
ex:coin_37300,ex:person_40,nmo:hasPortrait
ex:coin_37301,ex:person_41,nmo:hasPortrait
ex:coin_37302,ex:person_33,nmo:hasPortrait
ex:coin_37303,ex:person_33,nmo:hasPortrait
ex:coin_37304,ex:person_33,nmo:hasPortrait
ex:coin_37305,ex:person_40,nmo:hasPortrait
ex:coin_37306,ex:person_40,nmo:hasPortrait
ex:coin_37307,ex:person_33,nmo:hasPortrait
ex:coin_37308,ex:person_41,nmo:hasPortrait
ex:coin_37309,ex:person_33,nmo:hasPortrait
ex:coin_37311,ex:person_40,nmo:hasPortrait
ex:coin_37312,ex:person_33,nmo:hasPortrait
ex:coin_37313,ex:person_40,nmo:hasPortrait
ex:coin_37314,ex:person_40,nmo:hasPortrait
ex:coin_37316,ex:person_33,nmo:hasPortrait
ex:coin_37317,ex:person_41,nmo:hasPortrait
ex:coin_37318,ex:person_40,nmo:hasPortrait
ex:coin_37319,ex:person_33,nmo:hasPortrait
ex:coin_37320,ex:person_36,nmo:hasPortrait
ex:coin_37321,ex:person_40,nmo:hasPortrait
ex:coin_37323,ex:person_41,nmo:hasPortrait
ex:coin_37324,ex:person_41,nmo:hasPortrait
ex:coin_37326,ex:person_41,nmo:hasPortrait
ex:coin_37327,ex:person_41,nmo:hasPortrait
ex:coin_37328,ex:person_41,nmo:hasPortrait
ex:coin_37329,ex:person_40,nmo:hasPortrait
ex:coin_37330,ex:person_33,nmo:hasPortrait
ex:coin_37332,ex:person_41,nmo:hasPortrait
ex:coin_37333,ex:person_41,nmo:hasPortrait
ex:coin_37334,ex:person_40,nmo:hasPortrait
ex:coin_37337,ex:person_41,nmo:hasPortrait
ex:coin_37339,ex:person_41,nmo:hasPortrait
ex:coin_37340,ex:person_41,nmo:hasPortrait
ex:coin_37342,ex:person_41,nmo:hasPortrait
ex:coin_37343,ex:person_33,nmo:hasPortrait
ex:coin_37344,ex:person_33,nmo:hasPortrait
ex:coin_37346,ex:person_40,nmo:hasPortrait
ex:coin_37347,ex:person_41,nmo:hasPortrait
ex:coin_37349,ex:person_41,nmo:hasPortrait
ex:coin_37350,ex:person_33,nmo:hasPortrait
ex:coin_37351,ex:person_41,nmo:hasPortrait
ex:coin_37352,ex:person_33,nmo:hasPortrait
ex:coin_37354,ex:person_40,nmo:hasPortrait
ex:coin_37355,ex:person_41,nmo:hasPortrait
ex:coin_37356,ex:person_40,nmo:hasPortrait
ex:coin_37357,ex:person_33,nmo:hasPortrait
ex:coin_37358,ex:person_33,nmo:hasPortrait
ex:coin_37359,ex:person_39,nmo:hasPortrait
ex:coin_37361,ex:person_40,nmo:hasPortrait
ex:coin_37362,ex:person_41,nmo:hasPortrait
ex:coin_37363,ex:person_41,nmo:hasPortrait
ex:coin_37364,ex:person_40,nmo:hasPortrait
ex:coin_37365,ex:person_40,nmo:hasPortrait
ex:coin_37366,ex:person_33,nmo:hasPortrait
ex:coin_37367,ex:person_41,nmo:hasPortrait
ex:coin_37368,ex:person_33,nmo:hasPortrait
ex:coin_37369,ex:person_41,nmo:hasPortrait
ex:coin_37370,ex:person_40,nmo:hasPortrait
ex:coin_37371,ex:person_33,nmo:hasPortrait
ex:coin_37372,ex:person_41,nmo:hasPortrait
ex:coin_37373,ex:person_33,nmo:hasPortrait
ex:coin_37374,ex:person_41,nmo:hasPortrait
ex:coin_37375,ex:person_41,nmo:hasPortrait
ex:coin_37376,ex:person_41,nmo:hasPortrait
ex:coin_37377,ex:person_33,nmo:hasPortrait
ex:coin_37378,ex:person_33,nmo:hasPortrait
ex:coin_37380,ex:person_40,nmo:hasPortrait
ex:coin_37382,ex:person_33,nmo:hasPortrait
ex:coin_37385,ex:person_40,nmo:hasPortrait
ex:coin_37386,ex:person_40,nmo:hasPortrait
ex:coin_37387,ex:person_33,nmo:hasPortrait
ex:coin_37388,ex:person_40,nmo:hasPortrait
ex:coin_37391,ex:person_40,nmo:hasPortrait
ex:coin_37392,ex:person_33,nmo:hasPortrait
ex:coin_37393,ex:person_40,nmo:hasPortrait
ex:coin_37394,ex:person_33,nmo:hasPortrait
ex:coin_37395,ex:person_40,nmo:hasPortrait
ex:coin_37396,ex:person_40,nmo:hasPortrait
ex:coin_37397,ex:person_40,nmo:hasPortrait
ex:coin_37398,ex:person_41,nmo:hasPortrait
ex:coin_37400,ex:person_33,nmo:hasPortrait
ex:coin_37401,ex:person_33,nmo:hasPortrait
ex:coin_37402,ex:person_40,nmo:hasPortrait
ex:coin_37403,ex:person_33,nmo:hasPortrait
ex:coin_37404,ex:person_40,nmo:hasPortrait
ex:coin_37406,ex:person_33,nmo:hasPortrait
ex:coin_37407,ex:person_33,nmo:hasPortrait
ex:coin_37408,ex:person_33,nmo:hasPortrait
ex:coin_37409,ex:person_33,nmo:hasPortrait
ex:coin_37410,ex:person_33,nmo:hasPortrait
ex:coin_37411,ex:person_40,nmo:hasPortrait
ex:coin_37412,ex:person_36,nmo:hasPortrait
ex:coin_37414,ex:person_33,nmo:hasPortrait
ex:coin_37415,ex:person_41,nmo:hasPortrait
ex:coin_37416,ex:person_33,nmo:hasPortrait
ex:coin_37417,ex:person_41,nmo:hasPortrait
ex:coin_37418,ex:person_36,nmo:hasPortrait
ex:coin_37419,ex:person_40,nmo:hasPortrait
ex:coin_37421,ex:person_40,nmo:hasPortrait
ex:coin_37423,ex:person_41,nmo:hasPortrait
ex:coin_37424,ex:person_41,nmo:hasPortrait
ex:coin_37425,ex:person_40,nmo:hasPortrait
ex:coin_37426,ex:person_41,nmo:hasPortrait
ex:coin_37427,ex:person_33,nmo:hasPortrait
ex:coin_37428,ex:person_41,nmo:hasPortrait
ex:coin_37430,ex:person_33,nmo:hasPortrait
ex:coin_37431,ex:person_40,nmo:hasPortrait
ex:coin_37432,ex:person_40,nmo:hasPortrait
ex:coin_37433,ex:person_33,nmo:hasPortrait
ex:coin_37434,ex:person_41,nmo:hasPortrait
ex:coin_37437,ex:person_40,nmo:hasPortrait
ex:coin_37438,ex:person_33,nmo:hasPortrait
ex:coin_37441,ex:person_33,nmo:hasPortrait
ex:coin_37442,ex:person_40,nmo:hasPortrait
ex:coin_37443,ex:person_33,nmo:hasPortrait
ex:coin_37444,ex:person_33,nmo:hasPortrait
ex:coin_37445,ex:person_33,nmo:hasPortrait
ex:coin_37446,ex:person_33,nmo:hasPortrait
ex:coin_37450,ex:person_159,nmo:hasPortrait
ex:coin_37461,ex:person_32,nmo:hasPortrait
ex:coin_37462,ex:person_159,nmo:hasPortrait
ex:coin_37463,ex:person_33,nmo:hasPortrait
ex:coin_37468,ex:person_33,nmo:hasPortrait
ex:coin_37469,ex:person_40,nmo:hasPortrait
ex:coin_37470,ex:person_40,nmo:hasPortrait
ex:coin_37471,ex:person_41,nmo:hasPortrait
ex:coin_37472,ex:person_33,nmo:hasPortrait
ex:coin_37473,ex:person_40,nmo:hasPortrait
ex:coin_37474,ex:person_41,nmo:hasPortrait
ex:coin_37475,ex:person_40,nmo:hasPortrait
ex:coin_37476,ex:person_40,nmo:hasPortrait
ex:coin_37477,ex:person_40,nmo:hasPortrait
ex:coin_37478,ex:person_40,nmo:hasPortrait
ex:coin_37479,ex:person_33,nmo:hasPortrait
ex:coin_37480,ex:person_33,nmo:hasPortrait
ex:coin_37481,ex:person_33,nmo:hasPortrait
ex:coin_37482,ex:person_33,nmo:hasPortrait
ex:coin_37483,ex:person_40,nmo:hasPortrait
ex:coin_37484,ex:person_40,nmo:hasPortrait
ex:coin_37485,ex:person_41,nmo:hasPortrait
ex:coin_37487,ex:person_40,nmo:hasPortrait
ex:coin_37488,ex:person_40,nmo:hasPortrait
ex:coin_37489,ex:person_33,nmo:hasPortrait
ex:coin_37491,ex:person_33,nmo:hasPortrait
ex:coin_37492,ex:person_41,nmo:hasPortrait
ex:coin_37493,ex:person_41,nmo:hasPortrait
ex:coin_37494,ex:person_41,nmo:hasPortrait
ex:coin_37495,ex:person_41,nmo:hasPortrait
ex:coin_37496,ex:person_33,nmo:hasPortrait
ex:coin_37499,ex:person_32,nmo:hasPortrait
ex:coin_37500,ex:person_41,nmo:hasPortrait
ex:coin_37501,ex:person_40,nmo:hasPortrait
ex:coin_37502,ex:person_41,nmo:hasPortrait
ex:coin_37503,ex:person_40,nmo:hasPortrait
ex:coin_37505,ex:person_33,nmo:hasPortrait
ex:coin_37506,ex:person_33,nmo:hasPortrait
ex:coin_37508,ex:person_40,nmo:hasPortrait
ex:coin_37509,ex:person_36,nmo:hasPortrait
ex:coin_37510,ex:person_36,nmo:hasPortrait
ex:coin_37517,ex:person_32,nmo:hasPortrait
ex:coin_37518,ex:person_40,nmo:hasPortrait
ex:coin_37519,ex:person_40,nmo:hasPortrait
ex:coin_37521,ex:person_33,nmo:hasPortrait
ex:coin_37522,ex:person_36,nmo:hasPortrait
ex:coin_37525,ex:person_40,nmo:hasPortrait
ex:coin_37529,ex:person_32,nmo:hasPortrait
ex:coin_37531,ex:person_32,nmo:hasPortrait
ex:coin_37533,ex:person_33,nmo:hasPortrait
ex:coin_37534,ex:person_33,nmo:hasPortrait
ex:coin_37537,ex:person_33,nmo:hasPortrait
ex:coin_37539,ex:person_33,nmo:hasPortrait
ex:coin_37540,ex:person_41,nmo:hasPortrait
ex:coin_37541,ex:person_41,nmo:hasPortrait
ex:coin_37542,ex:person_36,nmo:hasPortrait
ex:coin_37546,ex:person_41,nmo:hasPortrait
ex:coin_37550,ex:person_32,nmo:hasPortrait
ex:coin_37551,ex:person_33,nmo:hasPortrait
ex:coin_37556,ex:person_41,nmo:hasPortrait
ex:coin_37557,ex:person_40,nmo:hasPortrait
ex:coin_37558,ex:person_33,nmo:hasPortrait
ex:coin_37560,ex:person_40,nmo:hasPortrait
ex:coin_37564,ex:person_40,nmo:hasPortrait
ex:coin_37565,ex:person_40,nmo:hasPortrait
ex:coin_37567,ex:person_40,nmo:hasPortrait
ex:coin_37568,ex:person_33,nmo:hasPortrait
ex:coin_37569,ex:person_33,nmo:hasPortrait
ex:coin_37571,ex:person_39,nmo:hasPortrait
ex:coin_37573,ex:person_33,nmo:hasPortrait
ex:coin_37574,ex:person_33,nmo:hasPortrait
ex:coin_37579,ex:person_36,nmo:hasPortrait
ex:coin_37580,ex:person_41,nmo:hasPortrait
ex:coin_37582,ex:person_33,nmo:hasPortrait
ex:coin_37583,ex:person_41,nmo:hasPortrait
ex:coin_37586,ex:person_33,nmo:hasPortrait
ex:coin_37587,ex:person_38,nmo:hasPortrait
ex:coin_37588,ex:person_32,nmo:hasPortrait
ex:coin_37590,ex:person_33,nmo:hasPortrait
ex:coin_37591,ex:person_33,nmo:hasPortrait
ex:coin_37593,ex:person_32,nmo:hasPortrait
ex:coin_37596,ex:person_33,nmo:hasPortrait
ex:coin_37600,ex:person_32,nmo:hasPortrait
ex:coin_37604,ex:person_33,nmo:hasPortrait
ex:coin_37605,ex:person_33,nmo:hasPortrait
ex:coin_37606,ex:person_40,nmo:hasPortrait
ex:coin_37607,ex:person_40,nmo:hasPortrait
ex:coin_37608,ex:person_33,nmo:hasPortrait
ex:coin_37612,ex:person_40,nmo:hasPortrait
ex:coin_37616,ex:person_33,nmo:hasPortrait
ex:coin_37618,ex:person_33,nmo:hasPortrait
ex:coin_37621,ex:person_33,nmo:hasPortrait
ex:coin_37622,ex:person_36,nmo:hasPortrait
ex:coin_37624,ex:person_32,nmo:hasPortrait
ex:coin_37627,ex:person_40,nmo:hasPortrait
ex:coin_37628,ex:person_32,nmo:hasPortrait
ex:coin_37630,ex:person_40,nmo:hasPortrait
ex:coin_37631,ex:person_33,nmo:hasPortrait
ex:coin_37633,ex:person_32,nmo:hasPortrait
ex:coin_37636,ex:person_40,nmo:hasPortrait
ex:coin_37637,ex:person_41,nmo:hasPortrait
ex:coin_37639,ex:person_40,nmo:hasPortrait
ex:coin_37640,ex:person_40,nmo:hasPortrait
ex:coin_37641,ex:person_33,nmo:hasPortrait
ex:coin_37642,ex:person_33,nmo:hasPortrait
ex:coin_37643,ex:person_41,nmo:hasPortrait
ex:coin_37644,ex:person_32,nmo:hasPortrait
ex:coin_37645,ex:person_40,nmo:hasPortrait
ex:coin_37647,ex:person_40,nmo:hasPortrait
ex:coin_37649,ex:person_40,nmo:hasPortrait
ex:coin_37652,ex:person_32,nmo:hasPortrait
ex:coin_37655,ex:person_33,nmo:hasPortrait
ex:coin_37659,ex:person_40,nmo:hasPortrait
ex:coin_37661,ex:person_41,nmo:hasPortrait
ex:coin_37662,ex:person_33,nmo:hasPortrait
ex:coin_37663,ex:person_41,nmo:hasPortrait
ex:coin_37664,ex:person_32,nmo:hasPortrait
ex:coin_37665,ex:person_38,nmo:hasPortrait
ex:coin_37667,ex:person_33,nmo:hasPortrait
ex:coin_37668,ex:person_32,nmo:hasPortrait
ex:coin_37669,ex:person_41,nmo:hasPortrait
ex:coin_37670,ex:person_40,nmo:hasPortrait
ex:coin_37671,ex:person_41,nmo:hasPortrait
ex:coin_37673,ex:person_33,nmo:hasPortrait
ex:coin_37675,ex:person_33,nmo:hasPortrait
ex:coin_37678,ex:person_32,nmo:hasPortrait
ex:coin_37680,ex:person_33,nmo:hasPortrait
ex:coin_37681,ex:person_40,nmo:hasPortrait
ex:coin_37682,ex:person_33,nmo:hasPortrait
ex:coin_37686,ex:person_33,nmo:hasPortrait
ex:coin_37688,ex:person_40,nmo:hasPortrait
ex:coin_37691,ex:person_41,nmo:hasPortrait
ex:coin_37692,ex:person_33,nmo:hasPortrait
ex:coin_37693,ex:person_33,nmo:hasPortrait
ex:coin_37697,ex:person_33,nmo:hasPortrait
ex:coin_37701,ex:person_32,nmo:hasPortrait
ex:coin_37710,ex:person_41,nmo:hasPortrait
ex:coin_37713,ex:person_32,nmo:hasPortrait
ex:coin_37721,ex:person_32,nmo:hasPortrait
ex:coin_37722,ex:person_41,nmo:hasPortrait
ex:coin_37723,ex:person_33,nmo:hasPortrait
ex:coin_37726,ex:person_41,nmo:hasPortrait
ex:coin_37731,ex:person_32,nmo:hasPortrait
ex:coin_37734,ex:person_33,nmo:hasPortrait
ex:coin_37736,ex:person_38,nmo:hasPortrait
ex:coin_37740,ex:person_32,nmo:hasPortrait
ex:coin_37742,ex:person_33,nmo:hasPortrait
ex:coin_37744,ex:person_159,nmo:hasPortrait
ex:coin_37745,ex:person_33,nmo:hasPortrait
ex:coin_37746,ex:person_33,nmo:hasPortrait
ex:coin_37751,ex:person_33,nmo:hasPortrait
ex:coin_37754,ex:person_32,nmo:hasPortrait
ex:coin_37755,ex:person_32,nmo:hasPortrait
ex:coin_37756,ex:person_41,nmo:hasPortrait
ex:coin_37757,ex:person_33,nmo:hasPortrait
ex:coin_37764,ex:person_32,nmo:hasPortrait
ex:coin_37765,ex:person_41,nmo:hasPortrait
ex:coin_37767,ex:person_33,nmo:hasPortrait
ex:coin_37772,ex:person_33,nmo:hasPortrait
ex:coin_37773,ex:person_201,nmo:hasPortrait
ex:coin_37777,ex:person_41,nmo:hasPortrait
ex:coin_37778,ex:person_32,nmo:hasPortrait
ex:coin_37782,ex:person_32,nmo:hasPortrait
ex:coin_37783,ex:person_32,nmo:hasPortrait
ex:coin_37784,ex:person_33,nmo:hasPortrait
ex:coin_37785,ex:person_33,nmo:hasPortrait
ex:coin_37787,ex:person_32,nmo:hasPortrait
ex:coin_37789,ex:person_33,nmo:hasPortrait
ex:coin_37791,ex:person_33,nmo:hasPortrait
ex:coin_37793,ex:person_41,nmo:hasPortrait
ex:coin_37794,ex:person_41,nmo:hasPortrait
ex:coin_37796,ex:person_33,nmo:hasPortrait
ex:coin_37797,ex:person_40,nmo:hasPortrait
ex:coin_37798,ex:person_33,nmo:hasPortrait
ex:coin_37800,ex:person_40,nmo:hasPortrait
ex:coin_37803,ex:person_41,nmo:hasPortrait
ex:coin_37804,ex:person_41,nmo:hasPortrait
ex:coin_37805,ex:person_40,nmo:hasPortrait
ex:coin_37806,ex:person_41,nmo:hasPortrait
ex:coin_37807,ex:person_32,nmo:hasPortrait
ex:coin_37809,ex:person_33,nmo:hasPortrait
ex:coin_37812,ex:person_33,nmo:hasPortrait
ex:coin_37813,ex:person_33,nmo:hasPortrait
ex:coin_37814,ex:person_40,nmo:hasPortrait
ex:coin_37817,ex:person_33,nmo:hasPortrait
ex:coin_37819,ex:person_33,nmo:hasPortrait
ex:coin_37822,ex:person_33,nmo:hasPortrait
ex:coin_37823,ex:person_41,nmo:hasPortrait
ex:coin_37824,ex:person_33,nmo:hasPortrait
ex:coin_37826,ex:person_33,nmo:hasPortrait
ex:coin_37829,ex:person_33,nmo:hasPortrait
ex:coin_37830,ex:person_33,nmo:hasPortrait
ex:coin_37831,ex:person_33,nmo:hasPortrait
ex:coin_37832,ex:person_40,nmo:hasPortrait
ex:coin_37833,ex:person_33,nmo:hasPortrait
ex:coin_37834,ex:person_40,nmo:hasPortrait
ex:coin_37836,ex:person_40,nmo:hasPortrait
ex:coin_37837,ex:person_40,nmo:hasPortrait
ex:coin_37838,ex:person_33,nmo:hasPortrait
ex:coin_37841,ex:person_41,nmo:hasPortrait
ex:coin_37842,ex:person_40,nmo:hasPortrait
ex:coin_37843,ex:person_33,nmo:hasPortrait
ex:coin_37847,ex:person_41,nmo:hasPortrait
ex:coin_37848,ex:person_33,nmo:hasPortrait
ex:coin_37849,ex:person_32,nmo:hasPortrait
ex:coin_37851,ex:person_41,nmo:hasPortrait
ex:coin_37852,ex:person_32,nmo:hasPortrait
ex:coin_37857,ex:person_33,nmo:hasPortrait
ex:coin_37860,ex:person_33,nmo:hasPortrait
ex:coin_37862,ex:person_32,nmo:hasPortrait
ex:coin_37865,ex:person_33,nmo:hasPortrait
ex:coin_37867,ex:person_32,nmo:hasPortrait
ex:coin_37868,ex:person_40,nmo:hasPortrait
ex:coin_37871,ex:person_33,nmo:hasPortrait
ex:coin_37872,ex:person_40,nmo:hasPortrait
ex:coin_37873,ex:person_33,nmo:hasPortrait
ex:coin_37874,ex:person_33,nmo:hasPortrait
ex:coin_38947,ex:person_40,nmo:hasPortrait
ex:coin_38948,ex:person_40,nmo:hasPortrait
ex:coin_38955,ex:person_40,nmo:hasPortrait
ex:coin_38956,ex:person_40,nmo:hasPortrait
ex:coin_38963,ex:person_33,nmo:hasPortrait
ex:coin_38965,ex:person_40,nmo:hasPortrait
ex:coin_38972,ex:person_40,nmo:hasPortrait
ex:coin_39169,ex:person_41,nmo:hasPortrait
ex:coin_39209,ex:person_38,nmo:hasPortrait
ex:coin_39318,ex:person_33,nmo:hasPortrait
ex:coin_39348,ex:person_38,nmo:hasPortrait
ex:coin_39360,ex:person_38,nmo:hasPortrait
ex:coin_39439,ex:person_41,nmo:hasPortrait
ex:coin_39792,ex:person_33,nmo:hasPortrait
ex:coin_40083,ex:person_41,nmo:hasPortrait
ex:coin_40099,ex:person_40,nmo:hasPortrait
ex:coin_40102,ex:person_38,nmo:hasPortrait
ex:coin_40112,ex:person_41,nmo:hasPortrait
ex:coin_40122,ex:person_41,nmo:hasPortrait
ex:coin_40127,ex:person_33,nmo:hasPortrait
ex:coin_40128,ex:person_40,nmo:hasPortrait
ex:coin_40142,ex:person_38,nmo:hasPortrait
ex:coin_40145,ex:person_38,nmo:hasPortrait
ex:coin_41025,ex:person_201,nmo:hasPortrait
ex:coin_41430,ex:person_40,nmo:hasPortrait
ex:coin_41453,ex:person_38,nmo:hasPortrait
ex:coin_41470,ex:person_38,nmo:hasPortrait
ex:coin_41481,ex:person_40,nmo:hasPortrait
ex:coin_41483,ex:person_38,nmo:hasPortrait
ex:coin_41487,ex:person_38,nmo:hasPortrait
ex:coin_41494,ex:person_40,nmo:hasPortrait
ex:coin_41778,ex:person_159,nmo:hasPortrait
ex:coin_41782,ex:person_159,nmo:hasPortrait
ex:coin_41793,ex:person_159,nmo:hasPortrait
ex:coin_41916,ex:person_40,nmo:hasPortrait
ex:coin_42329,ex:person_52,nmo:hasPortrait
ex:coin_42330,ex:person_52,nmo:hasPortrait
ex:coin_42332,ex:person_52,nmo:hasPortrait
ex:coin_42333,ex:person_52,nmo:hasPortrait
ex:coin_42337,ex:person_52,nmo:hasPortrait
ex:coin_42344,ex:person_52,nmo:hasPortrait
ex:coin_4756,ex:person_31,nmo:hasPortrait
ex:coin_5703,ex:person_120,nmo:hasPortrait
ex:coin_14439,ex:person_120,nmo:hasPortrait
ex:coin_14540,ex:person_33,nmo:hasPortrait
ex:coin_14541,ex:person_33,nmo:hasPortrait
ex:coin_14542,ex:person_33,nmo:hasPortrait
ex:coin_14544,ex:person_36,nmo:hasPortrait
ex:coin_14547,ex:person_36,nmo:hasPortrait
ex:coin_14562,ex:person_34,nmo:hasPortrait
ex:coin_14563,ex:person_34,nmo:hasPortrait
ex:coin_14565,ex:person_34,nmo:hasPortrait
ex:coin_18185,ex:person_43,nmo:hasPortrait
ex:coin_539,ex:person_63,nmo:hasPortrait
ex:coin_540,ex:person_63,nmo:hasPortrait
ex:coin_1008,ex:person_63,nmo:hasPortrait
ex:coin_1056,ex:person_70,nmo:hasPortrait
ex:coin_1618,ex:person_63,nmo:hasPortrait
ex:coin_5282,ex:person_120,nmo:hasPortrait
ex:coin_5544,ex:person_120,nmo:hasPortrait
ex:coin_5545,ex:person_120,nmo:hasPortrait
ex:coin_5546,ex:person_120,nmo:hasPortrait
ex:coin_6503,ex:person_63,nmo:hasPortrait
ex:coin_6517,ex:person_42,nmo:hasPortrait
ex:coin_9895,ex:person_120,nmo:hasPortrait
ex:coin_12351,ex:person_70,nmo:hasPortrait
ex:coin_14447,ex:person_120,nmo:hasPortrait
ex:coin_14453,ex:person_120,nmo:hasPortrait
ex:coin_14548,ex:person_36,nmo:hasPortrait
ex:coin_14549,ex:person_36,nmo:hasPortrait
ex:coin_14556,ex:person_36,nmo:hasPortrait
ex:coin_14572,ex:person_34,nmo:hasPortrait
ex:coin_14752,ex:person_120,nmo:hasPortrait
ex:coin_14753,ex:person_120,nmo:hasPortrait
ex:coin_14754,ex:person_120,nmo:hasPortrait
ex:coin_14756,ex:person_70,nmo:hasPortrait
ex:coin_14757,ex:person_70,nmo:hasPortrait
ex:coin_14758,ex:person_70,nmo:hasPortrait
ex:coin_14759,ex:person_70,nmo:hasPortrait
ex:coin_14761,ex:person_120,nmo:hasPortrait
ex:coin_15098,ex:person_120,nmo:hasPortrait
ex:coin_17656,ex:person_120,nmo:hasPortrait
ex:coin_27389,ex:person_120,nmo:hasPortrait
ex:coin_30267,ex:person_56,nmo:hasPortrait
ex:coin_30913,ex:person_56,nmo:hasPortrait
ex:coin_32683,ex:person_56,nmo:hasPortrait
ex:coin_32754,ex:person_56,nmo:hasPortrait
ex:coin_33507,ex:person_56,nmo:hasPortrait
ex:coin_39720,ex:person_120,nmo:hasPortrait
ex:coin_40092,ex:person_120,nmo:hasPortrait
ex:coin_40097,ex:person_120,nmo:hasPortrait
ex:coin_40109,ex:person_120,nmo:hasPortrait
ex:coin_41343,ex:person_120,nmo:hasPortrait
ex:coin_41540,ex:person_120,nmo:hasPortrait
ex:coin_42181,ex:person_120,nmo:hasPortrait
ex:coin_42307,ex:person_120,nmo:hasPortrait
ex:coin_42312,ex:person_120,nmo:hasPortrait
ex:coin_42313,ex:person_120,nmo:hasPortrait
ex:coin_42314,ex:person_120,nmo:hasPortrait
ex:coin_42316,ex:person_120,nmo:hasPortrait
ex:coin_42317,ex:person_120,nmo:hasPortrait
ex:coin_42318,ex:person_70,nmo:hasPortrait
ex:coin_42319,ex:person_70,nmo:hasPortrait
ex:coin_42320,ex:person_70,nmo:hasPortrait
ex:coin_42321,ex:person_70,nmo:hasPortrait
ex:coin_42322,ex:person_70,nmo:hasPortrait
ex:coin_42326,ex:person_120,nmo:hasPortrait
ex:coin_42331,ex:person_120,nmo:hasPortrait
ex:coin_42334,ex:person_120,nmo:hasPortrait
ex:coin_42335,ex:person_120,nmo:hasPortrait
ex:coin_42336,ex:person_120,nmo:hasPortrait
ex:coin_42632,ex:person_120,nmo:hasPortrait
ex:coin_42633,ex:person_120,nmo:hasPortrait
ex:coin_42634,ex:person_120,nmo:hasPortrait
ex:coin_42649,ex:person_120,nmo:hasPortrait
ex:coin_42650,ex:person_120,nmo:hasPortrait
ex:coin_42652,ex:person_120,nmo:hasPortrait
ex:coin_42653,ex:person_120,nmo:hasPortrait
ex:coin_42654,ex:person_120,nmo:hasPortrait
ex:coin_42656,ex:person_120,nmo:hasPortrait
ex:coin_42657,ex:person_70,nmo:hasPortrait
ex:coin_42658,ex:person_70,nmo:hasPortrait
ex:coin_42659,ex:person_120,nmo:hasPortrait
ex:coin_42660,ex:person_120,nmo:hasPortrait
ex:coin_42661,ex:person_120,nmo:hasPortrait
ex:coin_42662,ex:person_70,nmo:hasPortrait
ex:coin_42663,ex:person_70,nmo:hasPortrait
ex:coin_42664,ex:person_70,nmo:hasPortrait
ex:coin_42665,ex:person_70,nmo:hasPortrait
ex:coin_42666,ex:person_70,nmo:hasPortrait
ex:coin_42667,ex:person_70,nmo:hasPortrait
ex:coin_42668,ex:person_70,nmo:hasPortrait
ex:coin_42669,ex:person_70,nmo:hasPortrait
ex:coin_13652,ex:person_39,nmo:hasPortrait
ex:coin_14041,ex:person_1,nmo:hasPortrait
ex:coin_17080,ex:person_34,nmo:hasPortrait
ex:coin_537,ex:person_42,nmo:hasPortrait
ex:coin_1017,ex:person_43,nmo:hasPortrait
ex:coin_1029,ex:person_43,nmo:hasPortrait
ex:coin_1058,ex:person_43,nmo:hasPortrait
ex:coin_1069,ex:person_43,nmo:hasPortrait
ex:coin_1099,ex:person_39,nmo:hasPortrait
ex:coin_1103,ex:person_42,nmo:hasPortrait
ex:coin_1140,ex:person_39,nmo:hasPortrait
ex:coin_1169,ex:person_43,nmo:hasPortrait
ex:coin_1170,ex:person_39,nmo:hasPortrait
ex:coin_1182,ex:person_39,nmo:hasPortrait
ex:coin_1194,ex:person_39,nmo:hasPortrait
ex:coin_1788,ex:person_43,nmo:hasPortrait
ex:coin_2076,ex:person_39,nmo:hasPortrait
ex:coin_5095,ex:person_43,nmo:hasPortrait
ex:coin_5309,ex:person_39,nmo:hasPortrait
ex:coin_5846,ex:person_43,nmo:hasPortrait
ex:coin_5900,ex:person_43,nmo:hasPortrait
ex:coin_6071,ex:person_40,nmo:hasPortrait
ex:coin_6073,ex:person_39,nmo:hasPortrait
ex:coin_9143,ex:person_40,nmo:hasPortrait
ex:coin_10945,ex:person_42,nmo:hasPortrait
ex:coin_10948,ex:person_43,nmo:hasPortrait
ex:coin_10949,ex:person_43,nmo:hasPortrait
ex:coin_10950,ex:person_39,nmo:hasPortrait
ex:coin_10980,ex:person_39,nmo:hasPortrait
ex:coin_10981,ex:person_39,nmo:hasPortrait
ex:coin_10982,ex:person_39,nmo:hasPortrait
ex:coin_11001,ex:person_39,nmo:hasPortrait
ex:coin_11002,ex:person_39,nmo:hasPortrait
ex:coin_11003,ex:person_39,nmo:hasPortrait
ex:coin_11027,ex:person_43,nmo:hasPortrait
ex:coin_11945,ex:person_43,nmo:hasPortrait
ex:coin_12389,ex:person_39,nmo:hasPortrait
ex:coin_13022,ex:person_42,nmo:hasPortrait
ex:coin_13541,ex:person_43,nmo:hasPortrait
ex:coin_13723,ex:person_41,nmo:hasPortrait
ex:coin_13911,ex:person_43,nmo:hasPortrait
ex:coin_13959,ex:person_42,nmo:hasPortrait
ex:coin_13960,ex:person_39,nmo:hasPortrait
ex:coin_14008,ex:person_39,nmo:hasPortrait
ex:coin_14064,ex:person_42,nmo:hasPortrait
ex:coin_14066,ex:person_39,nmo:hasPortrait
ex:coin_14136,ex:person_40,nmo:hasPortrait
ex:coin_14139,ex:person_43,nmo:hasPortrait
ex:coin_14338,ex:person_39,nmo:hasPortrait
ex:coin_14367,ex:person_42,nmo:hasPortrait
ex:coin_14924,ex:person_39,nmo:hasPortrait
ex:coin_14964,ex:person_43,nmo:hasPortrait
ex:coin_14965,ex:person_43,nmo:hasPortrait
ex:coin_14991,ex:person_39,nmo:hasPortrait
ex:coin_15191,ex:person_39,nmo:hasPortrait
ex:coin_15213,ex:person_39,nmo:hasPortrait
ex:coin_15268,ex:person_43,nmo:hasPortrait
ex:coin_15303,ex:person_43,nmo:hasPortrait
ex:coin_15392,ex:person_39,nmo:hasPortrait
ex:coin_15508,ex:person_42,nmo:hasPortrait
ex:coin_15509,ex:person_43,nmo:hasPortrait
ex:coin_15656,ex:person_39,nmo:hasPortrait
ex:coin_15789,ex:person_42,nmo:hasPortrait
ex:coin_15816,ex:person_43,nmo:hasPortrait
ex:coin_16203,ex:person_42,nmo:hasPortrait
ex:coin_16338,ex:person_43,nmo:hasPortrait
ex:coin_16355,ex:person_43,nmo:hasPortrait
ex:coin_16362,ex:person_43,nmo:hasPortrait
ex:coin_16381,ex:person_43,nmo:hasPortrait
ex:coin_16435,ex:person_43,nmo:hasPortrait
ex:coin_16761,ex:person_39,nmo:hasPortrait
ex:coin_16823,ex:person_43,nmo:hasPortrait
ex:coin_16825,ex:person_43,nmo:hasPortrait
ex:coin_16835,ex:person_39,nmo:hasPortrait
ex:coin_16853,ex:person_43,nmo:hasPortrait
ex:coin_16859,ex:person_39,nmo:hasPortrait
ex:coin_17237,ex:person_39,nmo:hasPortrait
ex:coin_17332,ex:person_43,nmo:hasPortrait
ex:coin_17341,ex:person_43,nmo:hasPortrait
ex:coin_17343,ex:person_43,nmo:hasPortrait
ex:coin_17356,ex:person_39,nmo:hasPortrait
ex:coin_17501,ex:person_43,nmo:hasPortrait
ex:coin_17513,ex:person_43,nmo:hasPortrait
ex:coin_17567,ex:person_39,nmo:hasPortrait
ex:coin_17573,ex:person_39,nmo:hasPortrait
ex:coin_17577,ex:person_42,nmo:hasPortrait
ex:coin_17600,ex:person_39,nmo:hasPortrait
ex:coin_17606,ex:person_42,nmo:hasPortrait
ex:coin_17633,ex:person_41,nmo:hasPortrait
ex:coin_17747,ex:person_43,nmo:hasPortrait
ex:coin_18003,ex:person_39,nmo:hasPortrait
ex:coin_18004,ex:person_39,nmo:hasPortrait
ex:coin_28088,ex:person_42,nmo:hasPortrait
ex:coin_28897,ex:person_42,nmo:hasPortrait
ex:coin_29071,ex:person_42,nmo:hasPortrait
ex:coin_29346,ex:person_43,nmo:hasPortrait
ex:coin_29369,ex:person_42,nmo:hasPortrait
ex:coin_29613,ex:person_39,nmo:hasPortrait
ex:coin_30060,ex:person_43,nmo:hasPortrait
ex:coin_30206,ex:person_41,nmo:hasPortrait
ex:coin_30877,ex:person_42,nmo:hasPortrait
ex:coin_31028,ex:person_43,nmo:hasPortrait
ex:coin_31093,ex:person_43,nmo:hasPortrait
ex:coin_31099,ex:person_43,nmo:hasPortrait
ex:coin_31133,ex:person_39,nmo:hasPortrait
ex:coin_31441,ex:person_39,nmo:hasPortrait
ex:coin_31516,ex:person_39,nmo:hasPortrait
ex:coin_31650,ex:person_42,nmo:hasPortrait
ex:coin_31730,ex:person_43,nmo:hasPortrait
ex:coin_31798,ex:person_42,nmo:hasPortrait
ex:coin_31957,ex:person_42,nmo:hasPortrait
ex:coin_31961,ex:person_42,nmo:hasPortrait
ex:coin_32193,ex:person_39,nmo:hasPortrait
ex:coin_32224,ex:person_42,nmo:hasPortrait
ex:coin_32302,ex:person_42,nmo:hasPortrait
ex:coin_32398,ex:person_43,nmo:hasPortrait
ex:coin_32847,ex:person_42,nmo:hasPortrait
ex:coin_33084,ex:person_39,nmo:hasPortrait
ex:coin_33117,ex:person_39,nmo:hasPortrait
ex:coin_33439,ex:person_42,nmo:hasPortrait
ex:coin_33464,ex:person_39,nmo:hasPortrait
ex:coin_33570,ex:person_39,nmo:hasPortrait
ex:coin_33607,ex:person_43,nmo:hasPortrait
ex:coin_33704,ex:person_43,nmo:hasPortrait
ex:coin_33808,ex:person_42,nmo:hasPortrait
ex:coin_33833,ex:person_41,nmo:hasPortrait
ex:coin_33873,ex:person_39,nmo:hasPortrait
ex:coin_33935,ex:person_43,nmo:hasPortrait
ex:coin_34094,ex:person_39,nmo:hasPortrait
ex:coin_34573,ex:person_39,nmo:hasPortrait
ex:coin_37883,ex:person_39,nmo:hasPortrait
ex:coin_37912,ex:person_39,nmo:hasPortrait
ex:coin_37915,ex:person_43,nmo:hasPortrait
ex:coin_37921,ex:person_43,nmo:hasPortrait
ex:coin_37931,ex:person_39,nmo:hasPortrait
ex:coin_37943,ex:person_43,nmo:hasPortrait
ex:coin_37974,ex:person_39,nmo:hasPortrait
ex:coin_38000,ex:person_43,nmo:hasPortrait
ex:coin_38021,ex:person_41,nmo:hasPortrait
ex:coin_38046,ex:person_39,nmo:hasPortrait
ex:coin_38054,ex:person_39,nmo:hasPortrait
ex:coin_38059,ex:person_39,nmo:hasPortrait
ex:coin_38066,ex:person_39,nmo:hasPortrait
ex:coin_38081,ex:person_42,nmo:hasPortrait
ex:coin_38085,ex:person_42,nmo:hasPortrait
ex:coin_38096,ex:person_42,nmo:hasPortrait
ex:coin_38097,ex:person_43,nmo:hasPortrait
ex:coin_38098,ex:person_39,nmo:hasPortrait
ex:coin_38115,ex:person_43,nmo:hasPortrait
ex:coin_38130,ex:person_43,nmo:hasPortrait
ex:coin_38143,ex:person_39,nmo:hasPortrait
ex:coin_38144,ex:person_43,nmo:hasPortrait
ex:coin_38168,ex:person_39,nmo:hasPortrait
ex:coin_38172,ex:person_43,nmo:hasPortrait
ex:coin_38211,ex:person_39,nmo:hasPortrait
ex:coin_38212,ex:person_39,nmo:hasPortrait
ex:coin_38247,ex:person_43,nmo:hasPortrait
ex:coin_38249,ex:person_40,nmo:hasPortrait
ex:coin_38257,ex:person_43,nmo:hasPortrait
ex:coin_38262,ex:person_42,nmo:hasPortrait
ex:coin_38273,ex:person_39,nmo:hasPortrait
ex:coin_38285,ex:person_43,nmo:hasPortrait
ex:coin_38308,ex:person_43,nmo:hasPortrait
ex:coin_38322,ex:person_39,nmo:hasPortrait
ex:coin_38330,ex:person_43,nmo:hasPortrait
ex:coin_38360,ex:person_43,nmo:hasPortrait
ex:coin_38378,ex:person_43,nmo:hasPortrait
ex:coin_38385,ex:person_43,nmo:hasPortrait
ex:coin_38389,ex:person_39,nmo:hasPortrait
ex:coin_38404,ex:person_39,nmo:hasPortrait
ex:coin_38425,ex:person_39,nmo:hasPortrait
ex:coin_38428,ex:person_42,nmo:hasPortrait
ex:coin_38468,ex:person_43,nmo:hasPortrait
ex:coin_38475,ex:person_41,nmo:hasPortrait
ex:coin_38480,ex:person_40,nmo:hasPortrait
ex:coin_38483,ex:person_43,nmo:hasPortrait
ex:coin_38489,ex:person_39,nmo:hasPortrait
ex:coin_38504,ex:person_39,nmo:hasPortrait
ex:coin_38507,ex:person_39,nmo:hasPortrait
ex:coin_38512,ex:person_39,nmo:hasPortrait
ex:coin_38519,ex:person_43,nmo:hasPortrait
ex:coin_38521,ex:person_43,nmo:hasPortrait
ex:coin_38973,ex:person_42,nmo:hasPortrait
ex:coin_40144,ex:person_39,nmo:hasPortrait
ex:coin_41031,ex:person_39,nmo:hasPortrait
ex:coin_41415,ex:person_43,nmo:hasPortrait
ex:coin_41416,ex:person_39,nmo:hasPortrait
ex:coin_41417,ex:person_43,nmo:hasPortrait
ex:coin_41418,ex:person_43,nmo:hasPortrait
ex:coin_41419,ex:person_43,nmo:hasPortrait
ex:coin_41420,ex:person_43,nmo:hasPortrait
ex:coin_41421,ex:person_43,nmo:hasPortrait
ex:coin_41423,ex:person_39,nmo:hasPortrait
ex:coin_41424,ex:person_39,nmo:hasPortrait
ex:coin_41425,ex:person_43,nmo:hasPortrait
ex:coin_41426,ex:person_43,nmo:hasPortrait
ex:coin_41427,ex:person_43,nmo:hasPortrait
ex:coin_41429,ex:person_39,nmo:hasPortrait
ex:coin_41431,ex:person_39,nmo:hasPortrait
ex:coin_41432,ex:person_39,nmo:hasPortrait
ex:coin_41433,ex:person_43,nmo:hasPortrait
ex:coin_41434,ex:person_43,nmo:hasPortrait
ex:coin_41436,ex:person_43,nmo:hasPortrait
ex:coin_41437,ex:person_39,nmo:hasPortrait
ex:coin_41439,ex:person_39,nmo:hasPortrait
ex:coin_41440,ex:person_39,nmo:hasPortrait
ex:coin_41441,ex:person_39,nmo:hasPortrait
ex:coin_41442,ex:person_39,nmo:hasPortrait
ex:coin_41443,ex:person_39,nmo:hasPortrait
ex:coin_41445,ex:person_43,nmo:hasPortrait
ex:coin_41446,ex:person_43,nmo:hasPortrait
ex:coin_41447,ex:person_43,nmo:hasPortrait
ex:coin_41448,ex:person_39,nmo:hasPortrait
ex:coin_41449,ex:person_39,nmo:hasPortrait
ex:coin_41450,ex:person_39,nmo:hasPortrait
ex:coin_41451,ex:person_39,nmo:hasPortrait
ex:coin_41452,ex:person_39,nmo:hasPortrait
ex:coin_41454,ex:person_43,nmo:hasPortrait
ex:coin_41455,ex:person_39,nmo:hasPortrait
ex:coin_41457,ex:person_43,nmo:hasPortrait
ex:coin_41460,ex:person_43,nmo:hasPortrait
ex:coin_41464,ex:person_43,nmo:hasPortrait
ex:coin_41466,ex:person_39,nmo:hasPortrait
ex:coin_41472,ex:person_39,nmo:hasPortrait
ex:coin_41476,ex:person_43,nmo:hasPortrait
ex:coin_41477,ex:person_39,nmo:hasPortrait
ex:coin_41479,ex:person_43,nmo:hasPortrait
ex:coin_41482,ex:person_43,nmo:hasPortrait
ex:coin_41484,ex:person_43,nmo:hasPortrait
ex:coin_41485,ex:person_43,nmo:hasPortrait
ex:coin_41488,ex:person_43,nmo:hasPortrait
ex:coin_41489,ex:person_43,nmo:hasPortrait
ex:coin_972,ex:person_56,nmo:hasPortrait
ex:coin_1104,ex:person_56,nmo:hasPortrait
ex:coin_1428,ex:person_56,nmo:hasPortrait
ex:coin_1429,ex:person_56,nmo:hasPortrait
ex:coin_1430,ex:person_56,nmo:hasPortrait
ex:coin_1431,ex:person_56,nmo:hasPortrait
ex:coin_1501,ex:person_56,nmo:hasPortrait
ex:coin_1502,ex:person_56,nmo:hasPortrait
ex:coin_1503,ex:person_56,nmo:hasPortrait
ex:coin_1504,ex:person_56,nmo:hasPortrait
ex:coin_1505,ex:person_56,nmo:hasPortrait
ex:coin_1506,ex:person_56,nmo:hasPortrait
ex:coin_1530,ex:person_56,nmo:hasPortrait
ex:coin_1613,ex:person_56,nmo:hasPortrait
ex:coin_1616,ex:person_56,nmo:hasPortrait
ex:coin_1627,ex:person_56,nmo:hasPortrait
ex:coin_1628,ex:person_56,nmo:hasPortrait
ex:coin_5081,ex:person_56,nmo:hasPortrait
ex:coin_5085,ex:person_56,nmo:hasPortrait
ex:coin_5090,ex:person_56,nmo:hasPortrait
ex:coin_5097,ex:person_56,nmo:hasPortrait
ex:coin_5280,ex:person_56,nmo:hasPortrait
ex:coin_5281,ex:person_56,nmo:hasPortrait
ex:coin_5503,ex:person_56,nmo:hasPortrait
ex:coin_5719,ex:person_56,nmo:hasPortrait
ex:coin_5855,ex:person_56,nmo:hasPortrait
ex:coin_6091,ex:person_56,nmo:hasPortrait
ex:coin_6851,ex:person_56,nmo:hasPortrait
ex:coin_6852,ex:person_56,nmo:hasPortrait
ex:coin_7008,ex:person_56,nmo:hasPortrait
ex:coin_7009,ex:person_56,nmo:hasPortrait
ex:coin_7010,ex:person_56,nmo:hasPortrait
ex:coin_7011,ex:person_56,nmo:hasPortrait
ex:coin_7883,ex:person_56,nmo:hasPortrait
ex:coin_7884,ex:person_56,nmo:hasPortrait
ex:coin_7885,ex:person_56,nmo:hasPortrait
ex:coin_7886,ex:person_56,nmo:hasPortrait
ex:coin_7887,ex:person_56,nmo:hasPortrait
ex:coin_7906,ex:person_56,nmo:hasPortrait
ex:coin_8061,ex:person_56,nmo:hasPortrait
ex:coin_8590,ex:person_56,nmo:hasPortrait
ex:coin_10987,ex:person_56,nmo:hasPortrait
ex:coin_11033,ex:person_56,nmo:hasPortrait
ex:coin_12531,ex:person_56,nmo:hasPortrait
ex:coin_12532,ex:person_56,nmo:hasPortrait
ex:coin_13729,ex:person_56,nmo:hasPortrait
ex:coin_14986,ex:person_56,nmo:hasPortrait
ex:coin_15786,ex:person_56,nmo:hasPortrait
ex:coin_15787,ex:person_56,nmo:hasPortrait
ex:coin_16606,ex:person_56,nmo:hasPortrait
ex:coin_16789,ex:person_56,nmo:hasPortrait
ex:coin_27385,ex:person_56,nmo:hasPortrait
ex:coin_28510,ex:person_56,nmo:hasPortrait
ex:coin_28511,ex:person_56,nmo:hasPortrait
ex:coin_29154,ex:person_56,nmo:hasPortrait
ex:coin_29619,ex:person_56,nmo:hasPortrait
ex:coin_29621,ex:person_56,nmo:hasPortrait
ex:coin_29622,ex:person_56,nmo:hasPortrait
ex:coin_30003,ex:person_56,nmo:hasPortrait
ex:coin_30346,ex:person_56,nmo:hasPortrait
ex:coin_30438,ex:person_56,nmo:hasPortrait
ex:coin_30483,ex:person_56,nmo:hasPortrait
ex:coin_30517,ex:person_56,nmo:hasPortrait
ex:coin_30780,ex:person_56,nmo:hasPortrait
ex:coin_30869,ex:person_56,nmo:hasPortrait
ex:coin_31565,ex:person_56,nmo:hasPortrait
ex:coin_31684,ex:person_56,nmo:hasPortrait
ex:coin_31718,ex:person_56,nmo:hasPortrait
ex:coin_31803,ex:person_56,nmo:hasPortrait
ex:coin_31940,ex:person_56,nmo:hasPortrait
ex:coin_31981,ex:person_56,nmo:hasPortrait
ex:coin_32013,ex:person_56,nmo:hasPortrait
ex:coin_32042,ex:person_56,nmo:hasPortrait
ex:coin_32247,ex:person_56,nmo:hasPortrait
ex:coin_32293,ex:person_56,nmo:hasPortrait
ex:coin_32308,ex:person_56,nmo:hasPortrait
ex:coin_32411,ex:person_56,nmo:hasPortrait
ex:coin_32533,ex:person_56,nmo:hasPortrait
ex:coin_32579,ex:person_56,nmo:hasPortrait
ex:coin_32595,ex:person_56,nmo:hasPortrait
ex:coin_32656,ex:person_56,nmo:hasPortrait
ex:coin_32669,ex:person_56,nmo:hasPortrait
ex:coin_32741,ex:person_56,nmo:hasPortrait
ex:coin_32917,ex:person_56,nmo:hasPortrait
ex:coin_32926,ex:person_56,nmo:hasPortrait
ex:coin_33359,ex:person_56,nmo:hasPortrait
ex:coin_33371,ex:person_56,nmo:hasPortrait
ex:coin_33437,ex:person_56,nmo:hasPortrait
ex:coin_33455,ex:person_56,nmo:hasPortrait
ex:coin_33862,ex:person_56,nmo:hasPortrait
ex:coin_33868,ex:person_56,nmo:hasPortrait
ex:coin_34294,ex:person_56,nmo:hasPortrait
ex:coin_34445,ex:person_56,nmo:hasPortrait
ex:coin_37877,ex:person_56,nmo:hasPortrait
ex:coin_37897,ex:person_56,nmo:hasPortrait
ex:coin_37934,ex:person_56,nmo:hasPortrait
ex:coin_37987,ex:person_56,nmo:hasPortrait
ex:coin_38016,ex:person_56,nmo:hasPortrait
ex:coin_38022,ex:person_56,nmo:hasPortrait
ex:coin_38026,ex:person_56,nmo:hasPortrait
ex:coin_38041,ex:person_56,nmo:hasPortrait
ex:coin_38047,ex:person_56,nmo:hasPortrait
ex:coin_38048,ex:person_56,nmo:hasPortrait
ex:coin_38126,ex:person_56,nmo:hasPortrait
ex:coin_38138,ex:person_56,nmo:hasPortrait
ex:coin_38238,ex:person_56,nmo:hasPortrait
ex:coin_38245,ex:person_56,nmo:hasPortrait
ex:coin_38345,ex:person_56,nmo:hasPortrait
ex:coin_38388,ex:person_56,nmo:hasPortrait
ex:coin_38433,ex:person_56,nmo:hasPortrait
ex:coin_38482,ex:person_56,nmo:hasPortrait
ex:coin_39784,ex:person_56,nmo:hasPortrait
ex:coin_40081,ex:person_56,nmo:hasPortrait
ex:coin_16547,ex:person_33,nmo:hasPortrait
ex:coin_16553,ex:person_33,nmo:hasPortrait
ex:coin_16560,ex:person_33,nmo:hasPortrait
ex:coin_16563,ex:person_33,nmo:hasPortrait
ex:coin_16564,ex:person_33,nmo:hasPortrait
ex:coin_16568,ex:person_33,nmo:hasPortrait
ex:coin_9158,ex:person_40,nmo:hasPortrait
ex:coin_16562,ex:person_33,nmo:hasPortrait
ex:coin_3125,ex:person_4,nmo:hasPortrait
ex:coin_5499,ex:person_57,nmo:hasPortrait
ex:coin_6871,ex:person_57,nmo:hasPortrait
ex:coin_8450,ex:person_57,nmo:hasPortrait
ex:coin_8771,ex:person_33,nmo:hasPortrait
ex:coin_8827,ex:person_39,nmo:hasPortrait
ex:coin_8828,ex:person_39,nmo:hasPortrait
ex:coin_8829,ex:person_39,nmo:hasPortrait
ex:coin_8830,ex:person_43,nmo:hasPortrait
ex:coin_8831,ex:person_43,nmo:hasPortrait
ex:coin_8861,ex:person_40,nmo:hasPortrait
ex:coin_8862,ex:person_40,nmo:hasPortrait
ex:coin_8863,ex:person_40,nmo:hasPortrait
ex:coin_8864,ex:person_40,nmo:hasPortrait
ex:coin_8865,ex:person_40,nmo:hasPortrait
ex:coin_8866,ex:person_40,nmo:hasPortrait
ex:coin_8867,ex:person_40,nmo:hasPortrait
ex:coin_8868,ex:person_40,nmo:hasPortrait
ex:coin_8869,ex:person_41,nmo:hasPortrait
ex:coin_8870,ex:person_41,nmo:hasPortrait
ex:coin_8871,ex:person_41,nmo:hasPortrait
ex:coin_8872,ex:person_41,nmo:hasPortrait
ex:coin_8873,ex:person_41,nmo:hasPortrait
ex:coin_8874,ex:person_41,nmo:hasPortrait
ex:coin_8875,ex:person_41,nmo:hasPortrait
ex:coin_8876,ex:person_41,nmo:hasPortrait
ex:coin_8877,ex:person_41,nmo:hasPortrait
ex:coin_8878,ex:person_41,nmo:hasPortrait
ex:coin_8879,ex:person_41,nmo:hasPortrait
ex:coin_8880,ex:person_41,nmo:hasPortrait
ex:coin_14538,ex:person_42,nmo:hasPortrait
ex:coin_30059,ex:person_123,nmo:hasPortrait
ex:coin_36467,ex:person_123,nmo:hasPortrait
ex:coin_36481,ex:person_123,nmo:hasPortrait
ex:coin_5474,ex:person_175,nmo:hasPortrait
ex:coin_7471,ex:person_175,nmo:hasPortrait
ex:coin_14460,ex:person_31,nmo:hasPortrait
ex:coin_14462,ex:person_31,nmo:hasPortrait
ex:coin_28002,ex:person_175,nmo:hasPortrait
ex:coin_30179,ex:person_175,nmo:hasPortrait
ex:coin_30640,ex:person_175,nmo:hasPortrait
ex:coin_37753,ex:person_175,nmo:hasPortrait
ex:coin_37858,ex:person_175,nmo:hasPortrait
ex:coin_9925,ex:person_186,nmo:hasPortrait
ex:coin_38946,ex:person_115,nmo:hasPortrait
ex:coin_6360,ex:person_124,nmo:hasPortrait
ex:coin_11944,ex:person_178,nmo:hasPortrait
ex:coin_36414,ex:person_178,nmo:hasPortrait
ex:coin_37224,ex:person_201,nmo:hasPortrait
ex:coin_7293,ex:person_104,nmo:hasPortrait
ex:coin_5554,ex:person_167,nmo:hasPortrait
ex:coin_6607,ex:person_168,nmo:hasPortrait
ex:coin_8586,ex:person_166,nmo:hasPortrait
ex:coin_9258,ex:person_166,nmo:hasPortrait
ex:coin_9976,ex:person_166,nmo:hasPortrait
ex:coin_10055,ex:person_143,nmo:hasPortrait
ex:coin_11553,ex:person_167,nmo:hasPortrait
ex:coin_12055,ex:person_166,nmo:hasPortrait
ex:coin_15860,ex:person_166,nmo:hasPortrait
ex:coin_16115,ex:person_166,nmo:hasPortrait
ex:coin_16671,ex:person_166,nmo:hasPortrait
ex:coin_16750,ex:person_166,nmo:hasPortrait
ex:coin_36556,ex:person_166,nmo:hasPortrait
ex:coin_40587,ex:person_4,nmo:hasPortrait
ex:coin_40588,ex:person_9,nmo:hasPortrait
ex:coin_40589,ex:person_167,nmo:hasPortrait
ex:coin_40590,ex:person_167,nmo:hasPortrait
ex:coin_40591,ex:person_168,nmo:hasPortrait
ex:coin_40592,ex:person_168,nmo:hasPortrait
ex:coin_40593,ex:person_166,nmo:hasPortrait
ex:coin_40594,ex:person_166,nmo:hasPortrait
ex:coin_40595,ex:person_166,nmo:hasPortrait
ex:coin_40596,ex:person_166,nmo:hasPortrait
ex:coin_6159,ex:person_198,nmo:hasPortrait
ex:coin_13094,ex:person_198,nmo:hasPortrait
ex:coin_40607,ex:person_198,nmo:hasPortrait
ex:coin_40608,ex:person_198,nmo:hasPortrait
ex:coin_40609,ex:person_198,nmo:hasPortrait
ex:coin_40610,ex:person_198,nmo:hasPortrait
ex:coin_40611,ex:person_198,nmo:hasPortrait
ex:coin_40612,ex:person_198,nmo:hasPortrait
ex:coin_40613,ex:person_198,nmo:hasPortrait
ex:coin_13743,ex:person_2,nmo:hasPortrait
ex:coin_42921,ex:person_2,nmo:hasPortrait
ex:coin_42922,ex:person_2,nmo:hasPortrait
ex:coin_6877,ex:person_109,nmo:hasPortrait
ex:coin_15602,ex:person_7,nmo:hasPortrait
ex:coin_16646,ex:person_7,nmo:hasPortrait
ex:coin_28215,ex:person_7,nmo:hasPortrait
ex:coin_35522,ex:person_7,nmo:hasPortrait
ex:coin_16032,ex:person_153,nmo:hasPortrait
ex:coin_866,ex:person_15,nmo:hasPortrait
ex:coin_1804,ex:person_15,nmo:hasPortrait
ex:coin_1817,ex:person_15,nmo:hasPortrait
ex:coin_2105,ex:person_15,nmo:hasPortrait
ex:coin_2116,ex:person_15,nmo:hasPortrait
ex:coin_2612,ex:person_16,nmo:hasPortrait
ex:coin_3122,ex:person_15,nmo:hasPortrait
ex:coin_3131,ex:person_17,nmo:hasPortrait
ex:coin_4644,ex:person_16,nmo:hasPortrait
ex:coin_4733,ex:person_17,nmo:hasPortrait
ex:coin_4734,ex:person_17,nmo:hasPortrait
ex:coin_4737,ex:person_126,nmo:hasPortrait
ex:coin_4900,ex:person_16,nmo:hasPortrait
ex:coin_5077,ex:person_16,nmo:hasPortrait
ex:coin_5355,ex:person_17,nmo:hasPortrait
ex:coin_5365,ex:person_16,nmo:hasPortrait
ex:coin_5366,ex:person_126,nmo:hasPortrait
ex:coin_5690,ex:person_17,nmo:hasPortrait
ex:coin_5743,ex:person_17,nmo:hasPortrait
ex:coin_5778,ex:person_17,nmo:hasPortrait
ex:coin_5779,ex:person_16,nmo:hasPortrait
ex:coin_6189,ex:person_16,nmo:hasPortrait
ex:coin_6226,ex:person_16,nmo:hasPortrait
ex:coin_6251,ex:person_126,nmo:hasPortrait
ex:coin_6622,ex:person_17,nmo:hasPortrait
ex:coin_6778,ex:person_17,nmo:hasPortrait
ex:coin_6835,ex:person_17,nmo:hasPortrait
ex:coin_7493,ex:person_17,nmo:hasPortrait
ex:coin_7530,ex:person_17,nmo:hasPortrait
ex:coin_7531,ex:person_17,nmo:hasPortrait
ex:coin_8354,ex:person_17,nmo:hasPortrait
ex:coin_8560,ex:person_17,nmo:hasPortrait
ex:coin_8605,ex:person_17,nmo:hasPortrait
ex:coin_8625,ex:person_17,nmo:hasPortrait
ex:coin_9039,ex:person_17,nmo:hasPortrait
ex:coin_9488,ex:person_16,nmo:hasPortrait
ex:coin_9806,ex:person_16,nmo:hasPortrait
ex:coin_9808,ex:person_126,nmo:hasPortrait
ex:coin_9856,ex:person_126,nmo:hasPortrait
ex:coin_11498,ex:person_16,nmo:hasPortrait
ex:coin_11502,ex:person_17,nmo:hasPortrait
ex:coin_11880,ex:person_17,nmo:hasPortrait
ex:coin_11937,ex:person_16,nmo:hasPortrait
ex:coin_12098,ex:person_17,nmo:hasPortrait
ex:coin_12284,ex:person_16,nmo:hasPortrait
ex:coin_12374,ex:person_16,nmo:hasPortrait
ex:coin_12578,ex:person_16,nmo:hasPortrait
ex:coin_12642,ex:person_16,nmo:hasPortrait
ex:coin_12643,ex:person_16,nmo:hasPortrait
ex:coin_12644,ex:person_16,nmo:hasPortrait
ex:coin_12645,ex:person_16,nmo:hasPortrait
ex:coin_13023,ex:person_126,nmo:hasPortrait
ex:coin_13150,ex:person_17,nmo:hasPortrait
ex:coin_13181,ex:person_17,nmo:hasPortrait
ex:coin_13742,ex:person_16,nmo:hasPortrait
ex:coin_13825,ex:person_126,nmo:hasPortrait
ex:coin_14989,ex:person_16,nmo:hasPortrait
ex:coin_15663,ex:person_16,nmo:hasPortrait
ex:coin_17147,ex:person_17,nmo:hasPortrait
ex:coin_17206,ex:person_17,nmo:hasPortrait
ex:coin_17279,ex:person_16,nmo:hasPortrait
ex:coin_17818,ex:person_16,nmo:hasPortrait
ex:coin_27983,ex:person_17,nmo:hasPortrait
ex:coin_27989,ex:person_17,nmo:hasPortrait
ex:coin_27991,ex:person_17,nmo:hasPortrait
ex:coin_28045,ex:person_17,nmo:hasPortrait
ex:coin_28049,ex:person_17,nmo:hasPortrait
ex:coin_28687,ex:person_19,nmo:hasPortrait
ex:coin_28688,ex:person_19,nmo:hasPortrait
ex:coin_30074,ex:person_17,nmo:hasPortrait
ex:coin_32069,ex:person_19,nmo:hasPortrait
ex:coin_33018,ex:person_19,nmo:hasPortrait
ex:coin_34113,ex:person_17,nmo:hasPortrait
ex:coin_34579,ex:person_17,nmo:hasPortrait
ex:coin_4646,ex:person_126,nmo:hasPortrait
ex:coin_4902,ex:person_126,nmo:hasPortrait
ex:coin_6688,ex:person_126,nmo:hasPortrait
ex:coin_10546,ex:person_126,nmo:hasPortrait
ex:coin_12343,ex:person_126,nmo:hasPortrait
ex:coin_12377,ex:person_126,nmo:hasPortrait
ex:coin_15886,ex:person_26,nmo:hasPortrait
ex:coin_16198,ex:person_19,nmo:hasPortrait
ex:coin_16298,ex:person_21,nmo:hasPortrait
ex:coin_18484,ex:person_126,nmo:hasPortrait
ex:coin_18678,ex:person_17,nmo:hasPortrait
ex:coin_33226,ex:person_19,nmo:hasPortrait
ex:coin_33233,ex:person_19,nmo:hasPortrait
ex:coin_33655,ex:person_19,nmo:hasPortrait
ex:coin_33686,ex:person_19,nmo:hasPortrait
ex:coin_36053,ex:person_19,nmo:hasPortrait
ex:coin_41306,ex:person_19,nmo:hasPortrait
ex:coin_42848,ex:person_19,nmo:hasPortrait
ex:coin_18200,ex:person_25,nmo:hasPortrait
ex:coin_18390,ex:person_188,nmo:hasPortrait
ex:coin_17839,ex:person_26,nmo:hasPortrait
ex:coin_29827,ex:person_44,nmo:hasPortrait
ex:coin_28977,ex:person_193,nmo:hasPortrait
ex:coin_30150,ex:person_193,nmo:hasPortrait
ex:coin_30151,ex:person_193,nmo:hasPortrait
ex:coin_6559,ex:person_120,nmo:hasPortrait
ex:coin_7787,ex:person_33,nmo:hasPortrait
ex:coin_13964,ex:person_34,nmo:hasPortrait
ex:coin_14449,ex:person_33,nmo:hasPortrait
ex:coin_15467,ex:person_41,nmo:hasPortrait
ex:coin_15468,ex:person_41,nmo:hasPortrait
ex:coin_15501,ex:person_36,nmo:hasPortrait
ex:coin_15644,ex:person_33,nmo:hasPortrait
ex:coin_17118,ex:person_32,nmo:hasPortrait
ex:coin_17649,ex:person_34,nmo:hasPortrait
ex:coin_17654,ex:person_40,nmo:hasPortrait
ex:coin_18203,ex:person_142,nmo:hasPortrait
ex:coin_29066,ex:person_34,nmo:hasPortrait
ex:coin_29237,ex:person_34,nmo:hasPortrait
ex:coin_29428,ex:person_33,nmo:hasPortrait
ex:coin_30071,ex:person_41,nmo:hasPortrait
ex:coin_30216,ex:person_36,nmo:hasPortrait
ex:coin_30320,ex:person_33,nmo:hasPortrait
ex:coin_30548,ex:person_33,nmo:hasPortrait
ex:coin_30641,ex:person_34,nmo:hasPortrait
ex:coin_30867,ex:person_33,nmo:hasPortrait
ex:coin_31174,ex:person_34,nmo:hasPortrait
ex:coin_31182,ex:person_159,nmo:hasPortrait
ex:coin_31378,ex:person_34,nmo:hasPortrait
ex:coin_31662,ex:person_34,nmo:hasPortrait
ex:coin_31677,ex:person_175,nmo:hasPortrait
ex:coin_31817,ex:person_34,nmo:hasPortrait
ex:coin_31991,ex:person_34,nmo:hasPortrait
ex:coin_31995,ex:person_34,nmo:hasPortrait
ex:coin_32225,ex:person_37,nmo:hasPortrait
ex:coin_32228,ex:person_34,nmo:hasPortrait
ex:coin_32657,ex:person_34,nmo:hasPortrait
ex:coin_32792,ex:person_34,nmo:hasPortrait
ex:coin_32793,ex:person_175,nmo:hasPortrait
ex:coin_33078,ex:person_175,nmo:hasPortrait
ex:coin_33230,ex:person_37,nmo:hasPortrait
ex:coin_33250,ex:person_37,nmo:hasPortrait
ex:coin_33257,ex:person_34,nmo:hasPortrait
ex:coin_33410,ex:person_34,nmo:hasPortrait
ex:coin_33684,ex:person_175,nmo:hasPortrait
ex:coin_33731,ex:person_34,nmo:hasPortrait
ex:coin_33734,ex:person_34,nmo:hasPortrait
ex:coin_33742,ex:person_34,nmo:hasPortrait
ex:coin_33834,ex:person_34,nmo:hasPortrait
ex:coin_34009,ex:person_34,nmo:hasPortrait
ex:coin_34216,ex:person_34,nmo:hasPortrait
ex:coin_34849,ex:person_33,nmo:hasPortrait
ex:coin_34869,ex:person_34,nmo:hasPortrait
ex:coin_34975,ex:person_41,nmo:hasPortrait
ex:coin_37298,ex:person_34,nmo:hasPortrait
ex:coin_37330,ex:person_34,nmo:hasPortrait
ex:coin_37579,ex:person_34,nmo:hasPortrait
ex:coin_37622,ex:person_34,nmo:hasPortrait
ex:coin_37644,ex:person_33,nmo:hasPortrait
ex:coin_37721,ex:person_33,nmo:hasPortrait
ex:coin_37824,ex:person_34,nmo:hasPortrait
ex:coin_14439,ex:person_70,nmo:hasPortrait
ex:coin_14761,ex:person_70,nmo:hasPortrait
ex:coin_15098,ex:person_70,nmo:hasPortrait
ex:coin_41540,ex:person_70,nmo:hasPortrait
ex:coin_42181,ex:person_70,nmo:hasPortrait
ex:coin_42307,ex:person_70,nmo:hasPortrait
ex:coin_42312,ex:person_70,nmo:hasPortrait
ex:coin_42313,ex:person_70,nmo:hasPortrait
ex:coin_42314,ex:person_70,nmo:hasPortrait
ex:coin_42316,ex:person_70,nmo:hasPortrait
ex:coin_42317,ex:person_70,nmo:hasPortrait
ex:coin_42326,ex:person_70,nmo:hasPortrait
ex:coin_42331,ex:person_70,nmo:hasPortrait
ex:coin_42334,ex:person_70,nmo:hasPortrait
ex:coin_42335,ex:person_70,nmo:hasPortrait
ex:coin_42336,ex:person_70,nmo:hasPortrait
ex:coin_42632,ex:person_70,nmo:hasPortrait
ex:coin_42633,ex:person_70,nmo:hasPortrait
ex:coin_42634,ex:person_70,nmo:hasPortrait
ex:coin_42649,ex:person_70,nmo:hasPortrait
ex:coin_42650,ex:person_70,nmo:hasPortrait
ex:coin_42652,ex:person_70,nmo:hasPortrait
ex:coin_42653,ex:person_70,nmo:hasPortrait
ex:coin_42654,ex:person_70,nmo:hasPortrait
ex:coin_42656,ex:person_70,nmo:hasPortrait
ex:coin_42659,ex:person_70,nmo:hasPortrait
ex:coin_42660,ex:person_70,nmo:hasPortrait
ex:coin_42661,ex:person_70,nmo:hasPortrait
ex:coin_14041,ex:person_2,nmo:hasPortrait
ex:coin_1069,ex:person_39,nmo:hasPortrait
ex:coin_31516,ex:person_43,nmo:hasPortrait
ex:coin_38512,ex:person_43,nmo:hasPortrait
ex:coin_16547,ex:person_32,nmo:hasPortrait
ex:coin_16553,ex:person_32,nmo:hasPortrait
ex:coin_16560,ex:person_32,nmo:hasPortrait
ex:coin_16563,ex:person_32,nmo:hasPortrait
ex:coin_16564,ex:person_32,nmo:hasPortrait
ex:coin_16568,ex:person_32,nmo:hasPortrait
ex:coin_16562,ex:person_32,nmo:hasPortrait
ex:coin_8831,ex:person_39,nmo:hasPortrait
ex:coin_8879,ex:person_40,nmo:hasPortrait
ex:coin_1592,ex:uncertain,nmo:hasPortrait
ex:coin_1601,ex:uncertain,nmo:hasPortrait
ex:coin_1607,ex:uncertain,nmo:hasPortrait
ex:coin_1609,ex:uncertain,nmo:hasPortrait
ex:coin_9497,ex:uncertain,nmo:hasPortrait
ex:coin_12366,ex:uncertain,nmo:hasPortrait
ex:coin_28157,ex:uncertain,nmo:hasPortrait
ex:coin_28158,ex:uncertain,nmo:hasPortrait
ex:coin_28159,ex:uncertain,nmo:hasPortrait
ex:coin_28160,ex:uncertain,nmo:hasPortrait
ex:coin_28161,ex:uncertain,nmo:hasPortrait
ex:coin_28162,ex:uncertain,nmo:hasPortrait
ex:coin_28163,ex:uncertain,nmo:hasPortrait
ex:coin_28164,ex:uncertain,nmo:hasPortrait
ex:coin_28165,ex:uncertain,nmo:hasPortrait
ex:coin_28166,ex:uncertain,nmo:hasPortrait
ex:coin_28167,ex:uncertain,nmo:hasPortrait
ex:coin_28168,ex:uncertain,nmo:hasPortrait
ex:coin_28169,ex:uncertain,nmo:hasPortrait
ex:coin_28170,ex:uncertain,nmo:hasPortrait
ex:coin_28171,ex:uncertain,nmo:hasPortrait
ex:coin_28172,ex:uncertain,nmo:hasPortrait
ex:coin_28173,ex:uncertain,nmo:hasPortrait
ex:coin_28174,ex:uncertain,nmo:hasPortrait
ex:coin_28175,ex:uncertain,nmo:hasPortrait
ex:coin_28176,ex:uncertain,nmo:hasPortrait
ex:coin_28177,ex:uncertain,nmo:hasPortrait
ex:coin_28178,ex:uncertain,nmo:hasPortrait
ex:coin_28179,ex:uncertain,nmo:hasPortrait
ex:coin_28180,ex:uncertain,nmo:hasPortrait
ex:coin_28181,ex:uncertain,nmo:hasPortrait
ex:coin_28182,ex:uncertain,nmo:hasPortrait
ex:coin_28183,ex:uncertain,nmo:hasPortrait
ex:coin_28184,ex:uncertain,nmo:hasPortrait
ex:coin_28185,ex:uncertain,nmo:hasPortrait
ex:coin_28186,ex:uncertain,nmo:hasPortrait
ex:coin_28187,ex:uncertain,nmo:hasPortrait
ex:coin_28188,ex:uncertain,nmo:hasPortrait
ex:coin_28189,ex:uncertain,nmo:hasPortrait
ex:coin_28190,ex:uncertain,nmo:hasPortrait
ex:coin_28191,ex:uncertain,nmo:hasPortrait
ex:coin_28192,ex:uncertain,nmo:hasPortrait
ex:coin_28193,ex:uncertain,nmo:hasPortrait
ex:coin_28194,ex:uncertain,nmo:hasPortrait
ex:coin_28195,ex:uncertain,nmo:hasPortrait
ex:coin_28196,ex:uncertain,nmo:hasPortrait
ex:coin_28380,ex:uncertain,nmo:hasPortrait
ex:coin_29574,ex:uncertain,nmo:hasPortrait
ex:coin_30207,ex:uncertain,nmo:hasPortrait
ex:coin_30613,ex:uncertain,nmo:hasPortrait
ex:coin_31632,ex:uncertain,nmo:hasPortrait
ex:coin_31658,ex:uncertain,nmo:hasPortrait
ex:coin_31736,ex:uncertain,nmo:hasPortrait
ex:coin_32034,ex:uncertain,nmo:hasPortrait
ex:coin_32568,ex:uncertain,nmo:hasPortrait
ex:coin_33331,ex:uncertain,nmo:hasPortrait
ex:coin_33577,ex:uncertain,nmo:hasPortrait
ex:coin_34220,ex:uncertain,nmo:hasPortrait
ex:coin_34318,ex:uncertain,nmo:hasPortrait
ex:coin_34365,ex:uncertain,nmo:hasPortrait
ex:coin_34522,ex:uncertain,nmo:hasPortrait
ex:coin_34629,ex:uncertain,nmo:hasPortrait
ex:coin_34697,ex:uncertain,nmo:hasPortrait
ex:coin_34837,ex:uncertain,nmo:hasPortrait
ex:coin_35130,ex:uncertain,nmo:hasPortrait
ex:coin_35235,ex:uncertain,nmo:hasPortrait
ex:coin_35241,ex:uncertain,nmo:hasPortrait
ex:coin_36829,ex:uncertain,nmo:hasPortrait
ex:coin_36865,ex:uncertain,nmo:hasPortrait
ex:coin_35179,ex:uncertain,nmo:hasPortrait
ex:coin_35289,ex:uncertain,nmo:hasPortrait
ex:coin_6877,ex:uncertain,nmo:hasPortrait
ex:coin_12495,ex:uncertain,nmo:hasPortrait
ex:coin_33323,ex:uncertain,nmo:hasPortrait
ex:coin_41535,ex:uncertain,nmo:hasPortrait
ex:coin_35263,ex:uncertain,nmo:hasPortrait
ex:coin_12297,ex:uncertain,nmo:hasPortrait
ex:coin_13130,ex:uncertain,nmo:hasPortrait
ex:coin_16645,ex:uncertain,nmo:hasPortrait
ex:coin_16797,ex:uncertain,nmo:hasPortrait
ex:coin_28215,ex:uncertain,nmo:hasPortrait
ex:coin_28646,ex:uncertain,nmo:hasPortrait
ex:coin_30166,ex:uncertain,nmo:hasPortrait
ex:coin_35522,ex:uncertain,nmo:hasPortrait
ex:coin_35622,ex:uncertain,nmo:hasPortrait
ex:coin_35633,ex:uncertain,nmo:hasPortrait
ex:coin_33483,ex:uncertain,nmo:hasPortrait
ex:coin_42931,ex:uncertain,nmo:hasPortrait
ex:coin_3122,ex:uncertain,nmo:hasPortrait
ex:coin_3131,ex:uncertain,nmo:hasPortrait
ex:coin_4733,ex:uncertain,nmo:hasPortrait
ex:coin_4734,ex:uncertain,nmo:hasPortrait
ex:coin_4737,ex:uncertain,nmo:hasPortrait
ex:coin_5743,ex:uncertain,nmo:hasPortrait
ex:coin_6528,ex:uncertain,nmo:hasPortrait
ex:coin_9120,ex:uncertain,nmo:hasPortrait
ex:coin_9487,ex:uncertain,nmo:hasPortrait
ex:coin_12284,ex:uncertain,nmo:hasPortrait
ex:coin_12982,ex:uncertain,nmo:hasPortrait
ex:coin_15663,ex:uncertain,nmo:hasPortrait
ex:coin_15962,ex:uncertain,nmo:hasPortrait
ex:coin_15973,ex:uncertain,nmo:hasPortrait
ex:coin_15976,ex:uncertain,nmo:hasPortrait
ex:coin_16012,ex:uncertain,nmo:hasPortrait
ex:coin_16219,ex:uncertain,nmo:hasPortrait
ex:coin_27987,ex:uncertain,nmo:hasPortrait
ex:coin_28681,ex:uncertain,nmo:hasPortrait
ex:coin_30074,ex:uncertain,nmo:hasPortrait
ex:coin_30220,ex:uncertain,nmo:hasPortrait
ex:coin_32387,ex:uncertain,nmo:hasPortrait
ex:coin_34794,ex:uncertain,nmo:hasPortrait
ex:coin_35937,ex:uncertain,nmo:hasPortrait
ex:coin_39112,ex:uncertain,nmo:hasPortrait
ex:coin_3123,ex:uncertain,nmo:hasPortrait
ex:coin_5079,ex:uncertain,nmo:hasPortrait
ex:coin_16172,ex:uncertain,nmo:hasPortrait
ex:coin_16683,ex:uncertain,nmo:hasPortrait
ex:coin_16826,ex:uncertain,nmo:hasPortrait
ex:coin_18457,ex:uncertain,nmo:hasPortrait
ex:coin_18484,ex:uncertain,nmo:hasPortrait
ex:coin_18630,ex:uncertain,nmo:hasPortrait
ex:coin_28981,ex:uncertain,nmo:hasPortrait
ex:coin_31273,ex:uncertain,nmo:hasPortrait
ex:coin_6137,ex:uncertain,nmo:hasPortrait
ex:coin_18639,ex:uncertain,nmo:hasPortrait
ex:coin_18390,ex:uncertain,nmo:hasPortrait
ex:coin_12944,ex:uncertain,nmo:hasPortrait
ex:coin_42775,ex:uncertain,nmo:hasPortrait
ex:coin_18176,ex:uncertain,nmo:hasPortrait
ex:coin_17839,ex:uncertain,nmo:hasPortrait
ex:coin_16709,ex:uncertain,nmo:hasPortrait
ex:coin_28053,ex:uncertain,nmo:hasPortrait
ex:coin_30150,ex:uncertain,nmo:hasPortrait
ex:coin_30151,ex:uncertain,nmo:hasPortrait
ex:coin_31176,ex:uncertain,nmo:hasPortrait
ex:coin_7923,ex:uncertain,nmo:hasPortrait
ex:coin_41406,ex:uncertain,nmo:hasPortrait
ex:coin_34828,ex:uncertain,nmo:hasPortrait
ex:coin_36911,ex:uncertain,nmo:hasPortrait
ex:coin_37009,ex:uncertain,nmo:hasPortrait
ex:coin_40839,ex:uncertain,nmo:hasPortrait
ex:coin_40845,ex:uncertain,nmo:hasPortrait
ex:coin_5853,ex:uncertain,nmo:hasPortrait
ex:coin_6016,ex:uncertain,nmo:hasPortrait
ex:coin_10196,ex:uncertain,nmo:hasPortrait
ex:coin_28589,ex:uncertain,nmo:hasPortrait
ex:coin_28983,ex:uncertain,nmo:hasPortrait
ex:coin_29057,ex:uncertain,nmo:hasPortrait
ex:coin_29440,ex:uncertain,nmo:hasPortrait
ex:coin_29938,ex:uncertain,nmo:hasPortrait
ex:coin_29939,ex:uncertain,nmo:hasPortrait
ex:coin_30101,ex:uncertain,nmo:hasPortrait
ex:coin_30128,ex:uncertain,nmo:hasPortrait
ex:coin_30152,ex:uncertain,nmo:hasPortrait
ex:coin_30185,ex:uncertain,nmo:hasPortrait
ex:coin_30495,ex:uncertain,nmo:hasPortrait
ex:coin_30945,ex:uncertain,nmo:hasPortrait
ex:coin_31965,ex:uncertain,nmo:hasPortrait
ex:coin_32258,ex:uncertain,nmo:hasPortrait
ex:coin_34165,ex:uncertain,nmo:hasPortrait
ex:coin_34267,ex:uncertain,nmo:hasPortrait
ex:coin_34295,ex:uncertain,nmo:hasPortrait
ex:coin_34296,ex:uncertain,nmo:hasPortrait
ex:coin_34325,ex:uncertain,nmo:hasPortrait
ex:coin_34397,ex:uncertain,nmo:hasPortrait
ex:coin_34413,ex:uncertain,nmo:hasPortrait
ex:coin_34417,ex:uncertain,nmo:hasPortrait
ex:coin_34630,ex:uncertain,nmo:hasPortrait
ex:coin_34631,ex:uncertain,nmo:hasPortrait
ex:coin_34632,ex:uncertain,nmo:hasPortrait
ex:coin_34633,ex:uncertain,nmo:hasPortrait
ex:coin_34634,ex:uncertain,nmo:hasPortrait
ex:coin_34635,ex:uncertain,nmo:hasPortrait
ex:coin_34753,ex:uncertain,nmo:hasPortrait
ex:coin_34790,ex:uncertain,nmo:hasPortrait
ex:coin_34791,ex:uncertain,nmo:hasPortrait
ex:coin_34845,ex:uncertain,nmo:hasPortrait
ex:coin_34861,ex:uncertain,nmo:hasPortrait
ex:coin_37345,ex:uncertain,nmo:hasPortrait
ex:coin_37379,ex:uncertain,nmo:hasPortrait
ex:coin_37399,ex:uncertain,nmo:hasPortrait
ex:coin_37413,ex:uncertain,nmo:hasPortrait
ex:coin_37420,ex:uncertain,nmo:hasPortrait
ex:coin_38549,ex:uncertain,nmo:hasPortrait
ex:coin_38550,ex:uncertain,nmo:hasPortrait
ex:coin_38551,ex:uncertain,nmo:hasPortrait
ex:coin_38552,ex:uncertain,nmo:hasPortrait
ex:coin_38553,ex:uncertain,nmo:hasPortrait
ex:coin_40627,ex:uncertain,nmo:hasPortrait
ex:coin_40667,ex:uncertain,nmo:hasPortrait
ex:coin_40677,ex:uncertain,nmo:hasPortrait
ex:coin_40680,ex:uncertain,nmo:hasPortrait
ex:coin_40718,ex:uncertain,nmo:hasPortrait
ex:coin_40733,ex:uncertain,nmo:hasPortrait
ex:coin_40792,ex:uncertain,nmo:hasPortrait
ex:coin_40930,ex:uncertain,nmo:hasPortrait
ex:coin_40940,ex:uncertain,nmo:hasPortrait
ex:coin_40960,ex:uncertain,nmo:hasPortrait
ex:coin_40989,ex:uncertain,nmo:hasPortrait
ex:coin_40994,ex:uncertain,nmo:hasPortrait
ex:coin_2036,ex:uncertain,nmo:hasPortrait
ex:coin_6559,ex:uncertain,nmo:hasPortrait
ex:coin_9815,ex:uncertain,nmo:hasPortrait
ex:coin_16852,ex:uncertain,nmo:hasPortrait
ex:coin_28353,ex:uncertain,nmo:hasPortrait
ex:coin_28452,ex:uncertain,nmo:hasPortrait
ex:coin_28477,ex:uncertain,nmo:hasPortrait
ex:coin_28478,ex:uncertain,nmo:hasPortrait
ex:coin_28481,ex:uncertain,nmo:hasPortrait
ex:coin_28484,ex:uncertain,nmo:hasPortrait
ex:coin_28486,ex:uncertain,nmo:hasPortrait
ex:coin_28489,ex:uncertain,nmo:hasPortrait
ex:coin_28492,ex:uncertain,nmo:hasPortrait
ex:coin_28494,ex:uncertain,nmo:hasPortrait
ex:coin_28575,ex:uncertain,nmo:hasPortrait
ex:coin_28591,ex:uncertain,nmo:hasPortrait
ex:coin_28592,ex:uncertain,nmo:hasPortrait
ex:coin_28877,ex:uncertain,nmo:hasPortrait
ex:coin_29041,ex:uncertain,nmo:hasPortrait
ex:coin_29043,ex:uncertain,nmo:hasPortrait
ex:coin_29067,ex:uncertain,nmo:hasPortrait
ex:coin_29069,ex:uncertain,nmo:hasPortrait
ex:coin_29201,ex:uncertain,nmo:hasPortrait
ex:coin_29358,ex:uncertain,nmo:hasPortrait
ex:coin_29362,ex:uncertain,nmo:hasPortrait
ex:coin_29370,ex:uncertain,nmo:hasPortrait
ex:coin_29428,ex:uncertain,nmo:hasPortrait
ex:coin_29511,ex:uncertain,nmo:hasPortrait
ex:coin_29623,ex:uncertain,nmo:hasPortrait
ex:coin_29677,ex:uncertain,nmo:hasPortrait
ex:coin_29710,ex:uncertain,nmo:hasPortrait
ex:coin_29729,ex:uncertain,nmo:hasPortrait
ex:coin_29749,ex:uncertain,nmo:hasPortrait
ex:coin_29875,ex:uncertain,nmo:hasPortrait
ex:coin_29921,ex:uncertain,nmo:hasPortrait
ex:coin_29922,ex:uncertain,nmo:hasPortrait
ex:coin_29924,ex:uncertain,nmo:hasPortrait
ex:coin_29994,ex:uncertain,nmo:hasPortrait
ex:coin_29995,ex:uncertain,nmo:hasPortrait
ex:coin_29996,ex:uncertain,nmo:hasPortrait
ex:coin_30023,ex:uncertain,nmo:hasPortrait
ex:coin_30027,ex:uncertain,nmo:hasPortrait
ex:coin_30028,ex:uncertain,nmo:hasPortrait
ex:coin_30029,ex:uncertain,nmo:hasPortrait
ex:coin_30032,ex:uncertain,nmo:hasPortrait
ex:coin_30050,ex:uncertain,nmo:hasPortrait
ex:coin_30056,ex:uncertain,nmo:hasPortrait
ex:coin_30061,ex:uncertain,nmo:hasPortrait
ex:coin_30067,ex:uncertain,nmo:hasPortrait
ex:coin_30082,ex:uncertain,nmo:hasPortrait
ex:coin_30142,ex:uncertain,nmo:hasPortrait
ex:coin_30170,ex:uncertain,nmo:hasPortrait
ex:coin_30184,ex:uncertain,nmo:hasPortrait
ex:coin_30205,ex:uncertain,nmo:hasPortrait
ex:coin_30215,ex:uncertain,nmo:hasPortrait
ex:coin_30216,ex:uncertain,nmo:hasPortrait
ex:coin_30226,ex:uncertain,nmo:hasPortrait
ex:coin_30295,ex:uncertain,nmo:hasPortrait
ex:coin_30296,ex:uncertain,nmo:hasPortrait
ex:coin_30298,ex:uncertain,nmo:hasPortrait
ex:coin_30321,ex:uncertain,nmo:hasPortrait
ex:coin_30323,ex:uncertain,nmo:hasPortrait
ex:coin_30385,ex:uncertain,nmo:hasPortrait
ex:coin_30394,ex:uncertain,nmo:hasPortrait
ex:coin_30414,ex:uncertain,nmo:hasPortrait
ex:coin_30565,ex:uncertain,nmo:hasPortrait
ex:coin_30591,ex:uncertain,nmo:hasPortrait
ex:coin_30597,ex:uncertain,nmo:hasPortrait
ex:coin_30615,ex:uncertain,nmo:hasPortrait
ex:coin_30627,ex:uncertain,nmo:hasPortrait
ex:coin_30631,ex:uncertain,nmo:hasPortrait
ex:coin_30675,ex:uncertain,nmo:hasPortrait
ex:coin_30714,ex:uncertain,nmo:hasPortrait
ex:coin_30724,ex:uncertain,nmo:hasPortrait
ex:coin_30725,ex:uncertain,nmo:hasPortrait
ex:coin_30771,ex:uncertain,nmo:hasPortrait
ex:coin_30792,ex:uncertain,nmo:hasPortrait
ex:coin_30794,ex:uncertain,nmo:hasPortrait
ex:coin_30811,ex:uncertain,nmo:hasPortrait
ex:coin_30813,ex:uncertain,nmo:hasPortrait
ex:coin_30867,ex:uncertain,nmo:hasPortrait
ex:coin_30880,ex:uncertain,nmo:hasPortrait
ex:coin_30882,ex:uncertain,nmo:hasPortrait
ex:coin_30941,ex:uncertain,nmo:hasPortrait
ex:coin_30958,ex:uncertain,nmo:hasPortrait
ex:coin_30964,ex:uncertain,nmo:hasPortrait
ex:coin_30973,ex:uncertain,nmo:hasPortrait
ex:coin_30997,ex:uncertain,nmo:hasPortrait
ex:coin_31009,ex:uncertain,nmo:hasPortrait
ex:coin_31036,ex:uncertain,nmo:hasPortrait
ex:coin_31057,ex:uncertain,nmo:hasPortrait
ex:coin_31079,ex:uncertain,nmo:hasPortrait
ex:coin_31083,ex:uncertain,nmo:hasPortrait
ex:coin_31086,ex:uncertain,nmo:hasPortrait
ex:coin_31117,ex:uncertain,nmo:hasPortrait
ex:coin_31170,ex:uncertain,nmo:hasPortrait
ex:coin_31188,ex:uncertain,nmo:hasPortrait
ex:coin_31196,ex:uncertain,nmo:hasPortrait
ex:coin_31215,ex:uncertain,nmo:hasPortrait
ex:coin_31217,ex:uncertain,nmo:hasPortrait
ex:coin_31228,ex:uncertain,nmo:hasPortrait
ex:coin_31243,ex:uncertain,nmo:hasPortrait
ex:coin_31261,ex:uncertain,nmo:hasPortrait
ex:coin_31290,ex:uncertain,nmo:hasPortrait
ex:coin_31291,ex:uncertain,nmo:hasPortrait
ex:coin_31303,ex:uncertain,nmo:hasPortrait
ex:coin_31306,ex:uncertain,nmo:hasPortrait
ex:coin_31313,ex:uncertain,nmo:hasPortrait
ex:coin_31317,ex:uncertain,nmo:hasPortrait
ex:coin_31324,ex:uncertain,nmo:hasPortrait
ex:coin_31333,ex:uncertain,nmo:hasPortrait
ex:coin_31343,ex:uncertain,nmo:hasPortrait
ex:coin_31352,ex:uncertain,nmo:hasPortrait
ex:coin_31357,ex:uncertain,nmo:hasPortrait
ex:coin_31380,ex:uncertain,nmo:hasPortrait
ex:coin_31403,ex:uncertain,nmo:hasPortrait
ex:coin_31464,ex:uncertain,nmo:hasPortrait
ex:coin_31467,ex:uncertain,nmo:hasPortrait
ex:coin_31475,ex:uncertain,nmo:hasPortrait
ex:coin_31478,ex:uncertain,nmo:hasPortrait
ex:coin_31508,ex:uncertain,nmo:hasPortrait
ex:coin_31532,ex:uncertain,nmo:hasPortrait
ex:coin_31544,ex:uncertain,nmo:hasPortrait
ex:coin_31561,ex:uncertain,nmo:hasPortrait
ex:coin_31574,ex:uncertain,nmo:hasPortrait
ex:coin_31578,ex:uncertain,nmo:hasPortrait
ex:coin_31580,ex:uncertain,nmo:hasPortrait
ex:coin_31581,ex:uncertain,nmo:hasPortrait
ex:coin_31582,ex:uncertain,nmo:hasPortrait
ex:coin_31590,ex:uncertain,nmo:hasPortrait
ex:coin_31592,ex:uncertain,nmo:hasPortrait
ex:coin_31604,ex:uncertain,nmo:hasPortrait
ex:coin_31625,ex:uncertain,nmo:hasPortrait
ex:coin_31641,ex:uncertain,nmo:hasPortrait
ex:coin_31674,ex:uncertain,nmo:hasPortrait
ex:coin_31676,ex:uncertain,nmo:hasPortrait
ex:coin_31677,ex:uncertain,nmo:hasPortrait
ex:coin_31691,ex:uncertain,nmo:hasPortrait
ex:coin_31749,ex:uncertain,nmo:hasPortrait
ex:coin_31760,ex:uncertain,nmo:hasPortrait
ex:coin_31780,ex:uncertain,nmo:hasPortrait
ex:coin_31786,ex:uncertain,nmo:hasPortrait
ex:coin_31800,ex:uncertain,nmo:hasPortrait
ex:coin_31811,ex:uncertain,nmo:hasPortrait
ex:coin_31819,ex:uncertain,nmo:hasPortrait
ex:coin_31827,ex:uncertain,nmo:hasPortrait
ex:coin_31858,ex:uncertain,nmo:hasPortrait
ex:coin_31873,ex:uncertain,nmo:hasPortrait
ex:coin_31899,ex:uncertain,nmo:hasPortrait
ex:coin_31904,ex:uncertain,nmo:hasPortrait
ex:coin_31929,ex:uncertain,nmo:hasPortrait
ex:coin_31969,ex:uncertain,nmo:hasPortrait
ex:coin_31989,ex:uncertain,nmo:hasPortrait
ex:coin_31990,ex:uncertain,nmo:hasPortrait
ex:coin_31992,ex:uncertain,nmo:hasPortrait
ex:coin_32036,ex:uncertain,nmo:hasPortrait
ex:coin_32038,ex:uncertain,nmo:hasPortrait
ex:coin_32040,ex:uncertain,nmo:hasPortrait
ex:coin_32055,ex:uncertain,nmo:hasPortrait
ex:coin_32085,ex:uncertain,nmo:hasPortrait
ex:coin_32109,ex:uncertain,nmo:hasPortrait
ex:coin_32166,ex:uncertain,nmo:hasPortrait
ex:coin_32167,ex:uncertain,nmo:hasPortrait
ex:coin_32170,ex:uncertain,nmo:hasPortrait
ex:coin_32205,ex:uncertain,nmo:hasPortrait
ex:coin_32213,ex:uncertain,nmo:hasPortrait
ex:coin_32227,ex:uncertain,nmo:hasPortrait
ex:coin_32238,ex:uncertain,nmo:hasPortrait
ex:coin_32285,ex:uncertain,nmo:hasPortrait
ex:coin_32303,ex:uncertain,nmo:hasPortrait
ex:coin_32324,ex:uncertain,nmo:hasPortrait
ex:coin_32338,ex:uncertain,nmo:hasPortrait
ex:coin_32339,ex:uncertain,nmo:hasPortrait
ex:coin_32342,ex:uncertain,nmo:hasPortrait
ex:coin_32347,ex:uncertain,nmo:hasPortrait
ex:coin_32352,ex:uncertain,nmo:hasPortrait
ex:coin_32371,ex:uncertain,nmo:hasPortrait
ex:coin_32394,ex:uncertain,nmo:hasPortrait
ex:coin_32395,ex:uncertain,nmo:hasPortrait
ex:coin_32405,ex:uncertain,nmo:hasPortrait
ex:coin_32420,ex:uncertain,nmo:hasPortrait
ex:coin_32428,ex:uncertain,nmo:hasPortrait
ex:coin_32447,ex:uncertain,nmo:hasPortrait
ex:coin_32448,ex:uncertain,nmo:hasPortrait
ex:coin_32470,ex:uncertain,nmo:hasPortrait
ex:coin_32474,ex:uncertain,nmo:hasPortrait
ex:coin_32538,ex:uncertain,nmo:hasPortrait
ex:coin_32611,ex:uncertain,nmo:hasPortrait
ex:coin_32682,ex:uncertain,nmo:hasPortrait
ex:coin_32686,ex:uncertain,nmo:hasPortrait
ex:coin_32692,ex:uncertain,nmo:hasPortrait
ex:coin_32782,ex:uncertain,nmo:hasPortrait
ex:coin_32787,ex:uncertain,nmo:hasPortrait
ex:coin_32793,ex:uncertain,nmo:hasPortrait
ex:coin_32816,ex:uncertain,nmo:hasPortrait
ex:coin_32817,ex:uncertain,nmo:hasPortrait
ex:coin_32857,ex:uncertain,nmo:hasPortrait
ex:coin_32913,ex:uncertain,nmo:hasPortrait
ex:coin_32934,ex:uncertain,nmo:hasPortrait
ex:coin_32979,ex:uncertain,nmo:hasPortrait
ex:coin_33003,ex:uncertain,nmo:hasPortrait
ex:coin_33009,ex:uncertain,nmo:hasPortrait
ex:coin_33022,ex:uncertain,nmo:hasPortrait
ex:coin_33025,ex:uncertain,nmo:hasPortrait
ex:coin_33030,ex:uncertain,nmo:hasPortrait
ex:coin_33040,ex:uncertain,nmo:hasPortrait
ex:coin_33044,ex:uncertain,nmo:hasPortrait
ex:coin_33066,ex:uncertain,nmo:hasPortrait
ex:coin_33070,ex:uncertain,nmo:hasPortrait
ex:coin_33078,ex:uncertain,nmo:hasPortrait
ex:coin_33085,ex:uncertain,nmo:hasPortrait
ex:coin_33086,ex:uncertain,nmo:hasPortrait
ex:coin_33110,ex:uncertain,nmo:hasPortrait
ex:coin_33222,ex:uncertain,nmo:hasPortrait
ex:coin_33236,ex:uncertain,nmo:hasPortrait
ex:coin_33247,ex:uncertain,nmo:hasPortrait
ex:coin_33257,ex:uncertain,nmo:hasPortrait
ex:coin_33302,ex:uncertain,nmo:hasPortrait
ex:coin_33336,ex:uncertain,nmo:hasPortrait
ex:coin_33356,ex:uncertain,nmo:hasPortrait
ex:coin_33384,ex:uncertain,nmo:hasPortrait
ex:coin_33391,ex:uncertain,nmo:hasPortrait
ex:coin_33395,ex:uncertain,nmo:hasPortrait
ex:coin_33396,ex:uncertain,nmo:hasPortrait
ex:coin_33401,ex:uncertain,nmo:hasPortrait
ex:coin_33405,ex:uncertain,nmo:hasPortrait
ex:coin_33424,ex:uncertain,nmo:hasPortrait
ex:coin_33426,ex:uncertain,nmo:hasPortrait
ex:coin_33427,ex:uncertain,nmo:hasPortrait
ex:coin_33428,ex:uncertain,nmo:hasPortrait
ex:coin_33433,ex:uncertain,nmo:hasPortrait
ex:coin_33453,ex:uncertain,nmo:hasPortrait
ex:coin_33477,ex:uncertain,nmo:hasPortrait
ex:coin_33501,ex:uncertain,nmo:hasPortrait
ex:coin_33544,ex:uncertain,nmo:hasPortrait
ex:coin_33548,ex:uncertain,nmo:hasPortrait
ex:coin_33584,ex:uncertain,nmo:hasPortrait
ex:coin_33590,ex:uncertain,nmo:hasPortrait
ex:coin_33684,ex:uncertain,nmo:hasPortrait
ex:coin_33745,ex:uncertain,nmo:hasPortrait
ex:coin_33760,ex:uncertain,nmo:hasPortrait
ex:coin_33761,ex:uncertain,nmo:hasPortrait
ex:coin_33853,ex:uncertain,nmo:hasPortrait
ex:coin_33941,ex:uncertain,nmo:hasPortrait
ex:coin_34216,ex:uncertain,nmo:hasPortrait
ex:coin_34299,ex:uncertain,nmo:hasPortrait
ex:coin_34368,ex:uncertain,nmo:hasPortrait
ex:coin_34409,ex:uncertain,nmo:hasPortrait
ex:coin_34724,ex:uncertain,nmo:hasPortrait
ex:coin_34728,ex:uncertain,nmo:hasPortrait
ex:coin_34774,ex:uncertain,nmo:hasPortrait
ex:coin_34808,ex:uncertain,nmo:hasPortrait
ex:coin_34821,ex:uncertain,nmo:hasPortrait
ex:coin_34823,ex:uncertain,nmo:hasPortrait
ex:coin_34829,ex:uncertain,nmo:hasPortrait
ex:coin_34857,ex:uncertain,nmo:hasPortrait
ex:coin_34863,ex:uncertain,nmo:hasPortrait
ex:coin_34866,ex:uncertain,nmo:hasPortrait
ex:coin_34871,ex:uncertain,nmo:hasPortrait
ex:coin_34875,ex:uncertain,nmo:hasPortrait
ex:coin_34879,ex:uncertain,nmo:hasPortrait
ex:coin_34885,ex:uncertain,nmo:hasPortrait
ex:coin_34894,ex:uncertain,nmo:hasPortrait
ex:coin_34901,ex:uncertain,nmo:hasPortrait
ex:coin_34913,ex:uncertain,nmo:hasPortrait
ex:coin_34926,ex:uncertain,nmo:hasPortrait
ex:coin_34928,ex:uncertain,nmo:hasPortrait
ex:coin_34969,ex:uncertain,nmo:hasPortrait
ex:coin_34983,ex:uncertain,nmo:hasPortrait
ex:coin_35048,ex:uncertain,nmo:hasPortrait
ex:coin_35086,ex:uncertain,nmo:hasPortrait
ex:coin_35232,ex:uncertain,nmo:hasPortrait
ex:coin_35248,ex:uncertain,nmo:hasPortrait
ex:coin_35267,ex:uncertain,nmo:hasPortrait
ex:coin_36362,ex:uncertain,nmo:hasPortrait
ex:coin_36440,ex:uncertain,nmo:hasPortrait
ex:coin_36530,ex:uncertain,nmo:hasPortrait
ex:coin_36626,ex:uncertain,nmo:hasPortrait
ex:coin_36798,ex:uncertain,nmo:hasPortrait
ex:coin_36838,ex:uncertain,nmo:hasPortrait
ex:coin_36861,ex:uncertain,nmo:hasPortrait
ex:coin_36872,ex:uncertain,nmo:hasPortrait
ex:coin_36874,ex:uncertain,nmo:hasPortrait
ex:coin_36878,ex:uncertain,nmo:hasPortrait
ex:coin_36882,ex:uncertain,nmo:hasPortrait
ex:coin_36888,ex:uncertain,nmo:hasPortrait
ex:coin_36892,ex:uncertain,nmo:hasPortrait
ex:coin_36899,ex:uncertain,nmo:hasPortrait
ex:coin_36907,ex:uncertain,nmo:hasPortrait
ex:coin_36912,ex:uncertain,nmo:hasPortrait
ex:coin_36913,ex:uncertain,nmo:hasPortrait
ex:coin_36914,ex:uncertain,nmo:hasPortrait
ex:coin_36917,ex:uncertain,nmo:hasPortrait
ex:coin_36932,ex:uncertain,nmo:hasPortrait
ex:coin_36942,ex:uncertain,nmo:hasPortrait
ex:coin_36954,ex:uncertain,nmo:hasPortrait
ex:coin_37517,ex:uncertain,nmo:hasPortrait
ex:coin_37721,ex:uncertain,nmo:hasPortrait
ex:coin_37736,ex:uncertain,nmo:hasPortrait
ex:coin_37742,ex:uncertain,nmo:hasPortrait
ex:coin_37826,ex:uncertain,nmo:hasPortrait
ex:coin_39209,ex:uncertain,nmo:hasPortrait
ex:coin_39318,ex:uncertain,nmo:hasPortrait
ex:coin_39360,ex:uncertain,nmo:hasPortrait
ex:coin_39792,ex:uncertain,nmo:hasPortrait
ex:coin_40102,ex:uncertain,nmo:hasPortrait
ex:coin_40127,ex:uncertain,nmo:hasPortrait
ex:coin_40142,ex:uncertain,nmo:hasPortrait
ex:coin_40145,ex:uncertain,nmo:hasPortrait
ex:coin_41453,ex:uncertain,nmo:hasPortrait
ex:coin_41470,ex:uncertain,nmo:hasPortrait
ex:coin_41483,ex:uncertain,nmo:hasPortrait
ex:coin_41487,ex:uncertain,nmo:hasPortrait
ex:coin_5703,ex:uncertain,nmo:hasPortrait
ex:coin_1618,ex:uncertain,nmo:hasPortrait
ex:coin_14761,ex:uncertain,nmo:hasPortrait
ex:coin_27389,ex:uncertain,nmo:hasPortrait
ex:coin_30267,ex:uncertain,nmo:hasPortrait
ex:coin_30913,ex:uncertain,nmo:hasPortrait
ex:coin_32683,ex:uncertain,nmo:hasPortrait
ex:coin_32754,ex:uncertain,nmo:hasPortrait
ex:coin_33507,ex:uncertain,nmo:hasPortrait
ex:coin_39720,ex:uncertain,nmo:hasPortrait
ex:coin_40092,ex:uncertain,nmo:hasPortrait
ex:coin_40097,ex:uncertain,nmo:hasPortrait
ex:coin_40109,ex:uncertain,nmo:hasPortrait
ex:coin_41343,ex:uncertain,nmo:hasPortrait
ex:coin_41540,ex:uncertain,nmo:hasPortrait
ex:coin_42181,ex:uncertain,nmo:hasPortrait
ex:coin_42307,ex:uncertain,nmo:hasPortrait
ex:coin_42312,ex:uncertain,nmo:hasPortrait
ex:coin_42318,ex:uncertain,nmo:hasPortrait
ex:coin_42319,ex:uncertain,nmo:hasPortrait
ex:coin_42320,ex:uncertain,nmo:hasPortrait
ex:coin_42322,ex:uncertain,nmo:hasPortrait
ex:coin_42632,ex:uncertain,nmo:hasPortrait
ex:coin_42633,ex:uncertain,nmo:hasPortrait
ex:coin_42634,ex:uncertain,nmo:hasPortrait
ex:coin_42649,ex:uncertain,nmo:hasPortrait
ex:coin_42650,ex:uncertain,nmo:hasPortrait
ex:coin_42652,ex:uncertain,nmo:hasPortrait
ex:coin_42653,ex:uncertain,nmo:hasPortrait
ex:coin_42654,ex:uncertain,nmo:hasPortrait
ex:coin_42656,ex:uncertain,nmo:hasPortrait
ex:coin_42657,ex:uncertain,nmo:hasPortrait
ex:coin_42658,ex:uncertain,nmo:hasPortrait
ex:coin_42659,ex:uncertain,nmo:hasPortrait
ex:coin_42660,ex:uncertain,nmo:hasPortrait
ex:coin_42661,ex:uncertain,nmo:hasPortrait
ex:coin_42662,ex:uncertain,nmo:hasPortrait
ex:coin_42663,ex:uncertain,nmo:hasPortrait
ex:coin_42664,ex:uncertain,nmo:hasPortrait
ex:coin_42665,ex:uncertain,nmo:hasPortrait
ex:coin_42666,ex:uncertain,nmo:hasPortrait
ex:coin_42667,ex:uncertain,nmo:hasPortrait
ex:coin_42668,ex:uncertain,nmo:hasPortrait
ex:coin_16853,ex:uncertain,nmo:hasPortrait
ex:coin_16859,ex:uncertain,nmo:hasPortrait
ex:coin_30206,ex:uncertain,nmo:hasPortrait
ex:coin_33570,ex:uncertain,nmo:hasPortrait
ex:coin_41479,ex:uncertain,nmo:hasPortrait
ex:coin_1530,ex:uncertain,nmo:hasPortrait
ex:coin_1613,ex:uncertain,nmo:hasPortrait
ex:coin_1616,ex:uncertain,nmo:hasPortrait
ex:coin_1627,ex:uncertain,nmo:hasPortrait
ex:coin_1628,ex:uncertain,nmo:hasPortrait
ex:coin_5085,ex:uncertain,nmo:hasPortrait
ex:coin_5090,ex:uncertain,nmo:hasPortrait
ex:coin_27385,ex:uncertain,nmo:hasPortrait
ex:coin_28510,ex:uncertain,nmo:hasPortrait
ex:coin_28511,ex:uncertain,nmo:hasPortrait
ex:coin_29154,ex:uncertain,nmo:hasPortrait
ex:coin_29619,ex:uncertain,nmo:hasPortrait
ex:coin_29621,ex:uncertain,nmo:hasPortrait
ex:coin_29622,ex:uncertain,nmo:hasPortrait
ex:coin_30003,ex:uncertain,nmo:hasPortrait
ex:coin_30346,ex:uncertain,nmo:hasPortrait
ex:coin_30438,ex:uncertain,nmo:hasPortrait
ex:coin_30483,ex:uncertain,nmo:hasPortrait
ex:coin_30517,ex:uncertain,nmo:hasPortrait
ex:coin_30780,ex:uncertain,nmo:hasPortrait
ex:coin_30869,ex:uncertain,nmo:hasPortrait
ex:coin_31565,ex:uncertain,nmo:hasPortrait
ex:coin_31684,ex:uncertain,nmo:hasPortrait
ex:coin_31718,ex:uncertain,nmo:hasPortrait
ex:coin_31803,ex:uncertain,nmo:hasPortrait
ex:coin_31940,ex:uncertain,nmo:hasPortrait
ex:coin_31981,ex:uncertain,nmo:hasPortrait
ex:coin_32013,ex:uncertain,nmo:hasPortrait
ex:coin_32042,ex:uncertain,nmo:hasPortrait
ex:coin_32247,ex:uncertain,nmo:hasPortrait
ex:coin_32293,ex:uncertain,nmo:hasPortrait
ex:coin_32308,ex:uncertain,nmo:hasPortrait
ex:coin_32411,ex:uncertain,nmo:hasPortrait
ex:coin_32533,ex:uncertain,nmo:hasPortrait
ex:coin_32579,ex:uncertain,nmo:hasPortrait
ex:coin_32595,ex:uncertain,nmo:hasPortrait
ex:coin_32656,ex:uncertain,nmo:hasPortrait
ex:coin_32741,ex:uncertain,nmo:hasPortrait
ex:coin_32917,ex:uncertain,nmo:hasPortrait
ex:coin_32926,ex:uncertain,nmo:hasPortrait
ex:coin_33371,ex:uncertain,nmo:hasPortrait
ex:coin_33437,ex:uncertain,nmo:hasPortrait
ex:coin_33455,ex:uncertain,nmo:hasPortrait
ex:coin_33868,ex:uncertain,nmo:hasPortrait
ex:coin_37934,ex:uncertain,nmo:hasPortrait
ex:coin_37987,ex:uncertain,nmo:hasPortrait
ex:coin_38022,ex:uncertain,nmo:hasPortrait
ex:coin_38047,ex:uncertain,nmo:hasPortrait
ex:coin_38048,ex:uncertain,nmo:hasPortrait
ex:coin_38126,ex:uncertain,nmo:hasPortrait
ex:coin_38345,ex:uncertain,nmo:hasPortrait
ex:coin_38433,ex:uncertain,nmo:hasPortrait
ex:coin_39784,ex:uncertain,nmo:hasPortrait
ex:coin_40081,ex:uncertain,nmo:hasPortrait
ex:coin_28002,ex:uncertain,nmo:hasPortrait
ex:coin_30179,ex:uncertain,nmo:hasPortrait
