s,p,o,weight,model
ex:coin_1534,nmo:hasIssuer,ex:issuer_33,1.0,
ex:coin_1534,nmo:hasPortrait,ex:person_2,1.0,
ex:person_2,ex:hasPossibleIssuers,ex:issuer_33,1.0,
ex:person_2,ex:hasPossibleIssuers,ex:issuer_48,1.0,
ex:issuer_33,ex:inPossibleIssuersOf,ex:person_2,1.0,
ex:issuer_33,ex:inPossibleIssuersOf,ex:person_107,1.0,
ex:issuer_33,ex:inPossibleIssuersOf,ex:person_176,1.0,
ex:person_107,ex:hasPossibleIssuers,ex:issuer_33,1.0,
ex:person_107,ex:hasPossibleIssuers,ex:issuer_52,1.0,
ex:person_176,ex:hasPossibleIssuers,ex:issuer_33,1.0,
ex:coin_1812,nmo:hasIssuer,ex:issuer_33,1.0,
ex:coin_1812,nmo:hasPortrait,ex:person_2,1.0,
ex:coin_6421,nmo:hasIssuer,ex:issuer_33,1.0,
ex:coin_6421,nmo:hasPortrait,ex:person_2,1.0,
ex:coin_9073,nmo:hasIssuer,ex:issuer_33,1.0,
ex:coin_9073,nmo:hasPortrait,ex:person_2,1.0,
ex:coin_9427,nmo:hasIssuer,ex:issuer_33,1.0,
ex:coin_9427,nmo:hasPortrait,ex:person_2,1.0,
ex:coin_10123,nmo:hasIssuer,ex:issuer_33,1.0,
ex:coin_10123,nmo:hasPortrait,ex:person_2,1.0,
ex:coin_10154,nmo:hasIssuer,ex:issuer_33,1.0,
ex:coin_10154,nmo:hasPortrait,ex:person_2,1.0,
ex:coin_11651,nmo:hasIssuer,ex:issuer_33,1.0,
ex:coin_11651,nmo:hasPortrait,ex:person_2,1.0,
ex:coin_12037,nmo:hasIssuer,ex:issuer_33,1.0,
ex:coin_12037,nmo:hasPortrait,ex:person_2,1.0,
ex:coin_12831,nmo:hasIssuer,ex:issuer_33,1.0,
ex:coin_12831,nmo:hasPortrait,ex:person_2,1.0,
ex:coin_13232,nmo:hasIssuer,ex:issuer_33,1.0,
ex:coin_13232,nmo:hasPortrait,ex:person_2,1.0,
ex:coin_13504,nmo:hasIssuer,ex:issuer_33,1.0,
ex:coin_13504,nmo:hasPortrait,ex:person_2,1.0,
ex:coin_13743,nmo:hasIssuer,ex:issuer_33,1.0,
ex:coin_13743,nmo:hasPortrait,ex:person_2,1.0,
ex:coin_14201,nmo:hasIssuer,ex:issuer_33,1.0,
ex:coin_14201,nmo:hasPortrait,ex:person_2,1.0,
ex:coin_15055,nmo:hasIssuer,ex:issuer_33,1.0,
ex:coin_15055,nmo:hasPortrait,ex:person_2,1.0,
ex:coin_16275,nmo:hasIssuer,ex:issuer_33,1.0,
ex:coin_16275,nmo:hasPortrait,ex:person_2,1.0,
ex:coin_16276,nmo:hasIssuer,ex:issuer_33,1.0,
ex:coin_16276,nmo:hasPortrait,ex:person_2,1.0,
ex:coin_17623,nmo:hasIssuer,ex:issuer_33,1.0,
ex:coin_17623,nmo:hasPortrait,ex:person_2,1.0,
ex:coin_18398,nmo:hasIssuer,ex:issuer_33,1.0,
ex:coin_18398,nmo:hasPortrait,ex:person_2,1.0,
ex:coin_30573,nmo:hasIssuer,ex:issuer_33,1.0,
ex:coin_30573,nmo:hasPortrait,ex:person_2,1.0,
ex:coin_32267,nmo:hasIssuer,ex:issuer_33,1.0,
ex:coin_32267,nmo:hasPortrait,ex:person_2,1.0,
ex:coin_33518,nmo:hasIssuer,ex:issuer_33,1.0,
ex:coin_33518,nmo:hasPortrait,ex:person_2,1.0,
ex:coin_35007,nmo:hasIssuer,ex:issuer_33,1.0,
ex:coin_35007,nmo:hasPortrait,ex:person_2,1.0,
ex:coin_35008,nmo:hasIssuer,ex:issuer_33,1.0,
ex:coin_35008,nmo:hasPortrait,ex:person_2,1.0,
ex:coin_35072,nmo:hasIssuer,ex:issuer_33,1.0,
ex:coin_35072,nmo:hasPortrait,ex:person_2,1.0,
ex:coin_35073,nmo:hasIssuer,ex:issuer_33,1.0,
ex:coin_35073,nmo:hasPortrait,ex:person_2,1.0,
ex:coin_35074,nmo:hasIssuer,ex:issuer_33,1.0,
ex:coin_35074,nmo:hasPortrait,ex:person_2,1.0,
ex:coin_35149,nmo:hasIssuer,ex:issuer_33,1.0,
ex:coin_35149,nmo:hasPortrait,ex:person_2,1.0,
ex:coin_35279,nmo:hasIssuer,ex:issuer_33,1.0,
ex:coin_35279,nmo:hasPortrait,ex:person_2,1.0,
ex:coin_36971,nmo:hasIssuer,ex:issuer_33,1.0,
ex:coin_36971,nmo:hasPortrait,ex:person_2,1.0,
ex:coin_42921,nmo:hasIssuer,ex:issuer_33,1.0,
ex:coin_42921,nmo:hasPortrait,ex:person_2,1.0,
ex:coin_42922,nmo:hasIssuer,ex:issuer_33,1.0,
ex:coin_42922,nmo:hasPortrait,ex:person_2,1.0,
ex:coin_1535,nmo:hasIssuer,ex:issuer_48,1.0,
ex:coin_1535,nmo:hasPortrait,ex:person_4,1.0,
ex:person_4,ex:hasPossibleIssuers,ex:issuer_48,1.0,
ex:person_4,ex:hasPossibleIssuers,ex:issuer_52,1.0,
ex:person_4,ex:hasPossibleIssuers,ex:issuer_53,1.0,
ex:person_4,ex:hasPossibleIssuers,ex:issuer_288,1.0,
ex:issuer_48,ex:inPossibleIssuersOf,ex:person_2,1.0,
ex:issuer_48,ex:inPossibleIssuersOf,ex:person_4,1.0,
ex:issuer_48,ex:inPossibleIssuersOf,ex:person_129,1.0,
ex:issuer_48,ex:inPossibleIssuersOf,ex:person_155,1.0,
ex:issuer_48,ex:inPossibleIssuersOf,ex:person_156,1.0,
ex:person_129,ex:hasPossibleIssuers,ex:issuer_48,1.0,
ex:person_129,ex:hasPossibleIssuers,ex:issuer_53,1.0,
ex:person_129,ex:hasPossibleIssuers,ex:issuer_58,1.0,
ex:person_155,ex:hasPossibleIssuers,ex:issuer_48,1.0,
ex:person_155,ex:hasPossibleIssuers,ex:issuer_53,1.0,
ex:person_156,ex:hasPossibleIssuers,ex:issuer_48,1.0,
ex:coin_1585,nmo:hasIssuer,ex:issuer_48,1.0,
ex:coin_1585,nmo:hasPortrait,ex:person_4,1.0,
ex:coin_1791,nmo:hasIssuer,ex:issuer_48,1.0,
ex:coin_1791,nmo:hasPortrait,ex:person_4,1.0,
ex:coin_1876,nmo:hasIssuer,ex:issuer_48,1.0,
ex:coin_1876,nmo:hasPortrait,ex:person_4,1.0,
ex:coin_1877,nmo:hasIssuer,ex:issuer_48,1.0,
ex:coin_1877,nmo:hasPortrait,ex:person_4,1.0,
ex:coin_1878,nmo:hasIssuer,ex:issuer_48,1.0,
ex:coin_1878,nmo:hasPortrait,ex:person_4,1.0,
ex:coin_1879,nmo:hasIssuer,ex:issuer_48,1.0,
ex:coin_1879,nmo:hasPortrait,ex:person_4,1.0,
ex:coin_1880,nmo:hasIssuer,ex:issuer_48,1.0,
ex:coin_1880,nmo:hasPortrait,ex:person_4,1.0,
ex:coin_5350,nmo:hasIssuer,ex:issuer_48,1.0,
ex:coin_5350,nmo:hasPortrait,ex:person_4,1.0,
ex:coin_5405,nmo:hasIssuer,ex:issuer_48,1.0,
ex:coin_5405,nmo:hasPortrait,ex:person_4,1.0,
ex:coin_5756,nmo:hasIssuer,ex:issuer_48,1.0,
ex:coin_5756,nmo:hasPortrait,ex:person_156,1.0,
ex:coin_6197,nmo:hasIssuer,ex:issuer_48,1.0,
ex:coin_6197,nmo:hasPortrait,ex:person_4,1.0,
ex:coin_6448,nmo:hasIssuer,ex:issuer_48,1.0,
ex:coin_6448,nmo:hasPortrait,ex:person_4,1.0,
ex:coin_6505,nmo:hasIssuer,ex:issuer_48,1.0,
ex:coin_6505,nmo:hasPortrait,ex:person_4,1.0,
ex:coin_6555,nmo:hasIssuer,ex:issuer_48,1.0,
ex:coin_6555,nmo:hasPortrait,ex:person_4,1.0,
ex:coin_6612,nmo:hasIssuer,ex:issuer_48,1.0,
ex:coin_6612,nmo:hasPortrait,ex:person_107,1.0,
ex:coin_7550,nmo:hasIssuer,ex:issuer_48,1.0,
ex:coin_7550,nmo:hasPortrait,ex:person_4,1.0,
ex:coin_7922,nmo:hasIssuer,ex:issuer_48,1.0,
ex:coin_7922,nmo:hasPortrait,ex:person_154,1.0,
ex:person_154,ex:hasPossibleIssuers,ex:issuer_52,1.0,
ex:coin_7999,nmo:hasIssuer,ex:issuer_48,1.0,
ex:coin_7999,nmo:hasPortrait,ex:person_4,1.0,
ex:coin_8376,nmo:hasIssuer,ex:issuer_48,1.0,
ex:coin_8376,nmo:hasPortrait,ex:person_4,1.0,
ex:coin_8581,nmo:hasIssuer,ex:issuer_48,1.0,
ex:coin_8581,nmo:hasPortrait,ex:person_4,1.0,
ex:coin_8681,nmo:hasIssuer,ex:issuer_48,1.0,
ex:coin_8681,nmo:hasPortrait,ex:person_4,1.0,
ex:coin_10956,nmo:hasIssuer,ex:issuer_48,1.0,
ex:coin_10956,nmo:hasPortrait,ex:person_4,1.0,
ex:coin_11034,nmo:hasIssuer,ex:issuer_48,1.0,
ex:coin_11034,nmo:hasPortrait,ex:person_4,1.0,
ex:coin_11035,nmo:hasIssuer,ex:issuer_48,1.0,
ex:coin_11035,nmo:hasPortrait,ex:person_4,1.0,
ex:coin_13087,nmo:hasIssuer,ex:issuer_48,1.0,
ex:coin_13087,nmo:hasPortrait,ex:person_4,1.0,
ex:coin_13426,nmo:hasIssuer,ex:issuer_48,1.0,
ex:coin_13426,nmo:hasPortrait,ex:person_4,1.0,
ex:coin_14185,nmo:hasIssuer,ex:issuer_48,1.0,
ex:coin_14185,nmo:hasPortrait,ex:person_4,1.0,
ex:coin_14190,nmo:hasIssuer,ex:issuer_48,1.0,
ex:coin_14190,nmo:hasPortrait,ex:person_4,1.0,
ex:coin_14202,nmo:hasIssuer,ex:issuer_48,1.0,
ex:coin_14202,nmo:hasPortrait,ex:person_4,1.0,
ex:coin_15659,nmo:hasIssuer,ex:issuer_48,1.0,
ex:coin_15659,nmo:hasPortrait,ex:person_4,1.0,
ex:coin_16416,nmo:hasIssuer,ex:issuer_48,1.0,
ex:coin_16416,nmo:hasPortrait,ex:person_4,1.0,
ex:coin_16419,nmo:hasIssuer,ex:issuer_48,1.0,
ex:coin_16419,nmo:hasPortrait,ex:person_4,1.0,
ex:coin_18377,nmo:hasIssuer,ex:issuer_48,1.0,
ex:coin_18377,nmo:hasPortrait,ex:person_4,1.0,
ex:coin_35009,nmo:hasIssuer,ex:issuer_48,1.0,
ex:coin_35009,nmo:hasPortrait,ex:person_4,1.0,
ex:coin_35010,nmo:hasIssuer,ex:issuer_48,1.0,
ex:coin_35010,nmo:hasPortrait,ex:person_4,1.0,
ex:coin_35011,nmo:hasIssuer,ex:issuer_48,1.0,
ex:coin_35011,nmo:hasPortrait,ex:person_4,1.0,
ex:coin_35012,nmo:hasIssuer,ex:issuer_48,1.0,
ex:coin_35012,nmo:hasPortrait,ex:person_4,1.0,
ex:coin_35013,nmo:hasIssuer,ex:issuer_48,1.0,
ex:coin_35013,nmo:hasPortrait,ex:person_4,1.0,
ex:coin_35014,nmo:hasIssuer,ex:issuer_48,1.0,
ex:coin_35014,nmo:hasPortrait,ex:person_4,1.0,
ex:coin_35015,nmo:hasIssuer,ex:issuer_48,1.0,
ex:coin_35015,nmo:hasPortrait,ex:person_4,1.0,
ex:coin_35016,nmo:hasIssuer,ex:issuer_48,1.0,
ex:coin_35016,nmo:hasPortrait,ex:person_4,1.0,
ex:coin_35077,nmo:hasIssuer,ex:issuer_48,1.0,
ex:coin_35077,nmo:hasPortrait,ex:person_4,1.0,
ex:coin_35102,nmo:hasIssuer,ex:issuer_48,1.0,
ex:coin_35102,nmo:hasPortrait,ex:person_4,1.0,
ex:coin_35103,nmo:hasIssuer,ex:issuer_48,1.0,
ex:coin_35103,nmo:hasPortrait,ex:person_4,1.0,
ex:coin_35118,nmo:hasIssuer,ex:issuer_48,1.0,
ex:coin_35118,nmo:hasPortrait,ex:person_4,1.0,
ex:coin_35125,nmo:hasIssuer,ex:issuer_48,1.0,
ex:coin_35125,nmo:hasPortrait,ex:person_4,1.0,
ex:coin_35167,nmo:hasIssuer,ex:issuer_48,1.0,
ex:coin_35167,nmo:hasPortrait,ex:person_4,1.0,
ex:coin_35169,nmo:hasIssuer,ex:issuer_48,1.0,
ex:coin_35169,nmo:hasPortrait,ex:person_4,1.0,
ex:coin_35196,nmo:hasIssuer,ex:issuer_48,1.0,
ex:coin_35196,nmo:hasPortrait,ex:person_4,1.0,
ex:coin_35203,nmo:hasIssuer,ex:issuer_48,1.0,
ex:coin_35203,nmo:hasPortrait,ex:person_4,1.0,
ex:coin_35204,nmo:hasIssuer,ex:issuer_48,1.0,
ex:coin_35204,nmo:hasPortrait,ex:person_4,1.0,
ex:coin_35210,nmo:hasIssuer,ex:issuer_48,1.0,
ex:coin_35210,nmo:hasPortrait,ex:person_4,1.0,
ex:coin_35212,nmo:hasIssuer,ex:issuer_48,1.0,
ex:coin_35212,nmo:hasPortrait,ex:person_4,1.0,
ex:coin_35228,nmo:hasIssuer,ex:issuer_48,1.0,
ex:coin_35228,nmo:hasPortrait,ex:person_4,1.0,
ex:coin_35233,nmo:hasIssuer,ex:issuer_48,1.0,
ex:coin_35233,nmo:hasPortrait,ex:person_4,1.0,
ex:coin_35243,nmo:hasIssuer,ex:issuer_48,1.0,
ex:coin_35243,nmo:hasPortrait,ex:person_4,1.0,
ex:coin_35250,nmo:hasIssuer,ex:issuer_48,1.0,
ex:coin_35250,nmo:hasPortrait,ex:person_4,1.0,
ex:coin_35256,nmo:hasIssuer,ex:issuer_48,1.0,
ex:coin_35256,nmo:hasPortrait,ex:person_4,1.0,
ex:coin_35261,nmo:hasIssuer,ex:issuer_48,1.0,
ex:coin_35261,nmo:hasPortrait,ex:person_4,1.0,
ex:coin_35268,nmo:hasIssuer,ex:issuer_48,1.0,
ex:coin_35268,nmo:hasPortrait,ex:person_4,1.0,
ex:coin_35285,nmo:hasIssuer,ex:issuer_48,1.0,
ex:coin_35285,nmo:hasPortrait,ex:person_4,1.0,
ex:coin_36972,nmo:hasIssuer,ex:issuer_48,1.0,
ex:coin_36972,nmo:hasPortrait,ex:person_4,1.0,
ex:coin_36978,nmo:hasIssuer,ex:issuer_48,1.0,
ex:coin_36978,nmo:hasPortrait,ex:person_4,1.0,
ex:coin_36986,nmo:hasIssuer,ex:issuer_48,1.0,
ex:coin_36986,nmo:hasPortrait,ex:person_4,1.0,
ex:coin_36987,nmo:hasIssuer,ex:issuer_48,1.0,
ex:coin_36987,nmo:hasPortrait,ex:person_4,1.0,
ex:coin_36988,nmo:hasIssuer,ex:issuer_48,1.0,
ex:coin_36988,nmo:hasPortrait,ex:person_4,1.0,
ex:coin_41407,nmo:hasIssuer,ex:issuer_48,1.0,
ex:coin_41407,nmo:hasPortrait,ex:person_156,1.0,
ex:coin_42924,nmo:hasIssuer,ex:issuer_48,1.0,
ex:coin_42924,nmo:hasPortrait,ex:person_4,1.0,
ex:coin_795,nmo:hasIssuer,ex:issuer_52,1.0,
ex:coin_795,nmo:hasPortrait,ex:person_4,1.0,
ex:issuer_52,ex:inPossibleIssuersOf,ex:person_4,1.0,
ex:issuer_52,ex:inPossibleIssuersOf,ex:person_5,1.0,
ex:issuer_52,ex:inPossibleIssuersOf,ex:person_107,1.0,
ex:issuer_52,ex:inPossibleIssuersOf,ex:person_108,1.0,
ex:issuer_52,ex:inPossibleIssuersOf,ex:person_109,1.0,
ex:issuer_52,ex:inPossibleIssuersOf,ex:person_153,1.0,
ex:issuer_52,ex:inPossibleIssuersOf,ex:person_154,1.0,
ex:issuer_52,ex:inPossibleIssuersOf,ex:person_169,1.0,
ex:issuer_52,ex:inPossibleIssuersOf,ex:person_185,1.0,
ex:person_5,ex:hasPossibleIssuers,ex:issuer_52,1.0,
ex:person_5,ex:hasPossibleIssuers,ex:issuer_53,1.0,
ex:person_108,ex:hasPossibleIssuers,ex:issuer_52,1.0,
ex:person_108,ex:hasPossibleIssuers,ex:issuer_53,1.0,
ex:person_109,ex:hasPossibleIssuers,ex:issuer_52,1.0,
ex:person_109,ex:hasPossibleIssuers,ex:issuer_53,1.0,
ex:person_109,ex:hasPossibleIssuers,ex:issuer_55,1.0,
ex:person_153,ex:hasPossibleIssuers,ex:issuer_52,1.0,
ex:person_169,ex:hasPossibleIssuers,ex:issuer_52,1.0,
ex:person_185,ex:hasPossibleIssuers,ex:issuer_52,1.0,
ex:coin_6567,nmo:hasIssuer,ex:issuer_52,1.0,
ex:coin_6567,nmo:hasPortrait,ex:person_4,1.0,
ex:coin_6718,nmo:hasIssuer,ex:issuer_52,1.0,
ex:coin_6718,nmo:hasPortrait,ex:person_5,1.0,
ex:coin_7620,nmo:hasIssuer,ex:issuer_52,1.0,
ex:coin_7620,nmo:hasPortrait,ex:person_5,1.0,
ex:coin_9081,nmo:hasIssuer,ex:issuer_52,1.0,
ex:coin_9081,nmo:hasPortrait,ex:person_108,1.0,
ex:coin_10543,nmo:hasIssuer,ex:issuer_52,1.0,
ex:coin_10543,nmo:hasPortrait,ex:person_107,1.0,
ex:coin_12593,nmo:hasIssuer,ex:issuer_52,1.0,
ex:coin_12593,nmo:hasPortrait,ex:person_5,1.0,
ex:coin_12636,nmo:hasIssuer,ex:issuer_52,1.0,
ex:coin_12636,nmo:hasPortrait,ex:person_107,1.0,
ex:coin_14212,nmo:hasIssuer,ex:issuer_52,1.0,
ex:coin_14212,nmo:hasPortrait,ex:person_5,1.0,
ex:coin_15001,nmo:hasIssuer,ex:issuer_52,1.0,
ex:coin_15001,nmo:hasPortrait,ex:person_5,1.0,
ex:coin_15115,nmo:hasIssuer,ex:issuer_52,1.0,
ex:coin_15115,nmo:hasPortrait,ex:person_107,1.0,
ex:coin_15118,nmo:hasIssuer,ex:issuer_52,1.0,
ex:coin_15118,nmo:hasPortrait,ex:person_107,1.0,
ex:coin_16252,nmo:hasIssuer,ex:issuer_52,1.0,
ex:coin_16252,nmo:hasPortrait,ex:person_107,1.0,
ex:coin_34976,nmo:hasIssuer,ex:issuer_52,1.0,
ex:coin_34976,nmo:hasPortrait,ex:person_107,1.0,
ex:coin_34977,nmo:hasIssuer,ex:issuer_52,1.0,
ex:coin_34977,nmo:hasPortrait,ex:person_107,1.0,
ex:coin_34978,nmo:hasIssuer,ex:issuer_52,1.0,
ex:coin_34978,nmo:hasPortrait,ex:person_107,1.0,
ex:coin_34980,nmo:hasIssuer,ex:issuer_52,1.0,
ex:coin_34980,nmo:hasPortrait,ex:person_5,1.0,
ex:coin_35021,nmo:hasIssuer,ex:issuer_52,1.0,
ex:coin_35021,nmo:hasPortrait,ex:person_107,1.0,
ex:coin_35022,nmo:hasIssuer,ex:issuer_52,1.0,
ex:coin_35022,nmo:hasPortrait,ex:person_5,1.0,
ex:coin_35023,nmo:hasIssuer,ex:issuer_52,1.0,
ex:coin_35023,nmo:hasPortrait,ex:person_5,1.0,
ex:coin_35024,nmo:hasIssuer,ex:issuer_52,1.0,
ex:coin_35024,nmo:hasPortrait,ex:person_5,1.0,
ex:coin_35025,nmo:hasIssuer,ex:issuer_52,1.0,
ex:coin_35025,nmo:hasPortrait,ex:person_5,1.0,
ex:coin_35026,nmo:hasIssuer,ex:issuer_52,1.0,
ex:coin_35026,nmo:hasPortrait,ex:person_5,1.0,
ex:coin_35027,nmo:hasIssuer,ex:issuer_52,1.0,
ex:coin_35027,nmo:hasPortrait,ex:person_5,1.0,
ex:coin_35056,nmo:hasIssuer,ex:issuer_52,1.0,
ex:coin_35056,nmo:hasPortrait,ex:person_4,1.0,
ex:coin_35080,nmo:hasIssuer,ex:issuer_52,1.0,
ex:coin_35080,nmo:hasPortrait,ex:person_107,1.0,
ex:coin_35081,nmo:hasIssuer,ex:issuer_52,1.0,
ex:coin_35081,nmo:hasPortrait,ex:person_107,1.0,
ex:coin_35119,nmo:hasIssuer,ex:issuer_52,1.0,
ex:coin_35119,nmo:hasPortrait,ex:person_4,1.0,
ex:coin_35135,nmo:hasIssuer,ex:issuer_52,1.0,
ex:coin_35135,nmo:hasPortrait,ex:person_4,1.0,
ex:coin_35140,nmo:hasIssuer,ex:issuer_52,1.0,
ex:coin_35140,nmo:hasPortrait,ex:person_4,1.0,
ex:coin_35145,nmo:hasIssuer,ex:issuer_52,1.0,
ex:coin_35145,nmo:hasPortrait,ex:person_5,1.0,
ex:coin_35209,nmo:hasIssuer,ex:issuer_52,1.0,
ex:coin_35209,nmo:hasPortrait,ex:person_5,1.0,
ex:coin_35217,nmo:hasIssuer,ex:issuer_52,1.0,
ex:coin_35217,nmo:hasPortrait,ex:person_107,1.0,
ex:coin_35220,nmo:hasIssuer,ex:issuer_52,1.0,
ex:coin_35220,nmo:hasPortrait,ex:person_5,1.0,
ex:coin_35224,nmo:hasIssuer,ex:issuer_52,1.0,
ex:coin_35224,nmo:hasPortrait,ex:person_107,1.0,
ex:coin_35225,nmo:hasIssuer,ex:issuer_52,1.0,
ex:coin_35225,nmo:hasPortrait,ex:person_107,1.0,
ex:coin_35252,nmo:hasIssuer,ex:issuer_52,1.0,
ex:coin_35252,nmo:hasPortrait,ex:person_5,1.0,
ex:coin_35278,nmo:hasIssuer,ex:issuer_52,1.0,
ex:coin_35278,nmo:hasPortrait,ex:person_107,1.0,
ex:coin_35293,nmo:hasIssuer,ex:issuer_52,1.0,
ex:coin_35293,nmo:hasPortrait,ex:person_4,1.0,
ex:coin_36973,nmo:hasIssuer,ex:issuer_52,1.0,
ex:coin_36973,nmo:hasPortrait,ex:person_5,1.0,
ex:coin_1792,nmo:hasIssuer,ex:issuer_53,1.0,
ex:coin_1792,nmo:hasPortrait,ex:person_4,1.0,
ex:issuer_53,ex:inPossibleIssuersOf,ex:person_4,1.0,
ex:issuer_53,ex:inPossibleIssuersOf,ex:person_5,1.0,
ex:issuer_53,ex:inPossibleIssuersOf,ex:person_108,1.0,
ex:issuer_53,ex:inPossibleIssuersOf,ex:person_109,1.0,
ex:issuer_53,ex:inPossibleIssuersOf,ex:person_112,1.0,
ex:issuer_53,ex:inPossibleIssuersOf,ex:person_114,1.0,
ex:issuer_53,ex:inPossibleIssuersOf,ex:person_116,1.0,
ex:issuer_53,ex:inPossibleIssuersOf,ex:person_117,1.0,
ex:issuer_53,ex:inPossibleIssuersOf,ex:person_129,1.0,
ex:issuer_53,ex:inPossibleIssuersOf,ex:person_155,1.0,
ex:issuer_53,ex:inPossibleIssuersOf,ex:person_183,1.0,
ex:issuer_53,ex:inPossibleIssuersOf,ex:person_184,1.0,
ex:person_112,ex:hasPossibleIssuers,ex:issuer_53,1.0,
ex:person_114,ex:hasPossibleIssuers,ex:issuer_53,1.0,
ex:person_116,ex:hasPossibleIssuers,ex:issuer_53,1.0,
ex:person_117,ex:hasPossibleIssuers,ex:issuer_53,1.0,
ex:person_183,ex:hasPossibleIssuers,ex:issuer_53,1.0,
ex:person_184,ex:hasPossibleIssuers,ex:issuer_53,1.0,
ex:person_184,ex:hasPossibleIssuers,ex:issuer_55,1.0,
ex:coin_7490,nmo:hasIssuer,ex:issuer_53,1.0,
ex:coin_7490,nmo:hasPortrait,ex:person_112,1.0,
ex:coin_8432,nmo:hasIssuer,ex:issuer_53,1.0,
ex:coin_8432,nmo:hasPortrait,ex:person_5,1.0,
ex:coin_8518,nmo:hasIssuer,ex:issuer_53,1.0,
ex:coin_8518,nmo:hasPortrait,ex:person_112,1.0,
ex:coin_8583,nmo:hasIssuer,ex:issuer_53,1.0,
ex:coin_8583,nmo:hasPortrait,ex:person_5,1.0,
ex:coin_9277,nmo:hasIssuer,ex:issuer_53,1.0,
ex:coin_9277,nmo:hasPortrait,ex:person_112,1.0,
ex:coin_12758,nmo:hasIssuer,ex:issuer_53,1.0,
ex:coin_12758,nmo:hasPortrait,ex:person_108,1.0,
ex:coin_16622,nmo:hasIssuer,ex:issuer_53,1.0,
ex:coin_16622,nmo:hasPortrait,ex:person_112,1.0,
ex:coin_28104,nmo:hasIssuer,ex:issuer_53,1.0,
ex:coin_28104,nmo:hasPortrait,ex:person_109,1.0,
ex:coin_34981,nmo:hasIssuer,ex:issuer_53,1.0,
ex:coin_34981,nmo:hasPortrait,ex:person_5,1.0,
ex:coin_35262,nmo:hasIssuer,ex:issuer_53,1.0,
ex:coin_35262,nmo:hasPortrait,ex:person_184,1.0,
ex:coin_40147,nmo:hasIssuer,ex:issuer_53,1.0,
ex:coin_40147,nmo:hasPortrait,ex:person_108,1.0,
ex:coin_41405,nmo:hasIssuer,ex:issuer_53,1.0,
ex:coin_41405,nmo:hasPortrait,ex:person_112,1.0,
ex:coin_796,nmo:hasIssuer,ex:issuer_60,1.0,
ex:coin_796,nmo:hasPortrait,ex:person_7,1.0,
ex:person_7,ex:hasPossibleIssuers,ex:issuer_60,1.0,
ex:person_7,ex:hasPossibleIssuers,ex:issuer_63,1.0,
ex:person_7,ex:hasPossibleIssuers,ex:issuer_70,1.0,
ex:issuer_60,ex:inPossibleIssuersOf,ex:person_6,1.0,
ex:issuer_60,ex:inPossibleIssuersOf,ex:person_7,1.0,
ex:issuer_60,ex:inPossibleIssuersOf,ex:person_9,1.0,
ex:person_6,ex:hasPossibleIssuers,ex:issuer_60,1.0,
ex:person_6,ex:hasPossibleIssuers,ex:issuer_63,1.0,
ex:person_9,ex:hasPossibleIssuers,ex:issuer_60,1.0,
ex:person_9,ex:hasPossibleIssuers,ex:issuer_63,1.0,
ex:person_9,ex:hasPossibleIssuers,ex:issuer_288,1.0,
ex:coin_799,nmo:hasIssuer,ex:issuer_60,1.0,
ex:coin_799,nmo:hasPortrait,ex:person_7,1.0,
ex:coin_806,nmo:hasIssuer,ex:issuer_60,1.0,
ex:coin_806,nmo:hasPortrait,ex:person_6,1.0,
ex:coin_842,nmo:hasIssuer,ex:issuer_60,1.0,
ex:coin_842,nmo:hasPortrait,ex:person_7,1.0,
ex:coin_844,nmo:hasIssuer,ex:issuer_60,1.0,
ex:coin_844,nmo:hasPortrait,ex:person_6,1.0,
ex:coin_1161,nmo:hasIssuer,ex:issuer_60,1.0,
ex:coin_1161,nmo:hasPortrait,ex:person_6,1.0,
ex:coin_1202,nmo:hasIssuer,ex:issuer_60,1.0,
ex:coin_1202,nmo:hasPortrait,ex:person_7,1.0,
ex:coin_2895,nmo:hasIssuer,ex:issuer_60,1.0,
ex:coin_2895,nmo:hasPortrait,ex:person_6,1.0,
ex:coin_2896,nmo:hasIssuer,ex:issuer_60,1.0,
ex:coin_2896,nmo:hasPortrait,ex:person_6,1.0,
ex:coin_3158,nmo:hasIssuer,ex:issuer_60,1.0,
ex:coin_3158,nmo:hasPortrait,ex:person_7,1.0,
ex:coin_3263,nmo:hasIssuer,ex:issuer_60,1.0,
ex:coin_3263,nmo:hasPortrait,ex:person_7,1.0,
ex:coin_3264,nmo:hasIssuer,ex:issuer_60,1.0,
ex:coin_3264,nmo:hasPortrait,ex:person_7,1.0,
ex:coin_3265,nmo:hasIssuer,ex:issuer_60,1.0,
ex:coin_3265,nmo:hasPortrait,ex:person_6,1.0,
ex:coin_3379,nmo:hasIssuer,ex:issuer_60,1.0,
ex:coin_3379,nmo:hasPortrait,ex:person_7,1.0,
ex:coin_3496,nmo:hasIssuer,ex:issuer_60,1.0,
ex:coin_3496,nmo:hasPortrait,ex:person_6,1.0,
ex:coin_3497,nmo:hasIssuer,ex:issuer_60,1.0,
ex:coin_3497,nmo:hasPortrait,ex:person_6,1.0,
ex:coin_3498,nmo:hasIssuer,ex:issuer_60,1.0,
ex:coin_3498,nmo:hasPortrait,ex:person_6,1.0,
ex:coin_3499,nmo:hasIssuer,ex:issuer_60,1.0,
ex:coin_3499,nmo:hasPortrait,ex:person_6,1.0,
ex:coin_3638,nmo:hasIssuer,ex:issuer_60,1.0,
ex:coin_3638,nmo:hasPortrait,ex:person_6,1.0,
ex:coin_3639,nmo:hasIssuer,ex:issuer_60,1.0,
ex:coin_3639,nmo:hasPortrait,ex:person_6,1.0,
ex:coin_3640,nmo:hasIssuer,ex:issuer_60,1.0,
ex:coin_3640,nmo:hasPortrait,ex:person_7,1.0,
ex:coin_3641,nmo:hasIssuer,ex:issuer_60,1.0,
ex:coin_3641,nmo:hasPortrait,ex:person_7,1.0,
ex:coin_3642,nmo:hasIssuer,ex:issuer_60,1.0,
ex:coin_3642,nmo:hasPortrait,ex:person_7,1.0,
ex:coin_3643,nmo:hasIssuer,ex:issuer_60,1.0,
ex:coin_3643,nmo:hasPortrait,ex:person_7,1.0,
ex:coin_3920,nmo:hasIssuer,ex:issuer_60,1.0,
ex:coin_3920,nmo:hasPortrait,ex:person_7,1.0,
ex:coin_3921,nmo:hasIssuer,ex:issuer_60,1.0,
ex:coin_3921,nmo:hasPortrait,ex:person_7,1.0,
ex:coin_3922,nmo:hasIssuer,ex:issuer_60,1.0,
ex:coin_3922,nmo:hasPortrait,ex:person_7,1.0,
ex:coin_3923,nmo:hasIssuer,ex:issuer_60,1.0,
ex:coin_3923,nmo:hasPortrait,ex:person_7,1.0,
ex:coin_3924,nmo:hasIssuer,ex:issuer_60,1.0,
ex:coin_3924,nmo:hasPortrait,ex:person_7,1.0,
ex:coin_3925,nmo:hasIssuer,ex:issuer_60,1.0,
ex:coin_3925,nmo:hasPortrait,ex:person_7,1.0,
ex:coin_3926,nmo:hasIssuer,ex:issuer_60,1.0,
ex:coin_3926,nmo:hasPortrait,ex:person_7,1.0,
ex:coin_3927,nmo:hasIssuer,ex:issuer_60,1.0,
ex:coin_3927,nmo:hasPortrait,ex:person_7,1.0,
ex:coin_4488,nmo:hasIssuer,ex:issuer_60,1.0,
ex:coin_4488,nmo:hasPortrait,ex:person_6,1.0,
ex:coin_4489,nmo:hasIssuer,ex:issuer_60,1.0,
ex:coin_4489,nmo:hasPortrait,ex:person_6,1.0,
ex:coin_4490,nmo:hasIssuer,ex:issuer_60,1.0,
ex:coin_4490,nmo:hasPortrait,ex:person_6,1.0,
ex:coin_4491,nmo:hasIssuer,ex:issuer_60,1.0,
ex:coin_4491,nmo:hasPortrait,ex:person_6,1.0,
ex:coin_4492,nmo:hasIssuer,ex:issuer_60,1.0,
ex:coin_4492,nmo:hasPortrait,ex:person_7,1.0,
ex:coin_4493,nmo:hasIssuer,ex:issuer_60,1.0,
ex:coin_4493,nmo:hasPortrait,ex:person_7,1.0,
ex:coin_4683,nmo:hasIssuer,ex:issuer_60,1.0,
ex:coin_4683,nmo:hasPortrait,ex:person_6,1.0,
ex:coin_4797,nmo:hasIssuer,ex:issuer_60,1.0,
ex:coin_4797,nmo:hasPortrait,ex:person_6,1.0,
ex:coin_4801,nmo:hasIssuer,ex:issuer_60,1.0,
ex:coin_4801,nmo:hasPortrait,ex:person_7,1.0,
ex:coin_4802,nmo:hasIssuer,ex:issuer_60,1.0,
ex:coin_4802,nmo:hasPortrait,ex:person_7,1.0,
ex:coin_5001,nmo:hasIssuer,ex:issuer_60,1.0,
ex:coin_5001,nmo:hasPortrait,ex:person_7,1.0,
ex:coin_5011,nmo:hasIssuer,ex:issuer_60,1.0,
ex:coin_5011,nmo:hasPortrait,ex:person_6,1.0,
ex:coin_5156,nmo:hasIssuer,ex:issuer_60,1.0,
ex:coin_5156,nmo:hasPortrait,ex:person_6,1.0,
ex:coin_5157,nmo:hasIssuer,ex:issuer_60,1.0,
ex:coin_5157,nmo:hasPortrait,ex:person_6,1.0,
ex:coin_5158,nmo:hasIssuer,ex:issuer_60,1.0,
ex:coin_5158,nmo:hasPortrait,ex:person_7,1.0,
ex:coin_5159,nmo:hasIssuer,ex:issuer_60,1.0,
ex:coin_5159,nmo:hasPortrait,ex:person_7,1.0,
ex:coin_5160,nmo:hasIssuer,ex:issuer_60,1.0,
ex:coin_5160,nmo:hasPortrait,ex:person_7,1.0,
ex:coin_5411,nmo:hasIssuer,ex:issuer_60,1.0,
ex:coin_5411,nmo:hasPortrait,ex:person_6,1.0,
ex:coin_5495,nmo:hasIssuer,ex:issuer_60,1.0,
ex:coin_5495,nmo:hasPortrait,ex:person_6,1.0,
ex:coin_5655,nmo:hasIssuer,ex:issuer_60,1.0,
ex:coin_5655,nmo:hasPortrait,ex:person_6,1.0,
ex:coin_6434,nmo:hasIssuer,ex:issuer_60,1.0,
ex:coin_6434,nmo:hasPortrait,ex:person_6,1.0,
ex:coin_6540,nmo:hasIssuer,ex:issuer_60,1.0,
ex:coin_6540,nmo:hasPortrait,ex:person_6,1.0,
ex:coin_7697,nmo:hasIssuer,ex:issuer_60,1.0,
ex:coin_7697,nmo:hasPortrait,ex:person_6,1.0,
ex:coin_7698,nmo:hasIssuer,ex:issuer_60,1.0,
ex:coin_7698,nmo:hasPortrait,ex:person_6,1.0,
ex:coin_7699,nmo:hasIssuer,ex:issuer_60,1.0,
ex:coin_7699,nmo:hasPortrait,ex:person_6,1.0,
ex:coin_7700,nmo:hasIssuer,ex:issuer_60,1.0,
ex:coin_7700,nmo:hasPortrait,ex:person_6,1.0,
ex:coin_7701,nmo:hasIssuer,ex:issuer_60,1.0,
ex:coin_7701,nmo:hasPortrait,ex:person_6,1.0,
ex:coin_7702,nmo:hasIssuer,ex:issuer_60,1.0,
ex:coin_7702,nmo:hasPortrait,ex:person_6,1.0,
ex:coin_7703,nmo:hasIssuer,ex:issuer_60,1.0,
ex:coin_7703,nmo:hasPortrait,ex:person_6,1.0,
ex:coin_7704,nmo:hasIssuer,ex:issuer_60,1.0,
ex:coin_7704,nmo:hasPortrait,ex:person_7,1.0,
ex:coin_7705,nmo:hasIssuer,ex:issuer_60,1.0,
ex:coin_7705,nmo:hasPortrait,ex:person_7,1.0,
ex:coin_7706,nmo:hasIssuer,ex:issuer_60,1.0,
ex:coin_7706,nmo:hasPortrait,ex:person_7,1.0,
ex:coin_7707,nmo:hasIssuer,ex:issuer_60,1.0,
ex:coin_7707,nmo:hasPortrait,ex:person_7,1.0,
ex:coin_7708,nmo:hasIssuer,ex:issuer_60,1.0,
ex:coin_7708,nmo:hasPortrait,ex:person_7,1.0,
ex:coin_7709,nmo:hasIssuer,ex:issuer_60,1.0,
ex:coin_7709,nmo:hasPortrait,ex:person_7,1.0,
ex:coin_7710,nmo:hasIssuer,ex:issuer_60,1.0,
ex:coin_7710,nmo:hasPortrait,ex:person_7,1.0,
ex:coin_8557,nmo:hasIssuer,ex:issuer_60,1.0,
ex:coin_8557,nmo:hasPortrait,ex:person_6,1.0,
ex:coin_8925,nmo:hasIssuer,ex:issuer_60,1.0,
ex:coin_8925,nmo:hasPortrait,ex:person_6,1.0,
ex:coin_8974,nmo:hasIssuer,ex:issuer_60,1.0,
ex:coin_8974,nmo:hasPortrait,ex:person_7,1.0,
ex:coin_9298,nmo:hasIssuer,ex:issuer_60,1.0,
ex:coin_9298,nmo:hasPortrait,ex:person_6,1.0,
ex:coin_10155,nmo:hasIssuer,ex:issuer_60,1.0,
ex:coin_10155,nmo:hasPortrait,ex:person_6,1.0,
ex:coin_10163,nmo:hasIssuer,ex:issuer_60,1.0,
ex:coin_10163,nmo:hasPortrait,ex:person_6,1.0,
ex:coin_10205,nmo:hasIssuer,ex:issuer_60,1.0,
ex:coin_10205,nmo:hasPortrait,ex:person_6,1.0,
ex:coin_12028,nmo:hasIssuer,ex:issuer_60,1.0,
ex:coin_12028,nmo:hasPortrait,ex:person_6,1.0,
ex:coin_12350,nmo:hasIssuer,ex:issuer_60,1.0,
ex:coin_12350,nmo:hasPortrait,ex:person_6,1.0,
ex:coin_13732,nmo:hasIssuer,ex:issuer_60,1.0,
ex:coin_13732,nmo:hasPortrait,ex:person_7,1.0,
ex:coin_13750,nmo:hasIssuer,ex:issuer_60,1.0,
ex:coin_13750,nmo:hasPortrait,ex:person_6,1.0,
ex:coin_13778,nmo:hasIssuer,ex:issuer_60,1.0,
ex:coin_13778,nmo:hasPortrait,ex:person_6,1.0,
ex:coin_14317,nmo:hasIssuer,ex:issuer_60,1.0,
ex:coin_14317,nmo:hasPortrait,ex:person_6,1.0,
ex:coin_14318,nmo:hasIssuer,ex:issuer_60,1.0,
ex:coin_14318,nmo:hasPortrait,ex:person_6,1.0,
ex:coin_14319,nmo:hasIssuer,ex:issuer_60,1.0,
ex:coin_14319,nmo:hasPortrait,ex:person_6,1.0,
ex:coin_15563,nmo:hasIssuer,ex:issuer_60,1.0,
ex:coin_15563,nmo:hasPortrait,ex:person_7,1.0,
ex:coin_15691,nmo:hasIssuer,ex:issuer_60,1.0,
ex:coin_15691,nmo:hasPortrait,ex:person_7,1.0,
ex:coin_16028,nmo:hasIssuer,ex:issuer_60,1.0,
ex:coin_16028,nmo:hasPortrait,ex:person_6,1.0,
ex:coin_16043,nmo:hasIssuer,ex:issuer_60,1.0,
ex:coin_16043,nmo:hasPortrait,ex:person_7,1.0,
ex:coin_16272,nmo:hasIssuer,ex:issuer_60,1.0,
ex:coin_16272,nmo:hasPortrait,ex:person_6,1.0,
ex:coin_17148,nmo:hasIssuer,ex:issuer_60,1.0,
ex:coin_17148,nmo:hasPortrait,ex:person_7,1.0,
ex:coin_17795,nmo:hasIssuer,ex:issuer_60,1.0,
ex:coin_17795,nmo:hasPortrait,ex:person_7,1.0,
ex:coin_28106,nmo:hasIssuer,ex:issuer_60,1.0,
ex:coin_28106,nmo:hasPortrait,ex:person_7,1.0,
ex:coin_28384,nmo:hasIssuer,ex:issuer_60,1.0,
ex:coin_28384,nmo:hasPortrait,ex:person_7,1.0,
ex:coin_28385,nmo:hasIssuer,ex:issuer_60,1.0,
ex:coin_28385,nmo:hasPortrait,ex:person_7,1.0,
ex:coin_28782,nmo:hasIssuer,ex:issuer_60,1.0,
ex:coin_28782,nmo:hasPortrait,ex:person_7,1.0,
ex:coin_35464,nmo:hasIssuer,ex:issuer_60,1.0,
ex:coin_35464,nmo:hasPortrait,ex:person_6,1.0,
ex:coin_35465,nmo:hasIssuer,ex:issuer_60,1.0,
ex:coin_35465,nmo:hasPortrait,ex:person_6,1.0,
ex:coin_35466,nmo:hasIssuer,ex:issuer_60,1.0,
ex:coin_35466,nmo:hasPortrait,ex:person_7,1.0,
ex:coin_35467,nmo:hasIssuer,ex:issuer_60,1.0,
ex:coin_35467,nmo:hasPortrait,ex:person_7,1.0,
ex:coin_35495,nmo:hasIssuer,ex:issuer_60,1.0,
ex:coin_35495,nmo:hasPortrait,ex:person_7,1.0,
ex:coin_35530,nmo:hasIssuer,ex:issuer_60,1.0,
ex:coin_35530,nmo:hasPortrait,ex:person_7,1.0,
ex:coin_35531,nmo:hasIssuer,ex:issuer_60,1.0,
ex:coin_35531,nmo:hasPortrait,ex:person_7,1.0,
ex:coin_35544,nmo:hasIssuer,ex:issuer_60,1.0,
ex:coin_35544,nmo:hasPortrait,ex:person_7,1.0,
ex:coin_35574,nmo:hasIssuer,ex:issuer_60,1.0,
ex:coin_35574,nmo:hasPortrait,ex:person_6,1.0,
ex:coin_35602,nmo:hasIssuer,ex:issuer_60,1.0,
ex:coin_35602,nmo:hasPortrait,ex:person_6,1.0,
ex:coin_35608,nmo:hasIssuer,ex:issuer_60,1.0,
ex:coin_35608,nmo:hasPortrait,ex:person_6,1.0,
ex:coin_35620,nmo:hasIssuer,ex:issuer_60,1.0,
ex:coin_35620,nmo:hasPortrait,ex:person_6,1.0,
ex:coin_35628,nmo:hasIssuer,ex:issuer_60,1.0,
ex:coin_35628,nmo:hasPortrait,ex:person_6,1.0,
ex:coin_35631,nmo:hasIssuer,ex:issuer_60,1.0,
ex:coin_35631,nmo:hasPortrait,ex:person_6,1.0,
ex:coin_35650,nmo:hasIssuer,ex:issuer_60,1.0,
ex:coin_35650,nmo:hasPortrait,ex:person_6,1.0,
ex:coin_35660,nmo:hasIssuer,ex:issuer_60,1.0,
ex:coin_35660,nmo:hasPortrait,ex:person_7,1.0,
ex:coin_40188,nmo:hasIssuer,ex:issuer_60,1.0,
ex:coin_40188,nmo:hasPortrait,ex:person_6,1.0,
ex:coin_40189,nmo:hasIssuer,ex:issuer_60,1.0,
ex:coin_40189,nmo:hasPortrait,ex:person_6,1.0,
ex:coin_40190,nmo:hasIssuer,ex:issuer_60,1.0,
ex:coin_40190,nmo:hasPortrait,ex:person_6,1.0,
ex:coin_40191,nmo:hasIssuer,ex:issuer_60,1.0,
ex:coin_40191,nmo:hasPortrait,ex:person_6,1.0,
ex:coin_40192,nmo:hasIssuer,ex:issuer_60,1.0,
ex:coin_40192,nmo:hasPortrait,ex:person_7,1.0,
ex:coin_788,nmo:hasIssuer,ex:issuer_63,1.0,
ex:coin_788,nmo:hasPortrait,ex:person_7,1.0,
ex:issuer_63,ex:inPossibleIssuersOf,ex:person_6,1.0,
ex:issuer_63,ex:inPossibleIssuersOf,ex:person_7,1.0,
ex:issuer_63,ex:inPossibleIssuersOf,ex:person_9,1.0,
ex:issuer_63,ex:inPossibleIssuersOf,ex:person_125,1.0,
ex:issuer_63,ex:inPossibleIssuersOf,ex:person_172,1.0,
ex:person_125,ex:hasPossibleIssuers,ex:issuer_63,1.0,
ex:person_172,ex:hasPossibleIssuers,ex:issuer_63,1.0,
ex:person_172,ex:hasPossibleIssuers,ex:issuer_70,1.0,
ex:coin_820,nmo:hasIssuer,ex:issuer_63,1.0,
ex:coin_820,nmo:hasPortrait,ex:person_7,1.0,
ex:coin_1129,nmo:hasIssuer,ex:issuer_63,1.0,
ex:coin_1129,nmo:hasPortrait,ex:person_9,1.0,
ex:coin_1681,nmo:hasIssuer,ex:issuer_63,1.0,
ex:coin_1681,nmo:hasPortrait,ex:person_7,1.0,
ex:coin_1966,nmo:hasIssuer,ex:issuer_63,1.0,
ex:coin_1966,nmo:hasPortrait,ex:person_9,1.0,
ex:coin_2898,nmo:hasIssuer,ex:issuer_63,1.0,
ex:coin_2898,nmo:hasPortrait,ex:person_172,1.0,
ex:coin_2982,nmo:hasIssuer,ex:issuer_63,1.0,
ex:coin_2982,nmo:hasPortrait,ex:person_7,1.0,
ex:coin_3159,nmo:hasIssuer,ex:issuer_63,1.0,
ex:coin_3159,nmo:hasPortrait,ex:person_7,1.0,
ex:coin_3160,nmo:hasIssuer,ex:issuer_63,1.0,
ex:coin_3160,nmo:hasPortrait,ex:person_7,1.0,
ex:coin_3647,nmo:hasIssuer,ex:issuer_63,1.0,
ex:coin_3647,nmo:hasPortrait,ex:person_7,1.0,
ex:coin_3648,nmo:hasIssuer,ex:issuer_63,1.0,
ex:coin_3648,nmo:hasPortrait,ex:person_9,1.0,
ex:coin_3649,nmo:hasIssuer,ex:issuer_63,1.0,
ex:coin_3649,nmo:hasPortrait,ex:person_9,1.0,
ex:coin_3650,nmo:hasIssuer,ex:issuer_63,1.0,
ex:coin_3650,nmo:hasPortrait,ex:person_9,1.0,
ex:coin_3937,nmo:hasIssuer,ex:issuer_63,1.0,
ex:coin_3937,nmo:hasPortrait,ex:person_7,1.0,
ex:coin_3938,nmo:hasIssuer,ex:issuer_63,1.0,
ex:coin_3938,nmo:hasPortrait,ex:person_7,1.0,
ex:coin_3939,nmo:hasIssuer,ex:issuer_63,1.0,
ex:coin_3939,nmo:hasPortrait,ex:person_7,1.0,
ex:coin_3940,nmo:hasIssuer,ex:issuer_63,1.0,
ex:coin_3940,nmo:hasPortrait,ex:person_7,1.0,
ex:coin_3941,nmo:hasIssuer,ex:issuer_63,1.0,
ex:coin_3941,nmo:hasPortrait,ex:person_7,1.0,
ex:coin_3942,nmo:hasIssuer,ex:issuer_63,1.0,
ex:coin_3942,nmo:hasPortrait,ex:person_7,1.0,
ex:coin_3943,nmo:hasIssuer,ex:issuer_63,1.0,
ex:coin_3943,nmo:hasPortrait,ex:person_7,1.0,
ex:coin_3944,nmo:hasIssuer,ex:issuer_63,1.0,
ex:coin_3944,nmo:hasPortrait,ex:person_7,1.0,
ex:coin_3945,nmo:hasIssuer,ex:issuer_63,1.0,
ex:coin_3945,nmo:hasPortrait,ex:person_9,1.0,
ex:coin_3946,nmo:hasIssuer,ex:issuer_63,1.0,
ex:coin_3946,nmo:hasPortrait,ex:person_9,1.0,
ex:coin_3947,nmo:hasIssuer,ex:issuer_63,1.0,
ex:coin_3947,nmo:hasPortrait,ex:person_9,1.0,
ex:coin_3948,nmo:hasIssuer,ex:issuer_63,1.0,
ex:coin_3948,nmo:hasPortrait,ex:person_172,1.0,
ex:coin_3949,nmo:hasIssuer,ex:issuer_63,1.0,
ex:coin_3949,nmo:hasPortrait,ex:person_172,1.0,
ex:coin_3950,nmo:hasIssuer,ex:issuer_63,1.0,
ex:coin_3950,nmo:hasPortrait,ex:person_172,1.0,
ex:coin_4499,nmo:hasIssuer,ex:issuer_63,1.0,
ex:coin_4499,nmo:hasPortrait,ex:person_9,1.0,
ex:coin_4799,nmo:hasIssuer,ex:issuer_63,1.0,
ex:coin_4799,nmo:hasPortrait,ex:person_9,1.0,
ex:coin_4800,nmo:hasIssuer,ex:issuer_63,1.0,
ex:coin_4800,nmo:hasPortrait,ex:person_9,1.0,
ex:coin_4876,nmo:hasIssuer,ex:issuer_63,1.0,
ex:coin_4876,nmo:hasPortrait,ex:person_172,1.0,
ex:coin_5164,nmo:hasIssuer,ex:issuer_63,1.0,
ex:coin_5164,nmo:hasPortrait,ex:person_7,1.0,
ex:coin_5165,nmo:hasIssuer,ex:issuer_63,1.0,
ex:coin_5165,nmo:hasPortrait,ex:person_7,1.0,
ex:coin_5166,nmo:hasIssuer,ex:issuer_63,1.0,
ex:coin_5166,nmo:hasPortrait,ex:person_9,1.0,
ex:coin_7502,nmo:hasIssuer,ex:issuer_63,1.0,
ex:coin_7502,nmo:hasPortrait,ex:person_7,1.0,
ex:coin_7721,nmo:hasIssuer,ex:issuer_63,1.0,
ex:coin_7721,nmo:hasPortrait,ex:person_7,1.0,
ex:coin_7722,nmo:hasIssuer,ex:issuer_63,1.0,
ex:coin_7722,nmo:hasPortrait,ex:person_7,1.0,
ex:coin_7723,nmo:hasIssuer,ex:issuer_63,1.0,
ex:coin_7723,nmo:hasPortrait,ex:person_7,1.0,
ex:coin_7724,nmo:hasIssuer,ex:issuer_63,1.0,
ex:coin_7724,nmo:hasPortrait,ex:person_7,1.0,
ex:coin_7725,nmo:hasIssuer,ex:issuer_63,1.0,
ex:coin_7725,nmo:hasPortrait,ex:person_9,1.0,
ex:coin_7726,nmo:hasIssuer,ex:issuer_63,1.0,
ex:coin_7726,nmo:hasPortrait,ex:person_9,1.0,
ex:coin_8058,nmo:hasIssuer,ex:issuer_63,1.0,
ex:coin_8058,nmo:hasPortrait,ex:person_7,1.0,
ex:coin_8137,nmo:hasIssuer,ex:issuer_63,1.0,
ex:coin_8137,nmo:hasPortrait,ex:person_9,1.0,
ex:coin_8138,nmo:hasIssuer,ex:issuer_63,1.0,
ex:coin_8138,nmo:hasPortrait,ex:person_9,1.0,
ex:coin_9498,nmo:hasIssuer,ex:issuer_63,1.0,
ex:coin_9498,nmo:hasPortrait,ex:person_172,1.0,
ex:coin_10048,nmo:hasIssuer,ex:issuer_63,1.0,
ex:coin_10048,nmo:hasPortrait,ex:person_9,1.0,
ex:coin_11581,nmo:hasIssuer,ex:issuer_63,1.0,
ex:coin_11581,nmo:hasPortrait,ex:person_7,1.0,
ex:coin_13527,nmo:hasIssuer,ex:issuer_63,1.0,
ex:coin_13527,nmo:hasPortrait,ex:person_7,1.0,
ex:coin_14115,nmo:hasIssuer,ex:issuer_63,1.0,
ex:coin_14115,nmo:hasPortrait,ex:person_9,1.0,
ex:coin_14195,nmo:hasIssuer,ex:issuer_63,1.0,
ex:coin_14195,nmo:hasPortrait,ex:person_7,1.0,
ex:coin_14975,nmo:hasIssuer,ex:issuer_63,1.0,
ex:coin_14975,nmo:hasPortrait,ex:person_172,1.0,
ex:coin_15958,nmo:hasIssuer,ex:issuer_63,1.0,
ex:coin_15958,nmo:hasPortrait,ex:person_7,1.0,
ex:coin_16287,nmo:hasIssuer,ex:issuer_63,1.0,
ex:coin_16287,nmo:hasPortrait,ex:person_7,1.0,
ex:coin_17815,nmo:hasIssuer,ex:issuer_63,1.0,
ex:coin_17815,nmo:hasPortrait,ex:person_9,1.0,
ex:coin_27298,nmo:hasIssuer,ex:issuer_63,1.0,
ex:coin_27298,nmo:hasPortrait,ex:person_5,1.0,
ex:coin_35473,nmo:hasIssuer,ex:issuer_63,1.0,
ex:coin_35473,nmo:hasPortrait,ex:person_7,1.0,
ex:coin_35497,nmo:hasIssuer,ex:issuer_63,1.0,
ex:coin_35497,nmo:hasPortrait,ex:person_7,1.0,
ex:coin_35498,nmo:hasIssuer,ex:issuer_63,1.0,
ex:coin_35498,nmo:hasPortrait,ex:person_172,1.0,
ex:coin_35512,nmo:hasIssuer,ex:issuer_63,1.0,
ex:coin_35512,nmo:hasPortrait,ex:person_7,1.0,
ex:coin_35570,nmo:hasIssuer,ex:issuer_63,1.0,
ex:coin_35570,nmo:hasPortrait,ex:person_7,1.0,
ex:coin_35609,nmo:hasIssuer,ex:issuer_63,1.0,
ex:coin_35609,nmo:hasPortrait,ex:person_172,1.0,
ex:coin_35634,nmo:hasIssuer,ex:issuer_63,1.0,
ex:coin_35634,nmo:hasPortrait,ex:person_7,1.0,
ex:coin_35647,nmo:hasIssuer,ex:issuer_63,1.0,
ex:coin_35647,nmo:hasPortrait,ex:person_9,1.0,
ex:coin_39116,nmo:hasIssuer,ex:issuer_63,1.0,
ex:coin_39116,nmo:hasPortrait,ex:person_7,1.0,
ex:coin_3996,nmo:hasIssuer,ex:issuer_70,1.0,
ex:coin_3996,nmo:hasPortrait,ex:person_152,1.0,
ex:person_152,ex:hasPossibleIssuers,ex:issuer_70,1.0,
ex:issuer_70,ex:inPossibleIssuersOf,ex:person_7,1.0,
ex:issuer_70,ex:inPossibleIssuersOf,ex:person_150,1.0,
ex:issuer_70,ex:inPossibleIssuersOf,ex:person_152,1.0,
ex:issuer_70,ex:inPossibleIssuersOf,ex:person_172,1.0,
ex:person_150,ex:hasPossibleIssuers,ex:issuer_70,1.0,
ex:person_150,ex:hasPossibleIssuers,ex:issuer_288,1.0,
ex:coin_5542,nmo:hasIssuer,ex:issuer_70,1.0,
ex:coin_5542,nmo:hasPortrait,ex:person_2,1.0,
ex:coin_12497,nmo:hasIssuer,ex:issuer_70,1.0,
ex:coin_12497,nmo:hasPortrait,ex:person_9,1.0,
ex:coin_1861,nmo:hasIssuer,ex:issuer_74,1.0,
ex:coin_1861,nmo:hasPortrait,ex:person_130,1.0,
ex:person_130,ex:hasPossibleIssuers,ex:issuer_74,1.0,
ex:issuer_74,ex:inPossibleIssuersOf,ex:person_130,1.0,
ex:issuer_74,ex:inPossibleIssuersOf,ex:person_132,1.0,
ex:issuer_74,ex:inPossibleIssuersOf,ex:person_143,1.0,
ex:issuer_74,ex:inPossibleIssuersOf,ex:person_151,1.0,
ex:issuer_74,ex:inPossibleIssuersOf,ex:person_179,1.0,
ex:issuer_74,ex:inPossibleIssuersOf,ex:person_189,1.0,
ex:person_132,ex:hasPossibleIssuers,ex:issuer_74,1.0,
ex:person_132,ex:hasPossibleIssuers,ex:issuer_77,1.0,
ex:person_143,ex:hasPossibleIssuers,ex:issuer_74,1.0,
ex:person_143,ex:hasPossibleIssuers,ex:issuer_288,1.0,
ex:person_151,ex:hasPossibleIssuers,ex:issuer_74,1.0,
ex:person_151,ex:hasPossibleIssuers,ex:issuer_77,1.0,
ex:person_179,ex:hasPossibleIssuers,ex:issuer_74,1.0,
ex:person_189,ex:hasPossibleIssuers,ex:issuer_74,1.0,
ex:person_189,ex:hasPossibleIssuers,ex:issuer_77,1.0,
ex:coin_3553,nmo:hasIssuer,ex:issuer_74,1.0,
ex:coin_3553,nmo:hasPortrait,ex:person_189,1.0,
ex:coin_3554,nmo:hasIssuer,ex:issuer_74,1.0,
ex:coin_3554,nmo:hasPortrait,ex:person_179,1.0,
ex:coin_4285,nmo:hasIssuer,ex:issuer_74,1.0,
ex:coin_4285,nmo:hasPortrait,ex:person_189,1.0,
ex:coin_4286,nmo:hasIssuer,ex:issuer_74,1.0,
ex:coin_4286,nmo:hasPortrait,ex:person_179,1.0,
ex:coin_4287,nmo:hasIssuer,ex:issuer_74,1.0,
ex:coin_4287,nmo:hasPortrait,ex:person_179,1.0,
ex:coin_6322,nmo:hasIssuer,ex:issuer_74,1.0,
ex:coin_6322,nmo:hasPortrait,ex:person_179,1.0,
ex:coin_7738,nmo:hasIssuer,ex:issuer_74,1.0,
ex:coin_7738,nmo:hasPortrait,ex:person_179,1.0,
ex:coin_40180,nmo:hasIssuer,ex:issuer_74,1.0,
ex:coin_40180,nmo:hasPortrait,ex:person_179,1.0,
ex:coin_42315,nmo:hasIssuer,ex:issuer_74,1.0,
ex:coin_42315,nmo:hasPortrait,ex:person_4,1.0,
ex:coin_269,nmo:hasIssuer,ex:issuer_77,1.0,
ex:coin_269,nmo:hasPortrait,ex:person_12,1.0,
ex:person_12,ex:hasPossibleIssuers,ex:issuer_77,1.0,
ex:person_12,ex:hasPossibleIssuers,ex:issuer_83,1.0,
ex:issuer_77,ex:inPossibleIssuersOf,ex:person_11,1.0,
ex:issuer_77,ex:inPossibleIssuersOf,ex:person_12,1.0,
ex:issuer_77,ex:inPossibleIssuersOf,ex:person_13,1.0,
ex:issuer_77,ex:inPossibleIssuersOf,ex:person_132,1.0,
ex:issuer_77,ex:inPossibleIssuersOf,ex:person_134,1.0,
ex:issuer_77,ex:inPossibleIssuersOf,ex:person_139,1.0,
ex:issuer_77,ex:inPossibleIssuersOf,ex:person_151,1.0,
ex:issuer_77,ex:inPossibleIssuersOf,ex:person_189,1.0,
ex:person_11,ex:hasPossibleIssuers,ex:issuer_77,1.0,
ex:person_11,ex:hasPossibleIssuers,ex:issuer_83,1.0,
ex:person_13,ex:hasPossibleIssuers,ex:issuer_77,1.0,
ex:person_134,ex:hasPossibleIssuers,ex:issuer_77,1.0,
ex:person_139,ex:hasPossibleIssuers,ex:issuer_77,1.0,
ex:person_139,ex:hasPossibleIssuers,ex:issuer_288,1.0,
ex:coin_762,nmo:hasIssuer,ex:issuer_77,1.0,
ex:coin_762,nmo:hasPortrait,ex:person_12,1.0,
ex:coin_1173,nmo:hasIssuer,ex:issuer_77,1.0,
ex:coin_1173,nmo:hasPortrait,ex:person_13,1.0,
ex:coin_1648,nmo:hasIssuer,ex:issuer_77,1.0,
ex:coin_1648,nmo:hasPortrait,ex:person_11,1.0,
ex:coin_1657,nmo:hasIssuer,ex:issuer_77,1.0,
ex:coin_1657,nmo:hasPortrait,ex:person_11,1.0,
ex:coin_1820,nmo:hasIssuer,ex:issuer_77,1.0,
ex:coin_1820,nmo:hasPortrait,ex:person_11,1.0,
ex:coin_1921,nmo:hasIssuer,ex:issuer_77,1.0,
ex:coin_1921,nmo:hasPortrait,ex:person_11,1.0,
ex:coin_1922,nmo:hasIssuer,ex:issuer_77,1.0,
ex:coin_1922,nmo:hasPortrait,ex:person_11,1.0,
ex:coin_1923,nmo:hasIssuer,ex:issuer_77,1.0,
ex:coin_1923,nmo:hasPortrait,ex:person_11,1.0,
ex:coin_2137,nmo:hasIssuer,ex:issuer_77,1.0,
ex:coin_2137,nmo:hasPortrait,ex:person_11,1.0,
ex:coin_2235,nmo:hasIssuer,ex:issuer_77,1.0,
ex:coin_2235,nmo:hasPortrait,ex:person_132,1.0,
ex:coin_2268,nmo:hasIssuer,ex:issuer_77,1.0,
ex:coin_2268,nmo:hasPortrait,ex:person_11,1.0,
ex:coin_2269,nmo:hasIssuer,ex:issuer_77,1.0,
ex:coin_2269,nmo:hasPortrait,ex:person_11,1.0,
ex:coin_2270,nmo:hasIssuer,ex:issuer_77,1.0,
ex:coin_2270,nmo:hasPortrait,ex:person_11,1.0,
ex:coin_2271,nmo:hasIssuer,ex:issuer_77,1.0,
ex:coin_2271,nmo:hasPortrait,ex:person_11,1.0,
ex:coin_2272,nmo:hasIssuer,ex:issuer_77,1.0,
ex:coin_2272,nmo:hasPortrait,ex:person_11,1.0,
ex:coin_2273,nmo:hasIssuer,ex:issuer_77,1.0,
ex:coin_2273,nmo:hasPortrait,ex:person_13,1.0,
ex:coin_2274,nmo:hasIssuer,ex:issuer_77,1.0,
ex:coin_2274,nmo:hasPortrait,ex:person_13,1.0,
ex:coin_2275,nmo:hasIssuer,ex:issuer_77,1.0,
ex:coin_2275,nmo:hasPortrait,ex:person_13,1.0,
ex:coin_2276,nmo:hasIssuer,ex:issuer_77,1.0,
ex:coin_2276,nmo:hasPortrait,ex:person_13,1.0,
ex:coin_2277,nmo:hasIssuer,ex:issuer_77,1.0,
ex:coin_2277,nmo:hasPortrait,ex:person_12,1.0,
ex:coin_2884,nmo:hasIssuer,ex:issuer_77,1.0,
ex:coin_2884,nmo:hasPortrait,ex:person_11,1.0,
ex:coin_2967,nmo:hasIssuer,ex:issuer_77,1.0,
ex:coin_2967,nmo:hasPortrait,ex:person_11,1.0,
ex:coin_3101,nmo:hasIssuer,ex:issuer_77,1.0,
ex:coin_3101,nmo:hasPortrait,ex:person_11,1.0,
ex:coin_3277,nmo:hasIssuer,ex:issuer_77,1.0,
ex:coin_3277,nmo:hasPortrait,ex:person_11,1.0,
ex:coin_3278,nmo:hasIssuer,ex:issuer_77,1.0,
ex:coin_3278,nmo:hasPortrait,ex:person_11,1.0,
ex:coin_3279,nmo:hasIssuer,ex:issuer_77,1.0,
ex:coin_3279,nmo:hasPortrait,ex:person_13,1.0,
ex:coin_3565,nmo:hasIssuer,ex:issuer_77,1.0,
ex:coin_3565,nmo:hasPortrait,ex:person_11,1.0,
ex:coin_3566,nmo:hasIssuer,ex:issuer_77,1.0,
ex:coin_3566,nmo:hasPortrait,ex:person_13,1.0,
ex:coin_3831,nmo:hasIssuer,ex:issuer_77,1.0,
ex:coin_3831,nmo:hasPortrait,ex:person_12,1.0,
ex:coin_4431,nmo:hasIssuer,ex:issuer_77,1.0,
ex:coin_4431,nmo:hasPortrait,ex:person_11,1.0,
ex:coin_4432,nmo:hasIssuer,ex:issuer_77,1.0,
ex:coin_4432,nmo:hasPortrait,ex:person_11,1.0,
ex:coin_4433,nmo:hasIssuer,ex:issuer_77,1.0,
ex:coin_4433,nmo:hasPortrait,ex:person_13,1.0,
ex:coin_4706,nmo:hasIssuer,ex:issuer_77,1.0,
ex:coin_4706,nmo:hasPortrait,ex:person_11,1.0,
ex:coin_4861,nmo:hasIssuer,ex:issuer_77,1.0,
ex:coin_4861,nmo:hasPortrait,ex:person_11,1.0,
ex:coin_4897,nmo:hasIssuer,ex:issuer_77,1.0,
ex:coin_4897,nmo:hasPortrait,ex:person_132,1.0,
ex:coin_4898,nmo:hasIssuer,ex:issuer_77,1.0,
ex:coin_4898,nmo:hasPortrait,ex:person_11,1.0,
ex:coin_4942,nmo:hasIssuer,ex:issuer_77,1.0,
ex:coin_4942,nmo:hasPortrait,ex:person_11,1.0,
ex:coin_5259,nmo:hasIssuer,ex:issuer_77,1.0,
ex:coin_5259,nmo:hasPortrait,ex:person_11,1.0,
ex:coin_5260,nmo:hasIssuer,ex:issuer_77,1.0,
ex:coin_5260,nmo:hasPortrait,ex:person_11,1.0,
ex:coin_5261,nmo:hasIssuer,ex:issuer_77,1.0,
ex:coin_5261,nmo:hasPortrait,ex:person_11,1.0,
ex:coin_5262,nmo:hasIssuer,ex:issuer_77,1.0,
ex:coin_5262,nmo:hasPortrait,ex:person_13,1.0,
ex:coin_5263,nmo:hasIssuer,ex:issuer_77,1.0,
ex:coin_5263,nmo:hasPortrait,ex:person_13,1.0,
ex:coin_5264,nmo:hasIssuer,ex:issuer_77,1.0,
ex:coin_5264,nmo:hasPortrait,ex:person_12,1.0,
ex:coin_5451,nmo:hasIssuer,ex:issuer_77,1.0,
ex:coin_5451,nmo:hasPortrait,ex:person_11,1.0,
ex:coin_5479,nmo:hasIssuer,ex:issuer_77,1.0,
ex:coin_5479,nmo:hasPortrait,ex:person_13,1.0,
ex:coin_5584,nmo:hasIssuer,ex:issuer_77,1.0,
ex:coin_5584,nmo:hasPortrait,ex:person_13,1.0,
ex:coin_5805,nmo:hasIssuer,ex:issuer_77,1.0,
ex:coin_5805,nmo:hasPortrait,ex:person_11,1.0,
ex:coin_6275,nmo:hasIssuer,ex:issuer_77,1.0,
ex:coin_6275,nmo:hasPortrait,ex:person_13,1.0,
ex:coin_6354,nmo:hasIssuer,ex:issuer_77,1.0,
ex:coin_6354,nmo:hasPortrait,ex:person_11,1.0,
ex:coin_6587,nmo:hasIssuer,ex:issuer_77,1.0,
ex:coin_6587,nmo:hasPortrait,ex:person_13,1.0,
ex:coin_7750,nmo:hasIssuer,ex:issuer_77,1.0,
ex:coin_7750,nmo:hasPortrait,ex:person_11,1.0,
ex:coin_7751,nmo:hasIssuer,ex:issuer_77,1.0,
ex:coin_7751,nmo:hasPortrait,ex:person_11,1.0,
ex:coin_8171,nmo:hasIssuer,ex:issuer_77,1.0,
ex:coin_8171,nmo:hasPortrait,ex:person_11,1.0,
ex:coin_8172,nmo:hasIssuer,ex:issuer_77,1.0,
ex:coin_8172,nmo:hasPortrait,ex:person_11,1.0,
ex:coin_8173,nmo:hasIssuer,ex:issuer_77,1.0,
ex:coin_8173,nmo:hasPortrait,ex:person_11,1.0,
ex:coin_8174,nmo:hasIssuer,ex:issuer_77,1.0,
ex:coin_8174,nmo:hasPortrait,ex:person_176,1.0,
ex:coin_8913,nmo:hasIssuer,ex:issuer_77,1.0,
ex:coin_8913,nmo:hasPortrait,ex:person_11,1.0,
ex:coin_9249,nmo:hasIssuer,ex:issuer_77,1.0,
ex:coin_9249,nmo:hasPortrait,ex:person_13,1.0,
ex:coin_10186,nmo:hasIssuer,ex:issuer_77,1.0,
ex:coin_10186,nmo:hasPortrait,ex:person_11,1.0,
ex:coin_11877,nmo:hasIssuer,ex:issuer_77,1.0,
ex:coin_11877,nmo:hasPortrait,ex:person_11,1.0,
ex:coin_12322,nmo:hasIssuer,ex:issuer_77,1.0,
ex:coin_12322,nmo:hasPortrait,ex:person_11,1.0,
ex:coin_13027,nmo:hasIssuer,ex:issuer_77,1.0,
ex:coin_13027,nmo:hasPortrait,ex:person_11,1.0,
ex:coin_13141,nmo:hasIssuer,ex:issuer_77,1.0,
ex:coin_13141,nmo:hasPortrait,ex:person_11,1.0,
ex:coin_13855,nmo:hasIssuer,ex:issuer_77,1.0,
ex:coin_13855,nmo:hasPortrait,ex:person_11,1.0,
ex:coin_15669,nmo:hasIssuer,ex:issuer_77,1.0,
ex:coin_15669,nmo:hasPortrait,ex:person_13,1.0,
ex:coin_15710,nmo:hasIssuer,ex:issuer_77,1.0,
ex:coin_15710,nmo:hasPortrait,ex:person_11,1.0,
ex:coin_15975,nmo:hasIssuer,ex:issuer_77,1.0,
ex:coin_15975,nmo:hasPortrait,ex:person_11,1.0,
ex:coin_16164,nmo:hasIssuer,ex:issuer_77,1.0,
ex:coin_16164,nmo:hasPortrait,ex:person_11,1.0,
ex:coin_16354,nmo:hasIssuer,ex:issuer_77,1.0,
ex:coin_16354,nmo:hasPortrait,ex:person_11,1.0,
ex:coin_17167,nmo:hasIssuer,ex:issuer_77,1.0,
ex:coin_17167,nmo:hasPortrait,ex:person_11,1.0,
ex:coin_17963,nmo:hasIssuer,ex:issuer_77,1.0,
ex:coin_17963,nmo:hasPortrait,ex:person_11,1.0,
ex:coin_18338,nmo:hasIssuer,ex:issuer_77,1.0,
ex:coin_18338,nmo:hasPortrait,ex:person_11,1.0,
ex:coin_28283,nmo:hasIssuer,ex:issuer_77,1.0,
ex:coin_28283,nmo:hasPortrait,ex:person_11,1.0,
ex:coin_28284,nmo:hasIssuer,ex:issuer_77,1.0,
ex:coin_28284,nmo:hasPortrait,ex:person_11,1.0,
ex:coin_28919,nmo:hasIssuer,ex:issuer_77,1.0,
ex:coin_28919,nmo:hasPortrait,ex:person_11,1.0,
ex:coin_29263,nmo:hasIssuer,ex:issuer_77,1.0,
ex:coin_29263,nmo:hasPortrait,ex:person_11,1.0,
ex:coin_33830,nmo:hasIssuer,ex:issuer_77,1.0,
ex:coin_33830,nmo:hasPortrait,ex:person_11,1.0,
ex:coin_35684,nmo:hasIssuer,ex:issuer_77,1.0,
ex:coin_35684,nmo:hasPortrait,ex:person_189,1.0,
ex:coin_35685,nmo:hasIssuer,ex:issuer_77,1.0,
ex:coin_35685,nmo:hasPortrait,ex:person_11,1.0,
ex:coin_35686,nmo:hasIssuer,ex:issuer_77,1.0,
ex:coin_35686,nmo:hasPortrait,ex:person_11,1.0,
ex:coin_35713,nmo:hasIssuer,ex:issuer_77,1.0,
ex:coin_35713,nmo:hasPortrait,ex:person_11,1.0,
ex:coin_35714,nmo:hasIssuer,ex:issuer_77,1.0,
ex:coin_35714,nmo:hasPortrait,ex:person_11,1.0,
ex:coin_35715,nmo:hasIssuer,ex:issuer_77,1.0,
ex:coin_35715,nmo:hasPortrait,ex:person_11,1.0,
ex:coin_35737,nmo:hasIssuer,ex:issuer_77,1.0,
ex:coin_35737,nmo:hasPortrait,ex:person_11,1.0,
ex:coin_35757,nmo:hasIssuer,ex:issuer_77,1.0,
ex:coin_35757,nmo:hasPortrait,ex:person_11,1.0,
ex:coin_35782,nmo:hasIssuer,ex:issuer_77,1.0,
ex:coin_35782,nmo:hasPortrait,ex:person_11,1.0,
ex:coin_35790,nmo:hasIssuer,ex:issuer_77,1.0,
ex:coin_35790,nmo:hasPortrait,ex:person_11,1.0,
ex:coin_42909,nmo:hasIssuer,ex:issuer_77,1.0,
ex:coin_42909,nmo:hasPortrait,ex:person_11,1.0,
ex:coin_273,nmo:hasIssuer,ex:issuer_83,1.0,
ex:coin_273,nmo:hasPortrait,ex:person_14,1.0,
ex:person_14,ex:hasPossibleIssuers,ex:issuer_83,1.0,
ex:person_14,ex:hasPossibleIssuers,ex:issuer_88,1.0,
ex:issuer_83,ex:inPossibleIssuersOf,ex:person_11,1.0,
ex:issuer_83,ex:inPossibleIssuersOf,ex:person_12,1.0,
ex:issuer_83,ex:inPossibleIssuersOf,ex:person_14,1.0,
ex:issuer_83,ex:inPossibleIssuersOf,ex:person_15,1.0,
ex:issuer_83,ex:inPossibleIssuersOf,ex:person_16,1.0,
ex:issuer_83,ex:inPossibleIssuersOf,ex:person_17,1.0,
ex:issuer_83,ex:inPossibleIssuersOf,ex:person_135,1.0,
ex:person_15,ex:hasPossibleIssuers,ex:issuer_83,1.0,
ex:person_16,ex:hasPossibleIssuers,ex:issuer_83,1.0,
ex:person_16,ex:hasPossibleIssuers,ex:issuer_88,1.0,
ex:person_17,ex:hasPossibleIssuers,ex:issuer_83,1.0,
ex:person_17,ex:hasPossibleIssuers,ex:issuer_88,1.0,
ex:person_17,ex:hasPossibleIssuers,ex:issuer_269,1.0,
ex:person_135,ex:hasPossibleIssuers,ex:issuer_83,1.0,
ex:person_135,ex:hasPossibleIssuers,ex:issuer_88,1.0,
ex:person_135,ex:hasPossibleIssuers,ex:issuer_288,1.0,
ex:coin_738,nmo:hasIssuer,ex:issuer_83,1.0,
ex:coin_738,nmo:hasPortrait,ex:person_16,1.0,
ex:coin_748,nmo:hasIssuer,ex:issuer_83,1.0,
ex:coin_748,nmo:hasPortrait,ex:person_16,1.0,
ex:coin_770,nmo:hasIssuer,ex:issuer_83,1.0,
ex:coin_770,nmo:hasPortrait,ex:person_14,1.0,
ex:coin_841,nmo:hasIssuer,ex:issuer_83,1.0,
ex:coin_841,nmo:hasPortrait,ex:person_16,1.0,
ex:coin_855,nmo:hasIssuer,ex:issuer_83,1.0,
ex:coin_855,nmo:hasPortrait,ex:person_14,1.0,
ex:coin_862,nmo:hasIssuer,ex:issuer_83,1.0,
ex:coin_862,nmo:hasPortrait,ex:person_16,1.0,
ex:coin_869,nmo:hasIssuer,ex:issuer_83,1.0,
ex:coin_869,nmo:hasPortrait,ex:person_16,1.0,
ex:coin_876,nmo:hasIssuer,ex:issuer_83,1.0,
ex:coin_876,nmo:hasPortrait,ex:person_14,1.0,
ex:coin_878,nmo:hasIssuer,ex:issuer_83,1.0,
ex:coin_878,nmo:hasPortrait,ex:person_16,1.0,
ex:coin_886,nmo:hasIssuer,ex:issuer_83,1.0,
ex:coin_886,nmo:hasPortrait,ex:person_14,1.0,
ex:coin_899,nmo:hasIssuer,ex:issuer_83,1.0,
ex:coin_899,nmo:hasPortrait,ex:person_16,1.0,
ex:coin_999,nmo:hasIssuer,ex:issuer_83,1.0,
ex:coin_999,nmo:hasPortrait,ex:person_16,1.0,
ex:coin_1013,nmo:hasIssuer,ex:issuer_83,1.0,
ex:coin_1013,nmo:hasPortrait,ex:person_16,1.0,
ex:coin_1201,nmo:hasIssuer,ex:issuer_83,1.0,
ex:coin_1201,nmo:hasPortrait,ex:person_17,1.0,
ex:coin_1605,nmo:hasIssuer,ex:issuer_83,1.0,
ex:coin_1605,nmo:hasPortrait,ex:person_14,1.0,
ex:coin_1758,nmo:hasIssuer,ex:issuer_83,1.0,
ex:coin_1758,nmo:hasPortrait,ex:person_14,1.0,
ex:coin_1931,nmo:hasIssuer,ex:issuer_83,1.0,
ex:coin_1931,nmo:hasPortrait,ex:person_16,1.0,
ex:coin_1932,nmo:hasIssuer,ex:issuer_83,1.0,
ex:coin_1932,nmo:hasPortrait,ex:person_16,1.0,
ex:coin_1933,nmo:hasIssuer,ex:issuer_83,1.0,
ex:coin_1933,nmo:hasPortrait,ex:person_16,1.0,
ex:coin_1934,nmo:hasIssuer,ex:issuer_83,1.0,
ex:coin_1934,nmo:hasPortrait,ex:person_16,1.0,
ex:coin_1935,nmo:hasIssuer,ex:issuer_83,1.0,
ex:coin_1935,nmo:hasPortrait,ex:person_16,1.0,
ex:coin_1937,nmo:hasIssuer,ex:issuer_83,1.0,
ex:coin_1937,nmo:hasPortrait,ex:person_16,1.0,
ex:coin_1938,nmo:hasIssuer,ex:issuer_83,1.0,
ex:coin_1938,nmo:hasPortrait,ex:person_16,1.0,
ex:coin_1939,nmo:hasIssuer,ex:issuer_83,1.0,
ex:coin_1939,nmo:hasPortrait,ex:person_16,1.0,
ex:coin_1942,nmo:hasIssuer,ex:issuer_83,1.0,
ex:coin_1942,nmo:hasPortrait,ex:person_14,1.0,
ex:coin_1943,nmo:hasIssuer,ex:issuer_83,1.0,
ex:coin_1943,nmo:hasPortrait,ex:person_14,1.0,
ex:coin_1944,nmo:hasIssuer,ex:issuer_83,1.0,
ex:coin_1944,nmo:hasPortrait,ex:person_14,1.0,
ex:coin_1945,nmo:hasIssuer,ex:issuer_83,1.0,
ex:coin_1945,nmo:hasPortrait,ex:person_14,1.0,
ex:coin_1946,nmo:hasIssuer,ex:issuer_83,1.0,
ex:coin_1946,nmo:hasPortrait,ex:person_17,1.0,
ex:coin_1947,nmo:hasIssuer,ex:issuer_83,1.0,
ex:coin_1947,nmo:hasPortrait,ex:person_17,1.0,
ex:coin_1961,nmo:hasIssuer,ex:issuer_83,1.0,
ex:coin_1961,nmo:hasPortrait,ex:person_16,1.0,
ex:coin_1962,nmo:hasIssuer,ex:issuer_83,1.0,
ex:coin_1962,nmo:hasPortrait,ex:person_16,1.0,
ex:coin_1969,nmo:hasIssuer,ex:issuer_83,1.0,
ex:coin_1969,nmo:hasPortrait,ex:person_16,1.0,
ex:coin_2049,nmo:hasIssuer,ex:issuer_83,1.0,
ex:coin_2049,nmo:hasPortrait,ex:person_16,1.0,
ex:coin_2121,nmo:hasIssuer,ex:issuer_83,1.0,
ex:coin_2121,nmo:hasPortrait,ex:person_16,1.0,
ex:coin_2162,nmo:hasIssuer,ex:issuer_83,1.0,
ex:coin_2162,nmo:hasPortrait,ex:person_14,1.0,
ex:coin_2165,nmo:hasIssuer,ex:issuer_83,1.0,
ex:coin_2165,nmo:hasPortrait,ex:person_16,1.0,
ex:coin_2526,nmo:hasIssuer,ex:issuer_83,1.0,
ex:coin_2526,nmo:hasPortrait,ex:person_15,1.0,
ex:coin_2527,nmo:hasIssuer,ex:issuer_83,1.0,
ex:coin_2527,nmo:hasPortrait,ex:person_15,1.0,
ex:coin_2528,nmo:hasIssuer,ex:issuer_83,1.0,
ex:coin_2528,nmo:hasPortrait,ex:person_15,1.0,
ex:coin_2529,nmo:hasIssuer,ex:issuer_83,1.0,
ex:coin_2529,nmo:hasPortrait,ex:person_16,1.0,
ex:coin_2530,nmo:hasIssuer,ex:issuer_83,1.0,
ex:coin_2530,nmo:hasPortrait,ex:person_16,1.0,
ex:coin_2531,nmo:hasIssuer,ex:issuer_83,1.0,
ex:coin_2531,nmo:hasPortrait,ex:person_16,1.0,
ex:coin_2532,nmo:hasIssuer,ex:issuer_83,1.0,
ex:coin_2532,nmo:hasPortrait,ex:person_16,1.0,
ex:coin_2533,nmo:hasIssuer,ex:issuer_83,1.0,
ex:coin_2533,nmo:hasPortrait,ex:person_16,1.0,
ex:coin_2534,nmo:hasIssuer,ex:issuer_83,1.0,
ex:coin_2534,nmo:hasPortrait,ex:person_16,1.0,
ex:coin_2535,nmo:hasIssuer,ex:issuer_83,1.0,
ex:coin_2535,nmo:hasPortrait,ex:person_16,1.0,
ex:coin_2536,nmo:hasIssuer,ex:issuer_83,1.0,
ex:coin_2536,nmo:hasPortrait,ex:person_16,1.0,
ex:coin_2537,nmo:hasIssuer,ex:issuer_83,1.0,
ex:coin_2537,nmo:hasPortrait,ex:person_16,1.0,
ex:coin_2538,nmo:hasIssuer,ex:issuer_83,1.0,
ex:coin_2538,nmo:hasPortrait,ex:person_16,1.0,
ex:coin_2539,nmo:hasIssuer,ex:issuer_83,1.0,
ex:coin_2539,nmo:hasPortrait,ex:person_16,1.0,
ex:coin_2540,nmo:hasIssuer,ex:issuer_83,1.0,
ex:coin_2540,nmo:hasPortrait,ex:person_16,1.0,
ex:coin_2541,nmo:hasIssuer,ex:issuer_83,1.0,
ex:coin_2541,nmo:hasPortrait,ex:person_16,1.0,
ex:coin_2542,nmo:hasIssuer,ex:issuer_83,1.0,
ex:coin_2542,nmo:hasPortrait,ex:person_16,1.0,
ex:coin_2543,nmo:hasIssuer,ex:issuer_83,1.0,
ex:coin_2543,nmo:hasPortrait,ex:person_16,1.0,
ex:coin_2544,nmo:hasIssuer,ex:issuer_83,1.0,
ex:coin_2544,nmo:hasPortrait,ex:person_16,1.0,
ex:coin_2545,nmo:hasIssuer,ex:issuer_83,1.0,
ex:coin_2545,nmo:hasPortrait,ex:person_16,1.0,
ex:coin_2546,nmo:hasIssuer,ex:issuer_83,1.0,
ex:coin_2546,nmo:hasPortrait,ex:person_16,1.0,
ex:coin_2547,nmo:hasIssuer,ex:issuer_83,1.0,
ex:coin_2547,nmo:hasPortrait,ex:person_16,1.0,
ex:coin_2548,nmo:hasIssuer,ex:issuer_83,1.0,
ex:coin_2548,nmo:hasPortrait,ex:person_16,1.0,
ex:coin_2549,nmo:hasIssuer,ex:issuer_83,1.0,
ex:coin_2549,nmo:hasPortrait,ex:person_16,1.0,
ex:coin_2550,nmo:hasIssuer,ex:issuer_83,1.0,
ex:coin_2550,nmo:hasPortrait,ex:person_16,1.0,
ex:coin_2551,nmo:hasIssuer,ex:issuer_83,1.0,
ex:coin_2551,nmo:hasPortrait,ex:person_16,1.0,
ex:coin_2552,nmo:hasIssuer,ex:issuer_83,1.0,
ex:coin_2552,nmo:hasPortrait,ex:person_16,1.0,
ex:coin_2553,nmo:hasIssuer,ex:issuer_83,1.0,
ex:coin_2553,nmo:hasPortrait,ex:person_16,1.0,
ex:coin_2554,nmo:hasIssuer,ex:issuer_83,1.0,
ex:coin_2554,nmo:hasPortrait,ex:person_16,1.0,
ex:coin_2555,nmo:hasIssuer,ex:issuer_83,1.0,
ex:coin_2555,nmo:hasPortrait,ex:person_16,1.0,
ex:coin_2556,nmo:hasIssuer,ex:issuer_83,1.0,
ex:coin_2556,nmo:hasPortrait,ex:person_16,1.0,
ex:coin_2557,nmo:hasIssuer,ex:issuer_83,1.0,
ex:coin_2557,nmo:hasPortrait,ex:person_16,1.0,
ex:coin_2558,nmo:hasIssuer,ex:issuer_83,1.0,
ex:coin_2558,nmo:hasPortrait,ex:person_16,1.0,
ex:coin_2559,nmo:hasIssuer,ex:issuer_83,1.0,
ex:coin_2559,nmo:hasPortrait,ex:person_16,1.0,
ex:coin_2560,nmo:hasIssuer,ex:issuer_83,1.0,
ex:coin_2560,nmo:hasPortrait,ex:person_16,1.0,
ex:coin_2561,nmo:hasIssuer,ex:issuer_83,1.0,
ex:coin_2561,nmo:hasPortrait,ex:person_16,1.0,
ex:coin_2562,nmo:hasIssuer,ex:issuer_83,1.0,
ex:coin_2562,nmo:hasPortrait,ex:person_14,1.0,
ex:coin_2563,nmo:hasIssuer,ex:issuer_83,1.0,
ex:coin_2563,nmo:hasPortrait,ex:person_14,1.0,
ex:coin_2564,nmo:hasIssuer,ex:issuer_83,1.0,
ex:coin_2564,nmo:hasPortrait,ex:person_14,1.0,
ex:coin_2565,nmo:hasIssuer,ex:issuer_83,1.0,
ex:coin_2565,nmo:hasPortrait,ex:person_14,1.0,
ex:coin_2566,nmo:hasIssuer,ex:issuer_83,1.0,
ex:coin_2566,nmo:hasPortrait,ex:person_14,1.0,
ex:coin_2567,nmo:hasIssuer,ex:issuer_83,1.0,
ex:coin_2567,nmo:hasPortrait,ex:person_14,1.0,
ex:coin_2568,nmo:hasIssuer,ex:issuer_83,1.0,
ex:coin_2568,nmo:hasPortrait,ex:person_14,1.0,
ex:coin_2569,nmo:hasIssuer,ex:issuer_83,1.0,
ex:coin_2569,nmo:hasPortrait,ex:person_14,1.0,
ex:coin_2570,nmo:hasIssuer,ex:issuer_83,1.0,
ex:coin_2570,nmo:hasPortrait,ex:person_14,1.0,
ex:coin_2571,nmo:hasIssuer,ex:issuer_83,1.0,
ex:coin_2571,nmo:hasPortrait,ex:person_14,1.0,
ex:coin_2572,nmo:hasIssuer,ex:issuer_83,1.0,
ex:coin_2572,nmo:hasPortrait,ex:person_14,1.0,
ex:coin_2573,nmo:hasIssuer,ex:issuer_83,1.0,
ex:coin_2573,nmo:hasPortrait,ex:person_14,1.0,
ex:coin_2574,nmo:hasIssuer,ex:issuer_83,1.0,
ex:coin_2574,nmo:hasPortrait,ex:person_14,1.0,
ex:coin_2575,nmo:hasIssuer,ex:issuer_83,1.0,
ex:coin_2575,nmo:hasPortrait,ex:person_14,1.0,
ex:coin_2602,nmo:hasIssuer,ex:issuer_83,1.0,
ex:coin_2602,nmo:hasPortrait,ex:person_14,1.0,
ex:coin_2603,nmo:hasIssuer,ex:issuer_83,1.0,
ex:coin_2603,nmo:hasPortrait,ex:person_14,1.0,
ex:coin_2604,nmo:hasIssuer,ex:issuer_83,1.0,
ex:coin_2604,nmo:hasPortrait,ex:person_14,1.0,
ex:coin_2605,nmo:hasIssuer,ex:issuer_83,1.0,
ex:coin_2605,nmo:hasPortrait,ex:person_17,1.0,
ex:coin_2606,nmo:hasIssuer,ex:issuer_83,1.0,
ex:coin_2606,nmo:hasPortrait,ex:person_17,1.0,
ex:coin_2607,nmo:hasIssuer,ex:issuer_83,1.0,
ex:coin_2607,nmo:hasPortrait,ex:person_17,1.0,
ex:coin_2608,nmo:hasIssuer,ex:issuer_83,1.0,
ex:coin_2608,nmo:hasPortrait,ex:person_17,1.0,
ex:coin_2609,nmo:hasIssuer,ex:issuer_83,1.0,
ex:coin_2609,nmo:hasPortrait,ex:person_17,1.0,
ex:coin_2610,nmo:hasIssuer,ex:issuer_83,1.0,
ex:coin_2610,nmo:hasPortrait,ex:person_17,1.0,
ex:coin_2611,nmo:hasIssuer,ex:issuer_83,1.0,
ex:coin_2611,nmo:hasPortrait,ex:person_17,1.0,
ex:coin_2847,nmo:hasIssuer,ex:issuer_83,1.0,
ex:coin_2847,nmo:hasPortrait,ex:person_14,1.0,
ex:coin_2887,nmo:hasIssuer,ex:issuer_83,1.0,
ex:coin_2887,nmo:hasPortrait,ex:person_14,1.0,
ex:coin_2888,nmo:hasIssuer,ex:issuer_83,1.0,
ex:coin_2888,nmo:hasPortrait,ex:person_14,1.0,
ex:coin_2970,nmo:hasIssuer,ex:issuer_83,1.0,
ex:coin_2970,nmo:hasPortrait,ex:person_14,1.0,
ex:coin_3013,nmo:hasIssuer,ex:issuer_83,1.0,
ex:coin_3013,nmo:hasPortrait,ex:person_16,1.0,
ex:coin_3014,nmo:hasIssuer,ex:issuer_83,1.0,
ex:coin_3014,nmo:hasPortrait,ex:person_14,1.0,
ex:coin_3028,nmo:hasIssuer,ex:issuer_83,1.0,
ex:coin_3028,nmo:hasPortrait,ex:person_16,1.0,
ex:coin_3029,nmo:hasIssuer,ex:issuer_83,1.0,
ex:coin_3029,nmo:hasPortrait,ex:person_16,1.0,
ex:coin_3030,nmo:hasIssuer,ex:issuer_83,1.0,
ex:coin_3030,nmo:hasPortrait,ex:person_16,1.0,
ex:coin_3031,nmo:hasIssuer,ex:issuer_83,1.0,
ex:coin_3031,nmo:hasPortrait,ex:person_16,1.0,
ex:coin_3104,nmo:hasIssuer,ex:issuer_83,1.0,
ex:coin_3104,nmo:hasPortrait,ex:person_15,1.0,
ex:coin_3105,nmo:hasIssuer,ex:issuer_83,1.0,
ex:coin_3105,nmo:hasPortrait,ex:person_15,1.0,
ex:coin_3106,nmo:hasIssuer,ex:issuer_83,1.0,
ex:coin_3106,nmo:hasPortrait,ex:person_15,1.0,
ex:coin_3107,nmo:hasIssuer,ex:issuer_83,1.0,
ex:coin_3107,nmo:hasPortrait,ex:person_15,1.0,
ex:coin_3108,nmo:hasIssuer,ex:issuer_83,1.0,
ex:coin_3108,nmo:hasPortrait,ex:person_15,1.0,
ex:coin_3109,nmo:hasIssuer,ex:issuer_83,1.0,
ex:coin_3109,nmo:hasPortrait,ex:person_15,1.0,
ex:coin_3110,nmo:hasIssuer,ex:issuer_83,1.0,
ex:coin_3110,nmo:hasPortrait,ex:person_15,1.0,
ex:coin_3111,nmo:hasIssuer,ex:issuer_83,1.0,
ex:coin_3111,nmo:hasPortrait,ex:person_15,1.0,
ex:coin_3112,nmo:hasIssuer,ex:issuer_83,1.0,
ex:coin_3112,nmo:hasPortrait,ex:person_15,1.0,
ex:coin_3113,nmo:hasIssuer,ex:issuer_83,1.0,
ex:coin_3113,nmo:hasPortrait,ex:person_15,1.0,
ex:coin_3114,nmo:hasIssuer,ex:issuer_83,1.0,
ex:coin_3114,nmo:hasPortrait,ex:person_15,1.0,
ex:coin_3115,nmo:hasIssuer,ex:issuer_83,1.0,
ex:coin_3115,nmo:hasPortrait,ex:person_15,1.0,
ex:coin_3116,nmo:hasIssuer,ex:issuer_83,1.0,
ex:coin_3116,nmo:hasPortrait,ex:person_15,1.0,
ex:coin_3117,nmo:hasIssuer,ex:issuer_83,1.0,
ex:coin_3117,nmo:hasPortrait,ex:person_14,1.0,
ex:coin_3118,nmo:hasIssuer,ex:issuer_83,1.0,
ex:coin_3118,nmo:hasPortrait,ex:person_14,1.0,
ex:coin_3135,nmo:hasIssuer,ex:issuer_83,1.0,
ex:coin_3135,nmo:hasPortrait,ex:person_16,1.0,
ex:coin_3136,nmo:hasIssuer,ex:issuer_83,1.0,
ex:coin_3136,nmo:hasPortrait,ex:person_16,1.0,
ex:coin_3144,nmo:hasIssuer,ex:issuer_83,1.0,
ex:coin_3144,nmo:hasPortrait,ex:person_17,1.0,
ex:coin_3196,nmo:hasIssuer,ex:issuer_83,1.0,
ex:coin_3196,nmo:hasPortrait,ex:person_16,1.0,
ex:coin_3197,nmo:hasIssuer,ex:issuer_83,1.0,
ex:coin_3197,nmo:hasPortrait,ex:person_16,1.0,
ex:coin_3198,nmo:hasIssuer,ex:issuer_83,1.0,
ex:coin_3198,nmo:hasPortrait,ex:person_16,1.0,
ex:coin_3199,nmo:hasIssuer,ex:issuer_83,1.0,
ex:coin_3199,nmo:hasPortrait,ex:person_14,1.0,
ex:coin_3296,nmo:hasIssuer,ex:issuer_83,1.0,
ex:coin_3296,nmo:hasPortrait,ex:person_16,1.0,
ex:coin_3297,nmo:hasIssuer,ex:issuer_83,1.0,
ex:coin_3297,nmo:hasPortrait,ex:person_16,1.0,
ex:coin_3298,nmo:hasIssuer,ex:issuer_83,1.0,
ex:coin_3298,nmo:hasPortrait,ex:person_16,1.0,
ex:coin_3299,nmo:hasIssuer,ex:issuer_83,1.0,
ex:coin_3299,nmo:hasPortrait,ex:person_14,1.0,
ex:coin_3300,nmo:hasIssuer,ex:issuer_83,1.0,
ex:coin_3300,nmo:hasPortrait,ex:person_14,1.0,
ex:coin_3301,nmo:hasIssuer,ex:issuer_83,1.0,
ex:coin_3301,nmo:hasPortrait,ex:person_17,1.0,
ex:coin_3327,nmo:hasIssuer,ex:issuer_83,1.0,
ex:coin_3327,nmo:hasPortrait,ex:person_14,1.0,
ex:coin_3328,nmo:hasIssuer,ex:issuer_83,1.0,
ex:coin_3328,nmo:hasPortrait,ex:person_16,1.0,
ex:coin_3329,nmo:hasIssuer,ex:issuer_83,1.0,
ex:coin_3329,nmo:hasPortrait,ex:person_16,1.0,
ex:coin_3356,nmo:hasIssuer,ex:issuer_83,1.0,
ex:coin_3356,nmo:hasPortrait,ex:person_14,1.0,
ex:coin_3381,nmo:hasIssuer,ex:issuer_83,1.0,
ex:coin_3381,nmo:hasPortrait,ex:person_15,1.0,
ex:coin_3424,nmo:hasIssuer,ex:issuer_83,1.0,
ex:coin_3424,nmo:hasPortrait,ex:person_16,1.0,
ex:coin_3425,nmo:hasIssuer,ex:issuer_83,1.0,
ex:coin_3425,nmo:hasPortrait,ex:person_16,1.0,
ex:coin_3426,nmo:hasIssuer,ex:issuer_83,1.0,
ex:coin_3426,nmo:hasPortrait,ex:person_16,1.0,
ex:coin_3427,nmo:hasIssuer,ex:issuer_83,1.0,
ex:coin_3427,nmo:hasPortrait,ex:person_16,1.0,
ex:coin_3428,nmo:hasIssuer,ex:issuer_83,1.0,
ex:coin_3428,nmo:hasPortrait,ex:person_16,1.0,
ex:coin_3429,nmo:hasIssuer,ex:issuer_83,1.0,
ex:coin_3429,nmo:hasPortrait,ex:person_16,1.0,
ex:coin_3430,nmo:hasIssuer,ex:issuer_83,1.0,
ex:coin_3430,nmo:hasPortrait,ex:person_16,1.0,
ex:coin_3431,nmo:hasIssuer,ex:issuer_83,1.0,
ex:coin_3431,nmo:hasPortrait,ex:person_16,1.0,
ex:coin_3432,nmo:hasIssuer,ex:issuer_83,1.0,
ex:coin_3432,nmo:hasPortrait,ex:person_16,1.0,
ex:coin_3433,nmo:hasIssuer,ex:issuer_83,1.0,
ex:coin_3433,nmo:hasPortrait,ex:person_16,1.0,
ex:coin_3434,nmo:hasIssuer,ex:issuer_83,1.0,
ex:coin_3434,nmo:hasPortrait,ex:person_16,1.0,
ex:coin_3435,nmo:hasIssuer,ex:issuer_83,1.0,
ex:coin_3435,nmo:hasPortrait,ex:person_14,1.0,
ex:coin_3436,nmo:hasIssuer,ex:issuer_83,1.0,
ex:coin_3436,nmo:hasPortrait,ex:person_14,1.0,
ex:coin_3437,nmo:hasIssuer,ex:issuer_83,1.0,
ex:coin_3437,nmo:hasPortrait,ex:person_14,1.0,
ex:coin_3438,nmo:hasIssuer,ex:issuer_83,1.0,
ex:coin_3438,nmo:hasPortrait,ex:person_14,1.0,
ex:coin_3439,nmo:hasIssuer,ex:issuer_83,1.0,
ex:coin_3439,nmo:hasPortrait,ex:person_17,1.0,
ex:coin_3440,nmo:hasIssuer,ex:issuer_83,1.0,
ex:coin_3440,nmo:hasPortrait,ex:person_17,1.0,
ex:coin_3441,nmo:hasIssuer,ex:issuer_83,1.0,
ex:coin_3441,nmo:hasPortrait,ex:person_17,1.0,
ex:coin_3569,nmo:hasIssuer,ex:issuer_83,1.0,
ex:coin_3569,nmo:hasPortrait,ex:person_15,1.0,
ex:coin_3575,nmo:hasIssuer,ex:issuer_83,1.0,
ex:coin_3575,nmo:hasPortrait,ex:person_15,1.0,
ex:coin_3833,nmo:hasIssuer,ex:issuer_83,1.0,
ex:coin_3833,nmo:hasPortrait,ex:person_16,1.0,
ex:coin_3834,nmo:hasIssuer,ex:issuer_83,1.0,
ex:coin_3834,nmo:hasPortrait,ex:person_16,1.0,
ex:coin_3835,nmo:hasIssuer,ex:issuer_83,1.0,
ex:coin_3835,nmo:hasPortrait,ex:person_14,1.0,
ex:coin_3840,nmo:hasIssuer,ex:issuer_83,1.0,
ex:coin_3840,nmo:hasPortrait,ex:person_14,1.0,
ex:coin_3863,nmo:hasIssuer,ex:issuer_83,1.0,
ex:coin_3863,nmo:hasPortrait,ex:person_16,1.0,
ex:coin_3864,nmo:hasIssuer,ex:issuer_83,1.0,
ex:coin_3864,nmo:hasPortrait,ex:person_16,1.0,
ex:coin_3911,nmo:hasIssuer,ex:issuer_83,1.0,
ex:coin_3911,nmo:hasPortrait,ex:person_16,1.0,
ex:coin_4164,nmo:hasIssuer,ex:issuer_83,1.0,
ex:coin_4164,nmo:hasPortrait,ex:person_16,1.0,
ex:coin_4165,nmo:hasIssuer,ex:issuer_83,1.0,
ex:coin_4165,nmo:hasPortrait,ex:person_16,1.0,
ex:coin_4166,nmo:hasIssuer,ex:issuer_83,1.0,
ex:coin_4166,nmo:hasPortrait,ex:person_14,1.0,
ex:coin_4167,nmo:hasIssuer,ex:issuer_83,1.0,
ex:coin_4167,nmo:hasPortrait,ex:person_14,1.0,
ex:coin_4440,nmo:hasIssuer,ex:issuer_83,1.0,
ex:coin_4440,nmo:hasPortrait,ex:person_16,1.0,
ex:coin_4441,nmo:hasIssuer,ex:issuer_83,1.0,
ex:coin_4441,nmo:hasPortrait,ex:person_16,1.0,
ex:coin_4442,nmo:hasIssuer,ex:issuer_83,1.0,
ex:coin_4442,nmo:hasPortrait,ex:person_16,1.0,
ex:coin_4443,nmo:hasIssuer,ex:issuer_83,1.0,
ex:coin_4443,nmo:hasPortrait,ex:person_14,1.0,
ex:coin_4584,nmo:hasIssuer,ex:issuer_83,1.0,
ex:coin_4584,nmo:hasPortrait,ex:person_15,1.0,
ex:coin_4585,nmo:hasIssuer,ex:issuer_83,1.0,
ex:coin_4585,nmo:hasPortrait,ex:person_14,1.0,
ex:coin_4589,nmo:hasIssuer,ex:issuer_83,1.0,
ex:coin_4589,nmo:hasPortrait,ex:person_15,1.0,
ex:coin_4601,nmo:hasIssuer,ex:issuer_83,1.0,
ex:coin_4601,nmo:hasPortrait,ex:person_15,1.0,
ex:coin_4602,nmo:hasIssuer,ex:issuer_83,1.0,
ex:coin_4602,nmo:hasPortrait,ex:person_15,1.0,
ex:coin_4628,nmo:hasIssuer,ex:issuer_83,1.0,
ex:coin_4628,nmo:hasPortrait,ex:person_15,1.0,
ex:coin_4711,nmo:hasIssuer,ex:issuer_83,1.0,
ex:coin_4711,nmo:hasPortrait,ex:person_16,1.0,
ex:coin_4712,nmo:hasIssuer,ex:issuer_83,1.0,
ex:coin_4712,nmo:hasPortrait,ex:person_17,1.0,
ex:coin_4713,nmo:hasIssuer,ex:issuer_83,1.0,
ex:coin_4713,nmo:hasPortrait,ex:person_17,1.0,
ex:coin_4735,nmo:hasIssuer,ex:issuer_83,1.0,
ex:coin_4735,nmo:hasPortrait,ex:person_16,1.0,
ex:coin_4736,nmo:hasIssuer,ex:issuer_83,1.0,
ex:coin_4736,nmo:hasPortrait,ex:person_16,1.0,
ex:coin_4866,nmo:hasIssuer,ex:issuer_83,1.0,
ex:coin_4866,nmo:hasPortrait,ex:person_14,1.0,
ex:coin_4867,nmo:hasIssuer,ex:issuer_83,1.0,
ex:coin_4867,nmo:hasPortrait,ex:person_14,1.0,
ex:coin_4889,nmo:hasIssuer,ex:issuer_83,1.0,
ex:coin_4889,nmo:hasPortrait,ex:person_14,1.0,
ex:coin_4890,nmo:hasIssuer,ex:issuer_83,1.0,
ex:coin_4890,nmo:hasPortrait,ex:person_17,1.0,
ex:coin_4891,nmo:hasIssuer,ex:issuer_83,1.0,
ex:coin_4891,nmo:hasPortrait,ex:person_17,1.0,
ex:coin_4956,nmo:hasIssuer,ex:issuer_83,1.0,
ex:coin_4956,nmo:hasPortrait,ex:person_16,1.0,
ex:coin_4957,nmo:hasIssuer,ex:issuer_83,1.0,
ex:coin_4957,nmo:hasPortrait,ex:person_16,1.0,
ex:coin_4958,nmo:hasIssuer,ex:issuer_83,1.0,
ex:coin_4958,nmo:hasPortrait,ex:person_16,1.0,
ex:coin_4959,nmo:hasIssuer,ex:issuer_83,1.0,
ex:coin_4959,nmo:hasPortrait,ex:person_16,1.0,
ex:coin_4960,nmo:hasIssuer,ex:issuer_83,1.0,
ex:coin_4960,nmo:hasPortrait,ex:person_16,1.0,
ex:coin_4961,nmo:hasIssuer,ex:issuer_83,1.0,
ex:coin_4961,nmo:hasPortrait,ex:person_14,1.0,
ex:coin_4962,nmo:hasIssuer,ex:issuer_83,1.0,
ex:coin_4962,nmo:hasPortrait,ex:person_14,1.0,
ex:coin_4963,nmo:hasIssuer,ex:issuer_83,1.0,
ex:coin_4963,nmo:hasPortrait,ex:person_14,1.0,
ex:coin_4964,nmo:hasIssuer,ex:issuer_83,1.0,
ex:coin_4964,nmo:hasPortrait,ex:person_14,1.0,
ex:coin_4965,nmo:hasIssuer,ex:issuer_83,1.0,
ex:coin_4965,nmo:hasPortrait,ex:person_17,1.0,
ex:coin_5015,nmo:hasIssuer,ex:issuer_83,1.0,
ex:coin_5015,nmo:hasPortrait,ex:person_16,1.0,
ex:coin_5016,nmo:hasIssuer,ex:issuer_83,1.0,
ex:coin_5016,nmo:hasPortrait,ex:person_16,1.0,
ex:coin_5017,nmo:hasIssuer,ex:issuer_83,1.0,
ex:coin_5017,nmo:hasPortrait,ex:person_16,1.0,
ex:coin_5064,nmo:hasIssuer,ex:issuer_83,1.0,
ex:coin_5064,nmo:hasPortrait,ex:person_15,1.0,
ex:coin_5316,nmo:hasIssuer,ex:issuer_83,1.0,
ex:coin_5316,nmo:hasPortrait,ex:person_14,1.0,
ex:coin_5389,nmo:hasIssuer,ex:issuer_83,1.0,
ex:coin_5389,nmo:hasPortrait,ex:person_16,1.0,
ex:coin_5403,nmo:hasIssuer,ex:issuer_83,1.0,
ex:coin_5403,nmo:hasPortrait,ex:person_14,1.0,
ex:coin_5437,nmo:hasIssuer,ex:issuer_83,1.0,
ex:coin_5437,nmo:hasPortrait,ex:person_16,1.0,
ex:coin_5442,nmo:hasIssuer,ex:issuer_83,1.0,
ex:coin_5442,nmo:hasPortrait,ex:person_16,1.0,
ex:coin_5446,nmo:hasIssuer,ex:issuer_83,1.0,
ex:coin_5446,nmo:hasPortrait,ex:person_14,1.0,
ex:coin_5481,nmo:hasIssuer,ex:issuer_83,1.0,
ex:coin_5481,nmo:hasPortrait,ex:person_14,1.0,
ex:coin_5482,nmo:hasIssuer,ex:issuer_83,1.0,
ex:coin_5482,nmo:hasPortrait,ex:person_16,1.0,
ex:coin_5591,nmo:hasIssuer,ex:issuer_83,1.0,
ex:coin_5591,nmo:hasPortrait,ex:person_14,1.0,
ex:coin_5592,nmo:hasIssuer,ex:issuer_83,1.0,
ex:coin_5592,nmo:hasPortrait,ex:person_14,1.0,
ex:coin_5593,nmo:hasIssuer,ex:issuer_83,1.0,
ex:coin_5593,nmo:hasPortrait,ex:person_16,1.0,
ex:coin_5618,nmo:hasIssuer,ex:issuer_83,1.0,
ex:coin_5618,nmo:hasPortrait,ex:person_16,1.0,
ex:coin_5639,nmo:hasIssuer,ex:issuer_83,1.0,
ex:coin_5639,nmo:hasPortrait,ex:person_16,1.0,
ex:coin_5652,nmo:hasIssuer,ex:issuer_83,1.0,
ex:coin_5652,nmo:hasPortrait,ex:person_14,1.0,
ex:coin_5692,nmo:hasIssuer,ex:issuer_83,1.0,
ex:coin_5692,nmo:hasPortrait,ex:person_15,1.0,
ex:coin_5831,nmo:hasIssuer,ex:issuer_83,1.0,
ex:coin_5831,nmo:hasPortrait,ex:person_14,1.0,
ex:coin_5929,nmo:hasIssuer,ex:issuer_83,1.0,
ex:coin_5929,nmo:hasPortrait,ex:person_14,1.0,
ex:coin_6090,nmo:hasIssuer,ex:issuer_83,1.0,
ex:coin_6090,nmo:hasPortrait,ex:person_17,1.0,
ex:coin_6114,nmo:hasIssuer,ex:issuer_83,1.0,
ex:coin_6114,nmo:hasPortrait,ex:person_14,1.0,
ex:coin_6153,nmo:hasIssuer,ex:issuer_83,1.0,
ex:coin_6153,nmo:hasPortrait,ex:person_14,1.0,
ex:coin_6160,nmo:hasIssuer,ex:issuer_83,1.0,
ex:coin_6160,nmo:hasPortrait,ex:person_16,1.0,
ex:coin_6195,nmo:hasIssuer,ex:issuer_83,1.0,
ex:coin_6195,nmo:hasPortrait,ex:person_16,1.0,
ex:coin_6221,nmo:hasIssuer,ex:issuer_83,1.0,
ex:coin_6221,nmo:hasPortrait,ex:person_16,1.0,
ex:coin_6231,nmo:hasIssuer,ex:issuer_83,1.0,
ex:coin_6231,nmo:hasPortrait,ex:person_16,1.0,
ex:coin_6385,nmo:hasIssuer,ex:issuer_83,1.0,
ex:coin_6385,nmo:hasPortrait,ex:person_15,1.0,
ex:coin_6437,nmo:hasIssuer,ex:issuer_83,1.0,
ex:coin_6437,nmo:hasPortrait,ex:person_16,1.0,
ex:coin_6440,nmo:hasIssuer,ex:issuer_83,1.0,
ex:coin_6440,nmo:hasPortrait,ex:person_15,1.0,
ex:coin_6507,nmo:hasIssuer,ex:issuer_83,1.0,
ex:coin_6507,nmo:hasPortrait,ex:person_15,1.0,
ex:coin_6527,nmo:hasIssuer,ex:issuer_83,1.0,
ex:coin_6527,nmo:hasPortrait,ex:person_15,1.0,
ex:coin_6531,nmo:hasIssuer,ex:issuer_83,1.0,
ex:coin_6531,nmo:hasPortrait,ex:person_17,1.0,
ex:coin_6538,nmo:hasIssuer,ex:issuer_83,1.0,
ex:coin_6538,nmo:hasPortrait,ex:person_16,1.0,
ex:coin_6581,nmo:hasIssuer,ex:issuer_83,1.0,
ex:coin_6581,nmo:hasPortrait,ex:person_17,1.0,
ex:coin_6586,nmo:hasIssuer,ex:issuer_83,1.0,
ex:coin_6586,nmo:hasPortrait,ex:person_16,1.0,
ex:coin_6588,nmo:hasIssuer,ex:issuer_83,1.0,
ex:coin_6588,nmo:hasPortrait,ex:person_14,1.0,
ex:coin_6594,nmo:hasIssuer,ex:issuer_83,1.0,
ex:coin_6594,nmo:hasPortrait,ex:person_14,1.0,
ex:coin_6671,nmo:hasIssuer,ex:issuer_83,1.0,
ex:coin_6671,nmo:hasPortrait,ex:person_17,1.0,
ex:coin_6783,nmo:hasIssuer,ex:issuer_83,1.0,
ex:coin_6783,nmo:hasPortrait,ex:person_15,1.0,
ex:coin_6866,nmo:hasIssuer,ex:issuer_83,1.0,
ex:coin_6866,nmo:hasPortrait,ex:person_15,1.0,
ex:coin_6867,nmo:hasIssuer,ex:issuer_83,1.0,
ex:coin_6867,nmo:hasPortrait,ex:person_15,1.0,
ex:coin_6900,nmo:hasIssuer,ex:issuer_83,1.0,
ex:coin_6900,nmo:hasPortrait,ex:person_15,1.0,
ex:coin_6911,nmo:hasIssuer,ex:issuer_83,1.0,
ex:coin_6911,nmo:hasPortrait,ex:person_15,1.0,
ex:coin_7475,nmo:hasIssuer,ex:issuer_83,1.0,
ex:coin_7475,nmo:hasPortrait,ex:person_15,1.0,
ex:coin_7512,nmo:hasIssuer,ex:issuer_83,1.0,
ex:coin_7512,nmo:hasPortrait,ex:person_17,1.0,
ex:coin_7758,nmo:hasIssuer,ex:issuer_83,1.0,
ex:coin_7758,nmo:hasPortrait,ex:person_15,1.0,
ex:coin_7759,nmo:hasIssuer,ex:issuer_83,1.0,
ex:coin_7759,nmo:hasPortrait,ex:person_15,1.0,
ex:coin_7760,nmo:hasIssuer,ex:issuer_83,1.0,
ex:coin_7760,nmo:hasPortrait,ex:person_15,1.0,
ex:coin_7761,nmo:hasIssuer,ex:issuer_83,1.0,
ex:coin_7761,nmo:hasPortrait,ex:person_17,1.0,
ex:coin_7772,nmo:hasIssuer,ex:issuer_83,1.0,
ex:coin_7772,nmo:hasPortrait,ex:person_15,1.0,
ex:coin_7915,nmo:hasIssuer,ex:issuer_83,1.0,
ex:coin_7915,nmo:hasPortrait,ex:person_14,1.0,
ex:coin_7946,nmo:hasIssuer,ex:issuer_83,1.0,
ex:coin_7946,nmo:hasPortrait,ex:person_15,1.0,
ex:coin_7957,nmo:hasIssuer,ex:issuer_83,1.0,
ex:coin_7957,nmo:hasPortrait,ex:person_17,1.0,
ex:coin_8196,nmo:hasIssuer,ex:issuer_83,1.0,
ex:coin_8196,nmo:hasPortrait,ex:person_15,1.0,
ex:coin_8197,nmo:hasIssuer,ex:issuer_83,1.0,
ex:coin_8197,nmo:hasPortrait,ex:person_15,1.0,
ex:coin_8198,nmo:hasIssuer,ex:issuer_83,1.0,
ex:coin_8198,nmo:hasPortrait,ex:person_15,1.0,
ex:coin_8199,nmo:hasIssuer,ex:issuer_83,1.0,
ex:coin_8199,nmo:hasPortrait,ex:person_15,1.0,
ex:coin_8200,nmo:hasIssuer,ex:issuer_83,1.0,
ex:coin_8200,nmo:hasPortrait,ex:person_15,1.0,
ex:coin_8201,nmo:hasIssuer,ex:issuer_83,1.0,
ex:coin_8201,nmo:hasPortrait,ex:person_15,1.0,
ex:coin_8202,nmo:hasIssuer,ex:issuer_83,1.0,
ex:coin_8202,nmo:hasPortrait,ex:person_15,1.0,
ex:coin_8203,nmo:hasIssuer,ex:issuer_83,1.0,
ex:coin_8203,nmo:hasPortrait,ex:person_15,1.0,
ex:coin_8204,nmo:hasIssuer,ex:issuer_83,1.0,
ex:coin_8204,nmo:hasPortrait,ex:person_15,1.0,
ex:coin_8205,nmo:hasIssuer,ex:issuer_83,1.0,
ex:coin_8205,nmo:hasPortrait,ex:person_15,1.0,
ex:coin_8206,nmo:hasIssuer,ex:issuer_83,1.0,
ex:coin_8206,nmo:hasPortrait,ex:person_15,1.0,
ex:coin_8207,nmo:hasIssuer,ex:issuer_83,1.0,
ex:coin_8207,nmo:hasPortrait,ex:person_15,1.0,
ex:coin_8208,nmo:hasIssuer,ex:issuer_83,1.0,
ex:coin_8208,nmo:hasPortrait,ex:person_15,1.0,
ex:coin_8209,nmo:hasIssuer,ex:issuer_83,1.0,
ex:coin_8209,nmo:hasPortrait,ex:person_15,1.0,
ex:coin_8210,nmo:hasIssuer,ex:issuer_83,1.0,
ex:coin_8210,nmo:hasPortrait,ex:person_15,1.0,
ex:coin_8211,nmo:hasIssuer,ex:issuer_83,1.0,
ex:coin_8211,nmo:hasPortrait,ex:person_15,1.0,
ex:coin_8212,nmo:hasIssuer,ex:issuer_83,1.0,
ex:coin_8212,nmo:hasPortrait,ex:person_15,1.0,
ex:coin_8213,nmo:hasIssuer,ex:issuer_83,1.0,
ex:coin_8213,nmo:hasPortrait,ex:person_15,1.0,
ex:coin_8214,nmo:hasIssuer,ex:issuer_83,1.0,
ex:coin_8214,nmo:hasPortrait,ex:person_14,1.0,
ex:coin_8215,nmo:hasIssuer,ex:issuer_83,1.0,
ex:coin_8215,nmo:hasPortrait,ex:person_14,1.0,
ex:coin_8216,nmo:hasIssuer,ex:issuer_83,1.0,
ex:coin_8216,nmo:hasPortrait,ex:person_14,1.0,
ex:coin_8217,nmo:hasIssuer,ex:issuer_83,1.0,
ex:coin_8217,nmo:hasPortrait,ex:person_14,1.0,
ex:coin_8218,nmo:hasIssuer,ex:issuer_83,1.0,
ex:coin_8218,nmo:hasPortrait,ex:person_14,1.0,
ex:coin_8219,nmo:hasIssuer,ex:issuer_83,1.0,
ex:coin_8219,nmo:hasPortrait,ex:person_14,1.0,
ex:coin_8220,nmo:hasIssuer,ex:issuer_83,1.0,
ex:coin_8220,nmo:hasPortrait,ex:person_17,1.0,
ex:coin_8221,nmo:hasIssuer,ex:issuer_83,1.0,
ex:coin_8221,nmo:hasPortrait,ex:person_17,1.0,
ex:coin_8222,nmo:hasIssuer,ex:issuer_83,1.0,
ex:coin_8222,nmo:hasPortrait,ex:person_17,1.0,
ex:coin_8298,nmo:hasIssuer,ex:issuer_83,1.0,
ex:coin_8298,nmo:hasPortrait,ex:person_15,1.0,
ex:coin_8299,nmo:hasIssuer,ex:issuer_83,1.0,
ex:coin_8299,nmo:hasPortrait,ex:person_15,1.0,
ex:coin_8300,nmo:hasIssuer,ex:issuer_83,1.0,
ex:coin_8300,nmo:hasPortrait,ex:person_15,1.0,
ex:coin_8301,nmo:hasIssuer,ex:issuer_83,1.0,
ex:coin_8301,nmo:hasPortrait,ex:person_14,1.0,
ex:coin_8302,nmo:hasIssuer,ex:issuer_83,1.0,
ex:coin_8302,nmo:hasPortrait,ex:person_14,1.0,
ex:coin_8384,nmo:hasIssuer,ex:issuer_83,1.0,
ex:coin_8384,nmo:hasPortrait,ex:person_16,1.0,
ex:coin_8547,nmo:hasIssuer,ex:issuer_83,1.0,
ex:coin_8547,nmo:hasPortrait,ex:person_14,1.0,
ex:coin_8567,nmo:hasIssuer,ex:issuer_83,1.0,
ex:coin_8567,nmo:hasPortrait,ex:person_17,1.0,
ex:coin_8594,nmo:hasIssuer,ex:issuer_83,1.0,
ex:coin_8594,nmo:hasPortrait,ex:person_15,1.0,
ex:coin_8607,nmo:hasIssuer,ex:issuer_83,1.0,
ex:coin_8607,nmo:hasPortrait,ex:person_16,1.0,
ex:coin_8703,nmo:hasIssuer,ex:issuer_83,1.0,
ex:coin_8703,nmo:hasPortrait,ex:person_14,1.0,
ex:coin_8704,nmo:hasIssuer,ex:issuer_83,1.0,
ex:coin_8704,nmo:hasPortrait,ex:person_16,1.0,
ex:coin_8705,nmo:hasIssuer,ex:issuer_83,1.0,
ex:coin_8705,nmo:hasPortrait,ex:person_16,1.0,
ex:coin_8706,nmo:hasIssuer,ex:issuer_83,1.0,
ex:coin_8706,nmo:hasPortrait,ex:person_17,1.0,
ex:coin_8707,nmo:hasIssuer,ex:issuer_83,1.0,
ex:coin_8707,nmo:hasPortrait,ex:person_17,1.0,
ex:coin_8713,nmo:hasIssuer,ex:issuer_83,1.0,
ex:coin_8713,nmo:hasPortrait,ex:person_15,1.0,
ex:coin_8720,nmo:hasIssuer,ex:issuer_83,1.0,
ex:coin_8720,nmo:hasPortrait,ex:person_14,1.0,
ex:coin_8747,nmo:hasIssuer,ex:issuer_83,1.0,
ex:coin_8747,nmo:hasPortrait,ex:person_14,1.0,
ex:coin_8775,nmo:hasIssuer,ex:issuer_83,1.0,
ex:coin_8775,nmo:hasPortrait,ex:person_15,1.0,
ex:coin_8786,nmo:hasIssuer,ex:issuer_83,1.0,
ex:coin_8786,nmo:hasPortrait,ex:person_15,1.0,
ex:coin_8911,nmo:hasIssuer,ex:issuer_83,1.0,
ex:coin_8911,nmo:hasPortrait,ex:person_14,1.0,
ex:coin_8957,nmo:hasIssuer,ex:issuer_83,1.0,
ex:coin_8957,nmo:hasPortrait,ex:person_14,1.0,
ex:coin_9010,nmo:hasIssuer,ex:issuer_83,1.0,
ex:coin_9010,nmo:hasPortrait,ex:person_16,1.0,
ex:coin_9024,nmo:hasIssuer,ex:issuer_83,1.0,
ex:coin_9024,nmo:hasPortrait,ex:person_16,1.0,
ex:coin_9063,nmo:hasIssuer,ex:issuer_83,1.0,
ex:coin_9063,nmo:hasPortrait,ex:person_14,1.0,
ex:coin_9084,nmo:hasIssuer,ex:issuer_83,1.0,
ex:coin_9084,nmo:hasPortrait,ex:person_14,1.0,
ex:coin_9087,nmo:hasIssuer,ex:issuer_83,1.0,
ex:coin_9087,nmo:hasPortrait,ex:person_16,1.0,
ex:coin_9092,nmo:hasIssuer,ex:issuer_83,1.0,
ex:coin_9092,nmo:hasPortrait,ex:person_15,1.0,
ex:coin_9100,nmo:hasIssuer,ex:issuer_83,1.0,
ex:coin_9100,nmo:hasPortrait,ex:person_16,1.0,
ex:coin_9101,nmo:hasIssuer,ex:issuer_83,1.0,
ex:coin_9101,nmo:hasPortrait,ex:person_16,1.0,
ex:coin_9121,nmo:hasIssuer,ex:issuer_83,1.0,
ex:coin_9121,nmo:hasPortrait,ex:person_16,1.0,
ex:coin_9190,nmo:hasIssuer,ex:issuer_83,1.0,
ex:coin_9190,nmo:hasPortrait,ex:person_14,1.0,
ex:coin_9227,nmo:hasIssuer,ex:issuer_83,1.0,
ex:coin_9227,nmo:hasPortrait,ex:person_15,1.0,
ex:coin_9286,nmo:hasIssuer,ex:issuer_83,1.0,
ex:coin_9286,nmo:hasPortrait,ex:person_14,1.0,
ex:coin_9341,nmo:hasIssuer,ex:issuer_83,1.0,
ex:coin_9341,nmo:hasPortrait,ex:person_15,1.0,
ex:coin_9460,nmo:hasIssuer,ex:issuer_83,1.0,
ex:coin_9460,nmo:hasPortrait,ex:person_15,1.0,
ex:coin_9671,nmo:hasIssuer,ex:issuer_83,1.0,
ex:coin_9671,nmo:hasPortrait,ex:person_14,1.0,
ex:coin_9827,nmo:hasIssuer,ex:issuer_83,1.0,
ex:coin_9827,nmo:hasPortrait,ex:person_16,1.0,
ex:coin_9828,nmo:hasIssuer,ex:issuer_83,1.0,
ex:coin_9828,nmo:hasPortrait,ex:person_15,1.0,
ex:coin_9834,nmo:hasIssuer,ex:issuer_83,1.0,
ex:coin_9834,nmo:hasPortrait,ex:person_16,1.0,
ex:coin_9876,nmo:hasIssuer,ex:issuer_83,1.0,
ex:coin_9876,nmo:hasPortrait,ex:person_16,1.0,
ex:coin_9914,nmo:hasIssuer,ex:issuer_83,1.0,
ex:coin_9914,nmo:hasPortrait,ex:person_16,1.0,
ex:coin_9927,nmo:hasIssuer,ex:issuer_83,1.0,
ex:coin_9927,nmo:hasPortrait,ex:person_16,1.0,
ex:coin_9987,nmo:hasIssuer,ex:issuer_83,1.0,
ex:coin_9987,nmo:hasPortrait,ex:person_16,1.0,
ex:coin_10142,nmo:hasIssuer,ex:issuer_83,1.0,
ex:coin_10142,nmo:hasPortrait,ex:person_15,1.0,
ex:coin_10156,nmo:hasIssuer,ex:issuer_83,1.0,
ex:coin_10156,nmo:hasPortrait,ex:person_17,1.0,
ex:coin_10354,nmo:hasIssuer,ex:issuer_83,1.0,
ex:coin_10354,nmo:hasPortrait,ex:person_16,1.0,
ex:coin_10355,nmo:hasIssuer,ex:issuer_83,1.0,
ex:coin_10355,nmo:hasPortrait,ex:person_16,1.0,
ex:coin_10363,nmo:hasIssuer,ex:issuer_83,1.0,
ex:coin_10363,nmo:hasPortrait,ex:person_16,1.0,
ex:coin_10409,nmo:hasIssuer,ex:issuer_83,1.0,
ex:coin_10409,nmo:hasPortrait,ex:person_14,1.0,
ex:coin_10449,nmo:hasIssuer,ex:issuer_83,1.0,
ex:coin_10449,nmo:hasPortrait,ex:person_16,1.0,
ex:coin_10484,nmo:hasIssuer,ex:issuer_83,1.0,
ex:coin_10484,nmo:hasPortrait,ex:person_16,1.0,
ex:coin_10508,nmo:hasIssuer,ex:issuer_83,1.0,
ex:coin_10508,nmo:hasPortrait,ex:person_14,1.0,
ex:coin_10524,nmo:hasIssuer,ex:issuer_83,1.0,
ex:coin_10524,nmo:hasPortrait,ex:person_17,1.0,
ex:coin_10537,nmo:hasIssuer,ex:issuer_83,1.0,
ex:coin_10537,nmo:hasPortrait,ex:person_16,1.0,
ex:coin_11430,nmo:hasIssuer,ex:issuer_83,1.0,
ex:coin_11430,nmo:hasPortrait,ex:person_16,1.0,
ex:coin_11431,nmo:hasIssuer,ex:issuer_83,1.0,
ex:coin_11431,nmo:hasPortrait,ex:person_16,1.0,
ex:coin_11432,nmo:hasIssuer,ex:issuer_83,1.0,
ex:coin_11432,nmo:hasPortrait,ex:person_17,1.0,
ex:coin_11480,nmo:hasIssuer,ex:issuer_83,1.0,
ex:coin_11480,nmo:hasPortrait,ex:person_16,1.0,
ex:coin_11490,nmo:hasIssuer,ex:issuer_83,1.0,
ex:coin_11490,nmo:hasPortrait,ex:person_15,1.0,
ex:coin_11509,nmo:hasIssuer,ex:issuer_83,1.0,
ex:coin_11509,nmo:hasPortrait,ex:person_16,1.0,
ex:coin_11586,nmo:hasIssuer,ex:issuer_83,1.0,
ex:coin_11586,nmo:hasPortrait,ex:person_16,1.0,
ex:coin_11587,nmo:hasIssuer,ex:issuer_83,1.0,
ex:coin_11587,nmo:hasPortrait,ex:person_17,1.0,
ex:coin_11608,nmo:hasIssuer,ex:issuer_83,1.0,
ex:coin_11608,nmo:hasPortrait,ex:person_14,1.0,
ex:coin_11627,nmo:hasIssuer,ex:issuer_83,1.0,
ex:coin_11627,nmo:hasPortrait,ex:person_16,1.0,
ex:coin_11628,nmo:hasIssuer,ex:issuer_83,1.0,
ex:coin_11628,nmo:hasPortrait,ex:person_17,1.0,
ex:coin_11653,nmo:hasIssuer,ex:issuer_83,1.0,
ex:coin_11653,nmo:hasPortrait,ex:person_16,1.0,
ex:coin_11654,nmo:hasIssuer,ex:issuer_83,1.0,
ex:coin_11654,nmo:hasPortrait,ex:person_16,1.0,
ex:coin_11676,nmo:hasIssuer,ex:issuer_83,1.0,
ex:coin_11676,nmo:hasPortrait,ex:person_17,1.0,
ex:coin_11682,nmo:hasIssuer,ex:issuer_83,1.0,
ex:coin_11682,nmo:hasPortrait,ex:person_14,1.0,
ex:coin_11683,nmo:hasIssuer,ex:issuer_83,1.0,
ex:coin_11683,nmo:hasPortrait,ex:person_14,1.0,
ex:coin_11684,nmo:hasIssuer,ex:issuer_83,1.0,
ex:coin_11684,nmo:hasPortrait,ex:person_14,1.0,
ex:coin_11685,nmo:hasIssuer,ex:issuer_83,1.0,
ex:coin_11685,nmo:hasPortrait,ex:person_17,1.0,
ex:coin_11903,nmo:hasIssuer,ex:issuer_83,1.0,
ex:coin_11903,nmo:hasPortrait,ex:person_17,1.0,
ex:coin_11960,nmo:hasIssuer,ex:issuer_83,1.0,
ex:coin_11960,nmo:hasPortrait,ex:person_16,1.0,
ex:coin_12010,nmo:hasIssuer,ex:issuer_83,1.0,
ex:coin_12010,nmo:hasPortrait,ex:person_16,1.0,
ex:coin_12035,nmo:hasIssuer,ex:issuer_83,1.0,
ex:coin_12035,nmo:hasPortrait,ex:person_16,1.0,
ex:coin_12059,nmo:hasIssuer,ex:issuer_83,1.0,
ex:coin_12059,nmo:hasPortrait,ex:person_15,1.0,
ex:coin_12253,nmo:hasIssuer,ex:issuer_83,1.0,
ex:coin_12253,nmo:hasPortrait,ex:person_16,1.0,
ex:coin_12276,nmo:hasIssuer,ex:issuer_83,1.0,
ex:coin_12276,nmo:hasPortrait,ex:person_16,1.0,
ex:coin_12282,nmo:hasIssuer,ex:issuer_83,1.0,
ex:coin_12282,nmo:hasPortrait,ex:person_16,1.0,
ex:coin_12292,nmo:hasIssuer,ex:issuer_83,1.0,
ex:coin_12292,nmo:hasPortrait,ex:person_16,1.0,
ex:coin_12311,nmo:hasIssuer,ex:issuer_83,1.0,
ex:coin_12311,nmo:hasPortrait,ex:person_16,1.0,
ex:coin_12321,nmo:hasIssuer,ex:issuer_83,1.0,
ex:coin_12321,nmo:hasPortrait,ex:person_17,1.0,
ex:coin_12330,nmo:hasIssuer,ex:issuer_83,1.0,
ex:coin_12330,nmo:hasPortrait,ex:person_14,1.0,
ex:coin_12355,nmo:hasIssuer,ex:issuer_83,1.0,
ex:coin_12355,nmo:hasPortrait,ex:person_14,1.0,
ex:coin_12615,nmo:hasIssuer,ex:issuer_83,1.0,
ex:coin_12615,nmo:hasPortrait,ex:person_15,1.0,
ex:coin_12616,nmo:hasIssuer,ex:issuer_83,1.0,
ex:coin_12616,nmo:hasPortrait,ex:person_15,1.0,
ex:coin_12617,nmo:hasIssuer,ex:issuer_83,1.0,
ex:coin_12617,nmo:hasPortrait,ex:person_15,1.0,
ex:coin_12618,nmo:hasIssuer,ex:issuer_83,1.0,
ex:coin_12618,nmo:hasPortrait,ex:person_15,1.0,
ex:coin_12619,nmo:hasIssuer,ex:issuer_83,1.0,
ex:coin_12619,nmo:hasPortrait,ex:person_16,1.0,
ex:coin_12620,nmo:hasIssuer,ex:issuer_83,1.0,
ex:coin_12620,nmo:hasPortrait,ex:person_14,1.0,
ex:coin_12621,nmo:hasIssuer,ex:issuer_83,1.0,
ex:coin_12621,nmo:hasPortrait,ex:person_14,1.0,
ex:coin_12751,nmo:hasIssuer,ex:issuer_83,1.0,
ex:coin_12751,nmo:hasPortrait,ex:person_16,1.0,
ex:coin_12771,nmo:hasIssuer,ex:issuer_83,1.0,
ex:coin_12771,nmo:hasPortrait,ex:person_16,1.0,
ex:coin_12785,nmo:hasIssuer,ex:issuer_83,1.0,
ex:coin_12785,nmo:hasPortrait,ex:person_16,1.0,
ex:coin_12829,nmo:hasIssuer,ex:issuer_83,1.0,
ex:coin_12829,nmo:hasPortrait,ex:person_14,1.0,
ex:coin_12879,nmo:hasIssuer,ex:issuer_83,1.0,
ex:coin_12879,nmo:hasPortrait,ex:person_16,1.0,
ex:coin_12934,nmo:hasIssuer,ex:issuer_83,1.0,
ex:coin_12934,nmo:hasPortrait,ex:person_16,1.0,
ex:coin_12935,nmo:hasIssuer,ex:issuer_83,1.0,
ex:coin_12935,nmo:hasPortrait,ex:person_14,1.0,
ex:coin_12980,nmo:hasIssuer,ex:issuer_83,1.0,
ex:coin_12980,nmo:hasPortrait,ex:person_14,1.0,
ex:coin_12981,nmo:hasIssuer,ex:issuer_83,1.0,
ex:coin_12981,nmo:hasPortrait,ex:person_17,1.0,
ex:coin_12983,nmo:hasIssuer,ex:issuer_83,1.0,
ex:coin_12983,nmo:hasPortrait,ex:person_16,1.0,
ex:coin_12984,nmo:hasIssuer,ex:issuer_83,1.0,
ex:coin_12984,nmo:hasPortrait,ex:person_16,1.0,
ex:coin_13184,nmo:hasIssuer,ex:issuer_83,1.0,
ex:coin_13184,nmo:hasPortrait,ex:person_16,1.0,
ex:coin_13416,nmo:hasIssuer,ex:issuer_83,1.0,
ex:coin_13416,nmo:hasPortrait,ex:person_14,1.0,
ex:coin_13485,nmo:hasIssuer,ex:issuer_83,1.0,
ex:coin_13485,nmo:hasPortrait,ex:person_16,1.0,
ex:coin_13544,nmo:hasIssuer,ex:issuer_83,1.0,
ex:coin_13544,nmo:hasPortrait,ex:person_14,1.0,
ex:coin_13549,nmo:hasIssuer,ex:issuer_83,1.0,
ex:coin_13549,nmo:hasPortrait,ex:person_16,1.0,
ex:coin_13679,nmo:hasIssuer,ex:issuer_83,1.0,
ex:coin_13679,nmo:hasPortrait,ex:person_14,1.0,
ex:coin_13742,nmo:hasIssuer,ex:issuer_83,1.0,
ex:coin_13742,nmo:hasPortrait,ex:person_16,1.0,
ex:coin_13913,nmo:hasIssuer,ex:issuer_83,1.0,
ex:coin_13913,nmo:hasPortrait,ex:person_16,1.0,
ex:coin_14016,nmo:hasIssuer,ex:issuer_83,1.0,
ex:coin_14016,nmo:hasPortrait,ex:person_16,1.0,
ex:coin_14288,nmo:hasIssuer,ex:issuer_83,1.0,
ex:coin_14288,nmo:hasPortrait,ex:person_16,1.0,
ex:coin_14289,nmo:hasIssuer,ex:issuer_83,1.0,
ex:coin_14289,nmo:hasPortrait,ex:person_16,1.0,
ex:coin_14335,nmo:hasIssuer,ex:issuer_83,1.0,
ex:coin_14335,nmo:hasPortrait,ex:person_16,1.0,
ex:coin_14405,nmo:hasIssuer,ex:issuer_83,1.0,
ex:coin_14405,nmo:hasPortrait,ex:person_17,1.0,
ex:coin_14710,nmo:hasIssuer,ex:issuer_83,1.0,
ex:coin_14710,nmo:hasPortrait,ex:person_17,1.0,
ex:coin_14910,nmo:hasIssuer,ex:issuer_83,1.0,
ex:coin_14910,nmo:hasPortrait,ex:person_16,1.0,
ex:coin_15080,nmo:hasIssuer,ex:issuer_83,1.0,
ex:coin_15080,nmo:hasPortrait,ex:person_16,1.0,
ex:coin_15090,nmo:hasIssuer,ex:issuer_83,1.0,
ex:coin_15090,nmo:hasPortrait,ex:person_14,1.0,
ex:coin_15195,nmo:hasIssuer,ex:issuer_83,1.0,
ex:coin_15195,nmo:hasPortrait,ex:person_17,1.0,
ex:coin_15196,nmo:hasIssuer,ex:issuer_83,1.0,
ex:coin_15196,nmo:hasPortrait,ex:person_17,1.0,
ex:coin_15574,nmo:hasIssuer,ex:issuer_83,1.0,
ex:coin_15574,nmo:hasPortrait,ex:person_16,1.0,
ex:coin_15580,nmo:hasIssuer,ex:issuer_83,1.0,
ex:coin_15580,nmo:hasPortrait,ex:person_17,1.0,
ex:coin_15581,nmo:hasIssuer,ex:issuer_83,1.0,
ex:coin_15581,nmo:hasPortrait,ex:person_14,1.0,
ex:coin_15587,nmo:hasIssuer,ex:issuer_83,1.0,
ex:coin_15587,nmo:hasPortrait,ex:person_16,1.0,
ex:coin_15589,nmo:hasIssuer,ex:issuer_83,1.0,
ex:coin_15589,nmo:hasPortrait,ex:person_16,1.0,
ex:coin_15595,nmo:hasIssuer,ex:issuer_83,1.0,
ex:coin_15595,nmo:hasPortrait,ex:person_14,1.0,
ex:coin_15688,nmo:hasIssuer,ex:issuer_83,1.0,
ex:coin_15688,nmo:hasPortrait,ex:person_17,1.0,
ex:coin_15765,nmo:hasIssuer,ex:issuer_83,1.0,
ex:coin_15765,nmo:hasPortrait,ex:person_14,1.0,
ex:coin_15773,nmo:hasIssuer,ex:issuer_83,1.0,
ex:coin_15773,nmo:hasPortrait,ex:person_16,1.0,
ex:coin_15847,nmo:hasIssuer,ex:issuer_83,1.0,
ex:coin_15847,nmo:hasPortrait,ex:person_14,1.0,
ex:coin_15885,nmo:hasIssuer,ex:issuer_83,1.0,
ex:coin_15885,nmo:hasPortrait,ex:person_14,1.0,
ex:coin_15942,nmo:hasIssuer,ex:issuer_83,1.0,
ex:coin_15942,nmo:hasPortrait,ex:person_16,1.0,
ex:coin_15943,nmo:hasIssuer,ex:issuer_83,1.0,
ex:coin_15943,nmo:hasPortrait,ex:person_16,1.0,
ex:coin_15944,nmo:hasIssuer,ex:issuer_83,1.0,
ex:coin_15944,nmo:hasPortrait,ex:person_16,1.0,
ex:coin_15945,nmo:hasIssuer,ex:issuer_83,1.0,
ex:coin_15945,nmo:hasPortrait,ex:person_16,1.0,
ex:coin_15946,nmo:hasIssuer,ex:issuer_83,1.0,
ex:coin_15946,nmo:hasPortrait,ex:person_17,1.0,
ex:coin_15947,nmo:hasIssuer,ex:issuer_83,1.0,
ex:coin_15947,nmo:hasPortrait,ex:person_17,1.0,
ex:coin_15954,nmo:hasIssuer,ex:issuer_83,1.0,
ex:coin_15954,nmo:hasPortrait,ex:person_14,1.0,
ex:coin_15955,nmo:hasIssuer,ex:issuer_83,1.0,
ex:coin_15955,nmo:hasPortrait,ex:person_14,1.0,
ex:coin_15967,nmo:hasIssuer,ex:issuer_83,1.0,
ex:coin_15967,nmo:hasPortrait,ex:person_14,1.0,
ex:coin_15970,nmo:hasIssuer,ex:issuer_83,1.0,
ex:coin_15970,nmo:hasPortrait,ex:person_14,1.0,
ex:coin_16003,nmo:hasIssuer,ex:issuer_83,1.0,
ex:coin_16003,nmo:hasPortrait,ex:person_16,1.0,
ex:coin_16024,nmo:hasIssuer,ex:issuer_83,1.0,
ex:coin_16024,nmo:hasPortrait,ex:person_14,1.0,
ex:coin_16051,nmo:hasIssuer,ex:issuer_83,1.0,
ex:coin_16051,nmo:hasPortrait,ex:person_16,1.0,
ex:coin_16056,nmo:hasIssuer,ex:issuer_83,1.0,
ex:coin_16056,nmo:hasPortrait,ex:person_17,1.0,
ex:coin_16059,nmo:hasIssuer,ex:issuer_83,1.0,
ex:coin_16059,nmo:hasPortrait,ex:person_14,1.0,
ex:coin_16062,nmo:hasIssuer,ex:issuer_83,1.0,
ex:coin_16062,nmo:hasPortrait,ex:person_15,1.0,
ex:coin_16067,nmo:hasIssuer,ex:issuer_83,1.0,
ex:coin_16067,nmo:hasPortrait,ex:person_14,1.0,
ex:coin_16074,nmo:hasIssuer,ex:issuer_83,1.0,
ex:coin_16074,nmo:hasPortrait,ex:person_14,1.0,
ex:coin_16153,nmo:hasIssuer,ex:issuer_83,1.0,
ex:coin_16153,nmo:hasPortrait,ex:person_14,1.0,
ex:coin_16166,nmo:hasIssuer,ex:issuer_83,1.0,
ex:coin_16166,nmo:hasPortrait,ex:person_17,1.0,
ex:coin_16179,nmo:hasIssuer,ex:issuer_83,1.0,
ex:coin_16179,nmo:hasPortrait,ex:person_14,1.0,
ex:coin_16182,nmo:hasIssuer,ex:issuer_83,1.0,
ex:coin_16182,nmo:hasPortrait,ex:person_14,1.0,
ex:coin_16185,nmo:hasIssuer,ex:issuer_83,1.0,
ex:coin_16185,nmo:hasPortrait,ex:person_15,1.0,
ex:coin_16189,nmo:hasIssuer,ex:issuer_83,1.0,
ex:coin_16189,nmo:hasPortrait,ex:person_15,1.0,
ex:coin_16205,nmo:hasIssuer,ex:issuer_83,1.0,
ex:coin_16205,nmo:hasPortrait,ex:person_16,1.0,
ex:coin_16215,nmo:hasIssuer,ex:issuer_83,1.0,
ex:coin_16215,nmo:hasPortrait,ex:person_14,1.0,
ex:coin_16227,nmo:hasIssuer,ex:issuer_83,1.0,
ex:coin_16227,nmo:hasPortrait,ex:person_16,1.0,
ex:coin_16228,nmo:hasIssuer,ex:issuer_83,1.0,
ex:coin_16228,nmo:hasPortrait,ex:person_16,1.0,
ex:coin_16230,nmo:hasIssuer,ex:issuer_83,1.0,
ex:coin_16230,nmo:hasPortrait,ex:person_16,1.0,
ex:coin_16251,nmo:hasIssuer,ex:issuer_83,1.0,
ex:coin_16251,nmo:hasPortrait,ex:person_14,1.0,
ex:coin_16264,nmo:hasIssuer,ex:issuer_83,1.0,
ex:coin_16264,nmo:hasPortrait,ex:person_14,1.0,
ex:coin_16279,nmo:hasIssuer,ex:issuer_83,1.0,
ex:coin_16279,nmo:hasPortrait,ex:person_15,1.0,
ex:coin_16297,nmo:hasIssuer,ex:issuer_83,1.0,
ex:coin_16297,nmo:hasPortrait,ex:person_16,1.0,
ex:coin_16302,nmo:hasIssuer,ex:issuer_83,1.0,
ex:coin_16302,nmo:hasPortrait,ex:person_17,1.0,
ex:coin_16494,nmo:hasIssuer,ex:issuer_83,1.0,
ex:coin_16494,nmo:hasPortrait,ex:person_14,1.0,
ex:coin_16625,nmo:hasIssuer,ex:issuer_83,1.0,
ex:coin_16625,nmo:hasPortrait,ex:person_16,1.0,
ex:coin_16649,nmo:hasIssuer,ex:issuer_83,1.0,
ex:coin_16649,nmo:hasPortrait,ex:person_15,1.0,
ex:coin_16653,nmo:hasIssuer,ex:issuer_83,1.0,
ex:coin_16653,nmo:hasPortrait,ex:person_16,1.0,
ex:coin_16689,nmo:hasIssuer,ex:issuer_83,1.0,
ex:coin_16689,nmo:hasPortrait,ex:person_16,1.0,
ex:coin_16699,nmo:hasIssuer,ex:issuer_83,1.0,
ex:coin_16699,nmo:hasPortrait,ex:person_16,1.0,
ex:coin_16704,nmo:hasIssuer,ex:issuer_83,1.0,
ex:coin_16704,nmo:hasPortrait,ex:person_16,1.0,
ex:coin_16798,nmo:hasIssuer,ex:issuer_83,1.0,
ex:coin_16798,nmo:hasPortrait,ex:person_15,1.0,
ex:coin_16799,nmo:hasIssuer,ex:issuer_83,1.0,
ex:coin_16799,nmo:hasPortrait,ex:person_16,1.0,
ex:coin_16800,nmo:hasIssuer,ex:issuer_83,1.0,
ex:coin_16800,nmo:hasPortrait,ex:person_14,1.0,
ex:coin_16855,nmo:hasIssuer,ex:issuer_83,1.0,
ex:coin_16855,nmo:hasPortrait,ex:person_14,1.0,
ex:coin_16880,nmo:hasIssuer,ex:issuer_83,1.0,
ex:coin_16880,nmo:hasPortrait,ex:person_14,1.0,
ex:coin_16885,nmo:hasIssuer,ex:issuer_83,1.0,
ex:coin_16885,nmo:hasPortrait,ex:person_15,1.0,
ex:coin_16899,nmo:hasIssuer,ex:issuer_83,1.0,
ex:coin_16899,nmo:hasPortrait,ex:person_16,1.0,
ex:coin_16900,nmo:hasIssuer,ex:issuer_83,1.0,
ex:coin_16900,nmo:hasPortrait,ex:person_16,1.0,
ex:coin_16910,nmo:hasIssuer,ex:issuer_83,1.0,
ex:coin_16910,nmo:hasPortrait,ex:person_17,1.0,
ex:coin_16919,nmo:hasIssuer,ex:issuer_83,1.0,
ex:coin_16919,nmo:hasPortrait,ex:person_16,1.0,
ex:coin_16927,nmo:hasIssuer,ex:issuer_83,1.0,
ex:coin_16927,nmo:hasPortrait,ex:person_16,1.0,
ex:coin_16932,nmo:hasIssuer,ex:issuer_83,1.0,
ex:coin_16932,nmo:hasPortrait,ex:person_16,1.0,
ex:coin_16939,nmo:hasIssuer,ex:issuer_83,1.0,
ex:coin_16939,nmo:hasPortrait,ex:person_15,1.0,
ex:coin_16940,nmo:hasIssuer,ex:issuer_83,1.0,
ex:coin_16940,nmo:hasPortrait,ex:person_16,1.0,
ex:coin_16955,nmo:hasIssuer,ex:issuer_83,1.0,
ex:coin_16955,nmo:hasPortrait,ex:person_16,1.0,
ex:coin_16979,nmo:hasIssuer,ex:issuer_83,1.0,
ex:coin_16979,nmo:hasPortrait,ex:person_16,1.0,
ex:coin_17152,nmo:hasIssuer,ex:issuer_83,1.0,
ex:coin_17152,nmo:hasPortrait,ex:person_14,1.0,
ex:coin_17170,nmo:hasIssuer,ex:issuer_83,1.0,
ex:coin_17170,nmo:hasPortrait,ex:person_14,1.0,
ex:coin_17223,nmo:hasIssuer,ex:issuer_83,1.0,
ex:coin_17223,nmo:hasPortrait,ex:person_16,1.0,
ex:coin_17621,nmo:hasIssuer,ex:issuer_83,1.0,
ex:coin_17621,nmo:hasPortrait,ex:person_17,1.0,
ex:coin_17688,nmo:hasIssuer,ex:issuer_83,1.0,
ex:coin_17688,nmo:hasPortrait,ex:person_17,1.0,
ex:coin_17741,nmo:hasIssuer,ex:issuer_83,1.0,
ex:coin_17741,nmo:hasPortrait,ex:person_16,1.0,
ex:coin_17758,nmo:hasIssuer,ex:issuer_83,1.0,
ex:coin_17758,nmo:hasPortrait,ex:person_16,1.0,
ex:coin_17762,nmo:hasIssuer,ex:issuer_83,1.0,
ex:coin_17762,nmo:hasPortrait,ex:person_16,1.0,
ex:coin_17775,nmo:hasIssuer,ex:issuer_83,1.0,
ex:coin_17775,nmo:hasPortrait,ex:person_17,1.0,
ex:coin_17805,nmo:hasIssuer,ex:issuer_83,1.0,
ex:coin_17805,nmo:hasPortrait,ex:person_17,1.0,
ex:coin_17826,nmo:hasIssuer,ex:issuer_83,1.0,
ex:coin_17826,nmo:hasPortrait,ex:person_17,1.0,
ex:coin_17829,nmo:hasIssuer,ex:issuer_83,1.0,
ex:coin_17829,nmo:hasPortrait,ex:person_16,1.0,
ex:coin_17876,nmo:hasIssuer,ex:issuer_83,1.0,
ex:coin_17876,nmo:hasPortrait,ex:person_14,1.0,
ex:coin_17881,nmo:hasIssuer,ex:issuer_83,1.0,
ex:coin_17881,nmo:hasPortrait,ex:person_14,1.0,
ex:coin_17883,nmo:hasIssuer,ex:issuer_83,1.0,
ex:coin_17883,nmo:hasPortrait,ex:person_14,1.0,
ex:coin_17893,nmo:hasIssuer,ex:issuer_83,1.0,
ex:coin_17893,nmo:hasPortrait,ex:person_14,1.0,
ex:coin_17894,nmo:hasIssuer,ex:issuer_83,1.0,
ex:coin_17894,nmo:hasPortrait,ex:person_14,1.0,
ex:coin_17910,nmo:hasIssuer,ex:issuer_83,1.0,
ex:coin_17910,nmo:hasPortrait,ex:person_17,1.0,
ex:coin_17914,nmo:hasIssuer,ex:issuer_83,1.0,
ex:coin_17914,nmo:hasPortrait,ex:person_14,1.0,
ex:coin_17916,nmo:hasIssuer,ex:issuer_83,1.0,
ex:coin_17916,nmo:hasPortrait,ex:person_14,1.0,
ex:coin_17929,nmo:hasIssuer,ex:issuer_83,1.0,
ex:coin_17929,nmo:hasPortrait,ex:person_16,1.0,
ex:coin_17938,nmo:hasIssuer,ex:issuer_83,1.0,
ex:coin_17938,nmo:hasPortrait,ex:person_17,1.0,
ex:coin_17956,nmo:hasIssuer,ex:issuer_83,1.0,
ex:coin_17956,nmo:hasPortrait,ex:person_16,1.0,
ex:coin_17959,nmo:hasIssuer,ex:issuer_83,1.0,
ex:coin_17959,nmo:hasPortrait,ex:person_16,1.0,
ex:coin_17971,nmo:hasIssuer,ex:issuer_83,1.0,
ex:coin_17971,nmo:hasPortrait,ex:person_15,1.0,
ex:coin_17977,nmo:hasIssuer,ex:issuer_83,1.0,
ex:coin_17977,nmo:hasPortrait,ex:person_14,1.0,
ex:coin_17983,nmo:hasIssuer,ex:issuer_83,1.0,
ex:coin_17983,nmo:hasPortrait,ex:person_16,1.0,
ex:coin_18021,nmo:hasIssuer,ex:issuer_83,1.0,
ex:coin_18021,nmo:hasPortrait,ex:person_16,1.0,
ex:coin_18275,nmo:hasIssuer,ex:issuer_83,1.0,
ex:coin_18275,nmo:hasPortrait,ex:person_16,1.0,
ex:coin_18327,nmo:hasIssuer,ex:issuer_83,1.0,
ex:coin_18327,nmo:hasPortrait,ex:person_14,1.0,
ex:coin_18420,nmo:hasIssuer,ex:issuer_83,1.0,
ex:coin_18420,nmo:hasPortrait,ex:person_14,1.0,
ex:coin_18438,nmo:hasIssuer,ex:issuer_83,1.0,
ex:coin_18438,nmo:hasPortrait,ex:person_17,1.0,
ex:coin_18450,nmo:hasIssuer,ex:issuer_83,1.0,
ex:coin_18450,nmo:hasPortrait,ex:person_16,1.0,
ex:coin_18467,nmo:hasIssuer,ex:issuer_83,1.0,
ex:coin_18467,nmo:hasPortrait,ex:person_16,1.0,
ex:coin_18470,nmo:hasIssuer,ex:issuer_83,1.0,
ex:coin_18470,nmo:hasPortrait,ex:person_14,1.0,
ex:coin_18488,nmo:hasIssuer,ex:issuer_83,1.0,
ex:coin_18488,nmo:hasPortrait,ex:person_14,1.0,
ex:coin_18491,nmo:hasIssuer,ex:issuer_83,1.0,
ex:coin_18491,nmo:hasPortrait,ex:person_16,1.0,
ex:coin_18705,nmo:hasIssuer,ex:issuer_83,1.0,
ex:coin_18705,nmo:hasPortrait,ex:person_17,1.0,
ex:coin_18720,nmo:hasIssuer,ex:issuer_83,1.0,
ex:coin_18720,nmo:hasPortrait,ex:person_16,1.0,
ex:coin_18730,nmo:hasIssuer,ex:issuer_83,1.0,
ex:coin_18730,nmo:hasPortrait,ex:person_17,1.0,
ex:coin_27971,nmo:hasIssuer,ex:issuer_83,1.0,
ex:coin_27971,nmo:hasPortrait,ex:person_17,1.0,
ex:coin_27990,nmo:hasIssuer,ex:issuer_83,1.0,
ex:coin_27990,nmo:hasPortrait,ex:person_16,1.0,
ex:coin_28293,nmo:hasIssuer,ex:issuer_83,1.0,
ex:coin_28293,nmo:hasPortrait,ex:person_15,1.0,
ex:coin_28294,nmo:hasIssuer,ex:issuer_83,1.0,
ex:coin_28294,nmo:hasPortrait,ex:person_15,1.0,
ex:coin_28295,nmo:hasIssuer,ex:issuer_83,1.0,
ex:coin_28295,nmo:hasPortrait,ex:person_15,1.0,
ex:coin_28296,nmo:hasIssuer,ex:issuer_83,1.0,
ex:coin_28296,nmo:hasPortrait,ex:person_15,1.0,
ex:coin_28297,nmo:hasIssuer,ex:issuer_83,1.0,
ex:coin_28297,nmo:hasPortrait,ex:person_15,1.0,
ex:coin_28298,nmo:hasIssuer,ex:issuer_83,1.0,
ex:coin_28298,nmo:hasPortrait,ex:person_15,1.0,
ex:coin_28299,nmo:hasIssuer,ex:issuer_83,1.0,
ex:coin_28299,nmo:hasPortrait,ex:person_15,1.0,
ex:coin_28300,nmo:hasIssuer,ex:issuer_83,1.0,
ex:coin_28300,nmo:hasPortrait,ex:person_15,1.0,
ex:coin_28301,nmo:hasIssuer,ex:issuer_83,1.0,
ex:coin_28301,nmo:hasPortrait,ex:person_15,1.0,
ex:coin_28302,nmo:hasIssuer,ex:issuer_83,1.0,
ex:coin_28302,nmo:hasPortrait,ex:person_15,1.0,
ex:coin_28303,nmo:hasIssuer,ex:issuer_83,1.0,
ex:coin_28303,nmo:hasPortrait,ex:person_15,1.0,
ex:coin_28304,nmo:hasIssuer,ex:issuer_83,1.0,
ex:coin_28304,nmo:hasPortrait,ex:person_15,1.0,
ex:coin_28555,nmo:hasIssuer,ex:issuer_83,1.0,
ex:coin_28555,nmo:hasPortrait,ex:person_14,1.0,
ex:coin_28670,nmo:hasIssuer,ex:issuer_83,1.0,
ex:coin_28670,nmo:hasPortrait,ex:person_16,1.0,
ex:coin_28678,nmo:hasIssuer,ex:issuer_83,1.0,
ex:coin_28678,nmo:hasPortrait,ex:person_14,1.0,
ex:coin_28679,nmo:hasIssuer,ex:issuer_83,1.0,
ex:coin_28679,nmo:hasPortrait,ex:person_16,1.0,
ex:coin_28680,nmo:hasIssuer,ex:issuer_83,1.0,
ex:coin_28680,nmo:hasPortrait,ex:person_16,1.0,
ex:coin_28889,nmo:hasIssuer,ex:issuer_83,1.0,
ex:coin_28889,nmo:hasPortrait,ex:person_16,1.0,
ex:coin_28926,nmo:hasIssuer,ex:issuer_83,1.0,
ex:coin_28926,nmo:hasPortrait,ex:person_15,1.0,
ex:coin_28934,nmo:hasIssuer,ex:issuer_83,1.0,
ex:coin_28934,nmo:hasPortrait,ex:person_15,1.0,
ex:coin_29182,nmo:hasIssuer,ex:issuer_83,1.0,
ex:coin_29182,nmo:hasPortrait,ex:person_14,1.0,
ex:coin_29512,nmo:hasIssuer,ex:issuer_83,1.0,
ex:coin_29512,nmo:hasPortrait,ex:person_15,1.0,
ex:coin_29784,nmo:hasIssuer,ex:issuer_83,1.0,
ex:coin_29784,nmo:hasPortrait,ex:person_14,1.0,
ex:coin_29864,nmo:hasIssuer,ex:issuer_83,1.0,
ex:coin_29864,nmo:hasPortrait,ex:person_17,1.0,
ex:coin_29923,nmo:hasIssuer,ex:issuer_83,1.0,
ex:coin_29923,nmo:hasPortrait,ex:person_15,1.0,
ex:coin_30639,nmo:hasIssuer,ex:issuer_83,1.0,
ex:coin_30639,nmo:hasPortrait,ex:person_16,1.0,
ex:coin_31253,nmo:hasIssuer,ex:issuer_83,1.0,
ex:coin_31253,nmo:hasPortrait,ex:person_14,1.0,
ex:coin_31838,nmo:hasIssuer,ex:issuer_83,1.0,
ex:coin_31838,nmo:hasPortrait,ex:person_16,1.0,
ex:coin_33162,nmo:hasIssuer,ex:issuer_83,1.0,
ex:coin_33162,nmo:hasPortrait,ex:person_17,1.0,
ex:coin_33713,nmo:hasIssuer,ex:issuer_83,1.0,
ex:coin_33713,nmo:hasPortrait,ex:person_16,1.0,
ex:coin_33792,nmo:hasIssuer,ex:issuer_83,1.0,
ex:coin_33792,nmo:hasPortrait,ex:person_16,1.0,
ex:coin_33995,nmo:hasIssuer,ex:issuer_83,1.0,
ex:coin_33995,nmo:hasPortrait,ex:person_15,1.0,
ex:coin_35798,nmo:hasIssuer,ex:issuer_83,1.0,
ex:coin_35798,nmo:hasPortrait,ex:person_16,1.0,
ex:coin_35824,nmo:hasIssuer,ex:issuer_83,1.0,
ex:coin_35824,nmo:hasPortrait,ex:person_14,1.0,
ex:coin_35825,nmo:hasIssuer,ex:issuer_83,1.0,
ex:coin_35825,nmo:hasPortrait,ex:person_14,1.0,
ex:coin_35826,nmo:hasIssuer,ex:issuer_83,1.0,
ex:coin_35826,nmo:hasPortrait,ex:person_14,1.0,
ex:coin_35827,nmo:hasIssuer,ex:issuer_83,1.0,
ex:coin_35827,nmo:hasPortrait,ex:person_14,1.0,
ex:coin_35828,nmo:hasIssuer,ex:issuer_83,1.0,
ex:coin_35828,nmo:hasPortrait,ex:person_14,1.0,
ex:coin_35829,nmo:hasIssuer,ex:issuer_83,1.0,
ex:coin_35829,nmo:hasPortrait,ex:person_15,1.0,
ex:coin_35830,nmo:hasIssuer,ex:issuer_83,1.0,
ex:coin_35830,nmo:hasPortrait,ex:person_15,1.0,
ex:coin_35831,nmo:hasIssuer,ex:issuer_83,1.0,
ex:coin_35831,nmo:hasPortrait,ex:person_16,1.0,
ex:coin_35832,nmo:hasIssuer,ex:issuer_83,1.0,
ex:coin_35832,nmo:hasPortrait,ex:person_16,1.0,
ex:coin_35833,nmo:hasIssuer,ex:issuer_83,1.0,
ex:coin_35833,nmo:hasPortrait,ex:person_16,1.0,
ex:coin_35834,nmo:hasIssuer,ex:issuer_83,1.0,
ex:coin_35834,nmo:hasPortrait,ex:person_16,1.0,
ex:coin_35835,nmo:hasIssuer,ex:issuer_83,1.0,
ex:coin_35835,nmo:hasPortrait,ex:person_16,1.0,
ex:coin_35836,nmo:hasIssuer,ex:issuer_83,1.0,
ex:coin_35836,nmo:hasPortrait,ex:person_16,1.0,
ex:coin_35837,nmo:hasIssuer,ex:issuer_83,1.0,
ex:coin_35837,nmo:hasPortrait,ex:person_16,1.0,
ex:coin_35838,nmo:hasIssuer,ex:issuer_83,1.0,
ex:coin_35838,nmo:hasPortrait,ex:person_16,1.0,
ex:coin_35839,nmo:hasIssuer,ex:issuer_83,1.0,
ex:coin_35839,nmo:hasPortrait,ex:person_16,1.0,
ex:coin_35840,nmo:hasIssuer,ex:issuer_83,1.0,
ex:coin_35840,nmo:hasPortrait,ex:person_16,1.0,
ex:coin_35841,nmo:hasIssuer,ex:issuer_83,1.0,
ex:coin_35841,nmo:hasPortrait,ex:person_16,1.0,
ex:coin_35842,nmo:hasIssuer,ex:issuer_83,1.0,
ex:coin_35842,nmo:hasPortrait,ex:person_16,1.0,
ex:coin_35843,nmo:hasIssuer,ex:issuer_83,1.0,
ex:coin_35843,nmo:hasPortrait,ex:person_16,1.0,
ex:coin_35844,nmo:hasIssuer,ex:issuer_83,1.0,
ex:coin_35844,nmo:hasPortrait,ex:person_16,1.0,
ex:coin_35845,nmo:hasIssuer,ex:issuer_83,1.0,
ex:coin_35845,nmo:hasPortrait,ex:person_16,1.0,
ex:coin_35846,nmo:hasIssuer,ex:issuer_83,1.0,
ex:coin_35846,nmo:hasPortrait,ex:person_16,1.0,
ex:coin_35847,nmo:hasIssuer,ex:issuer_83,1.0,
ex:coin_35847,nmo:hasPortrait,ex:person_16,1.0,
ex:coin_35848,nmo:hasIssuer,ex:issuer_83,1.0,
ex:coin_35848,nmo:hasPortrait,ex:person_17,1.0,
ex:coin_35923,nmo:hasIssuer,ex:issuer_83,1.0,
ex:coin_35923,nmo:hasPortrait,ex:person_14,1.0,
ex:coin_35924,nmo:hasIssuer,ex:issuer_83,1.0,
ex:coin_35924,nmo:hasPortrait,ex:person_14,1.0,
ex:coin_35925,nmo:hasIssuer,ex:issuer_83,1.0,
ex:coin_35925,nmo:hasPortrait,ex:person_14,1.0,
ex:coin_35926,nmo:hasIssuer,ex:issuer_83,1.0,
ex:coin_35926,nmo:hasPortrait,ex:person_14,1.0,
ex:coin_35927,nmo:hasIssuer,ex:issuer_83,1.0,
ex:coin_35927,nmo:hasPortrait,ex:person_14,1.0,
ex:coin_35928,nmo:hasIssuer,ex:issuer_83,1.0,
ex:coin_35928,nmo:hasPortrait,ex:person_16,1.0,
ex:coin_35929,nmo:hasIssuer,ex:issuer_83,1.0,
ex:coin_35929,nmo:hasPortrait,ex:person_16,1.0,
ex:coin_35930,nmo:hasIssuer,ex:issuer_83,1.0,
ex:coin_35930,nmo:hasPortrait,ex:person_16,1.0,
ex:coin_35931,nmo:hasIssuer,ex:issuer_83,1.0,
ex:coin_35931,nmo:hasPortrait,ex:person_16,1.0,
ex:coin_35932,nmo:hasIssuer,ex:issuer_83,1.0,
ex:coin_35932,nmo:hasPortrait,ex:person_16,1.0,
ex:coin_35933,nmo:hasIssuer,ex:issuer_83,1.0,
ex:coin_35933,nmo:hasPortrait,ex:person_16,1.0,
ex:coin_35934,nmo:hasIssuer,ex:issuer_83,1.0,
ex:coin_35934,nmo:hasPortrait,ex:person_16,1.0,
ex:coin_35935,nmo:hasIssuer,ex:issuer_83,1.0,
ex:coin_35935,nmo:hasPortrait,ex:person_16,1.0,
ex:coin_35936,nmo:hasIssuer,ex:issuer_83,1.0,
ex:coin_35936,nmo:hasPortrait,ex:person_16,1.0,
ex:coin_35938,nmo:hasIssuer,ex:issuer_83,1.0,
ex:coin_35938,nmo:hasPortrait,ex:person_17,1.0,
ex:coin_35939,nmo:hasIssuer,ex:issuer_83,1.0,
ex:coin_35939,nmo:hasPortrait,ex:person_17,1.0,
ex:coin_35940,nmo:hasIssuer,ex:issuer_83,1.0,
ex:coin_35940,nmo:hasPortrait,ex:person_17,1.0,
ex:coin_35941,nmo:hasIssuer,ex:issuer_83,1.0,
ex:coin_35941,nmo:hasPortrait,ex:person_17,1.0,
ex:coin_35942,nmo:hasIssuer,ex:issuer_83,1.0,
ex:coin_35942,nmo:hasPortrait,ex:person_17,1.0,
ex:coin_35988,nmo:hasIssuer,ex:issuer_83,1.0,
ex:coin_35988,nmo:hasPortrait,ex:person_17,1.0,
ex:coin_36007,nmo:hasIssuer,ex:issuer_83,1.0,
ex:coin_36007,nmo:hasPortrait,ex:person_16,1.0,
ex:coin_36015,nmo:hasIssuer,ex:issuer_83,1.0,
ex:coin_36015,nmo:hasPortrait,ex:person_14,1.0,
ex:coin_36016,nmo:hasIssuer,ex:issuer_83,1.0,
ex:coin_36016,nmo:hasPortrait,ex:person_14,1.0,
ex:coin_36017,nmo:hasIssuer,ex:issuer_83,1.0,
ex:coin_36017,nmo:hasPortrait,ex:person_15,1.0,
ex:coin_36018,nmo:hasIssuer,ex:issuer_83,1.0,
ex:coin_36018,nmo:hasPortrait,ex:person_16,1.0,
ex:coin_36019,nmo:hasIssuer,ex:issuer_83,1.0,
ex:coin_36019,nmo:hasPortrait,ex:person_16,1.0,
ex:coin_36020,nmo:hasIssuer,ex:issuer_83,1.0,
ex:coin_36020,nmo:hasPortrait,ex:person_16,1.0,
ex:coin_36021,nmo:hasIssuer,ex:issuer_83,1.0,
ex:coin_36021,nmo:hasPortrait,ex:person_16,1.0,
ex:coin_36022,nmo:hasIssuer,ex:issuer_83,1.0,
ex:coin_36022,nmo:hasPortrait,ex:person_16,1.0,
ex:coin_36023,nmo:hasIssuer,ex:issuer_83,1.0,
ex:coin_36023,nmo:hasPortrait,ex:person_16,1.0,
ex:coin_36024,nmo:hasIssuer,ex:issuer_83,1.0,
ex:coin_36024,nmo:hasPortrait,ex:person_17,1.0,
ex:coin_36025,nmo:hasIssuer,ex:issuer_83,1.0,
ex:coin_36025,nmo:hasPortrait,ex:person_17,1.0,
ex:coin_36050,nmo:hasIssuer,ex:issuer_83,1.0,
ex:coin_36050,nmo:hasPortrait,ex:person_16,1.0,
ex:coin_36051,nmo:hasIssuer,ex:issuer_83,1.0,
ex:coin_36051,nmo:hasPortrait,ex:person_16,1.0,
ex:coin_36061,nmo:hasIssuer,ex:issuer_83,1.0,
ex:coin_36061,nmo:hasPortrait,ex:person_14,1.0,
ex:coin_36062,nmo:hasIssuer,ex:issuer_83,1.0,
ex:coin_36062,nmo:hasPortrait,ex:person_16,1.0,
ex:coin_36063,nmo:hasIssuer,ex:issuer_83,1.0,
ex:coin_36063,nmo:hasPortrait,ex:person_17,1.0,
ex:coin_36067,nmo:hasIssuer,ex:issuer_83,1.0,
ex:coin_36067,nmo:hasPortrait,ex:person_16,1.0,
ex:coin_36075,nmo:hasIssuer,ex:issuer_83,1.0,
ex:coin_36075,nmo:hasPortrait,ex:person_17,1.0,
ex:coin_36079,nmo:hasIssuer,ex:issuer_83,1.0,
ex:coin_36079,nmo:hasPortrait,ex:person_16,1.0,
ex:coin_36084,nmo:hasIssuer,ex:issuer_83,1.0,
ex:coin_36084,nmo:hasPortrait,ex:person_16,1.0,
ex:coin_36085,nmo:hasIssuer,ex:issuer_83,1.0,
ex:coin_36085,nmo:hasPortrait,ex:person_14,1.0,
ex:coin_36090,nmo:hasIssuer,ex:issuer_83,1.0,
ex:coin_36090,nmo:hasPortrait,ex:person_17,1.0,
ex:coin_36092,nmo:hasIssuer,ex:issuer_83,1.0,
ex:coin_36092,nmo:hasPortrait,ex:person_14,1.0,
ex:coin_36093,nmo:hasIssuer,ex:issuer_83,1.0,
ex:coin_36093,nmo:hasPortrait,ex:person_16,1.0,
ex:coin_36100,nmo:hasIssuer,ex:issuer_83,1.0,
ex:coin_36100,nmo:hasPortrait,ex:person_14,1.0,
ex:coin_36102,nmo:hasIssuer,ex:issuer_83,1.0,
ex:coin_36102,nmo:hasPortrait,ex:person_16,1.0,
ex:coin_36103,nmo:hasIssuer,ex:issuer_83,1.0,
ex:coin_36103,nmo:hasPortrait,ex:person_16,1.0,
ex:coin_36114,nmo:hasIssuer,ex:issuer_83,1.0,
ex:coin_36114,nmo:hasPortrait,ex:person_16,1.0,
ex:coin_36130,nmo:hasIssuer,ex:issuer_83,1.0,
ex:coin_36130,nmo:hasPortrait,ex:person_16,1.0,
ex:coin_36134,nmo:hasIssuer,ex:issuer_83,1.0,
ex:coin_36134,nmo:hasPortrait,ex:person_14,1.0,
ex:coin_36146,nmo:hasIssuer,ex:issuer_83,1.0,
ex:coin_36146,nmo:hasPortrait,ex:person_16,1.0,
ex:coin_36153,nmo:hasIssuer,ex:issuer_83,1.0,
ex:coin_36153,nmo:hasPortrait,ex:person_16,1.0,
ex:coin_36155,nmo:hasIssuer,ex:issuer_83,1.0,
ex:coin_36155,nmo:hasPortrait,ex:person_16,1.0,
ex:coin_36160,nmo:hasIssuer,ex:issuer_83,1.0,
ex:coin_36160,nmo:hasPortrait,ex:person_16,1.0,
ex:coin_36162,nmo:hasIssuer,ex:issuer_83,1.0,
ex:coin_36162,nmo:hasPortrait,ex:person_17,1.0,
ex:coin_36163,nmo:hasIssuer,ex:issuer_83,1.0,
ex:coin_36163,nmo:hasPortrait,ex:person_14,1.0,
ex:coin_36165,nmo:hasIssuer,ex:issuer_83,1.0,
ex:coin_36165,nmo:hasPortrait,ex:person_16,1.0,
ex:coin_36166,nmo:hasIssuer,ex:issuer_83,1.0,
ex:coin_36166,nmo:hasPortrait,ex:person_14,1.0,
ex:coin_36167,nmo:hasIssuer,ex:issuer_83,1.0,
ex:coin_36167,nmo:hasPortrait,ex:person_16,1.0,
ex:coin_36179,nmo:hasIssuer,ex:issuer_83,1.0,
ex:coin_36179,nmo:hasPortrait,ex:person_17,1.0,
ex:coin_36183,nmo:hasIssuer,ex:issuer_83,1.0,
ex:coin_36183,nmo:hasPortrait,ex:person_16,1.0,
ex:coin_36190,nmo:hasIssuer,ex:issuer_83,1.0,
ex:coin_36190,nmo:hasPortrait,ex:person_16,1.0,
ex:coin_36201,nmo:hasIssuer,ex:issuer_83,1.0,
ex:coin_36201,nmo:hasPortrait,ex:person_16,1.0,
ex:coin_36203,nmo:hasIssuer,ex:issuer_83,1.0,
ex:coin_36203,nmo:hasPortrait,ex:person_16,1.0,
ex:coin_36211,nmo:hasIssuer,ex:issuer_83,1.0,
ex:coin_36211,nmo:hasPortrait,ex:person_16,1.0,
ex:coin_36231,nmo:hasIssuer,ex:issuer_83,1.0,
ex:coin_36231,nmo:hasPortrait,ex:person_16,1.0,
ex:coin_36233,nmo:hasIssuer,ex:issuer_83,1.0,
ex:coin_36233,nmo:hasPortrait,ex:person_14,1.0,
ex:coin_36235,nmo:hasIssuer,ex:issuer_83,1.0,
ex:coin_36235,nmo:hasPortrait,ex:person_16,1.0,
ex:coin_36241,nmo:hasIssuer,ex:issuer_83,1.0,
ex:coin_36241,nmo:hasPortrait,ex:person_16,1.0,
ex:coin_36253,nmo:hasIssuer,ex:issuer_83,1.0,
ex:coin_36253,nmo:hasPortrait,ex:person_16,1.0,
ex:coin_36259,nmo:hasIssuer,ex:issuer_83,1.0,
ex:coin_36259,nmo:hasPortrait,ex:person_16,1.0,
ex:coin_36260,nmo:hasIssuer,ex:issuer_83,1.0,
ex:coin_36260,nmo:hasPortrait,ex:person_15,1.0,
ex:coin_36271,nmo:hasIssuer,ex:issuer_83,1.0,
ex:coin_36271,nmo:hasPortrait,ex:person_16,1.0,
ex:coin_36283,nmo:hasIssuer,ex:issuer_83,1.0,
ex:coin_36283,nmo:hasPortrait,ex:person_17,1.0,
ex:coin_36294,nmo:hasIssuer,ex:issuer_83,1.0,
ex:coin_36294,nmo:hasPortrait,ex:person_17,1.0,
ex:coin_36298,nmo:hasIssuer,ex:issuer_83,1.0,
ex:coin_36298,nmo:hasPortrait,ex:person_16,1.0,
ex:coin_36302,nmo:hasIssuer,ex:issuer_83,1.0,
ex:coin_36302,nmo:hasPortrait,ex:person_17,1.0,
ex:coin_36313,nmo:hasIssuer,ex:issuer_83,1.0,
ex:coin_36313,nmo:hasPortrait,ex:person_17,1.0,
ex:coin_36314,nmo:hasIssuer,ex:issuer_83,1.0,
ex:coin_36314,nmo:hasPortrait,ex:person_14,1.0,
ex:coin_36319,nmo:hasIssuer,ex:issuer_83,1.0,
ex:coin_36319,nmo:hasPortrait,ex:person_16,1.0,
ex:coin_36323,nmo:hasIssuer,ex:issuer_83,1.0,
ex:coin_36323,nmo:hasPortrait,ex:person_16,1.0,
ex:coin_36325,nmo:hasIssuer,ex:issuer_83,1.0,
ex:coin_36325,nmo:hasPortrait,ex:person_17,1.0,
ex:coin_36337,nmo:hasIssuer,ex:issuer_83,1.0,
ex:coin_36337,nmo:hasPortrait,ex:person_16,1.0,
ex:coin_36340,nmo:hasIssuer,ex:issuer_83,1.0,
ex:coin_36340,nmo:hasPortrait,ex:person_16,1.0,
ex:coin_42731,nmo:hasIssuer,ex:issuer_83,1.0,
ex:coin_42731,nmo:hasPortrait,ex:person_17,1.0,
ex:coin_42854,nmo:hasIssuer,ex:issuer_83,1.0,
ex:coin_42854,nmo:hasPortrait,ex:person_15,1.0,
ex:coin_42858,nmo:hasIssuer,ex:issuer_83,1.0,
ex:coin_42858,nmo:hasPortrait,ex:person_14,1.0,
ex:coin_42886,nmo:hasIssuer,ex:issuer_83,1.0,
ex:coin_42886,nmo:hasPortrait,ex:person_15,1.0,
ex:coin_42900,nmo:hasIssuer,ex:issuer_83,1.0,
ex:coin_42900,nmo:hasPortrait,ex:person_15,1.0,
ex:coin_42910,nmo:hasIssuer,ex:issuer_83,1.0,
ex:coin_42910,nmo:hasPortrait,ex:person_16,1.0,
ex:coin_42915,nmo:hasIssuer,ex:issuer_83,1.0,
ex:coin_42915,nmo:hasPortrait,ex:person_14,1.0,
ex:coin_740,nmo:hasIssuer,ex:issuer_88,1.0,
ex:coin_740,nmo:hasPortrait,ex:person_19,1.0,
ex:person_19,ex:hasPossibleIssuers,ex:issuer_88,1.0,
ex:issuer_88,ex:inPossibleIssuersOf,ex:person_14,1.0,
ex:issuer_88,ex:inPossibleIssuersOf,ex:person_16,1.0,
ex:issuer_88,ex:inPossibleIssuersOf,ex:person_17,1.0,
ex:issuer_88,ex:inPossibleIssuersOf,ex:person_19,1.0,
ex:issuer_88,ex:inPossibleIssuersOf,ex:person_118,1.0,
ex:issuer_88,ex:inPossibleIssuersOf,ex:person_126,1.0,
ex:issuer_88,ex:inPossibleIssuersOf,ex:person_135,1.0,
ex:issuer_88,ex:inPossibleIssuersOf,ex:person_140,1.0,
ex:issuer_88,ex:inPossibleIssuersOf,ex:person_141,1.0,
ex:person_118,ex:hasPossibleIssuers,ex:issuer_88,1.0,
ex:person_126,ex:hasPossibleIssuers,ex:issuer_88,1.0,
ex:person_140,ex:hasPossibleIssuers,ex:issuer_88,1.0,
ex:person_140,ex:hasPossibleIssuers,ex:issuer_93,1.0,
ex:person_141,ex:hasPossibleIssuers,ex:issuer_88,1.0,
ex:person_141,ex:hasPossibleIssuers,ex:issuer_94,1.0,
ex:person_141,ex:hasPossibleIssuers,ex:issuer_288,1.0,
ex:coin_741,nmo:hasIssuer,ex:issuer_88,1.0,
ex:coin_741,nmo:hasPortrait,ex:person_19,1.0,
ex:coin_883,nmo:hasIssuer,ex:issuer_88,1.0,
ex:coin_883,nmo:hasPortrait,ex:person_17,1.0,
ex:coin_1652,nmo:hasIssuer,ex:issuer_88,1.0,
ex:coin_1652,nmo:hasPortrait,ex:person_17,1.0,
ex:coin_1660,nmo:hasIssuer,ex:issuer_88,1.0,
ex:coin_1660,nmo:hasPortrait,ex:person_17,1.0,
ex:coin_1661,nmo:hasIssuer,ex:issuer_88,1.0,
ex:coin_1661,nmo:hasPortrait,ex:person_17,1.0,
ex:coin_1743,nmo:hasIssuer,ex:issuer_88,1.0,
ex:coin_1743,nmo:hasPortrait,ex:person_17,1.0,
ex:coin_1770,nmo:hasIssuer,ex:issuer_88,1.0,
ex:coin_1770,nmo:hasPortrait,ex:person_135,1.0,
ex:coin_1805,nmo:hasIssuer,ex:issuer_88,1.0,
ex:coin_1805,nmo:hasPortrait,ex:person_17,1.0,
ex:coin_1818,nmo:hasIssuer,ex:issuer_88,1.0,
ex:coin_1818,nmo:hasPortrait,ex:person_19,1.0,
ex:coin_1821,nmo:hasIssuer,ex:issuer_88,1.0,
ex:coin_1821,nmo:hasPortrait,ex:person_19,1.0,
ex:coin_2044,nmo:hasIssuer,ex:issuer_88,1.0,
ex:coin_2044,nmo:hasPortrait,ex:person_19,1.0,
ex:coin_2703,nmo:hasIssuer,ex:issuer_88,1.0,
ex:coin_2703,nmo:hasPortrait,ex:person_135,1.0,
ex:coin_2704,nmo:hasIssuer,ex:issuer_88,1.0,
ex:coin_2704,nmo:hasPortrait,ex:person_135,1.0,
ex:coin_2705,nmo:hasIssuer,ex:issuer_88,1.0,
ex:coin_2705,nmo:hasPortrait,ex:person_135,1.0,
ex:coin_2706,nmo:hasIssuer,ex:issuer_88,1.0,
ex:coin_2706,nmo:hasPortrait,ex:person_135,1.0,
ex:coin_2707,nmo:hasIssuer,ex:issuer_88,1.0,
ex:coin_2707,nmo:hasPortrait,ex:person_135,1.0,
ex:coin_2708,nmo:hasIssuer,ex:issuer_88,1.0,
ex:coin_2708,nmo:hasPortrait,ex:person_135,1.0,
ex:coin_2728,nmo:hasIssuer,ex:issuer_88,1.0,
ex:coin_2728,nmo:hasPortrait,ex:person_140,1.0,
ex:coin_2729,nmo:hasIssuer,ex:issuer_88,1.0,
ex:coin_2729,nmo:hasPortrait,ex:person_118,1.0,
ex:coin_2730,nmo:hasIssuer,ex:issuer_88,1.0,
ex:coin_2730,nmo:hasPortrait,ex:person_118,1.0,
ex:coin_2731,nmo:hasIssuer,ex:issuer_88,1.0,
ex:coin_2731,nmo:hasPortrait,ex:person_118,1.0,
ex:coin_2732,nmo:hasIssuer,ex:issuer_88,1.0,
ex:coin_2732,nmo:hasPortrait,ex:person_118,1.0,
ex:coin_2733,nmo:hasIssuer,ex:issuer_88,1.0,
ex:coin_2733,nmo:hasPortrait,ex:person_118,1.0,
ex:coin_2734,nmo:hasIssuer,ex:issuer_88,1.0,
ex:coin_2734,nmo:hasPortrait,ex:person_118,1.0,
ex:coin_2735,nmo:hasIssuer,ex:issuer_88,1.0,
ex:coin_2735,nmo:hasPortrait,ex:person_118,1.0,
ex:coin_2736,nmo:hasIssuer,ex:issuer_88,1.0,
ex:coin_2736,nmo:hasPortrait,ex:person_17,1.0,
ex:coin_2737,nmo:hasIssuer,ex:issuer_88,1.0,
ex:coin_2737,nmo:hasPortrait,ex:person_17,1.0,
ex:coin_2738,nmo:hasIssuer,ex:issuer_88,1.0,
ex:coin_2738,nmo:hasPortrait,ex:person_17,1.0,
ex:coin_2739,nmo:hasIssuer,ex:issuer_88,1.0,
ex:coin_2739,nmo:hasPortrait,ex:person_17,1.0,
ex:coin_2740,nmo:hasIssuer,ex:issuer_88,1.0,
ex:coin_2740,nmo:hasPortrait,ex:person_17,1.0,
ex:coin_2741,nmo:hasIssuer,ex:issuer_88,1.0,
ex:coin_2741,nmo:hasPortrait,ex:person_17,1.0,
ex:coin_2742,nmo:hasIssuer,ex:issuer_88,1.0,
ex:coin_2742,nmo:hasPortrait,ex:person_17,1.0,
ex:coin_2743,nmo:hasIssuer,ex:issuer_88,1.0,
ex:coin_2743,nmo:hasPortrait,ex:person_17,1.0,
ex:coin_2744,nmo:hasIssuer,ex:issuer_88,1.0,
ex:coin_2744,nmo:hasPortrait,ex:person_17,1.0,
ex:coin_2745,nmo:hasIssuer,ex:issuer_88,1.0,
ex:coin_2745,nmo:hasPortrait,ex:person_17,1.0,
ex:coin_2746,nmo:hasIssuer,ex:issuer_88,1.0,
ex:coin_2746,nmo:hasPortrait,ex:person_17,1.0,
ex:coin_2747,nmo:hasIssuer,ex:issuer_88,1.0,
ex:coin_2747,nmo:hasPortrait,ex:person_17,1.0,
ex:coin_2748,nmo:hasIssuer,ex:issuer_88,1.0,
ex:coin_2748,nmo:hasPortrait,ex:person_17,1.0,
ex:coin_2749,nmo:hasIssuer,ex:issuer_88,1.0,
ex:coin_2749,nmo:hasPortrait,ex:person_17,1.0,
ex:coin_2750,nmo:hasIssuer,ex:issuer_88,1.0,
ex:coin_2750,nmo:hasPortrait,ex:person_17,1.0,
ex:coin_2751,nmo:hasIssuer,ex:issuer_88,1.0,
ex:coin_2751,nmo:hasPortrait,ex:person_17,1.0,
ex:coin_2752,nmo:hasIssuer,ex:issuer_88,1.0,
ex:coin_2752,nmo:hasPortrait,ex:person_17,1.0,
ex:coin_2753,nmo:hasIssuer,ex:issuer_88,1.0,
ex:coin_2753,nmo:hasPortrait,ex:person_17,1.0,
ex:coin_2754,nmo:hasIssuer,ex:issuer_88,1.0,
ex:coin_2754,nmo:hasPortrait,ex:person_17,1.0,
ex:coin_2755,nmo:hasIssuer,ex:issuer_88,1.0,
ex:coin_2755,nmo:hasPortrait,ex:person_17,1.0,
ex:coin_2756,nmo:hasIssuer,ex:issuer_88,1.0,
ex:coin_2756,nmo:hasPortrait,ex:person_17,1.0,
ex:coin_2757,nmo:hasIssuer,ex:issuer_88,1.0,
ex:coin_2757,nmo:hasPortrait,ex:person_17,1.0,
ex:coin_2758,nmo:hasIssuer,ex:issuer_88,1.0,
ex:coin_2758,nmo:hasPortrait,ex:person_17,1.0,
ex:coin_2759,nmo:hasIssuer,ex:issuer_88,1.0,
ex:coin_2759,nmo:hasPortrait,ex:person_17,1.0,
ex:coin_2760,nmo:hasIssuer,ex:issuer_88,1.0,
ex:coin_2760,nmo:hasPortrait,ex:person_17,1.0,
ex:coin_2761,nmo:hasIssuer,ex:issuer_88,1.0,
ex:coin_2761,nmo:hasPortrait,ex:person_126,1.0,
ex:coin_2762,nmo:hasIssuer,ex:issuer_88,1.0,
ex:coin_2762,nmo:hasPortrait,ex:person_126,1.0,
ex:coin_2763,nmo:hasIssuer,ex:issuer_88,1.0,
ex:coin_2763,nmo:hasPortrait,ex:person_126,1.0,
ex:coin_2764,nmo:hasIssuer,ex:issuer_88,1.0,
ex:coin_2764,nmo:hasPortrait,ex:person_126,1.0,
ex:coin_2765,nmo:hasIssuer,ex:issuer_88,1.0,
ex:coin_2765,nmo:hasPortrait,ex:person_126,1.0,
ex:coin_2766,nmo:hasIssuer,ex:issuer_88,1.0,
ex:coin_2766,nmo:hasPortrait,ex:person_126,1.0,
ex:coin_2767,nmo:hasIssuer,ex:issuer_88,1.0,
ex:coin_2767,nmo:hasPortrait,ex:person_126,1.0,
ex:coin_2768,nmo:hasIssuer,ex:issuer_88,1.0,
ex:coin_2768,nmo:hasPortrait,ex:person_19,1.0,
ex:coin_2769,nmo:hasIssuer,ex:issuer_88,1.0,
ex:coin_2769,nmo:hasPortrait,ex:person_19,1.0,
ex:coin_2770,nmo:hasIssuer,ex:issuer_88,1.0,
ex:coin_2770,nmo:hasPortrait,ex:person_19,1.0,
ex:coin_2771,nmo:hasIssuer,ex:issuer_88,1.0,
ex:coin_2771,nmo:hasPortrait,ex:person_19,1.0,
ex:coin_2772,nmo:hasIssuer,ex:issuer_88,1.0,
ex:coin_2772,nmo:hasPortrait,ex:person_19,1.0,
ex:coin_2773,nmo:hasIssuer,ex:issuer_88,1.0,
ex:coin_2773,nmo:hasPortrait,ex:person_19,1.0,
ex:coin_2774,nmo:hasIssuer,ex:issuer_88,1.0,
ex:coin_2774,nmo:hasPortrait,ex:person_19,1.0,
ex:coin_2775,nmo:hasIssuer,ex:issuer_88,1.0,
ex:coin_2775,nmo:hasPortrait,ex:person_19,1.0,
ex:coin_2776,nmo:hasIssuer,ex:issuer_88,1.0,
ex:coin_2776,nmo:hasPortrait,ex:person_19,1.0,
ex:coin_2777,nmo:hasIssuer,ex:issuer_88,1.0,
ex:coin_2777,nmo:hasPortrait,ex:person_19,1.0,
ex:coin_2778,nmo:hasIssuer,ex:issuer_88,1.0,
ex:coin_2778,nmo:hasPortrait,ex:person_19,1.0,
ex:coin_2779,nmo:hasIssuer,ex:issuer_88,1.0,
ex:coin_2779,nmo:hasPortrait,ex:person_19,1.0,
ex:coin_2780,nmo:hasIssuer,ex:issuer_88,1.0,
ex:coin_2780,nmo:hasPortrait,ex:person_19,1.0,
ex:coin_2890,nmo:hasIssuer,ex:issuer_88,1.0,
ex:coin_2890,nmo:hasPortrait,ex:person_17,1.0,
ex:coin_2891,nmo:hasIssuer,ex:issuer_88,1.0,
ex:coin_2891,nmo:hasPortrait,ex:person_17,1.0,
ex:coin_2974,nmo:hasIssuer,ex:issuer_88,1.0,
ex:coin_2974,nmo:hasPortrait,ex:person_126,1.0,
ex:coin_3039,nmo:hasIssuer,ex:issuer_88,1.0,
ex:coin_3039,nmo:hasPortrait,ex:person_140,1.0,
ex:coin_3040,nmo:hasIssuer,ex:issuer_88,1.0,
ex:coin_3040,nmo:hasPortrait,ex:person_17,1.0,
ex:coin_3041,nmo:hasIssuer,ex:issuer_88,1.0,
ex:coin_3041,nmo:hasPortrait,ex:person_126,1.0,
ex:coin_3042,nmo:hasIssuer,ex:issuer_88,1.0,
ex:coin_3042,nmo:hasPortrait,ex:person_19,1.0,
ex:coin_3120,nmo:hasIssuer,ex:issuer_88,1.0,
ex:coin_3120,nmo:hasPortrait,ex:person_17,1.0,
ex:coin_3121,nmo:hasIssuer,ex:issuer_88,1.0,
ex:coin_3121,nmo:hasPortrait,ex:person_17,1.0,
ex:coin_3137,nmo:hasIssuer,ex:issuer_88,1.0,
ex:coin_3137,nmo:hasPortrait,ex:person_135,1.0,
ex:coin_3138,nmo:hasIssuer,ex:issuer_88,1.0,
ex:coin_3138,nmo:hasPortrait,ex:person_17,1.0,
ex:coin_3201,nmo:hasIssuer,ex:issuer_88,1.0,
ex:coin_3201,nmo:hasPortrait,ex:person_17,1.0,
ex:coin_3234,nmo:hasIssuer,ex:issuer_88,1.0,
ex:coin_3234,nmo:hasPortrait,ex:person_17,1.0,
ex:coin_3306,nmo:hasIssuer,ex:issuer_88,1.0,
ex:coin_3306,nmo:hasPortrait,ex:person_135,1.0,
ex:coin_3309,nmo:hasIssuer,ex:issuer_88,1.0,
ex:coin_3309,nmo:hasPortrait,ex:person_17,1.0,
ex:coin_3310,nmo:hasIssuer,ex:issuer_88,1.0,
ex:coin_3310,nmo:hasPortrait,ex:person_17,1.0,
ex:coin_3311,nmo:hasIssuer,ex:issuer_88,1.0,
ex:coin_3311,nmo:hasPortrait,ex:person_17,1.0,
ex:coin_3330,nmo:hasIssuer,ex:issuer_88,1.0,
ex:coin_3330,nmo:hasPortrait,ex:person_17,1.0,
ex:coin_3331,nmo:hasIssuer,ex:issuer_88,1.0,
ex:coin_3331,nmo:hasPortrait,ex:person_135,1.0,
ex:coin_3448,nmo:hasIssuer,ex:issuer_88,1.0,
ex:coin_3448,nmo:hasPortrait,ex:person_135,1.0,
ex:coin_3500,nmo:hasIssuer,ex:issuer_88,1.0,
ex:coin_3500,nmo:hasPortrait,ex:person_135,1.0,
ex:coin_3501,nmo:hasIssuer,ex:issuer_88,1.0,
ex:coin_3501,nmo:hasPortrait,ex:person_135,1.0,
ex:coin_3506,nmo:hasIssuer,ex:issuer_88,1.0,
ex:coin_3506,nmo:hasPortrait,ex:person_118,1.0,
ex:coin_3507,nmo:hasIssuer,ex:issuer_88,1.0,
ex:coin_3507,nmo:hasPortrait,ex:person_17,1.0,
ex:coin_3508,nmo:hasIssuer,ex:issuer_88,1.0,
ex:coin_3508,nmo:hasPortrait,ex:person_17,1.0,
ex:coin_3509,nmo:hasIssuer,ex:issuer_88,1.0,
ex:coin_3509,nmo:hasPortrait,ex:person_17,1.0,
ex:coin_3510,nmo:hasIssuer,ex:issuer_88,1.0,
ex:coin_3510,nmo:hasPortrait,ex:person_17,1.0,
ex:coin_3511,nmo:hasIssuer,ex:issuer_88,1.0,
ex:coin_3511,nmo:hasPortrait,ex:person_17,1.0,
ex:coin_3512,nmo:hasIssuer,ex:issuer_88,1.0,
ex:coin_3512,nmo:hasPortrait,ex:person_17,1.0,
ex:coin_3513,nmo:hasIssuer,ex:issuer_88,1.0,
ex:coin_3513,nmo:hasPortrait,ex:person_19,1.0,
ex:coin_3577,nmo:hasIssuer,ex:issuer_88,1.0,
ex:coin_3577,nmo:hasPortrait,ex:person_135,1.0,
ex:coin_3579,nmo:hasIssuer,ex:issuer_88,1.0,
ex:coin_3579,nmo:hasPortrait,ex:person_17,1.0,
ex:coin_3580,nmo:hasIssuer,ex:issuer_88,1.0,
ex:coin_3580,nmo:hasPortrait,ex:person_19,1.0,
ex:coin_3843,nmo:hasIssuer,ex:issuer_88,1.0,
ex:coin_3843,nmo:hasPortrait,ex:person_135,1.0,
ex:coin_3866,nmo:hasIssuer,ex:issuer_88,1.0,
ex:coin_3866,nmo:hasPortrait,ex:person_17,1.0,
ex:coin_3913,nmo:hasIssuer,ex:issuer_88,1.0,
ex:coin_3913,nmo:hasPortrait,ex:person_135,1.0,
ex:coin_4171,nmo:hasIssuer,ex:issuer_88,1.0,
ex:coin_4171,nmo:hasPortrait,ex:person_135,1.0,
ex:coin_4172,nmo:hasIssuer,ex:issuer_88,1.0,
ex:coin_4172,nmo:hasPortrait,ex:person_17,1.0,
ex:coin_4173,nmo:hasIssuer,ex:issuer_88,1.0,
ex:coin_4173,nmo:hasPortrait,ex:person_19,1.0,
ex:coin_4647,nmo:hasIssuer,ex:issuer_88,1.0,
ex:coin_4647,nmo:hasPortrait,ex:person_19,1.0,
ex:coin_4893,nmo:hasIssuer,ex:issuer_88,1.0,
ex:coin_4893,nmo:hasPortrait,ex:person_118,1.0,
ex:coin_4974,nmo:hasIssuer,ex:issuer_88,1.0,
ex:coin_4974,nmo:hasPortrait,ex:person_118,1.0,
ex:coin_4975,nmo:hasIssuer,ex:issuer_88,1.0,
ex:coin_4975,nmo:hasPortrait,ex:person_118,1.0,
ex:coin_4976,nmo:hasIssuer,ex:issuer_88,1.0,
ex:coin_4976,nmo:hasPortrait,ex:person_17,1.0,
ex:coin_4977,nmo:hasIssuer,ex:issuer_88,1.0,
ex:coin_4977,nmo:hasPortrait,ex:person_17,1.0,
ex:coin_4978,nmo:hasIssuer,ex:issuer_88,1.0,
ex:coin_4978,nmo:hasPortrait,ex:person_17,1.0,
ex:coin_5024,nmo:hasIssuer,ex:issuer_88,1.0,
ex:coin_5024,nmo:hasPortrait,ex:person_118,1.0,
ex:coin_5025,nmo:hasIssuer,ex:issuer_88,1.0,
ex:coin_5025,nmo:hasPortrait,ex:person_126,1.0,
ex:coin_5065,nmo:hasIssuer,ex:issuer_88,1.0,
ex:coin_5065,nmo:hasPortrait,ex:person_19,1.0,
ex:coin_5323,nmo:hasIssuer,ex:issuer_88,1.0,
ex:coin_5323,nmo:hasPortrait,ex:person_17,1.0,
ex:coin_5359,nmo:hasIssuer,ex:issuer_88,1.0,
ex:coin_5359,nmo:hasPortrait,ex:person_135,1.0,
ex:coin_5370,nmo:hasIssuer,ex:issuer_88,1.0,
ex:coin_5370,nmo:hasPortrait,ex:person_135,1.0,
ex:coin_5387,nmo:hasIssuer,ex:issuer_88,1.0,
ex:coin_5387,nmo:hasPortrait,ex:person_17,1.0,
ex:coin_5493,nmo:hasIssuer,ex:issuer_88,1.0,
ex:coin_5493,nmo:hasPortrait,ex:person_135,1.0,
ex:coin_5520,nmo:hasIssuer,ex:issuer_88,1.0,
ex:coin_5520,nmo:hasPortrait,ex:person_135,1.0,
ex:coin_5595,nmo:hasIssuer,ex:issuer_88,1.0,
ex:coin_5595,nmo:hasPortrait,ex:person_118,1.0,
ex:coin_5596,nmo:hasIssuer,ex:issuer_88,1.0,
ex:coin_5596,nmo:hasPortrait,ex:person_17,1.0,
ex:coin_5597,nmo:hasIssuer,ex:issuer_88,1.0,
ex:coin_5597,nmo:hasPortrait,ex:person_17,1.0,
ex:coin_5669,nmo:hasIssuer,ex:issuer_88,1.0,
ex:coin_5669,nmo:hasPortrait,ex:person_135,1.0,
ex:coin_5711,nmo:hasIssuer,ex:issuer_88,1.0,
ex:coin_5711,nmo:hasPortrait,ex:person_17,1.0,
ex:coin_5817,nmo:hasIssuer,ex:issuer_88,1.0,
ex:coin_5817,nmo:hasPortrait,ex:person_17,1.0,
ex:coin_5830,nmo:hasIssuer,ex:issuer_88,1.0,
ex:coin_5830,nmo:hasPortrait,ex:person_135,1.0,
ex:coin_5832,nmo:hasIssuer,ex:issuer_88,1.0,
ex:coin_5832,nmo:hasPortrait,ex:person_19,1.0,
ex:coin_5860,nmo:hasIssuer,ex:issuer_88,1.0,
ex:coin_5860,nmo:hasPortrait,ex:person_17,1.0,
ex:coin_5971,nmo:hasIssuer,ex:issuer_88,1.0,
ex:coin_5971,nmo:hasPortrait,ex:person_17,1.0,
ex:coin_6089,nmo:hasIssuer,ex:issuer_88,1.0,
ex:coin_6089,nmo:hasPortrait,ex:person_17,1.0,
ex:coin_6130,nmo:hasIssuer,ex:issuer_88,1.0,
ex:coin_6130,nmo:hasPortrait,ex:person_19,1.0,
ex:coin_6234,nmo:hasIssuer,ex:issuer_88,1.0,
ex:coin_6234,nmo:hasPortrait,ex:person_135,1.0,
ex:coin_6235,nmo:hasIssuer,ex:issuer_88,1.0,
ex:coin_6235,nmo:hasPortrait,ex:person_126,1.0,
ex:coin_6269,nmo:hasIssuer,ex:issuer_88,1.0,
ex:coin_6269,nmo:hasPortrait,ex:person_17,1.0,
ex:coin_6390,nmo:hasIssuer,ex:issuer_88,1.0,
ex:coin_6390,nmo:hasPortrait,ex:person_19,1.0,
ex:coin_6432,nmo:hasIssuer,ex:issuer_88,1.0,
ex:coin_6432,nmo:hasPortrait,ex:person_135,1.0,
ex:coin_6582,nmo:hasIssuer,ex:issuer_88,1.0,
ex:coin_6582,nmo:hasPortrait,ex:person_126,1.0,
ex:coin_6590,nmo:hasIssuer,ex:issuer_88,1.0,
ex:coin_6590,nmo:hasPortrait,ex:person_17,1.0,
ex:coin_6592,nmo:hasIssuer,ex:issuer_88,1.0,
ex:coin_6592,nmo:hasPortrait,ex:person_135,1.0,
ex:coin_6596,nmo:hasIssuer,ex:issuer_88,1.0,
ex:coin_6596,nmo:hasPortrait,ex:person_135,1.0,
ex:coin_6597,nmo:hasIssuer,ex:issuer_88,1.0,
ex:coin_6597,nmo:hasPortrait,ex:person_135,1.0,
ex:coin_6599,nmo:hasIssuer,ex:issuer_88,1.0,
ex:coin_6599,nmo:hasPortrait,ex:person_17,1.0,
ex:coin_6600,nmo:hasIssuer,ex:issuer_88,1.0,
ex:coin_6600,nmo:hasPortrait,ex:person_17,1.0,
ex:coin_6679,nmo:hasIssuer,ex:issuer_88,1.0,
ex:coin_6679,nmo:hasPortrait,ex:person_17,1.0,
ex:coin_6687,nmo:hasIssuer,ex:issuer_88,1.0,
ex:coin_6687,nmo:hasPortrait,ex:person_17,1.0,
ex:coin_6689,nmo:hasIssuer,ex:issuer_88,1.0,
ex:coin_6689,nmo:hasPortrait,ex:person_126,1.0,
ex:coin_6905,nmo:hasIssuer,ex:issuer_88,1.0,
ex:coin_6905,nmo:hasPortrait,ex:person_17,1.0,
ex:coin_7619,nmo:hasIssuer,ex:issuer_88,1.0,
ex:coin_7619,nmo:hasPortrait,ex:person_19,1.0,
ex:coin_7762,nmo:hasIssuer,ex:issuer_88,1.0,
ex:coin_7762,nmo:hasPortrait,ex:person_118,1.0,
ex:coin_7763,nmo:hasIssuer,ex:issuer_88,1.0,
ex:coin_7763,nmo:hasPortrait,ex:person_17,1.0,
ex:coin_7827,nmo:hasIssuer,ex:issuer_88,1.0,
ex:coin_7827,nmo:hasPortrait,ex:person_19,1.0,
ex:coin_7828,nmo:hasIssuer,ex:issuer_88,1.0,
ex:coin_7828,nmo:hasPortrait,ex:person_19,1.0,
ex:coin_7932,nmo:hasIssuer,ex:issuer_88,1.0,
ex:coin_7932,nmo:hasPortrait,ex:person_140,1.0,
ex:coin_7947,nmo:hasIssuer,ex:issuer_88,1.0,
ex:coin_7947,nmo:hasPortrait,ex:person_135,1.0,
ex:coin_8001,nmo:hasIssuer,ex:issuer_88,1.0,
ex:coin_8001,nmo:hasPortrait,ex:person_118,1.0,
ex:coin_8039,nmo:hasIssuer,ex:issuer_88,1.0,
ex:coin_8039,nmo:hasPortrait,ex:person_17,1.0,
ex:coin_8055,nmo:hasIssuer,ex:issuer_88,1.0,
ex:coin_8055,nmo:hasPortrait,ex:person_19,1.0,
ex:coin_8124,nmo:hasIssuer,ex:issuer_88,1.0,
ex:coin_8124,nmo:hasPortrait,ex:person_19,1.0,
ex:coin_8246,nmo:hasIssuer,ex:issuer_88,1.0,
ex:coin_8246,nmo:hasPortrait,ex:person_135,1.0,
ex:coin_8247,nmo:hasIssuer,ex:issuer_88,1.0,
ex:coin_8247,nmo:hasPortrait,ex:person_135,1.0,
ex:coin_8248,nmo:hasIssuer,ex:issuer_88,1.0,
ex:coin_8248,nmo:hasPortrait,ex:person_135,1.0,
ex:coin_8249,nmo:hasIssuer,ex:issuer_88,1.0,
ex:coin_8249,nmo:hasPortrait,ex:person_135,1.0,
ex:coin_8250,nmo:hasIssuer,ex:issuer_88,1.0,
ex:coin_8250,nmo:hasPortrait,ex:person_135,1.0,
ex:coin_8251,nmo:hasIssuer,ex:issuer_88,1.0,
ex:coin_8251,nmo:hasPortrait,ex:person_135,1.0,
ex:coin_8252,nmo:hasIssuer,ex:issuer_88,1.0,
ex:coin_8252,nmo:hasPortrait,ex:person_140,1.0,
ex:coin_8253,nmo:hasIssuer,ex:issuer_88,1.0,
ex:coin_8253,nmo:hasPortrait,ex:person_140,1.0,
ex:coin_8254,nmo:hasIssuer,ex:issuer_88,1.0,
ex:coin_8254,nmo:hasPortrait,ex:person_140,1.0,
ex:coin_8255,nmo:hasIssuer,ex:issuer_88,1.0,
ex:coin_8255,nmo:hasPortrait,ex:person_118,1.0,
ex:coin_8256,nmo:hasIssuer,ex:issuer_88,1.0,
ex:coin_8256,nmo:hasPortrait,ex:person_17,1.0,
ex:coin_8257,nmo:hasIssuer,ex:issuer_88,1.0,
ex:coin_8257,nmo:hasPortrait,ex:person_17,1.0,
ex:coin_8258,nmo:hasIssuer,ex:issuer_88,1.0,
ex:coin_8258,nmo:hasPortrait,ex:person_17,1.0,
ex:coin_8259,nmo:hasIssuer,ex:issuer_88,1.0,
ex:coin_8259,nmo:hasPortrait,ex:person_17,1.0,
ex:coin_8260,nmo:hasIssuer,ex:issuer_88,1.0,
ex:coin_8260,nmo:hasPortrait,ex:person_17,1.0,
ex:coin_8261,nmo:hasIssuer,ex:issuer_88,1.0,
ex:coin_8261,nmo:hasPortrait,ex:person_17,1.0,
ex:coin_8262,nmo:hasIssuer,ex:issuer_88,1.0,
ex:coin_8262,nmo:hasPortrait,ex:person_17,1.0,
ex:coin_8263,nmo:hasIssuer,ex:issuer_88,1.0,
ex:coin_8263,nmo:hasPortrait,ex:person_17,1.0,
ex:coin_8264,nmo:hasIssuer,ex:issuer_88,1.0,
ex:coin_8264,nmo:hasPortrait,ex:person_17,1.0,
ex:coin_8265,nmo:hasIssuer,ex:issuer_88,1.0,
ex:coin_8265,nmo:hasPortrait,ex:person_17,1.0,
ex:coin_8266,nmo:hasIssuer,ex:issuer_88,1.0,
ex:coin_8266,nmo:hasPortrait,ex:person_17,1.0,
ex:coin_8267,nmo:hasIssuer,ex:issuer_88,1.0,
ex:coin_8267,nmo:hasPortrait,ex:person_17,1.0,
ex:coin_8268,nmo:hasIssuer,ex:issuer_88,1.0,
ex:coin_8268,nmo:hasPortrait,ex:person_17,1.0,
ex:coin_8269,nmo:hasIssuer,ex:issuer_88,1.0,
ex:coin_8269,nmo:hasPortrait,ex:person_19,1.0,
ex:coin_8270,nmo:hasIssuer,ex:issuer_88,1.0,
ex:coin_8270,nmo:hasPortrait,ex:person_19,1.0,
ex:coin_8271,nmo:hasIssuer,ex:issuer_88,1.0,
ex:coin_8271,nmo:hasPortrait,ex:person_19,1.0,
ex:coin_8272,nmo:hasIssuer,ex:issuer_88,1.0,
ex:coin_8272,nmo:hasPortrait,ex:person_19,1.0,
ex:coin_8303,nmo:hasIssuer,ex:issuer_88,1.0,
ex:coin_8303,nmo:hasPortrait,ex:person_135,1.0,
ex:coin_8304,nmo:hasIssuer,ex:issuer_88,1.0,
ex:coin_8304,nmo:hasPortrait,ex:person_140,1.0,
ex:coin_8549,nmo:hasIssuer,ex:issuer_88,1.0,
ex:coin_8549,nmo:hasPortrait,ex:person_135,1.0,
ex:coin_8568,nmo:hasIssuer,ex:issuer_88,1.0,
ex:coin_8568,nmo:hasPortrait,ex:person_118,1.0,
ex:coin_8569,nmo:hasIssuer,ex:issuer_88,1.0,
ex:coin_8569,nmo:hasPortrait,ex:person_17,1.0,
ex:coin_8570,nmo:hasIssuer,ex:issuer_88,1.0,
ex:coin_8570,nmo:hasPortrait,ex:person_17,1.0,
ex:coin_8750,nmo:hasIssuer,ex:issuer_88,1.0,
ex:coin_8750,nmo:hasPortrait,ex:person_17,1.0,
ex:coin_8958,nmo:hasIssuer,ex:issuer_88,1.0,
ex:coin_8958,nmo:hasPortrait,ex:person_17,1.0,
ex:coin_8976,nmo:hasIssuer,ex:issuer_88,1.0,
ex:coin_8976,nmo:hasPortrait,ex:person_135,1.0,
ex:coin_9175,nmo:hasIssuer,ex:issuer_88,1.0,
ex:coin_9175,nmo:hasPortrait,ex:person_17,1.0,
ex:coin_9268,nmo:hasIssuer,ex:issuer_88,1.0,
ex:coin_9268,nmo:hasPortrait,ex:person_135,1.0,
ex:coin_9313,nmo:hasIssuer,ex:issuer_88,1.0,
ex:coin_9313,nmo:hasPortrait,ex:person_135,1.0,
ex:coin_9484,nmo:hasIssuer,ex:issuer_88,1.0,
ex:coin_9484,nmo:hasPortrait,ex:person_126,1.0,
ex:coin_9830,nmo:hasIssuer,ex:issuer_88,1.0,
ex:coin_9830,nmo:hasPortrait,ex:person_135,1.0,
ex:coin_9890,nmo:hasIssuer,ex:issuer_88,1.0,
ex:coin_9890,nmo:hasPortrait,ex:person_126,1.0,
ex:coin_9926,nmo:hasIssuer,ex:issuer_88,1.0,
ex:coin_9926,nmo:hasPortrait,ex:person_135,1.0,
ex:coin_10125,nmo:hasIssuer,ex:issuer_88,1.0,
ex:coin_10125,nmo:hasPortrait,ex:person_19,1.0,
ex:coin_10410,nmo:hasIssuer,ex:issuer_88,1.0,
ex:coin_10410,nmo:hasPortrait,ex:person_17,1.0,
ex:coin_10442,nmo:hasIssuer,ex:issuer_88,1.0,
ex:coin_10442,nmo:hasPortrait,ex:person_17,1.0,
ex:coin_10536,nmo:hasIssuer,ex:issuer_88,1.0,
ex:coin_10536,nmo:hasPortrait,ex:person_17,1.0,
ex:coin_10544,nmo:hasIssuer,ex:issuer_88,1.0,
ex:coin_10544,nmo:hasPortrait,ex:person_17,1.0,
ex:coin_10547,nmo:hasIssuer,ex:issuer_88,1.0,
ex:coin_10547,nmo:hasPortrait,ex:person_19,1.0,
ex:coin_11549,nmo:hasIssuer,ex:issuer_88,1.0,
ex:coin_11549,nmo:hasPortrait,ex:person_17,1.0,
ex:coin_11573,nmo:hasIssuer,ex:issuer_88,1.0,
ex:coin_11573,nmo:hasPortrait,ex:person_17,1.0,
ex:coin_11618,nmo:hasIssuer,ex:issuer_88,1.0,
ex:coin_11618,nmo:hasPortrait,ex:person_17,1.0,
ex:coin_11647,nmo:hasIssuer,ex:issuer_88,1.0,
ex:coin_11647,nmo:hasPortrait,ex:person_17,1.0,
ex:coin_11670,nmo:hasIssuer,ex:issuer_88,1.0,
ex:coin_11670,nmo:hasPortrait,ex:person_17,1.0,
ex:coin_11687,nmo:hasIssuer,ex:issuer_88,1.0,
ex:coin_11687,nmo:hasPortrait,ex:person_17,1.0,
ex:coin_11688,nmo:hasIssuer,ex:issuer_88,1.0,
ex:coin_11688,nmo:hasPortrait,ex:person_17,1.0,
ex:coin_11689,nmo:hasIssuer,ex:issuer_88,1.0,
ex:coin_11689,nmo:hasPortrait,ex:person_135,1.0,
ex:coin_11690,nmo:hasIssuer,ex:issuer_88,1.0,
ex:coin_11690,nmo:hasPortrait,ex:person_118,1.0,
ex:coin_11906,nmo:hasIssuer,ex:issuer_88,1.0,
ex:coin_11906,nmo:hasPortrait,ex:person_17,1.0,
ex:coin_11946,nmo:hasIssuer,ex:issuer_88,1.0,
ex:coin_11946,nmo:hasPortrait,ex:person_17,1.0,
ex:coin_12040,nmo:hasIssuer,ex:issuer_88,1.0,
ex:coin_12040,nmo:hasPortrait,ex:person_17,1.0,
ex:coin_12257,nmo:hasIssuer,ex:issuer_88,1.0,
ex:coin_12257,nmo:hasPortrait,ex:person_17,1.0,
ex:coin_12273,nmo:hasIssuer,ex:issuer_88,1.0,
ex:coin_12273,nmo:hasPortrait,ex:person_17,1.0,
ex:coin_12287,nmo:hasIssuer,ex:issuer_88,1.0,
ex:coin_12287,nmo:hasPortrait,ex:person_135,1.0,
ex:coin_12294,nmo:hasIssuer,ex:issuer_88,1.0,
ex:coin_12294,nmo:hasPortrait,ex:person_19,1.0,
ex:coin_12303,nmo:hasIssuer,ex:issuer_88,1.0,
ex:coin_12303,nmo:hasPortrait,ex:person_19,1.0,
ex:coin_12323,nmo:hasIssuer,ex:issuer_88,1.0,
ex:coin_12323,nmo:hasPortrait,ex:person_19,1.0,
ex:coin_12369,nmo:hasIssuer,ex:issuer_88,1.0,
ex:coin_12369,nmo:hasPortrait,ex:person_17,1.0,
ex:coin_12376,nmo:hasIssuer,ex:issuer_88,1.0,
ex:coin_12376,nmo:hasPortrait,ex:person_135,1.0,
ex:coin_12378,nmo:hasIssuer,ex:issuer_88,1.0,
ex:coin_12378,nmo:hasPortrait,ex:person_19,1.0,
ex:coin_12513,nmo:hasIssuer,ex:issuer_88,1.0,
ex:coin_12513,nmo:hasPortrait,ex:person_19,1.0,
ex:coin_12601,nmo:hasIssuer,ex:issuer_88,1.0,
ex:coin_12601,nmo:hasPortrait,ex:person_17,1.0,
ex:coin_12653,nmo:hasIssuer,ex:issuer_88,1.0,
ex:coin_12653,nmo:hasPortrait,ex:person_17,1.0,
ex:coin_12654,nmo:hasIssuer,ex:issuer_88,1.0,
ex:coin_12654,nmo:hasPortrait,ex:person_17,1.0,
ex:coin_12655,nmo:hasIssuer,ex:issuer_88,1.0,
ex:coin_12655,nmo:hasPortrait,ex:person_17,1.0,
ex:coin_12656,nmo:hasIssuer,ex:issuer_88,1.0,
ex:coin_12656,nmo:hasPortrait,ex:person_17,1.0,
ex:coin_12657,nmo:hasIssuer,ex:issuer_88,1.0,
ex:coin_12657,nmo:hasPortrait,ex:person_17,1.0,
ex:coin_12658,nmo:hasIssuer,ex:issuer_88,1.0,
ex:coin_12658,nmo:hasPortrait,ex:person_126,1.0,
ex:coin_12659,nmo:hasIssuer,ex:issuer_88,1.0,
ex:coin_12659,nmo:hasPortrait,ex:person_19,1.0,
ex:coin_12660,nmo:hasIssuer,ex:issuer_88,1.0,
ex:coin_12660,nmo:hasPortrait,ex:person_19,1.0,
ex:coin_12772,nmo:hasIssuer,ex:issuer_88,1.0,
ex:coin_12772,nmo:hasPortrait,ex:person_135,1.0,
ex:coin_12848,nmo:hasIssuer,ex:issuer_88,1.0,
ex:coin_12848,nmo:hasPortrait,ex:person_126,1.0,
ex:coin_12888,nmo:hasIssuer,ex:issuer_88,1.0,
ex:coin_12888,nmo:hasPortrait,ex:person_17,1.0,
ex:coin_13028,nmo:hasIssuer,ex:issuer_88,1.0,
ex:coin_13028,nmo:hasPortrait,ex:person_135,1.0,
ex:coin_13157,nmo:hasIssuer,ex:issuer_88,1.0,
ex:coin_13157,nmo:hasPortrait,ex:person_19,1.0,
ex:coin_13163,nmo:hasIssuer,ex:issuer_88,1.0,
ex:coin_13163,nmo:hasPortrait,ex:person_17,1.0,
ex:coin_13188,nmo:hasIssuer,ex:issuer_88,1.0,
ex:coin_13188,nmo:hasPortrait,ex:person_17,1.0,
ex:coin_13460,nmo:hasIssuer,ex:issuer_88,1.0,
ex:coin_13460,nmo:hasPortrait,ex:person_126,1.0,
ex:coin_13462,nmo:hasIssuer,ex:issuer_88,1.0,
ex:coin_13462,nmo:hasPortrait,ex:person_17,1.0,
ex:coin_13579,nmo:hasIssuer,ex:issuer_88,1.0,
ex:coin_13579,nmo:hasPortrait,ex:person_19,1.0,
ex:coin_13618,nmo:hasIssuer,ex:issuer_88,1.0,
ex:coin_13618,nmo:hasPortrait,ex:person_17,1.0,
ex:coin_13736,nmo:hasIssuer,ex:issuer_88,1.0,
ex:coin_13736,nmo:hasPortrait,ex:person_19,1.0,
ex:coin_13752,nmo:hasIssuer,ex:issuer_88,1.0,
ex:coin_13752,nmo:hasPortrait,ex:person_19,1.0,
ex:coin_13753,nmo:hasIssuer,ex:issuer_88,1.0,
ex:coin_13753,nmo:hasPortrait,ex:person_19,1.0,
ex:coin_13754,nmo:hasIssuer,ex:issuer_88,1.0,
ex:coin_13754,nmo:hasPortrait,ex:person_19,1.0,
ex:coin_14263,nmo:hasIssuer,ex:issuer_88,1.0,
ex:coin_14263,nmo:hasPortrait,ex:person_135,1.0,
ex:coin_14267,nmo:hasIssuer,ex:issuer_88,1.0,
ex:coin_14267,nmo:hasPortrait,ex:person_19,1.0,
ex:coin_14271,nmo:hasIssuer,ex:issuer_88,1.0,
ex:coin_14271,nmo:hasPortrait,ex:person_118,1.0,
ex:coin_14275,nmo:hasIssuer,ex:issuer_88,1.0,
ex:coin_14275,nmo:hasPortrait,ex:person_17,1.0,
ex:coin_14286,nmo:hasIssuer,ex:issuer_88,1.0,
ex:coin_14286,nmo:hasPortrait,ex:person_19,1.0,
ex:coin_14307,nmo:hasIssuer,ex:issuer_88,1.0,
ex:coin_14307,nmo:hasPortrait,ex:person_135,1.0,
ex:coin_14404,nmo:hasIssuer,ex:issuer_88,1.0,
ex:coin_14404,nmo:hasPortrait,ex:person_135,1.0,
ex:coin_14406,nmo:hasIssuer,ex:issuer_88,1.0,
ex:coin_14406,nmo:hasPortrait,ex:person_17,1.0,
ex:coin_15024,nmo:hasIssuer,ex:issuer_88,1.0,
ex:coin_15024,nmo:hasPortrait,ex:person_126,1.0,
ex:coin_15126,nmo:hasIssuer,ex:issuer_88,1.0,
ex:coin_15126,nmo:hasPortrait,ex:person_17,1.0,
ex:coin_15127,nmo:hasIssuer,ex:issuer_88,1.0,
ex:coin_15127,nmo:hasPortrait,ex:person_17,1.0,
ex:coin_15150,nmo:hasIssuer,ex:issuer_88,1.0,
ex:coin_15150,nmo:hasPortrait,ex:person_126,1.0,
ex:coin_15216,nmo:hasIssuer,ex:issuer_88,1.0,
ex:coin_15216,nmo:hasPortrait,ex:person_19,1.0,
ex:coin_15410,nmo:hasIssuer,ex:issuer_88,1.0,
ex:coin_15410,nmo:hasPortrait,ex:person_17,1.0,
ex:coin_15568,nmo:hasIssuer,ex:issuer_88,1.0,
ex:coin_15568,nmo:hasPortrait,ex:person_17,1.0,
ex:coin_15613,nmo:hasIssuer,ex:issuer_88,1.0,
ex:coin_15613,nmo:hasPortrait,ex:person_19,1.0,
ex:coin_15700,nmo:hasIssuer,ex:issuer_88,1.0,
ex:coin_15700,nmo:hasPortrait,ex:person_118,1.0,
ex:coin_15709,nmo:hasIssuer,ex:issuer_88,1.0,
ex:coin_15709,nmo:hasPortrait,ex:person_126,1.0,
ex:coin_15719,nmo:hasIssuer,ex:issuer_88,1.0,
ex:coin_15719,nmo:hasPortrait,ex:person_135,1.0,
ex:coin_15764,nmo:hasIssuer,ex:issuer_88,1.0,
ex:coin_15764,nmo:hasPortrait,ex:person_17,1.0,
ex:coin_15849,nmo:hasIssuer,ex:issuer_88,1.0,
ex:coin_15849,nmo:hasPortrait,ex:person_135,1.0,
ex:coin_15950,nmo:hasIssuer,ex:issuer_88,1.0,
ex:coin_15950,nmo:hasPortrait,ex:person_118,1.0,
ex:coin_15966,nmo:hasIssuer,ex:issuer_88,1.0,
ex:coin_15966,nmo:hasPortrait,ex:person_17,1.0,
ex:coin_15974,nmo:hasIssuer,ex:issuer_88,1.0,
ex:coin_15974,nmo:hasPortrait,ex:person_19,1.0,
ex:coin_16055,nmo:hasIssuer,ex:issuer_88,1.0,
ex:coin_16055,nmo:hasPortrait,ex:person_17,1.0,
ex:coin_16065,nmo:hasIssuer,ex:issuer_88,1.0,
ex:coin_16065,nmo:hasPortrait,ex:person_126,1.0,
ex:coin_16068,nmo:hasIssuer,ex:issuer_88,1.0,
ex:coin_16068,nmo:hasPortrait,ex:person_118,1.0,
ex:coin_16072,nmo:hasIssuer,ex:issuer_88,1.0,
ex:coin_16072,nmo:hasPortrait,ex:person_135,1.0,
ex:coin_16073,nmo:hasIssuer,ex:issuer_88,1.0,
ex:coin_16073,nmo:hasPortrait,ex:person_135,1.0,
ex:coin_16171,nmo:hasIssuer,ex:issuer_88,1.0,
ex:coin_16171,nmo:hasPortrait,ex:person_19,1.0,
ex:coin_16175,nmo:hasIssuer,ex:issuer_88,1.0,
ex:coin_16175,nmo:hasPortrait,ex:person_17,1.0,
ex:coin_16192,nmo:hasIssuer,ex:issuer_88,1.0,
ex:coin_16192,nmo:hasPortrait,ex:person_17,1.0,
ex:coin_16193,nmo:hasIssuer,ex:issuer_88,1.0,
ex:coin_16193,nmo:hasPortrait,ex:person_135,1.0,
ex:coin_16198,nmo:hasIssuer,ex:issuer_88,1.0,
ex:coin_16198,nmo:hasPortrait,ex:person_19,1.0,
ex:coin_16200,nmo:hasIssuer,ex:issuer_88,1.0,
ex:coin_16200,nmo:hasPortrait,ex:person_17,1.0,
ex:coin_16213,nmo:hasIssuer,ex:issuer_88,1.0,
ex:coin_16213,nmo:hasPortrait,ex:person_17,1.0,
ex:coin_16214,nmo:hasIssuer,ex:issuer_88,1.0,
ex:coin_16214,nmo:hasPortrait,ex:person_17,1.0,
ex:coin_16220,nmo:hasIssuer,ex:issuer_88,1.0,
ex:coin_16220,nmo:hasPortrait,ex:person_118,1.0,
ex:coin_16221,nmo:hasIssuer,ex:issuer_88,1.0,
ex:coin_16221,nmo:hasPortrait,ex:person_17,1.0,
ex:coin_16232,nmo:hasIssuer,ex:issuer_88,1.0,
ex:coin_16232,nmo:hasPortrait,ex:person_135,1.0,
ex:coin_16267,nmo:hasIssuer,ex:issuer_88,1.0,
ex:coin_16267,nmo:hasPortrait,ex:person_19,1.0,
ex:coin_16630,nmo:hasIssuer,ex:issuer_88,1.0,
ex:coin_16630,nmo:hasPortrait,ex:person_19,1.0,
ex:coin_16652,nmo:hasIssuer,ex:issuer_88,1.0,
ex:coin_16652,nmo:hasPortrait,ex:person_135,1.0,
ex:coin_16685,nmo:hasIssuer,ex:issuer_88,1.0,
ex:coin_16685,nmo:hasPortrait,ex:person_17,1.0,
ex:coin_16686,nmo:hasIssuer,ex:issuer_88,1.0,
ex:coin_16686,nmo:hasPortrait,ex:person_19,1.0,
ex:coin_16688,nmo:hasIssuer,ex:issuer_88,1.0,
ex:coin_16688,nmo:hasPortrait,ex:person_17,1.0,
ex:coin_16702,nmo:hasIssuer,ex:issuer_88,1.0,
ex:coin_16702,nmo:hasPortrait,ex:person_126,1.0,
ex:coin_16801,nmo:hasIssuer,ex:issuer_88,1.0,
ex:coin_16801,nmo:hasPortrait,ex:person_17,1.0,
ex:coin_16815,nmo:hasIssuer,ex:issuer_88,1.0,
ex:coin_16815,nmo:hasPortrait,ex:person_19,1.0,
ex:coin_16842,nmo:hasIssuer,ex:issuer_88,1.0,
ex:coin_16842,nmo:hasPortrait,ex:person_17,1.0,
ex:coin_16905,nmo:hasIssuer,ex:issuer_88,1.0,
ex:coin_16905,nmo:hasPortrait,ex:person_17,1.0,
ex:coin_16913,nmo:hasIssuer,ex:issuer_88,1.0,
ex:coin_16913,nmo:hasPortrait,ex:person_135,1.0,
ex:coin_16918,nmo:hasIssuer,ex:issuer_88,1.0,
ex:coin_16918,nmo:hasPortrait,ex:person_17,1.0,
ex:coin_16941,nmo:hasIssuer,ex:issuer_88,1.0,
ex:coin_16941,nmo:hasPortrait,ex:person_17,1.0,
ex:coin_16948,nmo:hasIssuer,ex:issuer_88,1.0,
ex:coin_16948,nmo:hasPortrait,ex:person_126,1.0,
ex:coin_16951,nmo:hasIssuer,ex:issuer_88,1.0,
ex:coin_16951,nmo:hasPortrait,ex:person_19,1.0,
ex:coin_17171,nmo:hasIssuer,ex:issuer_88,1.0,
ex:coin_17171,nmo:hasPortrait,ex:person_17,1.0,
ex:coin_17351,nmo:hasIssuer,ex:issuer_88,1.0,
ex:coin_17351,nmo:hasPortrait,ex:person_118,1.0,
ex:coin_17457,nmo:hasIssuer,ex:issuer_88,1.0,
ex:coin_17457,nmo:hasPortrait,ex:person_19,1.0,
ex:coin_17659,nmo:hasIssuer,ex:issuer_88,1.0,
ex:coin_17659,nmo:hasPortrait,ex:person_118,1.0,
ex:coin_17660,nmo:hasIssuer,ex:issuer_88,1.0,
ex:coin_17660,nmo:hasPortrait,ex:person_126,1.0,
ex:coin_17701,nmo:hasIssuer,ex:issuer_88,1.0,
ex:coin_17701,nmo:hasPortrait,ex:person_17,1.0,
ex:coin_17702,nmo:hasIssuer,ex:issuer_88,1.0,
ex:coin_17702,nmo:hasPortrait,ex:person_17,1.0,
ex:coin_17763,nmo:hasIssuer,ex:issuer_88,1.0,
ex:coin_17763,nmo:hasPortrait,ex:person_17,1.0,
ex:coin_17768,nmo:hasIssuer,ex:issuer_88,1.0,
ex:coin_17768,nmo:hasPortrait,ex:person_17,1.0,
ex:coin_17798,nmo:hasIssuer,ex:issuer_88,1.0,
ex:coin_17798,nmo:hasPortrait,ex:person_17,1.0,
ex:coin_17811,nmo:hasIssuer,ex:issuer_88,1.0,
ex:coin_17811,nmo:hasPortrait,ex:person_17,1.0,
ex:coin_17812,nmo:hasIssuer,ex:issuer_88,1.0,
ex:coin_17812,nmo:hasPortrait,ex:person_135,1.0,
ex:coin_17842,nmo:hasIssuer,ex:issuer_88,1.0,
ex:coin_17842,nmo:hasPortrait,ex:person_135,1.0,
ex:coin_17865,nmo:hasIssuer,ex:issuer_88,1.0,
ex:coin_17865,nmo:hasPortrait,ex:person_135,1.0,
ex:coin_17868,nmo:hasIssuer,ex:issuer_88,1.0,
ex:coin_17868,nmo:hasPortrait,ex:person_135,1.0,
ex:coin_17871,nmo:hasIssuer,ex:issuer_88,1.0,
ex:coin_17871,nmo:hasPortrait,ex:person_135,1.0,
ex:coin_17880,nmo:hasIssuer,ex:issuer_88,1.0,
ex:coin_17880,nmo:hasPortrait,ex:person_17,1.0,
ex:coin_17889,nmo:hasIssuer,ex:issuer_88,1.0,
ex:coin_17889,nmo:hasPortrait,ex:person_118,1.0,
ex:coin_17902,nmo:hasIssuer,ex:issuer_88,1.0,
ex:coin_17902,nmo:hasPortrait,ex:person_126,1.0,
ex:coin_17922,nmo:hasIssuer,ex:issuer_88,1.0,
ex:coin_17922,nmo:hasPortrait,ex:person_19,1.0,
ex:coin_17935,nmo:hasIssuer,ex:issuer_88,1.0,
ex:coin_17935,nmo:hasPortrait,ex:person_126,1.0,
ex:coin_17937,nmo:hasIssuer,ex:issuer_88,1.0,
ex:coin_17937,nmo:hasPortrait,ex:person_140,1.0,
ex:coin_17953,nmo:hasIssuer,ex:issuer_88,1.0,
ex:coin_17953,nmo:hasPortrait,ex:person_17,1.0,
ex:coin_17966,nmo:hasIssuer,ex:issuer_88,1.0,
ex:coin_17966,nmo:hasPortrait,ex:person_126,1.0,
ex:coin_17982,nmo:hasIssuer,ex:issuer_88,1.0,
ex:coin_17982,nmo:hasPortrait,ex:person_19,1.0,
ex:coin_17989,nmo:hasIssuer,ex:issuer_88,1.0,
ex:coin_17989,nmo:hasPortrait,ex:person_17,1.0,
ex:coin_18020,nmo:hasIssuer,ex:issuer_88,1.0,
ex:coin_18020,nmo:hasPortrait,ex:person_135,1.0,
ex:coin_18030,nmo:hasIssuer,ex:issuer_88,1.0,
ex:coin_18030,nmo:hasPortrait,ex:person_16,1.0,
ex:coin_18034,nmo:hasIssuer,ex:issuer_88,1.0,
ex:coin_18034,nmo:hasPortrait,ex:person_17,1.0,
ex:coin_18055,nmo:hasIssuer,ex:issuer_88,1.0,
ex:coin_18055,nmo:hasPortrait,ex:person_17,1.0,
ex:coin_18056,nmo:hasIssuer,ex:issuer_88,1.0,
ex:coin_18056,nmo:hasPortrait,ex:person_17,1.0,
ex:coin_18075,nmo:hasIssuer,ex:issuer_88,1.0,
ex:coin_18075,nmo:hasPortrait,ex:person_17,1.0,
ex:coin_18077,nmo:hasIssuer,ex:issuer_88,1.0,
ex:coin_18077,nmo:hasPortrait,ex:person_19,1.0,
ex:coin_18083,nmo:hasIssuer,ex:issuer_88,1.0,
ex:coin_18083,nmo:hasPortrait,ex:person_17,1.0,
ex:coin_18296,nmo:hasIssuer,ex:issuer_88,1.0,
ex:coin_18296,nmo:hasPortrait,ex:person_16,1.0,
ex:coin_18368,nmo:hasIssuer,ex:issuer_88,1.0,
ex:coin_18368,nmo:hasPortrait,ex:person_19,1.0,
ex:coin_18437,nmo:hasIssuer,ex:issuer_88,1.0,
ex:coin_18437,nmo:hasPortrait,ex:person_135,1.0,
ex:coin_18478,nmo:hasIssuer,ex:issuer_88,1.0,
ex:coin_18478,nmo:hasPortrait,ex:person_135,1.0,
ex:coin_18492,nmo:hasIssuer,ex:issuer_88,1.0,
ex:coin_18492,nmo:hasPortrait,ex:person_19,1.0,
ex:coin_18494,nmo:hasIssuer,ex:issuer_88,1.0,
ex:coin_18494,nmo:hasPortrait,ex:person_126,1.0,
ex:coin_18498,nmo:hasIssuer,ex:issuer_88,1.0,
ex:coin_18498,nmo:hasPortrait,ex:person_118,1.0,
ex:coin_18644,nmo:hasIssuer,ex:issuer_88,1.0,
ex:coin_18644,nmo:hasPortrait,ex:person_17,1.0,
ex:coin_18675,nmo:hasIssuer,ex:issuer_88,1.0,
ex:coin_18675,nmo:hasPortrait,ex:person_19,1.0,
ex:coin_18676,nmo:hasIssuer,ex:issuer_88,1.0,
ex:coin_18676,nmo:hasPortrait,ex:person_19,1.0,
ex:coin_18711,nmo:hasIssuer,ex:issuer_88,1.0,
ex:coin_18711,nmo:hasPortrait,ex:person_17,1.0,
ex:coin_18718,nmo:hasIssuer,ex:issuer_88,1.0,
ex:coin_18718,nmo:hasPortrait,ex:person_16,1.0,
ex:coin_27988,nmo:hasIssuer,ex:issuer_88,1.0,
ex:coin_27988,nmo:hasPortrait,ex:person_19,1.0,
ex:coin_28316,nmo:hasIssuer,ex:issuer_88,1.0,
ex:coin_28316,nmo:hasPortrait,ex:person_17,1.0,
ex:coin_28317,nmo:hasIssuer,ex:issuer_88,1.0,
ex:coin_28317,nmo:hasPortrait,ex:person_17,1.0,
ex:coin_28318,nmo:hasIssuer,ex:issuer_88,1.0,
ex:coin_28318,nmo:hasPortrait,ex:person_17,1.0,
ex:coin_28319,nmo:hasIssuer,ex:issuer_88,1.0,
ex:coin_28319,nmo:hasPortrait,ex:person_17,1.0,
ex:coin_28320,nmo:hasIssuer,ex:issuer_88,1.0,
ex:coin_28320,nmo:hasPortrait,ex:person_17,1.0,
ex:coin_28321,nmo:hasIssuer,ex:issuer_88,1.0,
ex:coin_28321,nmo:hasPortrait,ex:person_17,1.0,
ex:coin_29721,nmo:hasIssuer,ex:issuer_88,1.0,
ex:coin_29721,nmo:hasPortrait,ex:person_135,1.0,
ex:coin_30093,nmo:hasIssuer,ex:issuer_88,1.0,
ex:coin_30093,nmo:hasPortrait,ex:person_17,1.0,
ex:coin_30122,nmo:hasIssuer,ex:issuer_88,1.0,
ex:coin_30122,nmo:hasPortrait,ex:person_17,1.0,
ex:coin_30191,nmo:hasIssuer,ex:issuer_88,1.0,
ex:coin_30191,nmo:hasPortrait,ex:person_19,1.0,
ex:coin_30238,nmo:hasIssuer,ex:issuer_88,1.0,
ex:coin_30238,nmo:hasPortrait,ex:person_126,1.0,
ex:coin_30277,nmo:hasIssuer,ex:issuer_88,1.0,
ex:coin_30277,nmo:hasPortrait,ex:person_17,1.0,
ex:coin_30578,nmo:hasIssuer,ex:issuer_88,1.0,
ex:coin_30578,nmo:hasPortrait,ex:person_17,1.0,
ex:coin_32360,nmo:hasIssuer,ex:issuer_88,1.0,
ex:coin_32360,nmo:hasPortrait,ex:person_19,1.0,
ex:coin_33762,nmo:hasIssuer,ex:issuer_88,1.0,
ex:coin_33762,nmo:hasPortrait,ex:person_19,1.0,
ex:coin_34817,nmo:hasIssuer,ex:issuer_88,1.0,
ex:coin_34817,nmo:hasPortrait,ex:person_19,1.0,
ex:coin_35799,nmo:hasIssuer,ex:issuer_88,1.0,
ex:coin_35799,nmo:hasPortrait,ex:person_17,1.0,
ex:coin_35866,nmo:hasIssuer,ex:issuer_88,1.0,
ex:coin_35866,nmo:hasPortrait,ex:person_135,1.0,
ex:coin_35867,nmo:hasIssuer,ex:issuer_88,1.0,
ex:coin_35867,nmo:hasPortrait,ex:person_135,1.0,
ex:coin_35868,nmo:hasIssuer,ex:issuer_88,1.0,
ex:coin_35868,nmo:hasPortrait,ex:person_118,1.0,
ex:coin_35869,nmo:hasIssuer,ex:issuer_88,1.0,
ex:coin_35869,nmo:hasPortrait,ex:person_118,1.0,
ex:coin_35870,nmo:hasIssuer,ex:issuer_88,1.0,
ex:coin_35870,nmo:hasPortrait,ex:person_118,1.0,
ex:coin_35871,nmo:hasIssuer,ex:issuer_88,1.0,
ex:coin_35871,nmo:hasPortrait,ex:person_118,1.0,
ex:coin_35872,nmo:hasIssuer,ex:issuer_88,1.0,
ex:coin_35872,nmo:hasPortrait,ex:person_17,1.0,
ex:coin_35873,nmo:hasIssuer,ex:issuer_88,1.0,
ex:coin_35873,nmo:hasPortrait,ex:person_17,1.0,
ex:coin_35874,nmo:hasIssuer,ex:issuer_88,1.0,
ex:coin_35874,nmo:hasPortrait,ex:person_17,1.0,
ex:coin_35875,nmo:hasIssuer,ex:issuer_88,1.0,
ex:coin_35875,nmo:hasPortrait,ex:person_17,1.0,
ex:coin_35876,nmo:hasIssuer,ex:issuer_88,1.0,
ex:coin_35876,nmo:hasPortrait,ex:person_17,1.0,
ex:coin_35877,nmo:hasIssuer,ex:issuer_88,1.0,
ex:coin_35877,nmo:hasPortrait,ex:person_17,1.0,
ex:coin_35878,nmo:hasIssuer,ex:issuer_88,1.0,
ex:coin_35878,nmo:hasPortrait,ex:person_17,1.0,
ex:coin_35879,nmo:hasIssuer,ex:issuer_88,1.0,
ex:coin_35879,nmo:hasPortrait,ex:person_17,1.0,
ex:coin_35880,nmo:hasIssuer,ex:issuer_88,1.0,
ex:coin_35880,nmo:hasPortrait,ex:person_126,1.0,
ex:coin_35884,nmo:hasIssuer,ex:issuer_88,1.0,
ex:coin_35884,nmo:hasPortrait,ex:person_19,1.0,
ex:coin_35885,nmo:hasIssuer,ex:issuer_88,1.0,
ex:coin_35885,nmo:hasPortrait,ex:person_19,1.0,
ex:coin_35886,nmo:hasIssuer,ex:issuer_88,1.0,
ex:coin_35886,nmo:hasPortrait,ex:person_19,1.0,
ex:coin_35887,nmo:hasIssuer,ex:issuer_88,1.0,
ex:coin_35887,nmo:hasPortrait,ex:person_19,1.0,
ex:coin_35888,nmo:hasIssuer,ex:issuer_88,1.0,
ex:coin_35888,nmo:hasPortrait,ex:person_19,1.0,
ex:coin_35889,nmo:hasIssuer,ex:issuer_88,1.0,
ex:coin_35889,nmo:hasPortrait,ex:person_19,1.0,
ex:coin_35906,nmo:hasIssuer,ex:issuer_88,1.0,
ex:coin_35906,nmo:hasPortrait,ex:person_17,1.0,
ex:coin_35907,nmo:hasIssuer,ex:issuer_88,1.0,
ex:coin_35907,nmo:hasPortrait,ex:person_17,1.0,
ex:coin_35961,nmo:hasIssuer,ex:issuer_88,1.0,
ex:coin_35961,nmo:hasPortrait,ex:person_135,1.0,
ex:coin_35962,nmo:hasIssuer,ex:issuer_88,1.0,
ex:coin_35962,nmo:hasPortrait,ex:person_17,1.0,
ex:coin_35963,nmo:hasIssuer,ex:issuer_88,1.0,
ex:coin_35963,nmo:hasPortrait,ex:person_17,1.0,
ex:coin_35964,nmo:hasIssuer,ex:issuer_88,1.0,
ex:coin_35964,nmo:hasPortrait,ex:person_19,1.0,
ex:coin_35965,nmo:hasIssuer,ex:issuer_88,1.0,
ex:coin_35965,nmo:hasPortrait,ex:person_19,1.0,
ex:coin_35966,nmo:hasIssuer,ex:issuer_88,1.0,
ex:coin_35966,nmo:hasPortrait,ex:person_19,1.0,
ex:coin_35967,nmo:hasIssuer,ex:issuer_88,1.0,
ex:coin_35967,nmo:hasPortrait,ex:person_19,1.0,
ex:coin_35987,nmo:hasIssuer,ex:issuer_88,1.0,
ex:coin_35987,nmo:hasPortrait,ex:person_19,1.0,
ex:coin_35990,nmo:hasIssuer,ex:issuer_88,1.0,
ex:coin_35990,nmo:hasPortrait,ex:person_19,1.0,
ex:coin_35991,nmo:hasIssuer,ex:issuer_88,1.0,
ex:coin_35991,nmo:hasPortrait,ex:person_19,1.0,
ex:coin_35997,nmo:hasIssuer,ex:issuer_88,1.0,
ex:coin_35997,nmo:hasPortrait,ex:person_17,1.0,
ex:coin_36000,nmo:hasIssuer,ex:issuer_88,1.0,
ex:coin_36000,nmo:hasPortrait,ex:person_17,1.0,
ex:coin_36002,nmo:hasIssuer,ex:issuer_88,1.0,
ex:coin_36002,nmo:hasPortrait,ex:person_17,1.0,
ex:coin_36003,nmo:hasIssuer,ex:issuer_88,1.0,
ex:coin_36003,nmo:hasPortrait,ex:person_19,1.0,
ex:coin_36004,nmo:hasIssuer,ex:issuer_88,1.0,
ex:coin_36004,nmo:hasPortrait,ex:person_19,1.0,
ex:coin_36032,nmo:hasIssuer,ex:issuer_88,1.0,
ex:coin_36032,nmo:hasPortrait,ex:person_17,1.0,
ex:coin_36033,nmo:hasIssuer,ex:issuer_88,1.0,
ex:coin_36033,nmo:hasPortrait,ex:person_126,1.0,
ex:coin_36034,nmo:hasIssuer,ex:issuer_88,1.0,
ex:coin_36034,nmo:hasPortrait,ex:person_19,1.0,
ex:coin_36045,nmo:hasIssuer,ex:issuer_88,1.0,
ex:coin_36045,nmo:hasPortrait,ex:person_19,1.0,
ex:coin_36047,nmo:hasIssuer,ex:issuer_88,1.0,
ex:coin_36047,nmo:hasPortrait,ex:person_17,1.0,
ex:coin_36049,nmo:hasIssuer,ex:issuer_88,1.0,
ex:coin_36049,nmo:hasPortrait,ex:person_17,1.0,
ex:coin_36052,nmo:hasIssuer,ex:issuer_88,1.0,
ex:coin_36052,nmo:hasPortrait,ex:person_17,1.0,
ex:coin_36059,nmo:hasIssuer,ex:issuer_88,1.0,
ex:coin_36059,nmo:hasPortrait,ex:person_19,1.0,
ex:coin_36065,nmo:hasIssuer,ex:issuer_88,1.0,
ex:coin_36065,nmo:hasPortrait,ex:person_17,1.0,
ex:coin_36076,nmo:hasIssuer,ex:issuer_88,1.0,
ex:coin_36076,nmo:hasPortrait,ex:person_17,1.0,
ex:coin_36077,nmo:hasIssuer,ex:issuer_88,1.0,
ex:coin_36077,nmo:hasPortrait,ex:person_17,1.0,
ex:coin_36083,nmo:hasIssuer,ex:issuer_88,1.0,
ex:coin_36083,nmo:hasPortrait,ex:person_17,1.0,
ex:coin_36086,nmo:hasIssuer,ex:issuer_88,1.0,
ex:coin_36086,nmo:hasPortrait,ex:person_135,1.0,
ex:coin_36087,nmo:hasIssuer,ex:issuer_88,1.0,
ex:coin_36087,nmo:hasPortrait,ex:person_19,1.0,
ex:coin_36088,nmo:hasIssuer,ex:issuer_88,1.0,
ex:coin_36088,nmo:hasPortrait,ex:person_126,1.0,
ex:coin_36095,nmo:hasIssuer,ex:issuer_88,1.0,
ex:coin_36095,nmo:hasPortrait,ex:person_17,1.0,
ex:coin_36096,nmo:hasIssuer,ex:issuer_88,1.0,
ex:coin_36096,nmo:hasPortrait,ex:person_118,1.0,
ex:coin_36106,nmo:hasIssuer,ex:issuer_88,1.0,
ex:coin_36106,nmo:hasPortrait,ex:person_17,1.0,
ex:coin_36117,nmo:hasIssuer,ex:issuer_88,1.0,
ex:coin_36117,nmo:hasPortrait,ex:person_19,1.0,
ex:coin_36121,nmo:hasIssuer,ex:issuer_88,1.0,
ex:coin_36121,nmo:hasPortrait,ex:person_17,1.0,
ex:coin_36123,nmo:hasIssuer,ex:issuer_88,1.0,
ex:coin_36123,nmo:hasPortrait,ex:person_17,1.0,
ex:coin_36132,nmo:hasIssuer,ex:issuer_88,1.0,
ex:coin_36132,nmo:hasPortrait,ex:person_17,1.0,
ex:coin_36138,nmo:hasIssuer,ex:issuer_88,1.0,
ex:coin_36138,nmo:hasPortrait,ex:person_118,1.0,
ex:coin_36142,nmo:hasIssuer,ex:issuer_88,1.0,
ex:coin_36142,nmo:hasPortrait,ex:person_17,1.0,
ex:coin_36144,nmo:hasIssuer,ex:issuer_88,1.0,
ex:coin_36144,nmo:hasPortrait,ex:person_17,1.0,
ex:coin_36147,nmo:hasIssuer,ex:issuer_88,1.0,
ex:coin_36147,nmo:hasPortrait,ex:person_19,1.0,
ex:coin_36164,nmo:hasIssuer,ex:issuer_88,1.0,
ex:coin_36164,nmo:hasPortrait,ex:person_19,1.0,
ex:coin_36168,nmo:hasIssuer,ex:issuer_88,1.0,
ex:coin_36168,nmo:hasPortrait,ex:person_17,1.0,
ex:coin_36172,nmo:hasIssuer,ex:issuer_88,1.0,
ex:coin_36172,nmo:hasPortrait,ex:person_17,1.0,
ex:coin_36175,nmo:hasIssuer,ex:issuer_88,1.0,
ex:coin_36175,nmo:hasPortrait,ex:person_17,1.0,
ex:coin_36184,nmo:hasIssuer,ex:issuer_88,1.0,
ex:coin_36184,nmo:hasPortrait,ex:person_19,1.0,
ex:coin_36187,nmo:hasIssuer,ex:issuer_88,1.0,
ex:coin_36187,nmo:hasPortrait,ex:person_126,1.0,
ex:coin_36189,nmo:hasIssuer,ex:issuer_88,1.0,
ex:coin_36189,nmo:hasPortrait,ex:person_17,1.0,
ex:coin_36192,nmo:hasIssuer,ex:issuer_88,1.0,
ex:coin_36192,nmo:hasPortrait,ex:person_17,1.0,
ex:coin_36197,nmo:hasIssuer,ex:issuer_88,1.0,
ex:coin_36197,nmo:hasPortrait,ex:person_19,1.0,
ex:coin_36198,nmo:hasIssuer,ex:issuer_88,1.0,
ex:coin_36198,nmo:hasPortrait,ex:person_17,1.0,
ex:coin_36207,nmo:hasIssuer,ex:issuer_88,1.0,
ex:coin_36207,nmo:hasPortrait,ex:person_17,1.0,
ex:coin_36208,nmo:hasIssuer,ex:issuer_88,1.0,
ex:coin_36208,nmo:hasPortrait,ex:person_118,1.0,
ex:coin_36216,nmo:hasIssuer,ex:issuer_88,1.0,
ex:coin_36216,nmo:hasPortrait,ex:person_126,1.0,
ex:coin_36247,nmo:hasIssuer,ex:issuer_88,1.0,
ex:coin_36247,nmo:hasPortrait,ex:person_118,1.0,
ex:coin_36248,nmo:hasIssuer,ex:issuer_88,1.0,
ex:coin_36248,nmo:hasPortrait,ex:person_17,1.0,
ex:coin_36249,nmo:hasIssuer,ex:issuer_88,1.0,
ex:coin_36249,nmo:hasPortrait,ex:person_17,1.0,
ex:coin_36250,nmo:hasIssuer,ex:issuer_88,1.0,
ex:coin_36250,nmo:hasPortrait,ex:person_17,1.0,
ex:coin_36255,nmo:hasIssuer,ex:issuer_88,1.0,
ex:coin_36255,nmo:hasPortrait,ex:person_19,1.0,
ex:coin_36268,nmo:hasIssuer,ex:issuer_88,1.0,
ex:coin_36268,nmo:hasPortrait,ex:person_17,1.0,
ex:coin_36269,nmo:hasIssuer,ex:issuer_88,1.0,
ex:coin_36269,nmo:hasPortrait,ex:person_135,1.0,
ex:coin_36278,nmo:hasIssuer,ex:issuer_88,1.0,
ex:coin_36278,nmo:hasPortrait,ex:person_17,1.0,
ex:coin_36281,nmo:hasIssuer,ex:issuer_88,1.0,
ex:coin_36281,nmo:hasPortrait,ex:person_17,1.0,
ex:coin_36282,nmo:hasIssuer,ex:issuer_88,1.0,
ex:coin_36282,nmo:hasPortrait,ex:person_19,1.0,
ex:coin_36285,nmo:hasIssuer,ex:issuer_88,1.0,
ex:coin_36285,nmo:hasPortrait,ex:person_17,1.0,
ex:coin_36290,nmo:hasIssuer,ex:issuer_88,1.0,
ex:coin_36290,nmo:hasPortrait,ex:person_17,1.0,
ex:coin_36292,nmo:hasIssuer,ex:issuer_88,1.0,
ex:coin_36292,nmo:hasPortrait,ex:person_17,1.0,
ex:coin_36296,nmo:hasIssuer,ex:issuer_88,1.0,
ex:coin_36296,nmo:hasPortrait,ex:person_17,1.0,
ex:coin_36297,nmo:hasIssuer,ex:issuer_88,1.0,
ex:coin_36297,nmo:hasPortrait,ex:person_19,1.0,
ex:coin_36300,nmo:hasIssuer,ex:issuer_88,1.0,
ex:coin_36300,nmo:hasPortrait,ex:person_17,1.0,
ex:coin_36303,nmo:hasIssuer,ex:issuer_88,1.0,
ex:coin_36303,nmo:hasPortrait,ex:person_118,1.0,
ex:coin_36305,nmo:hasIssuer,ex:issuer_88,1.0,
ex:coin_36305,nmo:hasPortrait,ex:person_19,1.0,
ex:coin_36308,nmo:hasIssuer,ex:issuer_88,1.0,
ex:coin_36308,nmo:hasPortrait,ex:person_19,1.0,
ex:coin_36316,nmo:hasIssuer,ex:issuer_88,1.0,
ex:coin_36316,nmo:hasPortrait,ex:person_19,1.0,
ex:coin_36318,nmo:hasIssuer,ex:issuer_88,1.0,
ex:coin_36318,nmo:hasPortrait,ex:person_19,1.0,
ex:coin_36331,nmo:hasIssuer,ex:issuer_88,1.0,
ex:coin_36331,nmo:hasPortrait,ex:person_126,1.0,
ex:coin_36338,nmo:hasIssuer,ex:issuer_88,1.0,
ex:coin_36338,nmo:hasPortrait,ex:person_126,1.0,
ex:coin_41309,nmo:hasIssuer,ex:issuer_88,1.0,
ex:coin_41309,nmo:hasPortrait,ex:person_19,1.0,
ex:coin_42735,nmo:hasIssuer,ex:issuer_88,1.0,
ex:coin_42735,nmo:hasPortrait,ex:person_126,1.0,
ex:coin_42797,nmo:hasIssuer,ex:issuer_88,1.0,
ex:coin_42797,nmo:hasPortrait,ex:person_118,1.0,
ex:coin_42809,nmo:hasIssuer,ex:issuer_88,1.0,
ex:coin_42809,nmo:hasPortrait,ex:person_140,1.0,
ex:coin_42841,nmo:hasIssuer,ex:issuer_88,1.0,
ex:coin_42841,nmo:hasPortrait,ex:person_17,1.0,
ex:coin_42865,nmo:hasIssuer,ex:issuer_88,1.0,
ex:coin_42865,nmo:hasPortrait,ex:person_17,1.0,
ex:coin_42880,nmo:hasIssuer,ex:issuer_88,1.0,
ex:coin_42880,nmo:hasPortrait,ex:person_17,1.0,
ex:coin_4590,nmo:hasIssuer,ex:issuer_93,1.0,
ex:coin_4590,nmo:hasPortrait,ex:person_19,1.0,
ex:issuer_93,ex:inPossibleIssuersOf,ex:person_140,1.0,
ex:coin_4615,nmo:hasIssuer,ex:issuer_93,1.0,
ex:coin_4615,nmo:hasPortrait,ex:person_19,1.0,
ex:coin_4982,nmo:hasIssuer,ex:issuer_93,1.0,
ex:coin_4982,nmo:hasPortrait,ex:person_19,1.0,
ex:coin_5420,nmo:hasIssuer,ex:issuer_93,1.0,
ex:coin_5420,nmo:hasPortrait,ex:person_19,1.0,
ex:coin_5695,nmo:hasIssuer,ex:issuer_93,1.0,
ex:coin_5695,nmo:hasPortrait,ex:person_19,1.0,
ex:coin_6436,nmo:hasIssuer,ex:issuer_93,1.0,
ex:coin_6436,nmo:hasPortrait,ex:person_19,1.0,
ex:coin_6537,nmo:hasIssuer,ex:issuer_93,1.0,
ex:coin_6537,nmo:hasPortrait,ex:person_19,1.0,
ex:coin_7917,nmo:hasIssuer,ex:issuer_93,1.0,
ex:coin_7917,nmo:hasPortrait,ex:person_19,1.0,
ex:coin_8398,nmo:hasIssuer,ex:issuer_93,1.0,
ex:coin_8398,nmo:hasPortrait,ex:person_19,1.0,
ex:coin_8516,nmo:hasIssuer,ex:issuer_93,1.0,
ex:coin_8516,nmo:hasPortrait,ex:person_19,1.0,
ex:coin_8641,nmo:hasIssuer,ex:issuer_93,1.0,
ex:coin_8641,nmo:hasPortrait,ex:person_19,1.0,
ex:coin_8716,nmo:hasIssuer,ex:issuer_93,1.0,
ex:coin_8716,nmo:hasPortrait,ex:person_19,1.0,
ex:coin_8995,nmo:hasIssuer,ex:issuer_93,1.0,
ex:coin_8995,nmo:hasPortrait,ex:person_19,1.0,
ex:coin_9666,nmo:hasIssuer,ex:issuer_93,1.0,
ex:coin_9666,nmo:hasPortrait,ex:person_19,1.0,
ex:coin_9857,nmo:hasIssuer,ex:issuer_93,1.0,
ex:coin_9857,nmo:hasPortrait,ex:person_19,1.0,
ex:coin_11453,nmo:hasIssuer,ex:issuer_93,1.0,
ex:coin_11453,nmo:hasPortrait,ex:person_19,1.0,
ex:coin_11691,nmo:hasIssuer,ex:issuer_93,1.0,
ex:coin_11691,nmo:hasPortrait,ex:person_19,1.0,
ex:coin_12077,nmo:hasIssuer,ex:issuer_93,1.0,
ex:coin_12077,nmo:hasPortrait,ex:person_19,1.0,
ex:coin_12958,nmo:hasIssuer,ex:issuer_93,1.0,
ex:coin_12958,nmo:hasPortrait,ex:person_19,1.0,
ex:coin_13461,nmo:hasIssuer,ex:issuer_93,1.0,
ex:coin_13461,nmo:hasPortrait,ex:person_19,1.0,
ex:coin_14800,nmo:hasIssuer,ex:issuer_93,1.0,
ex:coin_14800,nmo:hasPortrait,ex:person_19,1.0,
ex:coin_15157,nmo:hasIssuer,ex:issuer_93,1.0,
ex:coin_15157,nmo:hasPortrait,ex:person_19,1.0,
ex:coin_15842,nmo:hasIssuer,ex:issuer_93,1.0,
ex:coin_15842,nmo:hasPortrait,ex:person_19,1.0,
ex:coin_15843,nmo:hasIssuer,ex:issuer_93,1.0,
ex:coin_15843,nmo:hasPortrait,ex:person_19,1.0,
ex:coin_991,nmo:hasIssuer,ex:issuer_94,1.0,
ex:coin_991,nmo:hasPortrait,ex:person_21,1.0,
ex:person_21,ex:hasPossibleIssuers,ex:issuer_94,1.0,
ex:issuer_94,ex:inPossibleIssuersOf,ex:person_21,1.0,
ex:issuer_94,ex:inPossibleIssuersOf,ex:person_138,1.0,
ex:issuer_94,ex:inPossibleIssuersOf,ex:person_141,1.0,
ex:person_138,ex:hasPossibleIssuers,ex:issuer_94,1.0,
ex:person_138,ex:hasPossibleIssuers,ex:issuer_288,1.0,
ex:coin_1735,nmo:hasIssuer,ex:issuer_94,1.0,
ex:coin_1735,nmo:hasPortrait,ex:person_141,1.0,
ex:coin_2833,nmo:hasIssuer,ex:issuer_94,1.0,
ex:coin_2833,nmo:hasPortrait,ex:person_141,1.0,
ex:coin_2834,nmo:hasIssuer,ex:issuer_94,1.0,
ex:coin_2834,nmo:hasPortrait,ex:person_141,1.0,
ex:coin_2835,nmo:hasIssuer,ex:issuer_94,1.0,
ex:coin_2835,nmo:hasPortrait,ex:person_141,1.0,
ex:coin_2836,nmo:hasIssuer,ex:issuer_94,1.0,
ex:coin_2836,nmo:hasPortrait,ex:person_21,1.0,
ex:coin_2837,nmo:hasIssuer,ex:issuer_94,1.0,
ex:coin_2837,nmo:hasPortrait,ex:person_21,1.0,
ex:coin_2838,nmo:hasIssuer,ex:issuer_94,1.0,
ex:coin_2838,nmo:hasPortrait,ex:person_21,1.0,
ex:coin_2839,nmo:hasIssuer,ex:issuer_94,1.0,
ex:coin_2839,nmo:hasPortrait,ex:person_21,1.0,
ex:coin_2840,nmo:hasIssuer,ex:issuer_94,1.0,
ex:coin_2840,nmo:hasPortrait,ex:person_21,1.0,
ex:coin_2841,nmo:hasIssuer,ex:issuer_94,1.0,
ex:coin_2841,nmo:hasPortrait,ex:person_21,1.0,
ex:coin_2842,nmo:hasIssuer,ex:issuer_94,1.0,
ex:coin_2842,nmo:hasPortrait,ex:person_21,1.0,
ex:coin_3045,nmo:hasIssuer,ex:issuer_94,1.0,
ex:coin_3045,nmo:hasPortrait,ex:person_141,1.0,
ex:coin_3151,nmo:hasIssuer,ex:issuer_94,1.0,
ex:coin_3151,nmo:hasPortrait,ex:person_141,1.0,
ex:coin_3521,nmo:hasIssuer,ex:issuer_94,1.0,
ex:coin_3521,nmo:hasPortrait,ex:person_21,1.0,
ex:coin_3582,nmo:hasIssuer,ex:issuer_94,1.0,
ex:coin_3582,nmo:hasPortrait,ex:person_21,1.0,
ex:coin_4650,nmo:hasIssuer,ex:issuer_94,1.0,
ex:coin_4650,nmo:hasPortrait,ex:person_21,1.0,
ex:coin_4997,nmo:hasIssuer,ex:issuer_94,1.0,
ex:coin_4997,nmo:hasPortrait,ex:person_21,1.0,
ex:coin_4998,nmo:hasIssuer,ex:issuer_94,1.0,
ex:coin_4998,nmo:hasPortrait,ex:person_21,1.0,
ex:coin_5667,nmo:hasIssuer,ex:issuer_94,1.0,
ex:coin_5667,nmo:hasPortrait,ex:person_21,1.0,
ex:coin_6619,nmo:hasIssuer,ex:issuer_94,1.0,
ex:coin_6619,nmo:hasPortrait,ex:person_21,1.0,
ex:coin_8282,nmo:hasIssuer,ex:issuer_94,1.0,
ex:coin_8282,nmo:hasPortrait,ex:person_21,1.0,
ex:coin_8283,nmo:hasIssuer,ex:issuer_94,1.0,
ex:coin_8283,nmo:hasPortrait,ex:person_21,1.0,
ex:coin_8307,nmo:hasIssuer,ex:issuer_94,1.0,
ex:coin_8307,nmo:hasPortrait,ex:person_21,1.0,
ex:coin_8435,nmo:hasIssuer,ex:issuer_94,1.0,
ex:coin_8435,nmo:hasPortrait,ex:person_141,1.0,
ex:coin_8729,nmo:hasIssuer,ex:issuer_94,1.0,
ex:coin_8729,nmo:hasPortrait,ex:person_21,1.0,
ex:coin_9011,nmo:hasIssuer,ex:issuer_94,1.0,
ex:coin_9011,nmo:hasPortrait,ex:person_141,1.0,
ex:coin_9076,nmo:hasIssuer,ex:issuer_94,1.0,
ex:coin_9076,nmo:hasPortrait,ex:person_141,1.0,
ex:coin_9301,nmo:hasIssuer,ex:issuer_94,1.0,
ex:coin_9301,nmo:hasPortrait,ex:person_141,1.0,
ex:coin_9859,nmo:hasIssuer,ex:issuer_94,1.0,
ex:coin_9859,nmo:hasPortrait,ex:person_21,1.0,
ex:coin_11591,nmo:hasIssuer,ex:issuer_94,1.0,
ex:coin_11591,nmo:hasPortrait,ex:person_21,1.0,
ex:coin_11640,nmo:hasIssuer,ex:issuer_94,1.0,
ex:coin_11640,nmo:hasPortrait,ex:person_21,1.0,
ex:coin_12281,nmo:hasIssuer,ex:issuer_94,1.0,
ex:coin_12281,nmo:hasPortrait,ex:person_141,1.0,
ex:coin_12380,nmo:hasIssuer,ex:issuer_94,1.0,
ex:coin_12380,nmo:hasPortrait,ex:person_21,1.0,
ex:coin_12474,nmo:hasIssuer,ex:issuer_94,1.0,
ex:coin_12474,nmo:hasPortrait,ex:person_21,1.0,
ex:coin_12668,nmo:hasIssuer,ex:issuer_94,1.0,
ex:coin_12668,nmo:hasPortrait,ex:person_21,1.0,
ex:coin_12872,nmo:hasIssuer,ex:issuer_94,1.0,
ex:coin_12872,nmo:hasPortrait,ex:person_21,1.0,
ex:coin_13151,nmo:hasIssuer,ex:issuer_94,1.0,
ex:coin_13151,nmo:hasPortrait,ex:person_21,1.0,
ex:coin_13587,nmo:hasIssuer,ex:issuer_94,1.0,
ex:coin_13587,nmo:hasPortrait,ex:person_21,1.0,
ex:coin_13779,nmo:hasIssuer,ex:issuer_94,1.0,
ex:coin_13779,nmo:hasPortrait,ex:person_21,1.0,
ex:coin_13915,nmo:hasIssuer,ex:issuer_94,1.0,
ex:coin_13915,nmo:hasPortrait,ex:person_21,1.0,
ex:coin_15037,nmo:hasIssuer,ex:issuer_94,1.0,
ex:coin_15037,nmo:hasPortrait,ex:person_21,1.0,
ex:coin_15093,nmo:hasIssuer,ex:issuer_94,1.0,
ex:coin_15093,nmo:hasPortrait,ex:person_21,1.0,
ex:coin_15694,nmo:hasIssuer,ex:issuer_94,1.0,
ex:coin_15694,nmo:hasPortrait,ex:person_21,1.0,
ex:coin_15701,nmo:hasIssuer,ex:issuer_94,1.0,
ex:coin_15701,nmo:hasPortrait,ex:person_21,1.0,
ex:coin_16057,nmo:hasIssuer,ex:issuer_94,1.0,
ex:coin_16057,nmo:hasPortrait,ex:person_21,1.0,
ex:coin_16191,nmo:hasIssuer,ex:issuer_94,1.0,
ex:coin_16191,nmo:hasPortrait,ex:person_21,1.0,
ex:coin_16277,nmo:hasIssuer,ex:issuer_94,1.0,
ex:coin_16277,nmo:hasPortrait,ex:person_21,1.0,
ex:coin_16294,nmo:hasIssuer,ex:issuer_94,1.0,
ex:coin_16294,nmo:hasPortrait,ex:person_21,1.0,
ex:coin_16628,nmo:hasIssuer,ex:issuer_94,1.0,
ex:coin_16628,nmo:hasPortrait,ex:person_141,1.0,
ex:coin_16635,nmo:hasIssuer,ex:issuer_94,1.0,
ex:coin_16635,nmo:hasPortrait,ex:person_141,1.0,
ex:coin_16703,nmo:hasIssuer,ex:issuer_94,1.0,
ex:coin_16703,nmo:hasPortrait,ex:person_21,1.0,
ex:coin_17179,nmo:hasIssuer,ex:issuer_94,1.0,
ex:coin_17179,nmo:hasPortrait,ex:person_21,1.0,
ex:coin_17585,nmo:hasIssuer,ex:issuer_94,1.0,
ex:coin_17585,nmo:hasPortrait,ex:person_21,1.0,
ex:coin_17873,nmo:hasIssuer,ex:issuer_94,1.0,
ex:coin_17873,nmo:hasPortrait,ex:person_141,1.0,
ex:coin_17936,nmo:hasIssuer,ex:issuer_94,1.0,
ex:coin_17936,nmo:hasPortrait,ex:person_141,1.0,
ex:coin_17943,nmo:hasIssuer,ex:issuer_94,1.0,
ex:coin_17943,nmo:hasPortrait,ex:person_141,1.0,
ex:coin_18375,nmo:hasIssuer,ex:issuer_94,1.0,
ex:coin_18375,nmo:hasPortrait,ex:person_14,1.0,
ex:coin_18460,nmo:hasIssuer,ex:issuer_94,1.0,
ex:coin_18460,nmo:hasPortrait,ex:person_21,1.0,
ex:coin_18462,nmo:hasIssuer,ex:issuer_94,1.0,
ex:coin_18462,nmo:hasPortrait,ex:person_21,1.0,
ex:coin_28077,nmo:hasIssuer,ex:issuer_94,1.0,
ex:coin_28077,nmo:hasPortrait,ex:person_21,1.0,
ex:coin_35800,nmo:hasIssuer,ex:issuer_94,1.0,
ex:coin_35800,nmo:hasPortrait,ex:person_141,1.0,
ex:coin_35801,nmo:hasIssuer,ex:issuer_94,1.0,
ex:coin_35801,nmo:hasPortrait,ex:person_141,1.0,
ex:coin_35802,nmo:hasIssuer,ex:issuer_94,1.0,
ex:coin_35802,nmo:hasPortrait,ex:person_21,1.0,
ex:coin_35803,nmo:hasIssuer,ex:issuer_94,1.0,
ex:coin_35803,nmo:hasPortrait,ex:person_21,1.0,
ex:coin_35983,nmo:hasIssuer,ex:issuer_94,1.0,
ex:coin_35983,nmo:hasPortrait,ex:person_141,1.0,
ex:coin_35984,nmo:hasIssuer,ex:issuer_94,1.0,
ex:coin_35984,nmo:hasPortrait,ex:person_141,1.0,
ex:coin_35985,nmo:hasIssuer,ex:issuer_94,1.0,
ex:coin_35985,nmo:hasPortrait,ex:person_21,1.0,
ex:coin_36044,nmo:hasIssuer,ex:issuer_94,1.0,
ex:coin_36044,nmo:hasPortrait,ex:person_141,1.0,
ex:coin_36046,nmo:hasIssuer,ex:issuer_94,1.0,
ex:coin_36046,nmo:hasPortrait,ex:person_141,1.0,
ex:coin_36073,nmo:hasIssuer,ex:issuer_94,1.0,
ex:coin_36073,nmo:hasPortrait,ex:person_21,1.0,
ex:coin_36104,nmo:hasIssuer,ex:issuer_94,1.0,
ex:coin_36104,nmo:hasPortrait,ex:person_21,1.0,
ex:coin_36137,nmo:hasIssuer,ex:issuer_94,1.0,
ex:coin_36137,nmo:hasPortrait,ex:person_141,1.0,
ex:coin_36322,nmo:hasIssuer,ex:issuer_94,1.0,
ex:coin_36322,nmo:hasPortrait,ex:person_21,1.0,
ex:coin_36332,nmo:hasIssuer,ex:issuer_94,1.0,
ex:coin_36332,nmo:hasPortrait,ex:person_21,1.0,
ex:coin_42744,nmo:hasIssuer,ex:issuer_94,1.0,
ex:coin_42744,nmo:hasPortrait,ex:person_21,1.0,
ex:coin_42907,nmo:hasIssuer,ex:issuer_94,1.0,
ex:coin_42907,nmo:hasPortrait,ex:person_21,1.0,
ex:coin_829,nmo:hasIssuer,ex:issuer_97,1.0,
ex:coin_829,nmo:hasPortrait,ex:person_22,1.0,
ex:person_22,ex:hasPossibleIssuers,ex:issuer_100,1.0,
ex:issuer_97,ex:inPossibleIssuersOf,ex:person_148,1.0,
ex:person_148,ex:hasPossibleIssuers,ex:issuer_97,1.0,
ex:person_148,ex:hasPossibleIssuers,ex:issuer_100,1.0,
ex:person_148,ex:hasPossibleIssuers,ex:issuer_288,1.0,
ex:coin_1150,nmo:hasIssuer,ex:issuer_97,1.0,
ex:coin_1150,nmo:hasPortrait,ex:person_22,1.0,
ex:coin_1726,nmo:hasIssuer,ex:issuer_97,1.0,
ex:coin_1726,nmo:hasPortrait,ex:person_23,1.0,
ex:person_23,ex:hasPossibleIssuers,ex:issuer_100,1.0,
ex:coin_1727,nmo:hasIssuer,ex:issuer_97,1.0,
ex:coin_1727,nmo:hasPortrait,ex:person_22,1.0,
ex:coin_1837,nmo:hasIssuer,ex:issuer_97,1.0,
ex:coin_1837,nmo:hasPortrait,ex:person_22,1.0,
ex:coin_1963,nmo:hasIssuer,ex:issuer_97,1.0,
ex:coin_1963,nmo:hasPortrait,ex:person_22,1.0,
ex:coin_1968,nmo:hasIssuer,ex:issuer_97,1.0,
ex:coin_1968,nmo:hasPortrait,ex:person_22,1.0,
ex:coin_2844,nmo:hasIssuer,ex:issuer_97,1.0,
ex:coin_2844,nmo:hasPortrait,ex:person_146,1.0,
ex:person_146,ex:hasPossibleIssuers,ex:issuer_266,1.0,
ex:coin_3915,nmo:hasIssuer,ex:issuer_97,1.0,
ex:coin_3915,nmo:hasPortrait,ex:person_22,1.0,
ex:coin_4743,nmo:hasIssuer,ex:issuer_97,1.0,
ex:coin_4743,nmo:hasPortrait,ex:person_22,1.0,
ex:coin_4908,nmo:hasIssuer,ex:issuer_97,1.0,
ex:coin_4908,nmo:hasPortrait,ex:person_23,1.0,
ex:coin_4909,nmo:hasIssuer,ex:issuer_97,1.0,
ex:coin_4909,nmo:hasPortrait,ex:person_22,1.0,
ex:coin_5385,nmo:hasIssuer,ex:issuer_97,1.0,
ex:coin_5385,nmo:hasPortrait,ex:person_162,1.0,
ex:person_162,ex:hasPossibleIssuers,ex:issuer_100,1.0,
ex:person_162,ex:hasPossibleIssuers,ex:issuer_231,1.0,
ex:coin_5623,nmo:hasIssuer,ex:issuer_97,1.0,
ex:coin_5623,nmo:hasPortrait,ex:person_23,1.0,
ex:coin_5624,nmo:hasIssuer,ex:issuer_97,1.0,
ex:coin_5624,nmo:hasPortrait,ex:person_23,1.0,
ex:coin_5625,nmo:hasIssuer,ex:issuer_97,1.0,
ex:coin_5625,nmo:hasPortrait,ex:person_162,1.0,
ex:coin_5626,nmo:hasIssuer,ex:issuer_97,1.0,
ex:coin_5626,nmo:hasPortrait,ex:person_22,1.0,
ex:coin_5755,nmo:hasIssuer,ex:issuer_97,1.0,
ex:coin_5755,nmo:hasPortrait,ex:person_23,1.0,
ex:coin_6319,nmo:hasIssuer,ex:issuer_97,1.0,
ex:coin_6319,nmo:hasPortrait,ex:person_23,1.0,
ex:coin_6680,nmo:hasIssuer,ex:issuer_97,1.0,
ex:coin_6680,nmo:hasPortrait,ex:person_22,1.0,
ex:coin_8309,nmo:hasIssuer,ex:issuer_97,1.0,
ex:coin_8309,nmo:hasPortrait,ex:person_22,1.0,
ex:coin_8573,nmo:hasIssuer,ex:issuer_97,1.0,
ex:coin_8573,nmo:hasPortrait,ex:person_22,1.0,
ex:coin_8632,nmo:hasIssuer,ex:issuer_97,1.0,
ex:coin_8632,nmo:hasPortrait,ex:person_22,1.0,
ex:coin_9238,nmo:hasIssuer,ex:issuer_97,1.0,
ex:coin_9238,nmo:hasPortrait,ex:person_162,1.0,
ex:coin_9346,nmo:hasIssuer,ex:issuer_97,1.0,
ex:coin_9346,nmo:hasPortrait,ex:person_162,1.0,
ex:coin_11604,nmo:hasIssuer,ex:issuer_97,1.0,
ex:coin_11604,nmo:hasPortrait,ex:person_22,1.0,
ex:coin_11610,nmo:hasIssuer,ex:issuer_97,1.0,
ex:coin_11610,nmo:hasPortrait,ex:person_23,1.0,
ex:coin_11909,nmo:hasIssuer,ex:issuer_97,1.0,
ex:coin_11909,nmo:hasPortrait,ex:person_162,1.0,
ex:coin_11930,nmo:hasIssuer,ex:issuer_97,1.0,
ex:coin_11930,nmo:hasPortrait,ex:person_162,1.0,
ex:coin_12022,nmo:hasIssuer,ex:issuer_97,1.0,
ex:coin_12022,nmo:hasPortrait,ex:person_22,1.0,
ex:coin_12928,nmo:hasIssuer,ex:issuer_97,1.0,
ex:coin_12928,nmo:hasPortrait,ex:person_22,1.0,
ex:coin_12929,nmo:hasIssuer,ex:issuer_97,1.0,
ex:coin_12929,nmo:hasPortrait,ex:person_162,1.0,
ex:coin_12941,nmo:hasIssuer,ex:issuer_97,1.0,
ex:coin_12941,nmo:hasPortrait,ex:person_22,1.0,
ex:coin_12942,nmo:hasIssuer,ex:issuer_97,1.0,
ex:coin_12942,nmo:hasPortrait,ex:person_22,1.0,
ex:coin_12989,nmo:hasIssuer,ex:issuer_97,1.0,
ex:coin_12989,nmo:hasPortrait,ex:person_162,1.0,
ex:coin_13465,nmo:hasIssuer,ex:issuer_97,1.0,
ex:coin_13465,nmo:hasPortrait,ex:person_23,1.0,
ex:coin_13472,nmo:hasIssuer,ex:issuer_97,1.0,
ex:coin_13472,nmo:hasPortrait,ex:person_23,1.0,
ex:coin_13788,nmo:hasIssuer,ex:issuer_97,1.0,
ex:coin_13788,nmo:hasPortrait,ex:person_22,1.0,
ex:coin_13842,nmo:hasIssuer,ex:issuer_97,1.0,
ex:coin_13842,nmo:hasPortrait,ex:person_22,1.0,
ex:coin_14032,nmo:hasIssuer,ex:issuer_97,1.0,
ex:coin_14032,nmo:hasPortrait,ex:person_22,1.0,
ex:coin_14303,nmo:hasIssuer,ex:issuer_97,1.0,
ex:coin_14303,nmo:hasPortrait,ex:person_22,1.0,
ex:coin_15069,nmo:hasIssuer,ex:issuer_97,1.0,
ex:coin_15069,nmo:hasPortrait,ex:person_22,1.0,
ex:coin_15128,nmo:hasIssuer,ex:issuer_97,1.0,
ex:coin_15128,nmo:hasPortrait,ex:person_162,1.0,
ex:coin_15144,nmo:hasIssuer,ex:issuer_97,1.0,
ex:coin_15144,nmo:hasPortrait,ex:person_162,1.0,
ex:coin_15716,nmo:hasIssuer,ex:issuer_97,1.0,
ex:coin_15716,nmo:hasPortrait,ex:person_22,1.0,
ex:coin_16229,nmo:hasIssuer,ex:issuer_97,1.0,
ex:coin_16229,nmo:hasPortrait,ex:person_22,1.0,
ex:coin_16295,nmo:hasIssuer,ex:issuer_97,1.0,
ex:coin_16295,nmo:hasPortrait,ex:person_162,1.0,
ex:coin_16386,nmo:hasIssuer,ex:issuer_97,1.0,
ex:coin_16386,nmo:hasPortrait,ex:person_22,1.0,
ex:coin_16613,nmo:hasIssuer,ex:issuer_97,1.0,
ex:coin_16613,nmo:hasPortrait,ex:person_22,1.0,
ex:coin_16890,nmo:hasIssuer,ex:issuer_97,1.0,
ex:coin_16890,nmo:hasPortrait,ex:person_22,1.0,
ex:coin_16903,nmo:hasIssuer,ex:issuer_97,1.0,
ex:coin_16903,nmo:hasPortrait,ex:person_162,1.0,
ex:coin_17172,nmo:hasIssuer,ex:issuer_97,1.0,
ex:coin_17172,nmo:hasPortrait,ex:person_22,1.0,
ex:coin_17706,nmo:hasIssuer,ex:issuer_97,1.0,
ex:coin_17706,nmo:hasPortrait,ex:person_22,1.0,
ex:coin_17736,nmo:hasIssuer,ex:issuer_97,1.0,
ex:coin_17736,nmo:hasPortrait,ex:person_22,1.0,
ex:coin_17745,nmo:hasIssuer,ex:issuer_97,1.0,
ex:coin_17745,nmo:hasPortrait,ex:person_22,1.0,
ex:coin_17863,nmo:hasIssuer,ex:issuer_97,1.0,
ex:coin_17863,nmo:hasPortrait,ex:person_22,1.0,
ex:coin_18060,nmo:hasIssuer,ex:issuer_97,1.0,
ex:coin_18060,nmo:hasPortrait,ex:person_22,1.0,
ex:coin_18480,nmo:hasIssuer,ex:issuer_97,1.0,
ex:coin_18480,nmo:hasPortrait,ex:person_23,1.0,
ex:coin_27300,nmo:hasIssuer,ex:issuer_97,1.0,
ex:coin_27300,nmo:hasPortrait,ex:person_23,1.0,
ex:coin_28122,nmo:hasIssuer,ex:issuer_97,1.0,
ex:coin_28122,nmo:hasPortrait,ex:person_23,1.0,
ex:coin_28123,nmo:hasIssuer,ex:issuer_97,1.0,
ex:coin_28123,nmo:hasPortrait,ex:person_23,1.0,
ex:coin_28124,nmo:hasIssuer,ex:issuer_97,1.0,
ex:coin_28124,nmo:hasPortrait,ex:person_22,1.0,
ex:coin_36342,nmo:hasIssuer,ex:issuer_97,1.0,
ex:coin_36342,nmo:hasPortrait,ex:person_23,1.0,
ex:coin_36344,nmo:hasIssuer,ex:issuer_97,1.0,
ex:coin_36344,nmo:hasPortrait,ex:person_23,1.0,
ex:coin_36345,nmo:hasIssuer,ex:issuer_97,1.0,
ex:coin_36345,nmo:hasPortrait,ex:person_23,1.0,
ex:coin_36349,nmo:hasIssuer,ex:issuer_97,1.0,
ex:coin_36349,nmo:hasPortrait,ex:person_23,1.0,
ex:coin_36372,nmo:hasIssuer,ex:issuer_97,1.0,
ex:coin_36372,nmo:hasPortrait,ex:person_23,1.0,
ex:coin_36373,nmo:hasIssuer,ex:issuer_97,1.0,
ex:coin_36373,nmo:hasPortrait,ex:person_22,1.0,
ex:coin_36374,nmo:hasIssuer,ex:issuer_97,1.0,
ex:coin_36374,nmo:hasPortrait,ex:person_22,1.0,
ex:coin_36375,nmo:hasIssuer,ex:issuer_97,1.0,
ex:coin_36375,nmo:hasPortrait,ex:person_22,1.0,
ex:coin_36389,nmo:hasIssuer,ex:issuer_97,1.0,
ex:coin_36389,nmo:hasPortrait,ex:person_23,1.0,
ex:coin_36390,nmo:hasIssuer,ex:issuer_97,1.0,
ex:coin_36390,nmo:hasPortrait,ex:person_23,1.0,
ex:coin_36393,nmo:hasIssuer,ex:issuer_97,1.0,
ex:coin_36393,nmo:hasPortrait,ex:person_22,1.0,
ex:coin_36394,nmo:hasIssuer,ex:issuer_97,1.0,
ex:coin_36394,nmo:hasPortrait,ex:person_22,1.0,
ex:coin_36395,nmo:hasIssuer,ex:issuer_97,1.0,
ex:coin_36395,nmo:hasPortrait,ex:person_22,1.0,
ex:coin_36396,nmo:hasIssuer,ex:issuer_97,1.0,
ex:coin_36396,nmo:hasPortrait,ex:person_22,1.0,
ex:coin_36399,nmo:hasIssuer,ex:issuer_97,1.0,
ex:coin_36399,nmo:hasPortrait,ex:person_22,1.0,
ex:coin_36400,nmo:hasIssuer,ex:issuer_97,1.0,
ex:coin_36400,nmo:hasPortrait,ex:person_22,1.0,
ex:coin_36409,nmo:hasIssuer,ex:issuer_97,1.0,
ex:coin_36409,nmo:hasPortrait,ex:person_22,1.0,
ex:coin_36410,nmo:hasIssuer,ex:issuer_97,1.0,
ex:coin_36410,nmo:hasPortrait,ex:person_22,1.0,
ex:coin_36412,nmo:hasIssuer,ex:issuer_97,1.0,
ex:coin_36412,nmo:hasPortrait,ex:person_23,1.0,
ex:coin_36417,nmo:hasIssuer,ex:issuer_97,1.0,
ex:coin_36417,nmo:hasPortrait,ex:person_22,1.0,
ex:coin_36418,nmo:hasIssuer,ex:issuer_97,1.0,
ex:coin_36418,nmo:hasPortrait,ex:person_22,1.0,
ex:coin_36422,nmo:hasIssuer,ex:issuer_97,1.0,
ex:coin_36422,nmo:hasPortrait,ex:person_22,1.0,
ex:coin_36423,nmo:hasIssuer,ex:issuer_97,1.0,
ex:coin_36423,nmo:hasPortrait,ex:person_22,1.0,
ex:coin_36426,nmo:hasIssuer,ex:issuer_97,1.0,
ex:coin_36426,nmo:hasPortrait,ex:person_22,1.0,
ex:coin_36433,nmo:hasIssuer,ex:issuer_97,1.0,
ex:coin_36433,nmo:hasPortrait,ex:person_23,1.0,
ex:coin_36434,nmo:hasIssuer,ex:issuer_97,1.0,
ex:coin_36434,nmo:hasPortrait,ex:person_22,1.0,
ex:coin_40199,nmo:hasIssuer,ex:issuer_97,1.0,
ex:coin_40199,nmo:hasPortrait,ex:person_23,1.0,
ex:coin_40243,nmo:hasIssuer,ex:issuer_97,1.0,
ex:coin_40243,nmo:hasPortrait,ex:person_23,1.0,
ex:coin_40244,nmo:hasIssuer,ex:issuer_97,1.0,
ex:coin_40244,nmo:hasPortrait,ex:person_23,1.0,
ex:coin_40245,nmo:hasIssuer,ex:issuer_97,1.0,
ex:coin_40245,nmo:hasPortrait,ex:person_23,1.0,
ex:coin_40246,nmo:hasIssuer,ex:issuer_97,1.0,
ex:coin_40246,nmo:hasPortrait,ex:person_23,1.0,
ex:coin_40247,nmo:hasIssuer,ex:issuer_97,1.0,
ex:coin_40247,nmo:hasPortrait,ex:person_23,1.0,
ex:coin_40248,nmo:hasIssuer,ex:issuer_97,1.0,
ex:coin_40248,nmo:hasPortrait,ex:person_23,1.0,
ex:coin_40249,nmo:hasIssuer,ex:issuer_97,1.0,
ex:coin_40249,nmo:hasPortrait,ex:person_23,1.0,
ex:coin_40250,nmo:hasIssuer,ex:issuer_97,1.0,
ex:coin_40250,nmo:hasPortrait,ex:person_23,1.0,
ex:coin_40251,nmo:hasIssuer,ex:issuer_97,1.0,
ex:coin_40251,nmo:hasPortrait,ex:person_23,1.0,
ex:coin_40252,nmo:hasIssuer,ex:issuer_97,1.0,
ex:coin_40252,nmo:hasPortrait,ex:person_23,1.0,
ex:coin_40253,nmo:hasIssuer,ex:issuer_97,1.0,
ex:coin_40253,nmo:hasPortrait,ex:person_23,1.0,
ex:coin_40254,nmo:hasIssuer,ex:issuer_97,1.0,
ex:coin_40254,nmo:hasPortrait,ex:person_23,1.0,
ex:coin_40255,nmo:hasIssuer,ex:issuer_97,1.0,
ex:coin_40255,nmo:hasPortrait,ex:person_22,1.0,
ex:coin_40256,nmo:hasIssuer,ex:issuer_97,1.0,
ex:coin_40256,nmo:hasPortrait,ex:person_22,1.0,
ex:coin_40257,nmo:hasIssuer,ex:issuer_97,1.0,
ex:coin_40257,nmo:hasPortrait,ex:person_22,1.0,
ex:coin_40258,nmo:hasIssuer,ex:issuer_97,1.0,
ex:coin_40258,nmo:hasPortrait,ex:person_22,1.0,
ex:coin_40259,nmo:hasIssuer,ex:issuer_97,1.0,
ex:coin_40259,nmo:hasPortrait,ex:person_22,1.0,
ex:coin_40260,nmo:hasIssuer,ex:issuer_97,1.0,
ex:coin_40260,nmo:hasPortrait,ex:person_22,1.0,
ex:coin_40261,nmo:hasIssuer,ex:issuer_97,1.0,
ex:coin_40261,nmo:hasPortrait,ex:person_22,1.0,
ex:coin_40262,nmo:hasIssuer,ex:issuer_97,1.0,
ex:coin_40262,nmo:hasPortrait,ex:person_22,1.0,
ex:coin_40263,nmo:hasIssuer,ex:issuer_97,1.0,
ex:coin_40263,nmo:hasPortrait,ex:person_22,1.0,
ex:coin_41408,nmo:hasIssuer,ex:issuer_97,1.0,
ex:coin_41408,nmo:hasPortrait,ex:person_162,1.0,
ex:coin_41409,nmo:hasIssuer,ex:issuer_97,1.0,
ex:coin_41409,nmo:hasPortrait,ex:person_162,1.0,
ex:coin_41739,nmo:hasIssuer,ex:issuer_97,1.0,
ex:coin_41739,nmo:hasPortrait,ex:person_162,1.0,
ex:coin_41759,nmo:hasIssuer,ex:issuer_97,1.0,
ex:coin_41759,nmo:hasPortrait,ex:person_162,1.0,
ex:coin_41765,nmo:hasIssuer,ex:issuer_97,1.0,
ex:coin_41765,nmo:hasPortrait,ex:person_162,1.0,
ex:coin_41800,nmo:hasIssuer,ex:issuer_97,1.0,
ex:coin_41800,nmo:hasPortrait,ex:person_162,1.0,
ex:coin_41810,nmo:hasIssuer,ex:issuer_97,1.0,
ex:coin_41810,nmo:hasPortrait,ex:person_162,1.0,
ex:coin_41852,nmo:hasIssuer,ex:issuer_97,1.0,
ex:coin_41852,nmo:hasPortrait,ex:person_162,1.0,
ex:coin_41876,nmo:hasIssuer,ex:issuer_97,1.0,
ex:coin_41876,nmo:hasPortrait,ex:person_162,1.0,
ex:coin_42635,nmo:hasIssuer,ex:issuer_97,1.0,
ex:coin_42635,nmo:hasPortrait,ex:person_162,1.0,
ex:coin_42645,nmo:hasIssuer,ex:issuer_97,1.0,
ex:coin_42645,nmo:hasPortrait,ex:person_162,1.0,
ex:coin_42646,nmo:hasIssuer,ex:issuer_97,1.0,
ex:coin_42646,nmo:hasPortrait,ex:person_162,1.0,
ex:coin_42647,nmo:hasIssuer,ex:issuer_97,1.0,
ex:coin_42647,nmo:hasPortrait,ex:person_162,1.0,
ex:coin_42648,nmo:hasIssuer,ex:issuer_97,1.0,
ex:coin_42648,nmo:hasPortrait,ex:person_162,1.0,
ex:coin_42651,nmo:hasIssuer,ex:issuer_97,1.0,
ex:coin_42651,nmo:hasPortrait,ex:person_162,1.0,
ex:coin_42655,nmo:hasIssuer,ex:issuer_97,1.0,
ex:coin_42655,nmo:hasPortrait,ex:person_162,1.0,
ex:coin_42740,nmo:hasIssuer,ex:issuer_97,1.0,
ex:coin_42740,nmo:hasPortrait,ex:person_22,1.0,
ex:coin_42917,nmo:hasIssuer,ex:issuer_97,1.0,
ex:coin_42917,nmo:hasPortrait,ex:person_22,1.0,
ex:coin_13174,nmo:hasIssuer,ex:issuer_100,1.0,
ex:coin_13174,nmo:hasPortrait,ex:person_188,1.0,
ex:person_188,ex:hasPossibleIssuers,ex:issuer_100,1.0,
ex:issuer_100,ex:inPossibleIssuersOf,ex:person_22,1.0,
ex:issuer_100,ex:inPossibleIssuersOf,ex:person_23,1.0,
ex:issuer_100,ex:inPossibleIssuersOf,ex:person_127,1.0,
ex:issuer_100,ex:inPossibleIssuersOf,ex:person_136,1.0,
ex:issuer_100,ex:inPossibleIssuersOf,ex:person_148,1.0,
ex:issuer_100,ex:inPossibleIssuersOf,ex:person_162,1.0,
ex:issuer_100,ex:inPossibleIssuersOf,ex:person_188,1.0,
ex:person_127,ex:hasPossibleIssuers,ex:issuer_100,1.0,
ex:person_127,ex:hasPossibleIssuers,ex:issuer_103,1.0,
ex:person_136,ex:hasPossibleIssuers,ex:issuer_100,1.0,
ex:person_136,ex:hasPossibleIssuers,ex:issuer_103,1.0,
ex:coin_13786,nmo:hasIssuer,ex:issuer_100,1.0,
ex:coin_13786,nmo:hasPortrait,ex:person_22,1.0,
ex:coin_14009,nmo:hasIssuer,ex:issuer_100,1.0,
ex:coin_14009,nmo:hasPortrait,ex:person_22,1.0,
ex:coin_14385,nmo:hasIssuer,ex:issuer_100,1.0,
ex:coin_14385,nmo:hasPortrait,ex:person_188,1.0,
ex:coin_15703,nmo:hasIssuer,ex:issuer_100,1.0,
ex:coin_15703,nmo:hasPortrait,ex:person_22,1.0,
ex:coin_18039,nmo:hasIssuer,ex:issuer_100,1.0,
ex:coin_18039,nmo:hasPortrait,ex:person_22,1.0,
ex:coin_18059,nmo:hasIssuer,ex:issuer_100,1.0,
ex:coin_18059,nmo:hasPortrait,ex:person_188,1.0,
ex:coin_18225,nmo:hasIssuer,ex:issuer_100,1.0,
ex:coin_18225,nmo:hasPortrait,ex:person_22,1.0,
ex:coin_18254,nmo:hasIssuer,ex:issuer_100,1.0,
ex:coin_18254,nmo:hasPortrait,ex:person_188,1.0,
ex:coin_36376,nmo:hasIssuer,ex:issuer_100,1.0,
ex:coin_36376,nmo:hasPortrait,ex:person_22,1.0,
ex:coin_36406,nmo:hasIssuer,ex:issuer_100,1.0,
ex:coin_36406,nmo:hasPortrait,ex:person_188,1.0,
ex:coin_36436,nmo:hasIssuer,ex:issuer_100,1.0,
ex:coin_36436,nmo:hasPortrait,ex:person_148,1.0,
ex:coin_40274,nmo:hasIssuer,ex:issuer_100,1.0,
ex:coin_40274,nmo:hasPortrait,ex:person_22,1.0,
ex:coin_40275,nmo:hasIssuer,ex:issuer_100,1.0,
ex:coin_40275,nmo:hasPortrait,ex:person_22,1.0,
ex:coin_40276,nmo:hasIssuer,ex:issuer_100,1.0,
ex:coin_40276,nmo:hasPortrait,ex:person_22,1.0,
ex:coin_722,nmo:hasIssuer,ex:issuer_102,1.0,
ex:coin_722,nmo:hasPortrait,ex:person_171,1.0,
ex:person_171,ex:hasPossibleIssuers,ex:issuer_102,1.0,
ex:issuer_102,ex:inPossibleIssuersOf,ex:person_47,1.0,
ex:issuer_102,ex:inPossibleIssuersOf,ex:person_110,1.0,
ex:issuer_102,ex:inPossibleIssuersOf,ex:person_113,1.0,
ex:issuer_102,ex:inPossibleIssuersOf,ex:person_170,1.0,
ex:issuer_102,ex:inPossibleIssuersOf,ex:person_171,1.0,
ex:issuer_102,ex:inPossibleIssuersOf,ex:person_194,1.0,
ex:person_47,ex:hasPossibleIssuers,ex:issuer_102,1.0,
ex:person_110,ex:hasPossibleIssuers,ex:issuer_102,1.0,
ex:person_113,ex:hasPossibleIssuers,ex:issuer_102,1.0,
ex:person_170,ex:hasPossibleIssuers,ex:issuer_102,1.0,
ex:person_194,ex:hasPossibleIssuers,ex:issuer_102,1.0,
ex:person_194,ex:hasPossibleIssuers,ex:issuer_103,1.0,
ex:coin_752,nmo:hasIssuer,ex:issuer_102,1.0,
ex:coin_752,nmo:hasPortrait,ex:person_47,1.0,
ex:coin_4593,nmo:hasIssuer,ex:issuer_102,1.0,
ex:coin_4593,nmo:hasPortrait,ex:person_47,1.0,
ex:coin_4594,nmo:hasIssuer,ex:issuer_102,1.0,
ex:coin_4594,nmo:hasPortrait,ex:person_113,1.0,
ex:coin_4920,nmo:hasIssuer,ex:issuer_102,1.0,
ex:coin_4920,nmo:hasPortrait,ex:person_171,1.0,
ex:coin_4921,nmo:hasIssuer,ex:issuer_102,1.0,
ex:coin_4921,nmo:hasPortrait,ex:person_47,1.0,
ex:coin_5037,nmo:hasIssuer,ex:issuer_102,1.0,
ex:coin_5037,nmo:hasPortrait,ex:person_171,1.0,
ex:coin_5038,nmo:hasIssuer,ex:issuer_102,1.0,
ex:coin_5038,nmo:hasPortrait,ex:person_171,1.0,
ex:coin_6152,nmo:hasIssuer,ex:issuer_102,1.0,
ex:coin_6152,nmo:hasPortrait,ex:person_47,1.0,
ex:coin_8553,nmo:hasIssuer,ex:issuer_102,1.0,
ex:coin_8553,nmo:hasPortrait,ex:person_47,1.0,
ex:coin_9316,nmo:hasIssuer,ex:issuer_102,1.0,
ex:coin_9316,nmo:hasPortrait,ex:person_171,1.0,
ex:coin_9677,nmo:hasIssuer,ex:issuer_102,1.0,
ex:coin_9677,nmo:hasPortrait,ex:person_171,1.0,
ex:coin_11671,nmo:hasIssuer,ex:issuer_102,1.0,
ex:coin_11671,nmo:hasPortrait,ex:person_113,1.0,
ex:coin_11856,nmo:hasIssuer,ex:issuer_102,1.0,
ex:coin_11856,nmo:hasPortrait,ex:person_171,1.0,
ex:coin_11956,nmo:hasIssuer,ex:issuer_102,1.0,
ex:coin_11956,nmo:hasPortrait,ex:person_47,1.0,
ex:coin_12074,nmo:hasIssuer,ex:issuer_102,1.0,
ex:coin_12074,nmo:hasPortrait,ex:person_171,1.0,
ex:coin_13684,nmo:hasIssuer,ex:issuer_102,1.0,
ex:coin_13684,nmo:hasPortrait,ex:person_171,1.0,
ex:coin_13850,nmo:hasIssuer,ex:issuer_102,1.0,
ex:coin_13850,nmo:hasPortrait,ex:person_47,1.0,
ex:coin_14034,nmo:hasIssuer,ex:issuer_102,1.0,
ex:coin_14034,nmo:hasPortrait,ex:person_47,1.0,
ex:coin_18064,nmo:hasIssuer,ex:issuer_102,1.0,
ex:coin_18064,nmo:hasPortrait,ex:person_113,1.0,
ex:coin_18227,nmo:hasIssuer,ex:issuer_102,1.0,
ex:coin_18227,nmo:hasPortrait,ex:person_171,1.0,
ex:coin_18321,nmo:hasIssuer,ex:issuer_102,1.0,
ex:coin_18321,nmo:hasPortrait,ex:person_47,1.0,
ex:coin_36448,nmo:hasIssuer,ex:issuer_102,1.0,
ex:coin_36448,nmo:hasPortrait,ex:person_47,1.0,
ex:coin_36449,nmo:hasIssuer,ex:issuer_102,1.0,
ex:coin_36449,nmo:hasPortrait,ex:person_47,1.0,
ex:coin_36456,nmo:hasIssuer,ex:issuer_102,1.0,
ex:coin_36456,nmo:hasPortrait,ex:person_171,1.0,
ex:coin_36457,nmo:hasIssuer,ex:issuer_102,1.0,
ex:coin_36457,nmo:hasPortrait,ex:person_171,1.0,
ex:coin_36466,nmo:hasIssuer,ex:issuer_102,1.0,
ex:coin_36466,nmo:hasPortrait,ex:person_170,1.0,
ex:coin_36485,nmo:hasIssuer,ex:issuer_102,1.0,
ex:coin_36485,nmo:hasPortrait,ex:person_171,1.0,
ex:coin_36488,nmo:hasIssuer,ex:issuer_102,1.0,
ex:coin_36488,nmo:hasPortrait,ex:person_47,1.0,
ex:coin_36506,nmo:hasIssuer,ex:issuer_102,1.0,
ex:coin_36506,nmo:hasPortrait,ex:person_47,1.0,
ex:coin_40335,nmo:hasIssuer,ex:issuer_102,1.0,
ex:coin_40335,nmo:hasPortrait,ex:person_170,1.0,
ex:coin_40336,nmo:hasIssuer,ex:issuer_102,1.0,
ex:coin_40336,nmo:hasPortrait,ex:person_170,1.0,
ex:coin_40337,nmo:hasIssuer,ex:issuer_102,1.0,
ex:coin_40337,nmo:hasPortrait,ex:person_170,1.0,
ex:coin_40338,nmo:hasIssuer,ex:issuer_102,1.0,
ex:coin_40338,nmo:hasPortrait,ex:person_170,1.0,
ex:coin_40339,nmo:hasIssuer,ex:issuer_102,1.0,
ex:coin_40339,nmo:hasPortrait,ex:person_170,1.0,
ex:coin_40340,nmo:hasIssuer,ex:issuer_102,1.0,
ex:coin_40340,nmo:hasPortrait,ex:person_171,1.0,
ex:coin_40341,nmo:hasIssuer,ex:issuer_102,1.0,
ex:coin_40341,nmo:hasPortrait,ex:person_171,1.0,
ex:coin_40342,nmo:hasIssuer,ex:issuer_102,1.0,
ex:coin_40342,nmo:hasPortrait,ex:person_171,1.0,
ex:coin_40343,nmo:hasIssuer,ex:issuer_102,1.0,
ex:coin_40343,nmo:hasPortrait,ex:person_113,1.0,
ex:coin_40344,nmo:hasIssuer,ex:issuer_102,1.0,
ex:coin_40344,nmo:hasPortrait,ex:person_47,1.0,
ex:coin_40345,nmo:hasIssuer,ex:issuer_102,1.0,
ex:coin_40345,nmo:hasPortrait,ex:person_47,1.0,
ex:coin_40346,nmo:hasIssuer,ex:issuer_102,1.0,
ex:coin_40346,nmo:hasPortrait,ex:person_47,1.0,
ex:coin_40347,nmo:hasIssuer,ex:issuer_102,1.0,
ex:coin_40347,nmo:hasPortrait,ex:person_47,1.0,
ex:coin_40348,nmo:hasIssuer,ex:issuer_102,1.0,
ex:coin_40348,nmo:hasPortrait,ex:person_47,1.0,
ex:coin_40349,nmo:hasIssuer,ex:issuer_102,1.0,
ex:coin_40349,nmo:hasPortrait,ex:person_47,1.0,
ex:coin_40350,nmo:hasIssuer,ex:issuer_102,1.0,
ex:coin_40350,nmo:hasPortrait,ex:person_47,1.0,
ex:coin_40351,nmo:hasIssuer,ex:issuer_102,1.0,
ex:coin_40351,nmo:hasPortrait,ex:person_47,1.0,
ex:coin_40352,nmo:hasIssuer,ex:issuer_102,1.0,
ex:coin_40352,nmo:hasPortrait,ex:person_47,1.0,
ex:coin_764,nmo:hasIssuer,ex:issuer_103,1.0,
ex:coin_764,nmo:hasPortrait,ex:person_25,1.0,
ex:person_25,ex:hasPossibleIssuers,ex:issuer_103,1.0,
ex:issuer_103,ex:inPossibleIssuersOf,ex:person_25,1.0,
ex:issuer_103,ex:inPossibleIssuersOf,ex:person_127,1.0,
ex:issuer_103,ex:inPossibleIssuersOf,ex:person_128,1.0,
ex:issuer_103,ex:inPossibleIssuersOf,ex:person_136,1.0,
ex:issuer_103,ex:inPossibleIssuersOf,ex:person_149,1.0,
ex:issuer_103,ex:inPossibleIssuersOf,ex:person_191,1.0,
ex:issuer_103,ex:inPossibleIssuersOf,ex:person_194,1.0,
ex:person_128,ex:hasPossibleIssuers,ex:issuer_103,1.0,
ex:person_149,ex:hasPossibleIssuers,ex:issuer_103,1.0,
ex:person_149,ex:hasPossibleIssuers,ex:issuer_288,1.0,
ex:person_191,ex:hasPossibleIssuers,ex:issuer_103,1.0,
ex:coin_3867,nmo:hasIssuer,ex:issuer_103,1.0,
ex:coin_3867,nmo:hasPortrait,ex:person_25,1.0,
ex:coin_4666,nmo:hasIssuer,ex:issuer_103,1.0,
ex:coin_4666,nmo:hasPortrait,ex:person_25,1.0,
ex:coin_4930,nmo:hasIssuer,ex:issuer_103,1.0,
ex:coin_4930,nmo:hasPortrait,ex:person_25,1.0,
ex:coin_4931,nmo:hasIssuer,ex:issuer_103,1.0,
ex:coin_4931,nmo:hasPortrait,ex:person_25,1.0,
ex:coin_4932,nmo:hasIssuer,ex:issuer_103,1.0,
ex:coin_4932,nmo:hasPortrait,ex:person_25,1.0,
ex:coin_5041,nmo:hasIssuer,ex:issuer_103,1.0,
ex:coin_5041,nmo:hasPortrait,ex:person_25,1.0,
ex:coin_5042,nmo:hasIssuer,ex:issuer_103,1.0,
ex:coin_5042,nmo:hasPortrait,ex:person_25,1.0,
ex:coin_5823,nmo:hasIssuer,ex:issuer_103,1.0,
ex:coin_5823,nmo:hasPortrait,ex:person_25,1.0,
ex:coin_5984,nmo:hasIssuer,ex:issuer_103,1.0,
ex:coin_5984,nmo:hasPortrait,ex:person_25,1.0,
ex:coin_7533,nmo:hasIssuer,ex:issuer_103,1.0,
ex:coin_7533,nmo:hasPortrait,ex:person_25,1.0,
ex:coin_7534,nmo:hasIssuer,ex:issuer_103,1.0,
ex:coin_7534,nmo:hasPortrait,ex:person_25,1.0,
ex:coin_8572,nmo:hasIssuer,ex:issuer_103,1.0,
ex:coin_8572,nmo:hasPortrait,ex:person_25,1.0,
ex:coin_9333,nmo:hasIssuer,ex:issuer_103,1.0,
ex:coin_9333,nmo:hasPortrait,ex:person_25,1.0,
ex:coin_9347,nmo:hasIssuer,ex:issuer_103,1.0,
ex:coin_9347,nmo:hasPortrait,ex:person_47,1.0,
ex:coin_9349,nmo:hasIssuer,ex:issuer_103,1.0,
ex:coin_9349,nmo:hasPortrait,ex:person_25,1.0,
ex:coin_9424,nmo:hasIssuer,ex:issuer_103,1.0,
ex:coin_9424,nmo:hasPortrait,ex:person_25,1.0,
ex:coin_9888,nmo:hasIssuer,ex:issuer_103,1.0,
ex:coin_9888,nmo:hasPortrait,ex:person_25,1.0,
ex:coin_9904,nmo:hasIssuer,ex:issuer_103,1.0,
ex:coin_9904,nmo:hasPortrait,ex:person_25,1.0,
ex:coin_9936,nmo:hasIssuer,ex:issuer_103,1.0,
ex:coin_9936,nmo:hasPortrait,ex:person_25,1.0,
ex:coin_12681,nmo:hasIssuer,ex:issuer_103,1.0,
ex:coin_12681,nmo:hasPortrait,ex:person_25,1.0,
ex:coin_12682,nmo:hasIssuer,ex:issuer_103,1.0,
ex:coin_12682,nmo:hasPortrait,ex:person_25,1.0,
ex:coin_12776,nmo:hasIssuer,ex:issuer_103,1.0,
ex:coin_12776,nmo:hasPortrait,ex:person_25,1.0,
ex:coin_12789,nmo:hasIssuer,ex:issuer_103,1.0,
ex:coin_12789,nmo:hasPortrait,ex:person_25,1.0,
ex:coin_12875,nmo:hasIssuer,ex:issuer_103,1.0,
ex:coin_12875,nmo:hasPortrait,ex:person_25,1.0,
ex:coin_13437,nmo:hasIssuer,ex:issuer_103,1.0,
ex:coin_13437,nmo:hasPortrait,ex:person_25,1.0,
ex:coin_13509,nmo:hasIssuer,ex:issuer_103,1.0,
ex:coin_13509,nmo:hasPortrait,ex:person_25,1.0,
ex:coin_13681,nmo:hasIssuer,ex:issuer_103,1.0,
ex:coin_13681,nmo:hasPortrait,ex:person_25,1.0,
ex:coin_15016,nmo:hasIssuer,ex:issuer_103,1.0,
ex:coin_15016,nmo:hasPortrait,ex:person_47,1.0,
ex:coin_15129,nmo:hasIssuer,ex:issuer_103,1.0,
ex:coin_15129,nmo:hasPortrait,ex:person_25,1.0,
ex:coin_15130,nmo:hasIssuer,ex:issuer_103,1.0,
ex:coin_15130,nmo:hasPortrait,ex:person_25,1.0,
ex:coin_15131,nmo:hasIssuer,ex:issuer_103,1.0,
ex:coin_15131,nmo:hasPortrait,ex:person_25,1.0,
ex:coin_16891,nmo:hasIssuer,ex:issuer_103,1.0,
ex:coin_16891,nmo:hasPortrait,ex:person_25,1.0,
ex:coin_18683,nmo:hasIssuer,ex:issuer_103,1.0,
ex:coin_18683,nmo:hasPortrait,ex:person_25,1.0,
ex:coin_36462,nmo:hasIssuer,ex:issuer_103,1.0,
ex:coin_36462,nmo:hasPortrait,ex:person_25,1.0,
ex:coin_36463,nmo:hasIssuer,ex:issuer_103,1.0,
ex:coin_36463,nmo:hasPortrait,ex:person_25,1.0,
ex:coin_36480,nmo:hasIssuer,ex:issuer_103,1.0,
ex:coin_36480,nmo:hasPortrait,ex:person_25,1.0,
ex:coin_36482,nmo:hasIssuer,ex:issuer_103,1.0,
ex:coin_36482,nmo:hasPortrait,ex:person_25,1.0,
ex:coin_36494,nmo:hasIssuer,ex:issuer_103,1.0,
ex:coin_36494,nmo:hasPortrait,ex:person_25,1.0,
ex:coin_36498,nmo:hasIssuer,ex:issuer_103,1.0,
ex:coin_36498,nmo:hasPortrait,ex:person_25,1.0,
ex:coin_36501,nmo:hasIssuer,ex:issuer_103,1.0,
ex:coin_36501,nmo:hasPortrait,ex:person_25,1.0,
ex:coin_36505,nmo:hasIssuer,ex:issuer_103,1.0,
ex:coin_36505,nmo:hasPortrait,ex:person_25,1.0,
ex:coin_36519,nmo:hasIssuer,ex:issuer_103,1.0,
ex:coin_36519,nmo:hasPortrait,ex:person_25,1.0,
ex:coin_36523,nmo:hasIssuer,ex:issuer_103,1.0,
ex:coin_36523,nmo:hasPortrait,ex:person_25,1.0,
ex:coin_39011,nmo:hasIssuer,ex:issuer_103,1.0,
ex:coin_39011,nmo:hasPortrait,ex:person_128,1.0,
ex:coin_40430,nmo:hasIssuer,ex:issuer_103,1.0,
ex:coin_40430,nmo:hasPortrait,ex:person_128,1.0,
ex:coin_40431,nmo:hasIssuer,ex:issuer_103,1.0,
ex:coin_40431,nmo:hasPortrait,ex:person_25,1.0,
ex:coin_40432,nmo:hasIssuer,ex:issuer_103,1.0,
ex:coin_40432,nmo:hasPortrait,ex:person_25,1.0,
ex:coin_40433,nmo:hasIssuer,ex:issuer_103,1.0,
ex:coin_40433,nmo:hasPortrait,ex:person_25,1.0,
ex:coin_40434,nmo:hasIssuer,ex:issuer_103,1.0,
ex:coin_40434,nmo:hasPortrait,ex:person_25,1.0,
ex:coin_40435,nmo:hasIssuer,ex:issuer_103,1.0,
ex:coin_40435,nmo:hasPortrait,ex:person_25,1.0,
ex:coin_40436,nmo:hasIssuer,ex:issuer_103,1.0,
ex:coin_40436,nmo:hasPortrait,ex:person_25,1.0,
ex:coin_40437,nmo:hasIssuer,ex:issuer_103,1.0,
ex:coin_40437,nmo:hasPortrait,ex:person_25,1.0,
ex:coin_40438,nmo:hasIssuer,ex:issuer_103,1.0,
ex:coin_40438,nmo:hasPortrait,ex:person_25,1.0,
ex:coin_40439,nmo:hasIssuer,ex:issuer_103,1.0,
ex:coin_40439,nmo:hasPortrait,ex:person_25,1.0,
ex:coin_40440,nmo:hasIssuer,ex:issuer_103,1.0,
ex:coin_40440,nmo:hasPortrait,ex:person_25,1.0,
ex:coin_40441,nmo:hasIssuer,ex:issuer_103,1.0,
ex:coin_40441,nmo:hasPortrait,ex:person_25,1.0,
ex:coin_42324,nmo:hasIssuer,ex:issuer_103,1.0,
ex:coin_42324,nmo:hasPortrait,ex:person_191,1.0,
ex:coin_42670,nmo:hasIssuer,ex:issuer_103,1.0,
ex:coin_42670,nmo:hasPortrait,ex:person_191,1.0,
ex:coin_42811,nmo:hasIssuer,ex:issuer_103,1.0,
ex:coin_42811,nmo:hasPortrait,ex:person_25,1.0,
ex:coin_693,nmo:hasIssuer,ex:issuer_107,1.0,
ex:coin_693,nmo:hasPortrait,ex:person_187,1.0,
ex:person_187,ex:hasPossibleIssuers,ex:issuer_106,1.0,
ex:person_187,ex:hasPossibleIssuers,ex:issuer_107,1.0,
ex:person_187,ex:hasPossibleIssuers,ex:issuer_109,1.0,
ex:person_187,ex:hasPossibleIssuers,ex:issuer_288,1.0,
ex:person_187,ex:hasPossibleIssuers,ex:issuer_296,1.0,
ex:issuer_107,ex:inPossibleIssuersOf,ex:person_26,1.0,
ex:issuer_107,ex:inPossibleIssuersOf,ex:person_163,1.0,
ex:issuer_107,ex:inPossibleIssuersOf,ex:person_187,1.0,
ex:person_26,ex:hasPossibleIssuers,ex:issuer_106,1.0,
ex:person_26,ex:hasPossibleIssuers,ex:issuer_107,1.0,
ex:person_26,ex:hasPossibleIssuers,ex:issuer_269,1.0,
ex:person_26,ex:hasPossibleIssuers,ex:issuer_288,1.0,
ex:person_163,ex:hasPossibleIssuers,ex:issuer_106,1.0,
ex:person_163,ex:hasPossibleIssuers,ex:issuer_107,1.0,
ex:person_163,ex:hasPossibleIssuers,ex:issuer_289,1.0,
ex:person_163,ex:hasPossibleIssuers,ex:issuer_296,1.0,
ex:coin_1164,nmo:hasIssuer,ex:issuer_107,1.0,
ex:coin_1164,nmo:hasPortrait,ex:person_26,1.0,
ex:coin_5684,nmo:hasIssuer,ex:issuer_107,1.0,
ex:coin_5684,nmo:hasPortrait,ex:person_26,1.0,
ex:coin_5784,nmo:hasIssuer,ex:issuer_107,1.0,
ex:coin_5784,nmo:hasPortrait,ex:person_26,1.0,
ex:coin_6123,nmo:hasIssuer,ex:issuer_107,1.0,
ex:coin_6123,nmo:hasPortrait,ex:person_187,1.0,
ex:coin_6361,nmo:hasIssuer,ex:issuer_107,1.0,
ex:coin_6361,nmo:hasPortrait,ex:person_187,1.0,
ex:coin_7538,nmo:hasIssuer,ex:issuer_107,1.0,
ex:coin_7538,nmo:hasPortrait,ex:person_187,1.0,
ex:coin_7549,nmo:hasIssuer,ex:issuer_107,1.0,
ex:coin_7549,nmo:hasPortrait,ex:person_26,1.0,
ex:coin_7829,nmo:hasIssuer,ex:issuer_107,1.0,
ex:coin_7829,nmo:hasPortrait,ex:person_26,1.0,
ex:coin_8127,nmo:hasIssuer,ex:issuer_107,1.0,
ex:coin_8127,nmo:hasPortrait,ex:person_187,1.0,
ex:coin_8971,nmo:hasIssuer,ex:issuer_107,1.0,
ex:coin_8971,nmo:hasPortrait,ex:person_26,1.0,
ex:coin_8982,nmo:hasIssuer,ex:issuer_107,1.0,
ex:coin_8982,nmo:hasPortrait,ex:person_26,1.0,
ex:coin_9005,nmo:hasIssuer,ex:issuer_107,1.0,
ex:coin_9005,nmo:hasPortrait,ex:person_26,1.0,
ex:coin_9431,nmo:hasIssuer,ex:issuer_107,1.0,
ex:coin_9431,nmo:hasPortrait,ex:person_26,1.0,
ex:coin_11437,nmo:hasIssuer,ex:issuer_107,1.0,
ex:coin_11437,nmo:hasPortrait,ex:person_26,1.0,
ex:coin_11612,nmo:hasIssuer,ex:issuer_107,1.0,
ex:coin_11612,nmo:hasPortrait,ex:person_26,1.0,
ex:coin_12779,nmo:hasIssuer,ex:issuer_107,1.0,
ex:coin_12779,nmo:hasPortrait,ex:person_26,1.0,
ex:coin_16086,nmo:hasIssuer,ex:issuer_107,1.0,
ex:coin_16086,nmo:hasPortrait,ex:person_26,1.0,
ex:coin_16089,nmo:hasIssuer,ex:issuer_107,1.0,
ex:coin_16089,nmo:hasPortrait,ex:person_26,1.0,
ex:coin_16129,nmo:hasIssuer,ex:issuer_107,1.0,
ex:coin_16129,nmo:hasPortrait,ex:person_26,1.0,
ex:coin_16658,nmo:hasIssuer,ex:issuer_107,1.0,
ex:coin_16658,nmo:hasPortrait,ex:person_26,1.0,
ex:coin_16723,nmo:hasIssuer,ex:issuer_107,1.0,
ex:coin_16723,nmo:hasPortrait,ex:person_26,1.0,
ex:coin_16726,nmo:hasIssuer,ex:issuer_107,1.0,
ex:coin_16726,nmo:hasPortrait,ex:person_26,1.0,
ex:coin_36546,nmo:hasIssuer,ex:issuer_107,1.0,
ex:coin_36546,nmo:hasPortrait,ex:person_187,1.0,
ex:coin_40568,nmo:hasIssuer,ex:issuer_107,1.0,
ex:coin_40568,nmo:hasPortrait,ex:person_187,1.0,
ex:coin_40569,nmo:hasIssuer,ex:issuer_107,1.0,
ex:coin_40569,nmo:hasPortrait,ex:person_187,1.0,
ex:coin_40570,nmo:hasIssuer,ex:issuer_107,1.0,
ex:coin_40570,nmo:hasPortrait,ex:person_187,1.0,
ex:coin_40571,nmo:hasIssuer,ex:issuer_107,1.0,
ex:coin_40571,nmo:hasPortrait,ex:person_187,1.0,
ex:coin_42325,nmo:hasIssuer,ex:issuer_107,1.0,
ex:coin_42325,nmo:hasPortrait,ex:person_26,1.0,
ex:coin_42327,nmo:hasIssuer,ex:issuer_107,1.0,
ex:coin_42327,nmo:hasPortrait,ex:person_26,1.0,
ex:coin_42328,nmo:hasIssuer,ex:issuer_107,1.0,
ex:coin_42328,nmo:hasPortrait,ex:person_26,1.0,
ex:coin_42671,nmo:hasIssuer,ex:issuer_107,1.0,
ex:coin_42671,nmo:hasPortrait,ex:person_26,1.0,
ex:coin_42672,nmo:hasIssuer,ex:issuer_107,1.0,
ex:coin_42672,nmo:hasPortrait,ex:person_26,1.0,
ex:coin_42673,nmo:hasIssuer,ex:issuer_107,1.0,
ex:coin_42673,nmo:hasPortrait,ex:person_26,1.0,
ex:coin_42674,nmo:hasIssuer,ex:issuer_107,1.0,
ex:coin_42674,nmo:hasPortrait,ex:person_26,1.0,
ex:coin_42675,nmo:hasIssuer,ex:issuer_107,1.0,
ex:coin_42675,nmo:hasPortrait,ex:person_26,1.0,
ex:coin_42676,nmo:hasIssuer,ex:issuer_107,1.0,
ex:coin_42676,nmo:hasPortrait,ex:person_26,1.0,
ex:coin_42677,nmo:hasIssuer,ex:issuer_107,1.0,
ex:coin_42677,nmo:hasPortrait,ex:person_26,1.0,
ex:coin_42678,nmo:hasIssuer,ex:issuer_107,1.0,
ex:coin_42678,nmo:hasPortrait,ex:person_26,1.0,
ex:coin_5558,nmo:hasIssuer,ex:issuer_110,1.0,
ex:coin_5558,nmo:hasPortrait,ex:person_44,1.0,
ex:person_44,ex:hasPossibleIssuers,ex:issuer_111,1.0,
ex:issuer_110,ex:inPossibleIssuersOf,ex:person_131,1.0,
ex:person_131,ex:hasPossibleIssuers,ex:issuer_110,1.0,
ex:person_131,ex:hasPossibleIssuers,ex:issuer_111,1.0,
ex:coin_7494,nmo:hasIssuer,ex:issuer_110,1.0,
ex:coin_7494,nmo:hasPortrait,ex:person_44,1.0,
ex:coin_8575,nmo:hasIssuer,ex:issuer_110,1.0,
ex:coin_8575,nmo:hasPortrait,ex:person_45,1.0,
ex:person_45,ex:hasPossibleIssuers,ex:issuer_111,1.0,
ex:coin_13189,nmo:hasIssuer,ex:issuer_110,1.0,
ex:coin_13189,nmo:hasPortrait,ex:person_44,1.0,
ex:coin_13250,nmo:hasIssuer,ex:issuer_110,1.0,
ex:coin_13250,nmo:hasPortrait,ex:person_45,1.0,
ex:coin_13251,nmo:hasIssuer,ex:issuer_110,1.0,
ex:coin_13251,nmo:hasPortrait,ex:person_45,1.0,
ex:coin_16125,nmo:hasIssuer,ex:issuer_110,1.0,
ex:coin_16125,nmo:hasPortrait,ex:person_44,1.0,
ex:coin_36691,nmo:hasIssuer,ex:issuer_110,1.0,
ex:coin_36691,nmo:hasPortrait,ex:person_131,1.0,
ex:coin_42323,nmo:hasIssuer,ex:issuer_110,1.0,
ex:coin_42323,nmo:hasPortrait,ex:person_131,1.0,
ex:coin_682,nmo:hasIssuer,ex:issuer_111,1.0,
ex:coin_682,nmo:hasPortrait,ex:person_45,1.0,
ex:issuer_111,ex:inPossibleIssuersOf,ex:person_44,1.0,
ex:issuer_111,ex:inPossibleIssuersOf,ex:person_45,1.0,
ex:issuer_111,ex:inPossibleIssuersOf,ex:person_131,1.0,
ex:issuer_111,ex:inPossibleIssuersOf,ex:person_192,1.0,
ex:issuer_111,ex:inPossibleIssuersOf,ex:person_193,1.0,
ex:person_192,ex:hasPossibleIssuers,ex:issuer_111,1.0,
ex:person_193,ex:hasPossibleIssuers,ex:issuer_111,1.0,
ex:coin_684,nmo:hasIssuer,ex:issuer_111,1.0,
ex:coin_684,nmo:hasPortrait,ex:person_45,1.0,
ex:coin_685,nmo:hasIssuer,ex:issuer_111,1.0,
ex:coin_685,nmo:hasPortrait,ex:person_45,1.0,
ex:coin_718,nmo:hasIssuer,ex:issuer_111,1.0,
ex:coin_718,nmo:hasPortrait,ex:person_192,1.0,
ex:coin_3489,nmo:hasIssuer,ex:issuer_111,1.0,
ex:coin_3489,nmo:hasPortrait,ex:person_45,1.0,
ex:coin_3490,nmo:hasIssuer,ex:issuer_111,1.0,
ex:coin_3490,nmo:hasPortrait,ex:person_193,1.0,
ex:coin_4674,nmo:hasIssuer,ex:issuer_111,1.0,
ex:coin_4674,nmo:hasPortrait,ex:person_192,1.0,
ex:coin_4675,nmo:hasIssuer,ex:issuer_111,1.0,
ex:coin_4675,nmo:hasPortrait,ex:person_193,1.0,
ex:coin_5438,nmo:hasIssuer,ex:issuer_111,1.0,
ex:coin_5438,nmo:hasPortrait,ex:person_192,1.0,
ex:coin_5560,nmo:hasIssuer,ex:issuer_111,1.0,
ex:coin_5560,nmo:hasPortrait,ex:person_193,1.0,
ex:coin_5561,nmo:hasIssuer,ex:issuer_111,1.0,
ex:coin_5561,nmo:hasPortrait,ex:person_192,1.0,
ex:coin_5712,nmo:hasIssuer,ex:issuer_111,1.0,
ex:coin_5712,nmo:hasPortrait,ex:person_192,1.0,
ex:coin_5878,nmo:hasIssuer,ex:issuer_111,1.0,
ex:coin_5878,nmo:hasPortrait,ex:person_192,1.0,
ex:coin_5917,nmo:hasIssuer,ex:issuer_111,1.0,
ex:coin_5917,nmo:hasPortrait,ex:person_192,1.0,
ex:coin_6294,nmo:hasIssuer,ex:issuer_111,1.0,
ex:coin_6294,nmo:hasPortrait,ex:person_192,1.0,
ex:coin_6396,nmo:hasIssuer,ex:issuer_111,1.0,
ex:coin_6396,nmo:hasPortrait,ex:person_192,1.0,
ex:coin_8329,nmo:hasIssuer,ex:issuer_111,1.0,
ex:coin_8329,nmo:hasPortrait,ex:person_193,1.0,
ex:coin_8623,nmo:hasIssuer,ex:issuer_111,1.0,
ex:coin_8623,nmo:hasPortrait,ex:person_192,1.0,
ex:coin_8992,nmo:hasIssuer,ex:issuer_111,1.0,
ex:coin_8992,nmo:hasPortrait,ex:person_192,1.0,
ex:coin_9326,nmo:hasIssuer,ex:issuer_111,1.0,
ex:coin_9326,nmo:hasPortrait,ex:person_192,1.0,
ex:coin_9469,nmo:hasIssuer,ex:issuer_111,1.0,
ex:coin_9469,nmo:hasPortrait,ex:person_192,1.0,
ex:coin_9811,nmo:hasIssuer,ex:issuer_111,1.0,
ex:coin_9811,nmo:hasPortrait,ex:person_192,1.0,
ex:coin_9980,nmo:hasIssuer,ex:issuer_111,1.0,
ex:coin_9980,nmo:hasPortrait,ex:person_192,1.0,
ex:coin_10389,nmo:hasIssuer,ex:issuer_111,1.0,
ex:coin_10389,nmo:hasPortrait,ex:person_44,1.0,
ex:coin_11438,nmo:hasIssuer,ex:issuer_111,1.0,
ex:coin_11438,nmo:hasPortrait,ex:person_193,1.0,
ex:coin_11593,nmo:hasIssuer,ex:issuer_111,1.0,
ex:coin_11593,nmo:hasPortrait,ex:person_192,1.0,
ex:coin_11790,nmo:hasIssuer,ex:issuer_111,1.0,
ex:coin_11790,nmo:hasPortrait,ex:person_192,1.0,
ex:coin_11791,nmo:hasIssuer,ex:issuer_111,1.0,
ex:coin_11791,nmo:hasPortrait,ex:person_192,1.0,
ex:coin_11792,nmo:hasIssuer,ex:issuer_111,1.0,
ex:coin_11792,nmo:hasPortrait,ex:person_192,1.0,
ex:coin_11793,nmo:hasIssuer,ex:issuer_111,1.0,
ex:coin_11793,nmo:hasPortrait,ex:person_192,1.0,
ex:coin_11794,nmo:hasIssuer,ex:issuer_111,1.0,
ex:coin_11794,nmo:hasPortrait,ex:person_192,1.0,
ex:coin_11795,nmo:hasIssuer,ex:issuer_111,1.0,
ex:coin_11795,nmo:hasPortrait,ex:person_192,1.0,
ex:coin_11796,nmo:hasIssuer,ex:issuer_111,1.0,
ex:coin_11796,nmo:hasPortrait,ex:person_192,1.0,
ex:coin_11797,nmo:hasIssuer,ex:issuer_111,1.0,
ex:coin_11797,nmo:hasPortrait,ex:person_192,1.0,
ex:coin_11798,nmo:hasIssuer,ex:issuer_111,1.0,
ex:coin_11798,nmo:hasPortrait,ex:person_192,1.0,
ex:coin_11799,nmo:hasIssuer,ex:issuer_111,1.0,
ex:coin_11799,nmo:hasPortrait,ex:person_192,1.0,
ex:coin_11800,nmo:hasIssuer,ex:issuer_111,1.0,
ex:coin_11800,nmo:hasPortrait,ex:person_192,1.0,
ex:coin_11801,nmo:hasIssuer,ex:issuer_111,1.0,
ex:coin_11801,nmo:hasPortrait,ex:person_192,1.0,
ex:coin_11802,nmo:hasIssuer,ex:issuer_111,1.0,
ex:coin_11802,nmo:hasPortrait,ex:person_192,1.0,
ex:coin_11803,nmo:hasIssuer,ex:issuer_111,1.0,
ex:coin_11803,nmo:hasPortrait,ex:person_192,1.0,
ex:coin_11804,nmo:hasIssuer,ex:issuer_111,1.0,
ex:coin_11804,nmo:hasPortrait,ex:person_192,1.0,
ex:coin_11805,nmo:hasIssuer,ex:issuer_111,1.0,
ex:coin_11805,nmo:hasPortrait,ex:person_192,1.0,
ex:coin_12313,nmo:hasIssuer,ex:issuer_111,1.0,
ex:coin_12313,nmo:hasPortrait,ex:person_45,1.0,
ex:coin_12805,nmo:hasIssuer,ex:issuer_111,1.0,
ex:coin_12805,nmo:hasPortrait,ex:person_192,1.0,
ex:coin_12806,nmo:hasIssuer,ex:issuer_111,1.0,
ex:coin_12806,nmo:hasPortrait,ex:person_192,1.0,
ex:coin_12807,nmo:hasIssuer,ex:issuer_111,1.0,
ex:coin_12807,nmo:hasPortrait,ex:person_192,1.0,
ex:coin_12946,nmo:hasIssuer,ex:issuer_111,1.0,
ex:coin_12946,nmo:hasPortrait,ex:person_192,1.0,
ex:coin_13322,nmo:hasIssuer,ex:issuer_111,1.0,
ex:coin_13322,nmo:hasPortrait,ex:person_192,1.0,
ex:coin_13323,nmo:hasIssuer,ex:issuer_111,1.0,
ex:coin_13323,nmo:hasPortrait,ex:person_192,1.0,
ex:coin_13324,nmo:hasIssuer,ex:issuer_111,1.0,
ex:coin_13324,nmo:hasPortrait,ex:person_192,1.0,
ex:coin_13325,nmo:hasIssuer,ex:issuer_111,1.0,
ex:coin_13325,nmo:hasPortrait,ex:person_192,1.0,
ex:coin_13326,nmo:hasIssuer,ex:issuer_111,1.0,
ex:coin_13326,nmo:hasPortrait,ex:person_192,1.0,
ex:coin_13327,nmo:hasIssuer,ex:issuer_111,1.0,
ex:coin_13327,nmo:hasPortrait,ex:person_192,1.0,
ex:coin_13328,nmo:hasIssuer,ex:issuer_111,1.0,
ex:coin_13328,nmo:hasPortrait,ex:person_192,1.0,
ex:coin_13329,nmo:hasIssuer,ex:issuer_111,1.0,
ex:coin_13329,nmo:hasPortrait,ex:person_192,1.0,
ex:coin_13330,nmo:hasIssuer,ex:issuer_111,1.0,
ex:coin_13330,nmo:hasPortrait,ex:person_192,1.0,
ex:coin_13331,nmo:hasIssuer,ex:issuer_111,1.0,
ex:coin_13331,nmo:hasPortrait,ex:person_192,1.0,
ex:coin_13332,nmo:hasIssuer,ex:issuer_111,1.0,
ex:coin_13332,nmo:hasPortrait,ex:person_192,1.0,
ex:coin_13333,nmo:hasIssuer,ex:issuer_111,1.0,
ex:coin_13333,nmo:hasPortrait,ex:person_192,1.0,
ex:coin_13334,nmo:hasIssuer,ex:issuer_111,1.0,
ex:coin_13334,nmo:hasPortrait,ex:person_192,1.0,
ex:coin_13335,nmo:hasIssuer,ex:issuer_111,1.0,
ex:coin_13335,nmo:hasPortrait,ex:person_192,1.0,
ex:coin_13336,nmo:hasIssuer,ex:issuer_111,1.0,
ex:coin_13336,nmo:hasPortrait,ex:person_192,1.0,
ex:coin_13337,nmo:hasIssuer,ex:issuer_111,1.0,
ex:coin_13337,nmo:hasPortrait,ex:person_192,1.0,
ex:coin_13338,nmo:hasIssuer,ex:issuer_111,1.0,
ex:coin_13338,nmo:hasPortrait,ex:person_192,1.0,
ex:coin_13339,nmo:hasIssuer,ex:issuer_111,1.0,
ex:coin_13339,nmo:hasPortrait,ex:person_192,1.0,
ex:coin_13340,nmo:hasIssuer,ex:issuer_111,1.0,
ex:coin_13340,nmo:hasPortrait,ex:person_192,1.0,
ex:coin_13341,nmo:hasIssuer,ex:issuer_111,1.0,
ex:coin_13341,nmo:hasPortrait,ex:person_192,1.0,
ex:coin_13342,nmo:hasIssuer,ex:issuer_111,1.0,
ex:coin_13342,nmo:hasPortrait,ex:person_192,1.0,
ex:coin_13343,nmo:hasIssuer,ex:issuer_111,1.0,
ex:coin_13343,nmo:hasPortrait,ex:person_192,1.0,
ex:coin_13636,nmo:hasIssuer,ex:issuer_111,1.0,
ex:coin_13636,nmo:hasPortrait,ex:person_192,1.0,
ex:coin_15674,nmo:hasIssuer,ex:issuer_111,1.0,
ex:coin_15674,nmo:hasPortrait,ex:person_192,1.0,
ex:coin_16360,nmo:hasIssuer,ex:issuer_111,1.0,
ex:coin_16360,nmo:hasPortrait,ex:person_192,1.0,
ex:coin_16506,nmo:hasIssuer,ex:issuer_111,1.0,
ex:coin_16506,nmo:hasPortrait,ex:person_192,1.0,
ex:coin_16657,nmo:hasIssuer,ex:issuer_111,1.0,
ex:coin_16657,nmo:hasPortrait,ex:person_193,1.0,
ex:coin_16672,nmo:hasIssuer,ex:issuer_111,1.0,
ex:coin_16672,nmo:hasPortrait,ex:person_45,1.0,
ex:coin_16710,nmo:hasIssuer,ex:issuer_111,1.0,
ex:coin_16710,nmo:hasPortrait,ex:person_44,1.0,
ex:coin_17757,nmo:hasIssuer,ex:issuer_111,1.0,
ex:coin_17757,nmo:hasPortrait,ex:person_192,1.0,
ex:coin_27296,nmo:hasIssuer,ex:issuer_111,1.0,
ex:coin_27296,nmo:hasPortrait,ex:person_44,1.0,
ex:coin_30383,nmo:hasIssuer,ex:issuer_111,1.0,
ex:coin_30383,nmo:hasPortrait,ex:person_192,1.0,
ex:coin_31530,nmo:hasIssuer,ex:issuer_111,1.0,
ex:coin_31530,nmo:hasPortrait,ex:person_192,1.0,
ex:coin_33949,nmo:hasIssuer,ex:issuer_111,1.0,
ex:coin_33949,nmo:hasPortrait,ex:person_192,1.0,
ex:coin_33991,nmo:hasIssuer,ex:issuer_111,1.0,
ex:coin_33991,nmo:hasPortrait,ex:person_193,1.0,
ex:coin_36586,nmo:hasIssuer,ex:issuer_111,1.0,
ex:coin_36586,nmo:hasPortrait,ex:person_193,1.0,
ex:coin_36587,nmo:hasIssuer,ex:issuer_111,1.0,
ex:coin_36587,nmo:hasPortrait,ex:person_192,1.0,
ex:coin_36607,nmo:hasIssuer,ex:issuer_111,1.0,
ex:coin_36607,nmo:hasPortrait,ex:person_45,1.0,
ex:coin_36632,nmo:hasIssuer,ex:issuer_111,1.0,
ex:coin_36632,nmo:hasPortrait,ex:person_192,1.0,
ex:coin_36637,nmo:hasIssuer,ex:issuer_111,1.0,
ex:coin_36637,nmo:hasPortrait,ex:person_44,1.0,
ex:coin_36643,nmo:hasIssuer,ex:issuer_111,1.0,
ex:coin_36643,nmo:hasPortrait,ex:person_192,1.0,
ex:coin_36648,nmo:hasIssuer,ex:issuer_111,1.0,
ex:coin_36648,nmo:hasPortrait,ex:person_192,1.0,
ex:coin_36653,nmo:hasIssuer,ex:issuer_111,1.0,
ex:coin_36653,nmo:hasPortrait,ex:person_192,1.0,
ex:coin_36663,nmo:hasIssuer,ex:issuer_111,1.0,
ex:coin_36663,nmo:hasPortrait,ex:person_45,1.0,
ex:coin_36672,nmo:hasIssuer,ex:issuer_111,1.0,
ex:coin_36672,nmo:hasPortrait,ex:person_192,1.0,
ex:coin_36674,nmo:hasIssuer,ex:issuer_111,1.0,
ex:coin_36674,nmo:hasPortrait,ex:person_192,1.0,
ex:coin_36695,nmo:hasIssuer,ex:issuer_111,1.0,
ex:coin_36695,nmo:hasPortrait,ex:person_192,1.0,
ex:coin_36701,nmo:hasIssuer,ex:issuer_111,1.0,
ex:coin_36701,nmo:hasPortrait,ex:person_44,1.0,
ex:coin_36709,nmo:hasIssuer,ex:issuer_111,1.0,
ex:coin_36709,nmo:hasPortrait,ex:person_192,1.0,
ex:coin_40648,nmo:hasIssuer,ex:issuer_111,1.0,
ex:coin_40648,nmo:hasPortrait,ex:person_192,1.0,
ex:coin_6575,nmo:hasIssuer,ex:issuer_113,1.0,
ex:coin_6575,nmo:hasPortrait,ex:person_57,1.0,
ex:person_57,ex:hasPossibleIssuers,ex:issuer_113,1.0,
ex:issuer_113,ex:inPossibleIssuersOf,ex:person_57,1.0,
ex:coin_7444,nmo:hasIssuer,ex:issuer_113,1.0,
ex:coin_7444,nmo:hasPortrait,ex:person_57,1.0,
ex:coin_5394,nmo:hasIssuer,ex:issuer_119,1.0,
ex:coin_5394,nmo:hasPortrait,ex:person_29,1.0,
ex:person_29,ex:hasPossibleIssuers,ex:issuer_119,1.0,
ex:issuer_119,ex:inPossibleIssuersOf,ex:person_29,1.0,
ex:coin_6012,nmo:hasIssuer,ex:issuer_119,1.0,
ex:coin_6012,nmo:hasPortrait,ex:person_29,1.0,
ex:coin_6013,nmo:hasIssuer,ex:issuer_119,1.0,
ex:coin_6013,nmo:hasPortrait,ex:person_29,1.0,
ex:coin_6017,nmo:hasIssuer,ex:issuer_119,1.0,
ex:coin_6017,nmo:hasPortrait,ex:person_29,1.0,
ex:coin_6018,nmo:hasIssuer,ex:issuer_119,1.0,
ex:coin_6018,nmo:hasPortrait,ex:person_29,1.0,
ex:coin_6146,nmo:hasIssuer,ex:issuer_119,1.0,
ex:coin_6146,nmo:hasPortrait,ex:person_29,1.0,
ex:coin_6348,nmo:hasIssuer,ex:issuer_119,1.0,
ex:coin_6348,nmo:hasPortrait,ex:person_29,1.0,
ex:coin_6349,nmo:hasIssuer,ex:issuer_119,1.0,
ex:coin_6349,nmo:hasPortrait,ex:person_29,1.0,
ex:coin_6364,nmo:hasIssuer,ex:issuer_119,1.0,
ex:coin_6364,nmo:hasPortrait,ex:person_29,1.0,
ex:coin_6602,nmo:hasIssuer,ex:issuer_119,1.0,
ex:coin_6602,nmo:hasPortrait,ex:person_29,1.0,
ex:coin_6913,nmo:hasIssuer,ex:issuer_119,1.0,
ex:coin_6913,nmo:hasPortrait,ex:person_29,1.0,
ex:coin_7384,nmo:hasIssuer,ex:issuer_119,1.0,
ex:coin_7384,nmo:hasPortrait,ex:person_29,1.0,
ex:coin_8451,nmo:hasIssuer,ex:issuer_119,1.0,
ex:coin_8451,nmo:hasPortrait,ex:person_29,1.0,
ex:coin_10200,nmo:hasIssuer,ex:issuer_119,1.0,
ex:coin_10200,nmo:hasPortrait,ex:person_29,1.0,
ex:coin_12754,nmo:hasIssuer,ex:issuer_119,1.0,
ex:coin_12754,nmo:hasPortrait,ex:person_29,1.0,
ex:coin_12962,nmo:hasIssuer,ex:issuer_119,1.0,
ex:coin_12962,nmo:hasPortrait,ex:person_29,1.0,
ex:coin_13020,nmo:hasIssuer,ex:issuer_119,1.0,
ex:coin_13020,nmo:hasPortrait,ex:person_29,1.0,
ex:coin_13611,nmo:hasIssuer,ex:issuer_119,1.0,
ex:coin_13611,nmo:hasPortrait,ex:person_29,1.0,
ex:coin_13666,nmo:hasIssuer,ex:issuer_119,1.0,
ex:coin_13666,nmo:hasPortrait,ex:person_29,1.0,
ex:coin_16333,nmo:hasIssuer,ex:issuer_119,1.0,
ex:coin_16333,nmo:hasPortrait,ex:person_29,1.0,
ex:coin_16876,nmo:hasIssuer,ex:issuer_119,1.0,
ex:coin_16876,nmo:hasPortrait,ex:person_29,1.0,
ex:coin_17030,nmo:hasIssuer,ex:issuer_119,1.0,
ex:coin_17030,nmo:hasPortrait,ex:person_29,1.0,
ex:coin_17220,nmo:hasIssuer,ex:issuer_119,1.0,
ex:coin_17220,nmo:hasPortrait,ex:person_29,1.0,
ex:coin_17525,nmo:hasIssuer,ex:issuer_119,1.0,
ex:coin_17525,nmo:hasPortrait,ex:person_29,1.0,
ex:coin_17579,nmo:hasIssuer,ex:issuer_119,1.0,
ex:coin_17579,nmo:hasPortrait,ex:person_29,1.0,
ex:coin_18392,nmo:hasIssuer,ex:issuer_119,1.0,
ex:coin_18392,nmo:hasPortrait,ex:person_29,1.0,
ex:coin_18424,nmo:hasIssuer,ex:issuer_119,1.0,
ex:coin_18424,nmo:hasPortrait,ex:person_29,1.0,
ex:coin_29438,nmo:hasIssuer,ex:issuer_119,1.0,
ex:coin_29438,nmo:hasPortrait,ex:person_29,1.0,
ex:coin_29439,nmo:hasIssuer,ex:issuer_119,1.0,
ex:coin_29439,nmo:hasPortrait,ex:person_29,1.0,
ex:coin_30925,nmo:hasIssuer,ex:issuer_119,1.0,
ex:coin_30925,nmo:hasPortrait,ex:person_29,1.0,
ex:coin_31076,nmo:hasIssuer,ex:issuer_119,1.0,
ex:coin_31076,nmo:hasPortrait,ex:person_29,1.0,
ex:coin_31468,nmo:hasIssuer,ex:issuer_119,1.0,
ex:coin_31468,nmo:hasPortrait,ex:person_29,1.0,
ex:coin_31870,nmo:hasIssuer,ex:issuer_119,1.0,
ex:coin_31870,nmo:hasPortrait,ex:person_29,1.0,
ex:coin_32107,nmo:hasIssuer,ex:issuer_119,1.0,
ex:coin_32107,nmo:hasPortrait,ex:person_29,1.0,
ex:coin_32377,nmo:hasIssuer,ex:issuer_119,1.0,
ex:coin_32377,nmo:hasPortrait,ex:person_29,1.0,
ex:coin_32814,nmo:hasIssuer,ex:issuer_119,1.0,
ex:coin_32814,nmo:hasPortrait,ex:person_29,1.0,
ex:coin_33485,nmo:hasIssuer,ex:issuer_119,1.0,
ex:coin_33485,nmo:hasPortrait,ex:person_29,1.0,
ex:coin_33727,nmo:hasIssuer,ex:issuer_119,1.0,
ex:coin_33727,nmo:hasPortrait,ex:person_29,1.0,
ex:coin_33906,nmo:hasIssuer,ex:issuer_119,1.0,
ex:coin_33906,nmo:hasPortrait,ex:person_29,1.0,
ex:coin_33907,nmo:hasIssuer,ex:issuer_119,1.0,
ex:coin_33907,nmo:hasPortrait,ex:person_29,1.0,
ex:coin_34014,nmo:hasIssuer,ex:issuer_119,1.0,
ex:coin_34014,nmo:hasPortrait,ex:person_29,1.0,
ex:coin_34032,nmo:hasIssuer,ex:issuer_119,1.0,
ex:coin_34032,nmo:hasPortrait,ex:person_29,1.0,
ex:coin_34033,nmo:hasIssuer,ex:issuer_119,1.0,
ex:coin_34033,nmo:hasPortrait,ex:person_29,1.0,
ex:coin_34034,nmo:hasIssuer,ex:issuer_119,1.0,
ex:coin_34034,nmo:hasPortrait,ex:person_29,1.0,
ex:coin_34035,nmo:hasIssuer,ex:issuer_119,1.0,
ex:coin_34035,nmo:hasPortrait,ex:person_29,1.0,
ex:coin_34036,nmo:hasIssuer,ex:issuer_119,1.0,
ex:coin_34036,nmo:hasPortrait,ex:person_29,1.0,
ex:coin_34037,nmo:hasIssuer,ex:issuer_119,1.0,
ex:coin_34037,nmo:hasPortrait,ex:person_29,1.0,
ex:coin_34066,nmo:hasIssuer,ex:issuer_119,1.0,
ex:coin_34066,nmo:hasPortrait,ex:person_29,1.0,
ex:coin_34067,nmo:hasIssuer,ex:issuer_119,1.0,
ex:coin_34067,nmo:hasPortrait,ex:person_29,1.0,
ex:coin_34068,nmo:hasIssuer,ex:issuer_119,1.0,
ex:coin_34068,nmo:hasPortrait,ex:person_29,1.0,
ex:coin_34069,nmo:hasIssuer,ex:issuer_119,1.0,
ex:coin_34069,nmo:hasPortrait,ex:person_29,1.0,
ex:coin_34074,nmo:hasIssuer,ex:issuer_119,1.0,
ex:coin_34074,nmo:hasPortrait,ex:person_29,1.0,
ex:coin_34086,nmo:hasIssuer,ex:issuer_119,1.0,
ex:coin_34086,nmo:hasPortrait,ex:person_29,1.0,
ex:coin_34087,nmo:hasIssuer,ex:issuer_119,1.0,
ex:coin_34087,nmo:hasPortrait,ex:person_29,1.0,
ex:coin_34090,nmo:hasIssuer,ex:issuer_119,1.0,
ex:coin_34090,nmo:hasPortrait,ex:person_29,1.0,
ex:coin_34092,nmo:hasIssuer,ex:issuer_119,1.0,
ex:coin_34092,nmo:hasPortrait,ex:person_29,1.0,
ex:coin_34097,nmo:hasIssuer,ex:issuer_119,1.0,
ex:coin_34097,nmo:hasPortrait,ex:person_29,1.0,
ex:coin_34106,nmo:hasIssuer,ex:issuer_119,1.0,
ex:coin_34106,nmo:hasPortrait,ex:person_29,1.0,
ex:coin_34119,nmo:hasIssuer,ex:issuer_119,1.0,
ex:coin_34119,nmo:hasPortrait,ex:person_29,1.0,
ex:coin_34130,nmo:hasIssuer,ex:issuer_119,1.0,
ex:coin_34130,nmo:hasPortrait,ex:person_29,1.0,
ex:coin_34136,nmo:hasIssuer,ex:issuer_119,1.0,
ex:coin_34136,nmo:hasPortrait,ex:person_29,1.0,
ex:coin_34138,nmo:hasIssuer,ex:issuer_119,1.0,
ex:coin_34138,nmo:hasPortrait,ex:person_29,1.0,
ex:coin_34145,nmo:hasIssuer,ex:issuer_119,1.0,
ex:coin_34145,nmo:hasPortrait,ex:person_29,1.0,
ex:coin_34161,nmo:hasIssuer,ex:issuer_119,1.0,
ex:coin_34161,nmo:hasPortrait,ex:person_29,1.0,
ex:coin_34172,nmo:hasIssuer,ex:issuer_119,1.0,
ex:coin_34172,nmo:hasPortrait,ex:person_29,1.0,
ex:coin_34173,nmo:hasIssuer,ex:issuer_119,1.0,
ex:coin_34173,nmo:hasPortrait,ex:person_29,1.0,
ex:coin_34180,nmo:hasIssuer,ex:issuer_119,1.0,
ex:coin_34180,nmo:hasPortrait,ex:person_29,1.0,
ex:coin_34184,nmo:hasIssuer,ex:issuer_119,1.0,
ex:coin_34184,nmo:hasPortrait,ex:person_29,1.0,
ex:coin_34187,nmo:hasIssuer,ex:issuer_119,1.0,
ex:coin_34187,nmo:hasPortrait,ex:person_29,1.0,
ex:coin_34189,nmo:hasIssuer,ex:issuer_119,1.0,
ex:coin_34189,nmo:hasPortrait,ex:person_29,1.0,
ex:coin_34190,nmo:hasIssuer,ex:issuer_119,1.0,
ex:coin_34190,nmo:hasPortrait,ex:person_29,1.0,
ex:coin_34212,nmo:hasIssuer,ex:issuer_119,1.0,
ex:coin_34212,nmo:hasPortrait,ex:person_29,1.0,
ex:coin_34213,nmo:hasIssuer,ex:issuer_119,1.0,
ex:coin_34213,nmo:hasPortrait,ex:person_29,1.0,
ex:coin_34214,nmo:hasIssuer,ex:issuer_119,1.0,
ex:coin_34214,nmo:hasPortrait,ex:person_29,1.0,
ex:coin_34223,nmo:hasIssuer,ex:issuer_119,1.0,
ex:coin_34223,nmo:hasPortrait,ex:person_29,1.0,
ex:coin_34225,nmo:hasIssuer,ex:issuer_119,1.0,
ex:coin_34225,nmo:hasPortrait,ex:person_29,1.0,
ex:coin_34228,nmo:hasIssuer,ex:issuer_119,1.0,
ex:coin_34228,nmo:hasPortrait,ex:person_29,1.0,
ex:coin_34238,nmo:hasIssuer,ex:issuer_119,1.0,
ex:coin_34238,nmo:hasPortrait,ex:person_29,1.0,
ex:coin_34240,nmo:hasIssuer,ex:issuer_119,1.0,
ex:coin_34240,nmo:hasPortrait,ex:person_29,1.0,
ex:coin_34242,nmo:hasIssuer,ex:issuer_119,1.0,
ex:coin_34242,nmo:hasPortrait,ex:person_29,1.0,
ex:coin_34246,nmo:hasIssuer,ex:issuer_119,1.0,
ex:coin_34246,nmo:hasPortrait,ex:person_29,1.0,
ex:coin_34249,nmo:hasIssuer,ex:issuer_119,1.0,
ex:coin_34249,nmo:hasPortrait,ex:person_29,1.0,
ex:coin_34254,nmo:hasIssuer,ex:issuer_119,1.0,
ex:coin_34254,nmo:hasPortrait,ex:person_29,1.0,
ex:coin_34255,nmo:hasIssuer,ex:issuer_119,1.0,
ex:coin_34255,nmo:hasPortrait,ex:person_29,1.0,
ex:coin_34266,nmo:hasIssuer,ex:issuer_119,1.0,
ex:coin_34266,nmo:hasPortrait,ex:person_29,1.0,
ex:coin_34270,nmo:hasIssuer,ex:issuer_119,1.0,
ex:coin_34270,nmo:hasPortrait,ex:person_29,1.0,
ex:coin_34275,nmo:hasIssuer,ex:issuer_119,1.0,
ex:coin_34275,nmo:hasPortrait,ex:person_29,1.0,
ex:coin_34277,nmo:hasIssuer,ex:issuer_119,1.0,
ex:coin_34277,nmo:hasPortrait,ex:person_29,1.0,
ex:coin_34312,nmo:hasIssuer,ex:issuer_119,1.0,
ex:coin_34312,nmo:hasPortrait,ex:person_29,1.0,
ex:coin_34313,nmo:hasIssuer,ex:issuer_119,1.0,
ex:coin_34313,nmo:hasPortrait,ex:person_29,1.0,
ex:coin_34357,nmo:hasIssuer,ex:issuer_119,1.0,
ex:coin_34357,nmo:hasPortrait,ex:person_29,1.0,
ex:coin_34358,nmo:hasIssuer,ex:issuer_119,1.0,
ex:coin_34358,nmo:hasPortrait,ex:person_29,1.0,
ex:coin_34359,nmo:hasIssuer,ex:issuer_119,1.0,
ex:coin_34359,nmo:hasPortrait,ex:person_29,1.0,
ex:coin_34418,nmo:hasIssuer,ex:issuer_119,1.0,
ex:coin_34418,nmo:hasPortrait,ex:person_29,1.0,
ex:coin_34423,nmo:hasIssuer,ex:issuer_119,1.0,
ex:coin_34423,nmo:hasPortrait,ex:person_29,1.0,
ex:coin_34504,nmo:hasIssuer,ex:issuer_119,1.0,
ex:coin_34504,nmo:hasPortrait,ex:person_29,1.0,
ex:coin_34505,nmo:hasIssuer,ex:issuer_119,1.0,
ex:coin_34505,nmo:hasPortrait,ex:person_29,1.0,
ex:coin_34519,nmo:hasIssuer,ex:issuer_119,1.0,
ex:coin_34519,nmo:hasPortrait,ex:person_29,1.0,
ex:coin_34520,nmo:hasIssuer,ex:issuer_119,1.0,
ex:coin_34520,nmo:hasPortrait,ex:person_29,1.0,
ex:coin_34521,nmo:hasIssuer,ex:issuer_119,1.0,
ex:coin_34521,nmo:hasPortrait,ex:person_29,1.0,
ex:coin_34524,nmo:hasIssuer,ex:issuer_119,1.0,
ex:coin_34524,nmo:hasPortrait,ex:person_29,1.0,
ex:coin_34525,nmo:hasIssuer,ex:issuer_119,1.0,
ex:coin_34525,nmo:hasPortrait,ex:person_29,1.0,
ex:coin_34526,nmo:hasIssuer,ex:issuer_119,1.0,
ex:coin_34526,nmo:hasPortrait,ex:person_29,1.0,
ex:coin_34530,nmo:hasIssuer,ex:issuer_119,1.0,
ex:coin_34530,nmo:hasPortrait,ex:person_29,1.0,
ex:coin_34531,nmo:hasIssuer,ex:issuer_119,1.0,
ex:coin_34531,nmo:hasPortrait,ex:person_29,1.0,
ex:coin_34532,nmo:hasIssuer,ex:issuer_119,1.0,
ex:coin_34532,nmo:hasPortrait,ex:person_29,1.0,
ex:coin_34533,nmo:hasIssuer,ex:issuer_119,1.0,
ex:coin_34533,nmo:hasPortrait,ex:person_29,1.0,
ex:coin_34534,nmo:hasIssuer,ex:issuer_119,1.0,
ex:coin_34534,nmo:hasPortrait,ex:person_29,1.0,
ex:coin_34561,nmo:hasIssuer,ex:issuer_119,1.0,
ex:coin_34561,nmo:hasPortrait,ex:person_29,1.0,
ex:coin_34562,nmo:hasIssuer,ex:issuer_119,1.0,
ex:coin_34562,nmo:hasPortrait,ex:person_29,1.0,
ex:coin_34563,nmo:hasIssuer,ex:issuer_119,1.0,
ex:coin_34563,nmo:hasPortrait,ex:person_29,1.0,
ex:coin_34602,nmo:hasIssuer,ex:issuer_119,1.0,
ex:coin_34602,nmo:hasPortrait,ex:person_29,1.0,
ex:coin_34603,nmo:hasIssuer,ex:issuer_119,1.0,
ex:coin_34603,nmo:hasPortrait,ex:person_29,1.0,
ex:coin_34604,nmo:hasIssuer,ex:issuer_119,1.0,
ex:coin_34604,nmo:hasPortrait,ex:person_29,1.0,
ex:coin_34605,nmo:hasIssuer,ex:issuer_119,1.0,
ex:coin_34605,nmo:hasPortrait,ex:person_29,1.0,
ex:coin_34606,nmo:hasIssuer,ex:issuer_119,1.0,
ex:coin_34606,nmo:hasPortrait,ex:person_29,1.0,
ex:coin_34607,nmo:hasIssuer,ex:issuer_119,1.0,
ex:coin_34607,nmo:hasPortrait,ex:person_29,1.0,
ex:coin_34608,nmo:hasIssuer,ex:issuer_119,1.0,
ex:coin_34608,nmo:hasPortrait,ex:person_29,1.0,
ex:coin_34609,nmo:hasIssuer,ex:issuer_119,1.0,
ex:coin_34609,nmo:hasPortrait,ex:person_29,1.0,
ex:coin_34610,nmo:hasIssuer,ex:issuer_119,1.0,
ex:coin_34610,nmo:hasPortrait,ex:person_29,1.0,
ex:coin_34611,nmo:hasIssuer,ex:issuer_119,1.0,
ex:coin_34611,nmo:hasPortrait,ex:person_29,1.0,
ex:coin_34612,nmo:hasIssuer,ex:issuer_119,1.0,
ex:coin_34612,nmo:hasPortrait,ex:person_29,1.0,
ex:coin_34613,nmo:hasIssuer,ex:issuer_119,1.0,
ex:coin_34613,nmo:hasPortrait,ex:person_29,1.0,
ex:coin_34614,nmo:hasIssuer,ex:issuer_119,1.0,
ex:coin_34614,nmo:hasPortrait,ex:person_29,1.0,
ex:coin_34615,nmo:hasIssuer,ex:issuer_119,1.0,
ex:coin_34615,nmo:hasPortrait,ex:person_29,1.0,
ex:coin_34616,nmo:hasIssuer,ex:issuer_119,1.0,
ex:coin_34616,nmo:hasPortrait,ex:person_29,1.0,
ex:coin_34617,nmo:hasIssuer,ex:issuer_119,1.0,
ex:coin_34617,nmo:hasPortrait,ex:person_29,1.0,
ex:coin_34618,nmo:hasIssuer,ex:issuer_119,1.0,
ex:coin_34618,nmo:hasPortrait,ex:person_29,1.0,
ex:coin_34619,nmo:hasIssuer,ex:issuer_119,1.0,
ex:coin_34619,nmo:hasPortrait,ex:person_29,1.0,
ex:coin_34620,nmo:hasIssuer,ex:issuer_119,1.0,
ex:coin_34620,nmo:hasPortrait,ex:person_29,1.0,
ex:coin_34621,nmo:hasIssuer,ex:issuer_119,1.0,
ex:coin_34621,nmo:hasPortrait,ex:person_29,1.0,
ex:coin_34622,nmo:hasIssuer,ex:issuer_119,1.0,
ex:coin_34622,nmo:hasPortrait,ex:person_29,1.0,
ex:coin_34734,nmo:hasIssuer,ex:issuer_119,1.0,
ex:coin_34734,nmo:hasPortrait,ex:person_29,1.0,
ex:coin_34749,nmo:hasIssuer,ex:issuer_119,1.0,
ex:coin_34749,nmo:hasPortrait,ex:person_29,1.0,
ex:coin_34890,nmo:hasIssuer,ex:issuer_119,1.0,
ex:coin_34890,nmo:hasPortrait,ex:person_29,1.0,
ex:coin_36945,nmo:hasIssuer,ex:issuer_119,1.0,
ex:coin_36945,nmo:hasPortrait,ex:person_29,1.0,
ex:coin_37072,nmo:hasIssuer,ex:issuer_119,1.0,
ex:coin_37072,nmo:hasPortrait,ex:person_29,1.0,
ex:coin_37093,nmo:hasIssuer,ex:issuer_119,1.0,
ex:coin_37093,nmo:hasPortrait,ex:person_29,1.0,
ex:coin_37094,nmo:hasIssuer,ex:issuer_119,1.0,
ex:coin_37094,nmo:hasPortrait,ex:person_29,1.0,
ex:coin_37095,nmo:hasIssuer,ex:issuer_119,1.0,
ex:coin_37095,nmo:hasPortrait,ex:person_29,1.0,
ex:coin_37279,nmo:hasIssuer,ex:issuer_119,1.0,
ex:coin_37279,nmo:hasPortrait,ex:person_29,1.0,
ex:coin_37511,nmo:hasIssuer,ex:issuer_119,1.0,
ex:coin_37511,nmo:hasPortrait,ex:person_29,1.0,
ex:coin_38300,nmo:hasIssuer,ex:issuer_119,1.0,
ex:coin_38300,nmo:hasPortrait,ex:person_29,1.0,
ex:coin_38301,nmo:hasIssuer,ex:issuer_119,1.0,
ex:coin_38301,nmo:hasPortrait,ex:person_29,1.0,
ex:coin_38434,nmo:hasIssuer,ex:issuer_119,1.0,
ex:coin_38434,nmo:hasPortrait,ex:person_29,1.0,
ex:coin_38446,nmo:hasIssuer,ex:issuer_119,1.0,
ex:coin_38446,nmo:hasPortrait,ex:person_29,1.0,
ex:coin_38450,nmo:hasIssuer,ex:issuer_119,1.0,
ex:coin_38450,nmo:hasPortrait,ex:person_29,1.0,
ex:coin_38470,nmo:hasIssuer,ex:issuer_119,1.0,
ex:coin_38470,nmo:hasPortrait,ex:person_29,1.0,
ex:coin_38493,nmo:hasIssuer,ex:issuer_119,1.0,
ex:coin_38493,nmo:hasPortrait,ex:person_29,1.0,
ex:coin_38524,nmo:hasIssuer,ex:issuer_119,1.0,
ex:coin_38524,nmo:hasPortrait,ex:person_29,1.0,
ex:coin_38525,nmo:hasIssuer,ex:issuer_119,1.0,
ex:coin_38525,nmo:hasPortrait,ex:person_29,1.0,
ex:coin_38526,nmo:hasIssuer,ex:issuer_119,1.0,
ex:coin_38526,nmo:hasPortrait,ex:person_29,1.0,
ex:coin_38539,nmo:hasIssuer,ex:issuer_119,1.0,
ex:coin_38539,nmo:hasPortrait,ex:person_29,1.0,
ex:coin_38540,nmo:hasIssuer,ex:issuer_119,1.0,
ex:coin_38540,nmo:hasPortrait,ex:person_29,1.0,
ex:coin_38541,nmo:hasIssuer,ex:issuer_119,1.0,
ex:coin_38541,nmo:hasPortrait,ex:person_29,1.0,
ex:coin_38554,nmo:hasIssuer,ex:issuer_119,1.0,
ex:coin_38554,nmo:hasPortrait,ex:person_29,1.0,
ex:coin_38555,nmo:hasIssuer,ex:issuer_119,1.0,
ex:coin_38555,nmo:hasPortrait,ex:person_29,1.0,
ex:coin_38562,nmo:hasIssuer,ex:issuer_119,1.0,
ex:coin_38562,nmo:hasPortrait,ex:person_29,1.0,
ex:coin_38567,nmo:hasIssuer,ex:issuer_119,1.0,
ex:coin_38567,nmo:hasPortrait,ex:person_29,1.0,
ex:coin_38572,nmo:hasIssuer,ex:issuer_119,1.0,
ex:coin_38572,nmo:hasPortrait,ex:person_29,1.0,
ex:coin_38578,nmo:hasIssuer,ex:issuer_119,1.0,
ex:coin_38578,nmo:hasPortrait,ex:person_29,1.0,
ex:coin_38878,nmo:hasIssuer,ex:issuer_119,1.0,
ex:coin_38878,nmo:hasPortrait,ex:person_29,1.0,
ex:coin_40095,nmo:hasIssuer,ex:issuer_119,1.0,
ex:coin_40095,nmo:hasPortrait,ex:person_29,1.0,
ex:coin_40657,nmo:hasIssuer,ex:issuer_119,1.0,
ex:coin_40657,nmo:hasPortrait,ex:person_29,1.0,
ex:coin_40938,nmo:hasIssuer,ex:issuer_119,1.0,
ex:coin_40938,nmo:hasPortrait,ex:person_29,1.0,
ex:coin_41105,nmo:hasIssuer,ex:issuer_119,1.0,
ex:coin_41105,nmo:hasPortrait,ex:person_29,1.0,
ex:coin_41196,nmo:hasIssuer,ex:issuer_119,1.0,
ex:coin_41196,nmo:hasPortrait,ex:person_29,1.0,
ex:coin_41200,nmo:hasIssuer,ex:issuer_119,1.0,
ex:coin_41200,nmo:hasPortrait,ex:person_29,1.0,
ex:coin_41203,nmo:hasIssuer,ex:issuer_119,1.0,
ex:coin_41203,nmo:hasPortrait,ex:person_29,1.0,
ex:coin_41204,nmo:hasIssuer,ex:issuer_119,1.0,
ex:coin_41204,nmo:hasPortrait,ex:person_29,1.0,
ex:coin_41209,nmo:hasIssuer,ex:issuer_119,1.0,
ex:coin_41209,nmo:hasPortrait,ex:person_29,1.0,
ex:coin_41210,nmo:hasIssuer,ex:issuer_119,1.0,
ex:coin_41210,nmo:hasPortrait,ex:person_29,1.0,
ex:coin_41215,nmo:hasIssuer,ex:issuer_119,1.0,
ex:coin_41215,nmo:hasPortrait,ex:person_29,1.0,
ex:coin_41221,nmo:hasIssuer,ex:issuer_119,1.0,
ex:coin_41221,nmo:hasPortrait,ex:person_29,1.0,
ex:coin_41223,nmo:hasIssuer,ex:issuer_119,1.0,
ex:coin_41223,nmo:hasPortrait,ex:person_29,1.0,
ex:coin_41226,nmo:hasIssuer,ex:issuer_119,1.0,
ex:coin_41226,nmo:hasPortrait,ex:person_29,1.0,
ex:coin_41234,nmo:hasIssuer,ex:issuer_119,1.0,
ex:coin_41234,nmo:hasPortrait,ex:person_29,1.0,
ex:coin_41235,nmo:hasIssuer,ex:issuer_119,1.0,
ex:coin_41235,nmo:hasPortrait,ex:person_29,1.0,
ex:coin_41243,nmo:hasIssuer,ex:issuer_119,1.0,
ex:coin_41243,nmo:hasPortrait,ex:person_29,1.0,
ex:coin_41247,nmo:hasIssuer,ex:issuer_119,1.0,
ex:coin_41247,nmo:hasPortrait,ex:person_29,1.0,
ex:coin_41260,nmo:hasIssuer,ex:issuer_119,1.0,
ex:coin_41260,nmo:hasPortrait,ex:person_29,1.0,
ex:coin_41286,nmo:hasIssuer,ex:issuer_119,1.0,
ex:coin_41286,nmo:hasPortrait,ex:person_29,1.0,
ex:coin_41288,nmo:hasIssuer,ex:issuer_119,1.0,
ex:coin_41288,nmo:hasPortrait,ex:person_29,1.0,
ex:coin_41297,nmo:hasIssuer,ex:issuer_119,1.0,
ex:coin_41297,nmo:hasPortrait,ex:person_29,1.0,
ex:coin_1724,nmo:hasIssuer,ex:issuer_126,1.0,
ex:coin_1724,nmo:hasPortrait,ex:person_180,1.0,
ex:person_180,ex:hasPossibleIssuers,ex:issuer_126,1.0,
ex:person_180,ex:hasPossibleIssuers,ex:issuer_129,1.0,
ex:issuer_126,ex:inPossibleIssuersOf,ex:person_180,1.0,
ex:coin_13638,nmo:hasIssuer,ex:issuer_126,1.0,
ex:coin_13638,nmo:hasPortrait,ex:person_30,1.0,
ex:person_30,ex:hasPossibleIssuers,ex:issuer_194,1.0,
ex:coin_5091,nmo:hasIssuer,ex:issuer_127,1.0,
ex:coin_5091,nmo:hasPortrait,ex:person_31,1.0,
ex:person_31,ex:hasPossibleIssuers,ex:issuer_131,1.0,
ex:person_31,ex:hasPossibleIssuers,ex:issuer_281,1.0,
ex:issuer_127,ex:inPossibleIssuersOf,ex:person_142,1.0,
ex:person_142,ex:hasPossibleIssuers,ex:issuer_127,1.0,
ex:person_142,ex:hasPossibleIssuers,ex:issuer_257,1.0,
ex:coin_37275,nmo:hasIssuer,ex:issuer_127,1.0,
ex:coin_37275,nmo:hasPortrait,ex:person_30,1.0,
ex:coin_968,nmo:hasIssuer,ex:issuer_131,1.0,
ex:coin_968,nmo:hasPortrait,ex:person_34,1.0,
ex:person_34,ex:hasPossibleIssuers,ex:issuer_151,1.0,
ex:person_34,ex:hasPossibleIssuers,ex:issuer_161,1.0,
ex:issuer_131,ex:inPossibleIssuersOf,ex:person_31,1.0,
ex:issuer_131,ex:inPossibleIssuersOf,ex:person_42,1.0,
ex:person_42,ex:hasPossibleIssuers,ex:issuer_131,1.0,
ex:coin_973,nmo:hasIssuer,ex:issuer_131,1.0,
ex:coin_973,nmo:hasPortrait,ex:person_40,1.0,
ex:person_40,ex:hasPossibleIssuers,ex:issuer_151,1.0,
ex:person_40,ex:hasPossibleIssuers,ex:issuer_152,1.0,
ex:coin_974,nmo:hasIssuer,ex:issuer_131,1.0,
ex:coin_974,nmo:hasPortrait,ex:person_33,1.0,
ex:person_33,ex:hasPossibleIssuers,ex:issuer_150,1.0,
ex:coin_978,nmo:hasIssuer,ex:issuer_131,1.0,
ex:coin_978,nmo:hasPortrait,ex:person_33,1.0,
ex:coin_982,nmo:hasIssuer,ex:issuer_131,1.0,
ex:coin_982,nmo:hasPortrait,ex:person_33,1.0,
ex:coin_983,nmo:hasIssuer,ex:issuer_131,1.0,
ex:coin_983,nmo:hasPortrait,ex:person_41,1.0,
ex:person_41,ex:hasPossibleIssuers,ex:issuer_151,1.0,
ex:person_41,ex:hasPossibleIssuers,ex:issuer_152,1.0,
ex:coin_985,nmo:hasIssuer,ex:issuer_131,1.0,
ex:coin_985,nmo:hasPortrait,ex:person_41,1.0,
ex:coin_1025,nmo:hasIssuer,ex:issuer_131,1.0,
ex:coin_1025,nmo:hasPortrait,ex:person_33,1.0,
ex:coin_1026,nmo:hasIssuer,ex:issuer_131,1.0,
ex:coin_1026,nmo:hasPortrait,ex:person_41,1.0,
ex:coin_1031,nmo:hasIssuer,ex:issuer_131,1.0,
ex:coin_1031,nmo:hasPortrait,ex:person_33,1.0,
ex:coin_1050,nmo:hasIssuer,ex:issuer_131,1.0,
ex:coin_1050,nmo:hasPortrait,ex:person_40,1.0,
ex:coin_1068,nmo:hasIssuer,ex:issuer_131,1.0,
ex:coin_1068,nmo:hasPortrait,ex:person_40,1.0,
ex:coin_1079,nmo:hasIssuer,ex:issuer_131,1.0,
ex:coin_1079,nmo:hasPortrait,ex:person_41,1.0,
ex:coin_1080,nmo:hasIssuer,ex:issuer_131,1.0,
ex:coin_1080,nmo:hasPortrait,ex:person_41,1.0,
ex:coin_1087,nmo:hasIssuer,ex:issuer_131,1.0,
ex:coin_1087,nmo:hasPortrait,ex:person_33,1.0,
ex:coin_1088,nmo:hasIssuer,ex:issuer_131,1.0,
ex:coin_1088,nmo:hasPortrait,ex:person_33,1.0,
ex:coin_1134,nmo:hasIssuer,ex:issuer_131,1.0,
ex:coin_1134,nmo:hasPortrait,ex:person_40,1.0,
ex:coin_1172,nmo:hasIssuer,ex:issuer_131,1.0,
ex:coin_1172,nmo:hasPortrait,ex:person_41,1.0,
ex:coin_1489,nmo:hasIssuer,ex:issuer_131,1.0,
ex:coin_1489,nmo:hasPortrait,ex:person_33,1.0,
ex:coin_1491,nmo:hasIssuer,ex:issuer_131,1.0,
ex:coin_1491,nmo:hasPortrait,ex:person_33,1.0,
ex:coin_1668,nmo:hasIssuer,ex:issuer_131,1.0,
ex:coin_1668,nmo:hasPortrait,ex:person_41,1.0,
ex:coin_1709,nmo:hasIssuer,ex:issuer_131,1.0,
ex:coin_1709,nmo:hasPortrait,ex:person_40,1.0,
ex:coin_1711,nmo:hasIssuer,ex:issuer_131,1.0,
ex:coin_1711,nmo:hasPortrait,ex:person_34,1.0,
ex:coin_1719,nmo:hasIssuer,ex:issuer_131,1.0,
ex:coin_1719,nmo:hasPortrait,ex:person_33,1.0,
ex:coin_1720,nmo:hasIssuer,ex:issuer_131,1.0,
ex:coin_1720,nmo:hasPortrait,ex:person_34,1.0,
ex:coin_1721,nmo:hasIssuer,ex:issuer_131,1.0,
ex:coin_1721,nmo:hasPortrait,ex:person_34,1.0,
ex:coin_1745,nmo:hasIssuer,ex:issuer_131,1.0,
ex:coin_1745,nmo:hasPortrait,ex:person_33,1.0,
ex:coin_1749,nmo:hasIssuer,ex:issuer_131,1.0,
ex:coin_1749,nmo:hasPortrait,ex:person_34,1.0,
ex:coin_1771,nmo:hasIssuer,ex:issuer_131,1.0,
ex:coin_1771,nmo:hasPortrait,ex:person_34,1.0,
ex:coin_1772,nmo:hasIssuer,ex:issuer_131,1.0,
ex:coin_1772,nmo:hasPortrait,ex:person_33,1.0,
ex:coin_1773,nmo:hasIssuer,ex:issuer_131,1.0,
ex:coin_1773,nmo:hasPortrait,ex:person_40,1.0,
ex:coin_2011,nmo:hasIssuer,ex:issuer_131,1.0,
ex:coin_2011,nmo:hasPortrait,ex:person_40,1.0,
ex:coin_2017,nmo:hasIssuer,ex:issuer_131,1.0,
ex:coin_2017,nmo:hasPortrait,ex:person_34,1.0,
ex:coin_2029,nmo:hasIssuer,ex:issuer_131,1.0,
ex:coin_2029,nmo:hasPortrait,ex:person_33,1.0,
ex:coin_2031,nmo:hasIssuer,ex:issuer_131,1.0,
ex:coin_2031,nmo:hasPortrait,ex:person_33,1.0,
ex:coin_2032,nmo:hasIssuer,ex:issuer_131,1.0,
ex:coin_2032,nmo:hasPortrait,ex:person_34,1.0,
ex:coin_2034,nmo:hasIssuer,ex:issuer_131,1.0,
ex:coin_2034,nmo:hasPortrait,ex:person_33,1.0,
ex:coin_2062,nmo:hasIssuer,ex:issuer_131,1.0,
ex:coin_2062,nmo:hasPortrait,ex:person_34,1.0,
ex:coin_5094,nmo:hasIssuer,ex:issuer_131,1.0,
ex:coin_5094,nmo:hasPortrait,ex:person_41,1.0,
ex:coin_5100,nmo:hasIssuer,ex:issuer_131,1.0,
ex:coin_5100,nmo:hasPortrait,ex:person_34,1.0,
ex:coin_5105,nmo:hasIssuer,ex:issuer_131,1.0,
ex:coin_5105,nmo:hasPortrait,ex:person_40,1.0,
ex:coin_5303,nmo:hasIssuer,ex:issuer_131,1.0,
ex:coin_5303,nmo:hasPortrait,ex:person_34,1.0,
ex:coin_5397,nmo:hasIssuer,ex:issuer_131,1.0,
ex:coin_5397,nmo:hasPortrait,ex:person_33,1.0,
ex:coin_5472,nmo:hasIssuer,ex:issuer_131,1.0,
ex:coin_5472,nmo:hasPortrait,ex:person_34,1.0,
ex:coin_5630,nmo:hasIssuer,ex:issuer_131,1.0,
ex:coin_5630,nmo:hasPortrait,ex:person_40,1.0,
ex:coin_5671,nmo:hasIssuer,ex:issuer_131,1.0,
ex:coin_5671,nmo:hasPortrait,ex:person_33,1.0,
ex:coin_5705,nmo:hasIssuer,ex:issuer_131,1.0,
ex:coin_5705,nmo:hasPortrait,ex:person_40,1.0,
ex:coin_5787,nmo:hasIssuer,ex:issuer_131,1.0,
ex:coin_5787,nmo:hasPortrait,ex:person_40,1.0,
ex:coin_5788,nmo:hasIssuer,ex:issuer_131,1.0,
ex:coin_5788,nmo:hasPortrait,ex:person_41,1.0,
ex:coin_5841,nmo:hasIssuer,ex:issuer_131,1.0,
ex:coin_5841,nmo:hasPortrait,ex:person_33,1.0,
ex:coin_5893,nmo:hasIssuer,ex:issuer_131,1.0,
ex:coin_5893,nmo:hasPortrait,ex:person_36,1.0,
ex:person_36,ex:hasPossibleIssuers,ex:issuer_152,1.0,
ex:coin_5894,nmo:hasIssuer,ex:issuer_131,1.0,
ex:coin_5894,nmo:hasPortrait,ex:person_34,1.0,
ex:coin_5895,nmo:hasIssuer,ex:issuer_131,1.0,
ex:coin_5895,nmo:hasPortrait,ex:person_40,1.0,
ex:coin_5896,nmo:hasIssuer,ex:issuer_131,1.0,
ex:coin_5896,nmo:hasPortrait,ex:person_40,1.0,
ex:coin_5897,nmo:hasIssuer,ex:issuer_131,1.0,
ex:coin_5897,nmo:hasPortrait,ex:person_41,1.0,
ex:coin_5898,nmo:hasIssuer,ex:issuer_131,1.0,
ex:coin_5898,nmo:hasPortrait,ex:person_41,1.0,
ex:coin_5899,nmo:hasIssuer,ex:issuer_131,1.0,
ex:coin_5899,nmo:hasPortrait,ex:person_41,1.0,
ex:coin_5924,nmo:hasIssuer,ex:issuer_131,1.0,
ex:coin_5924,nmo:hasPortrait,ex:person_41,1.0,
ex:coin_6059,nmo:hasIssuer,ex:issuer_131,1.0,
ex:coin_6059,nmo:hasPortrait,ex:person_33,1.0,
ex:coin_6060,nmo:hasIssuer,ex:issuer_131,1.0,
ex:coin_6060,nmo:hasPortrait,ex:person_33,1.0,
ex:coin_6061,nmo:hasIssuer,ex:issuer_131,1.0,
ex:coin_6061,nmo:hasPortrait,ex:person_36,1.0,
ex:coin_6062,nmo:hasIssuer,ex:issuer_131,1.0,
ex:coin_6062,nmo:hasPortrait,ex:person_36,1.0,
ex:coin_6063,nmo:hasIssuer,ex:issuer_131,1.0,
ex:coin_6063,nmo:hasPortrait,ex:person_34,1.0,
ex:coin_6064,nmo:hasIssuer,ex:issuer_131,1.0,
ex:coin_6064,nmo:hasPortrait,ex:person_40,1.0,
ex:coin_6065,nmo:hasIssuer,ex:issuer_131,1.0,
ex:coin_6065,nmo:hasPortrait,ex:person_40,1.0,
ex:coin_6066,nmo:hasIssuer,ex:issuer_131,1.0,
ex:coin_6066,nmo:hasPortrait,ex:person_40,1.0,
ex:coin_6067,nmo:hasIssuer,ex:issuer_131,1.0,
ex:coin_6067,nmo:hasPortrait,ex:person_40,1.0,
ex:coin_6068,nmo:hasIssuer,ex:issuer_131,1.0,
ex:coin_6068,nmo:hasPortrait,ex:person_40,1.0,
ex:coin_6069,nmo:hasIssuer,ex:issuer_131,1.0,
ex:coin_6069,nmo:hasPortrait,ex:person_40,1.0,
ex:coin_6070,nmo:hasIssuer,ex:issuer_131,1.0,
ex:coin_6070,nmo:hasPortrait,ex:person_40,1.0,
ex:coin_6086,nmo:hasIssuer,ex:issuer_131,1.0,
ex:coin_6086,nmo:hasPortrait,ex:person_33,1.0,
ex:coin_6127,nmo:hasIssuer,ex:issuer_131,1.0,
ex:coin_6127,nmo:hasPortrait,ex:person_33,1.0,
ex:coin_6170,nmo:hasIssuer,ex:issuer_131,1.0,
ex:coin_6170,nmo:hasPortrait,ex:person_33,1.0,
ex:coin_6171,nmo:hasIssuer,ex:issuer_131,1.0,
ex:coin_6171,nmo:hasPortrait,ex:person_33,1.0,
ex:coin_6292,nmo:hasIssuer,ex:issuer_131,1.0,
ex:coin_6292,nmo:hasPortrait,ex:person_40,1.0,
ex:coin_6316,nmo:hasIssuer,ex:issuer_131,1.0,
ex:coin_6316,nmo:hasPortrait,ex:person_34,1.0,
ex:coin_6340,nmo:hasIssuer,ex:issuer_131,1.0,
ex:coin_6340,nmo:hasPortrait,ex:person_34,1.0,
ex:coin_6366,nmo:hasIssuer,ex:issuer_131,1.0,
ex:coin_6366,nmo:hasPortrait,ex:person_33,1.0,
ex:coin_6389,nmo:hasIssuer,ex:issuer_131,1.0,
ex:coin_6389,nmo:hasPortrait,ex:person_34,1.0,
ex:coin_6391,nmo:hasIssuer,ex:issuer_131,1.0,
ex:coin_6391,nmo:hasPortrait,ex:person_33,1.0,
ex:coin_6414,nmo:hasIssuer,ex:issuer_131,1.0,
ex:coin_6414,nmo:hasPortrait,ex:person_36,1.0,
ex:coin_6466,nmo:hasIssuer,ex:issuer_131,1.0,
ex:coin_6466,nmo:hasPortrait,ex:person_33,1.0,
ex:coin_6644,nmo:hasIssuer,ex:issuer_131,1.0,
ex:coin_6644,nmo:hasPortrait,ex:person_33,1.0,
ex:coin_6645,nmo:hasIssuer,ex:issuer_131,1.0,
ex:coin_6645,nmo:hasPortrait,ex:person_33,1.0,
ex:coin_6646,nmo:hasIssuer,ex:issuer_131,1.0,
ex:coin_6646,nmo:hasPortrait,ex:person_33,1.0,
ex:coin_6647,nmo:hasIssuer,ex:issuer_131,1.0,
ex:coin_6647,nmo:hasPortrait,ex:person_33,1.0,
ex:coin_6648,nmo:hasIssuer,ex:issuer_131,1.0,
ex:coin_6648,nmo:hasPortrait,ex:person_33,1.0,
ex:coin_6651,nmo:hasIssuer,ex:issuer_131,1.0,
ex:coin_6651,nmo:hasPortrait,ex:person_33,1.0,
ex:coin_6652,nmo:hasIssuer,ex:issuer_131,1.0,
ex:coin_6652,nmo:hasPortrait,ex:person_33,1.0,
ex:coin_6653,nmo:hasIssuer,ex:issuer_131,1.0,
ex:coin_6653,nmo:hasPortrait,ex:person_33,1.0,
ex:coin_6654,nmo:hasIssuer,ex:issuer_131,1.0,
ex:coin_6654,nmo:hasPortrait,ex:person_33,1.0,
ex:coin_6655,nmo:hasIssuer,ex:issuer_131,1.0,
ex:coin_6655,nmo:hasPortrait,ex:person_33,1.0,
ex:coin_6656,nmo:hasIssuer,ex:issuer_131,1.0,
ex:coin_6656,nmo:hasPortrait,ex:person_33,1.0,
ex:coin_6657,nmo:hasIssuer,ex:issuer_131,1.0,
ex:coin_6657,nmo:hasPortrait,ex:person_34,1.0,
ex:coin_6658,nmo:hasIssuer,ex:issuer_131,1.0,
ex:coin_6658,nmo:hasPortrait,ex:person_34,1.0,
ex:coin_6659,nmo:hasIssuer,ex:issuer_131,1.0,
ex:coin_6659,nmo:hasPortrait,ex:person_34,1.0,
ex:coin_6665,nmo:hasIssuer,ex:issuer_131,1.0,
ex:coin_6665,nmo:hasPortrait,ex:person_33,1.0,
ex:coin_6666,nmo:hasIssuer,ex:issuer_131,1.0,
ex:coin_6666,nmo:hasPortrait,ex:person_34,1.0,
ex:coin_6806,nmo:hasIssuer,ex:issuer_131,1.0,
ex:coin_6806,nmo:hasPortrait,ex:person_33,1.0,
ex:coin_6880,nmo:hasIssuer,ex:issuer_131,1.0,
ex:coin_6880,nmo:hasPortrait,ex:person_39,1.0,
ex:person_39,ex:hasPossibleIssuers,ex:issuer_151,1.0,
ex:person_39,ex:hasPossibleIssuers,ex:issuer_152,1.0,
ex:coin_6930,nmo:hasIssuer,ex:issuer_131,1.0,
ex:coin_6930,nmo:hasPortrait,ex:person_33,1.0,
ex:coin_6931,nmo:hasIssuer,ex:issuer_131,1.0,
ex:coin_6931,nmo:hasPortrait,ex:person_33,1.0,
ex:coin_6932,nmo:hasIssuer,ex:issuer_131,1.0,
ex:coin_6932,nmo:hasPortrait,ex:person_33,1.0,
ex:coin_6933,nmo:hasIssuer,ex:issuer_131,1.0,
ex:coin_6933,nmo:hasPortrait,ex:person_33,1.0,
ex:coin_6934,nmo:hasIssuer,ex:issuer_131,1.0,
ex:coin_6934,nmo:hasPortrait,ex:person_40,1.0,
ex:coin_6935,nmo:hasIssuer,ex:issuer_131,1.0,
ex:coin_6935,nmo:hasPortrait,ex:person_40,1.0,
ex:coin_6936,nmo:hasIssuer,ex:issuer_131,1.0,
ex:coin_6936,nmo:hasPortrait,ex:person_40,1.0,
ex:coin_6937,nmo:hasIssuer,ex:issuer_131,1.0,
ex:coin_6937,nmo:hasPortrait,ex:person_40,1.0,
ex:coin_6938,nmo:hasIssuer,ex:issuer_131,1.0,
ex:coin_6938,nmo:hasPortrait,ex:person_40,1.0,
ex:coin_6939,nmo:hasIssuer,ex:issuer_131,1.0,
ex:coin_6939,nmo:hasPortrait,ex:person_41,1.0,
ex:coin_6940,nmo:hasIssuer,ex:issuer_131,1.0,
ex:coin_6940,nmo:hasPortrait,ex:person_41,1.0,
ex:coin_6941,nmo:hasIssuer,ex:issuer_131,1.0,
ex:coin_6941,nmo:hasPortrait,ex:person_41,1.0,
ex:coin_7396,nmo:hasIssuer,ex:issuer_131,1.0,
ex:coin_7396,nmo:hasPortrait,ex:person_42,1.0,
ex:coin_7399,nmo:hasIssuer,ex:issuer_131,1.0,
ex:coin_7399,nmo:hasPortrait,ex:person_41,1.0,
ex:coin_7405,nmo:hasIssuer,ex:issuer_131,1.0,
ex:coin_7405,nmo:hasPortrait,ex:person_40,1.0,
ex:coin_7473,nmo:hasIssuer,ex:issuer_131,1.0,
ex:coin_7473,nmo:hasPortrait,ex:person_34,1.0,
ex:coin_7483,nmo:hasIssuer,ex:issuer_131,1.0,
ex:coin_7483,nmo:hasPortrait,ex:person_40,1.0,
ex:coin_7518,nmo:hasIssuer,ex:issuer_131,1.0,
ex:coin_7518,nmo:hasPortrait,ex:person_34,1.0,
ex:coin_7560,nmo:hasIssuer,ex:issuer_131,1.0,
ex:coin_7560,nmo:hasPortrait,ex:person_40,1.0,
ex:coin_7588,nmo:hasIssuer,ex:issuer_131,1.0,
ex:coin_7588,nmo:hasPortrait,ex:person_33,1.0,
ex:coin_7589,nmo:hasIssuer,ex:issuer_131,1.0,
ex:coin_7589,nmo:hasPortrait,ex:person_36,1.0,
ex:coin_7590,nmo:hasIssuer,ex:issuer_131,1.0,
ex:coin_7590,nmo:hasPortrait,ex:person_34,1.0,
ex:coin_7591,nmo:hasIssuer,ex:issuer_131,1.0,
ex:coin_7591,nmo:hasPortrait,ex:person_41,1.0,
ex:coin_7783,nmo:hasIssuer,ex:issuer_131,1.0,
ex:coin_7783,nmo:hasPortrait,ex:person_33,1.0,
ex:coin_7784,nmo:hasIssuer,ex:issuer_131,1.0,
ex:coin_7784,nmo:hasPortrait,ex:person_33,1.0,
ex:coin_7785,nmo:hasIssuer,ex:issuer_131,1.0,
ex:coin_7785,nmo:hasPortrait,ex:person_33,1.0,
ex:coin_7786,nmo:hasIssuer,ex:issuer_131,1.0,
ex:coin_7786,nmo:hasPortrait,ex:person_34,1.0,
ex:coin_7788,nmo:hasIssuer,ex:issuer_131,1.0,
ex:coin_7788,nmo:hasPortrait,ex:person_43,1.0,
ex:person_43,ex:hasPossibleIssuers,ex:issuer_151,1.0,
ex:person_43,ex:hasPossibleIssuers,ex:issuer_152,1.0,
ex:coin_7789,nmo:hasIssuer,ex:issuer_131,1.0,
ex:coin_7789,nmo:hasPortrait,ex:person_40,1.0,
ex:coin_7790,nmo:hasIssuer,ex:issuer_131,1.0,
ex:coin_7790,nmo:hasPortrait,ex:person_40,1.0,
ex:coin_7791,nmo:hasIssuer,ex:issuer_131,1.0,
ex:coin_7791,nmo:hasPortrait,ex:person_40,1.0,
ex:coin_7792,nmo:hasIssuer,ex:issuer_131,1.0,
ex:coin_7792,nmo:hasPortrait,ex:person_40,1.0,
ex:coin_7793,nmo:hasIssuer,ex:issuer_131,1.0,
ex:coin_7793,nmo:hasPortrait,ex:person_40,1.0,
ex:coin_7794,nmo:hasIssuer,ex:issuer_131,1.0,
ex:coin_7794,nmo:hasPortrait,ex:person_40,1.0,
ex:coin_7795,nmo:hasIssuer,ex:issuer_131,1.0,
ex:coin_7795,nmo:hasPortrait,ex:person_40,1.0,
ex:coin_7796,nmo:hasIssuer,ex:issuer_131,1.0,
ex:coin_7796,nmo:hasPortrait,ex:person_41,1.0,
ex:coin_7797,nmo:hasIssuer,ex:issuer_131,1.0,
ex:coin_7797,nmo:hasPortrait,ex:person_41,1.0,
ex:coin_7855,nmo:hasIssuer,ex:issuer_131,1.0,
ex:coin_7855,nmo:hasPortrait,ex:person_33,1.0,
ex:coin_7856,nmo:hasIssuer,ex:issuer_131,1.0,
ex:coin_7856,nmo:hasPortrait,ex:person_33,1.0,
ex:coin_7858,nmo:hasIssuer,ex:issuer_131,1.0,
ex:coin_7858,nmo:hasPortrait,ex:person_34,1.0,
ex:coin_7859,nmo:hasIssuer,ex:issuer_131,1.0,
ex:coin_7859,nmo:hasPortrait,ex:person_34,1.0,
ex:coin_7860,nmo:hasIssuer,ex:issuer_131,1.0,
ex:coin_7860,nmo:hasPortrait,ex:person_34,1.0,
ex:coin_7861,nmo:hasIssuer,ex:issuer_131,1.0,
ex:coin_7861,nmo:hasPortrait,ex:person_34,1.0,
ex:coin_7862,nmo:hasIssuer,ex:issuer_131,1.0,
ex:coin_7862,nmo:hasPortrait,ex:person_34,1.0,
ex:coin_7863,nmo:hasIssuer,ex:issuer_131,1.0,
ex:coin_7863,nmo:hasPortrait,ex:person_39,1.0,
ex:coin_7864,nmo:hasIssuer,ex:issuer_131,1.0,
ex:coin_7864,nmo:hasPortrait,ex:person_40,1.0,
ex:coin_7865,nmo:hasIssuer,ex:issuer_131,1.0,
ex:coin_7865,nmo:hasPortrait,ex:person_40,1.0,
ex:coin_7866,nmo:hasIssuer,ex:issuer_131,1.0,
ex:coin_7866,nmo:hasPortrait,ex:person_40,1.0,
ex:coin_7867,nmo:hasIssuer,ex:issuer_131,1.0,
ex:coin_7867,nmo:hasPortrait,ex:person_40,1.0,
ex:coin_7868,nmo:hasIssuer,ex:issuer_131,1.0,
ex:coin_7868,nmo:hasPortrait,ex:person_40,1.0,
ex:coin_7869,nmo:hasIssuer,ex:issuer_131,1.0,
ex:coin_7869,nmo:hasPortrait,ex:person_40,1.0,
ex:coin_7870,nmo:hasIssuer,ex:issuer_131,1.0,
ex:coin_7870,nmo:hasPortrait,ex:person_41,1.0,
ex:coin_7871,nmo:hasIssuer,ex:issuer_131,1.0,
ex:coin_7871,nmo:hasPortrait,ex:person_41,1.0,
ex:coin_7872,nmo:hasIssuer,ex:issuer_131,1.0,
ex:coin_7872,nmo:hasPortrait,ex:person_41,1.0,
ex:coin_7873,nmo:hasIssuer,ex:issuer_131,1.0,
ex:coin_7873,nmo:hasPortrait,ex:person_41,1.0,
ex:coin_7910,nmo:hasIssuer,ex:issuer_131,1.0,
ex:coin_7910,nmo:hasPortrait,ex:person_33,1.0,
ex:coin_8004,nmo:hasIssuer,ex:issuer_131,1.0,
ex:coin_8004,nmo:hasPortrait,ex:person_34,1.0,
ex:coin_8042,nmo:hasIssuer,ex:issuer_131,1.0,
ex:coin_8042,nmo:hasPortrait,ex:person_33,1.0,
ex:coin_8048,nmo:hasIssuer,ex:issuer_131,1.0,
ex:coin_8048,nmo:hasPortrait,ex:person_33,1.0,
ex:coin_8067,nmo:hasIssuer,ex:issuer_131,1.0,
ex:coin_8067,nmo:hasPortrait,ex:person_40,1.0,
ex:coin_8101,nmo:hasIssuer,ex:issuer_131,1.0,
ex:coin_8101,nmo:hasPortrait,ex:person_41,1.0,
ex:coin_8330,nmo:hasIssuer,ex:issuer_131,1.0,
ex:coin_8330,nmo:hasPortrait,ex:person_36,1.0,
ex:coin_8428,nmo:hasIssuer,ex:issuer_131,1.0,
ex:coin_8428,nmo:hasPortrait,ex:person_34,1.0,
ex:coin_8483,nmo:hasIssuer,ex:issuer_131,1.0,
ex:coin_8483,nmo:hasPortrait,ex:person_33,1.0,
ex:coin_8484,nmo:hasIssuer,ex:issuer_131,1.0,
ex:coin_8484,nmo:hasPortrait,ex:person_33,1.0,
ex:coin_8485,nmo:hasIssuer,ex:issuer_131,1.0,
ex:coin_8485,nmo:hasPortrait,ex:person_33,1.0,
ex:coin_8486,nmo:hasIssuer,ex:issuer_131,1.0,
ex:coin_8486,nmo:hasPortrait,ex:person_33,1.0,
ex:coin_8487,nmo:hasIssuer,ex:issuer_131,1.0,
ex:coin_8487,nmo:hasPortrait,ex:person_33,1.0,
ex:coin_8488,nmo:hasIssuer,ex:issuer_131,1.0,
ex:coin_8488,nmo:hasPortrait,ex:person_33,1.0,
ex:coin_8489,nmo:hasIssuer,ex:issuer_131,1.0,
ex:coin_8489,nmo:hasPortrait,ex:person_33,1.0,
ex:coin_8490,nmo:hasIssuer,ex:issuer_131,1.0,
ex:coin_8490,nmo:hasPortrait,ex:person_33,1.0,
ex:coin_8491,nmo:hasIssuer,ex:issuer_131,1.0,
ex:coin_8491,nmo:hasPortrait,ex:person_33,1.0,
ex:coin_8492,nmo:hasIssuer,ex:issuer_131,1.0,
ex:coin_8492,nmo:hasPortrait,ex:person_33,1.0,
ex:coin_8493,nmo:hasIssuer,ex:issuer_131,1.0,
ex:coin_8493,nmo:hasPortrait,ex:person_33,1.0,
ex:coin_8494,nmo:hasIssuer,ex:issuer_131,1.0,
ex:coin_8494,nmo:hasPortrait,ex:person_33,1.0,
ex:coin_8495,nmo:hasIssuer,ex:issuer_131,1.0,
ex:coin_8495,nmo:hasPortrait,ex:person_33,1.0,
ex:coin_8496,nmo:hasIssuer,ex:issuer_131,1.0,
ex:coin_8496,nmo:hasPortrait,ex:person_33,1.0,
ex:coin_8497,nmo:hasIssuer,ex:issuer_131,1.0,
ex:coin_8497,nmo:hasPortrait,ex:person_34,1.0,
ex:coin_8498,nmo:hasIssuer,ex:issuer_131,1.0,
ex:coin_8498,nmo:hasPortrait,ex:person_34,1.0,
ex:coin_8758,nmo:hasIssuer,ex:issuer_131,1.0,
ex:coin_8758,nmo:hasPortrait,ex:person_33,1.0,
ex:coin_8760,nmo:hasIssuer,ex:issuer_131,1.0,
ex:coin_8760,nmo:hasPortrait,ex:person_36,1.0,
ex:coin_8776,nmo:hasIssuer,ex:issuer_131,1.0,
ex:coin_8776,nmo:hasPortrait,ex:person_41,1.0,
ex:coin_8783,nmo:hasIssuer,ex:issuer_131,1.0,
ex:coin_8783,nmo:hasPortrait,ex:person_40,1.0,
ex:coin_8784,nmo:hasIssuer,ex:issuer_131,1.0,
ex:coin_8784,nmo:hasPortrait,ex:person_40,1.0,
ex:coin_8799,nmo:hasIssuer,ex:issuer_131,1.0,
ex:coin_8799,nmo:hasPortrait,ex:person_40,1.0,
ex:coin_8806,nmo:hasIssuer,ex:issuer_131,1.0,
ex:coin_8806,nmo:hasPortrait,ex:person_33,1.0,
ex:coin_8807,nmo:hasIssuer,ex:issuer_131,1.0,
ex:coin_8807,nmo:hasPortrait,ex:person_33,1.0,
ex:coin_8808,nmo:hasIssuer,ex:issuer_131,1.0,
ex:coin_8808,nmo:hasPortrait,ex:person_33,1.0,
ex:coin_8809,nmo:hasIssuer,ex:issuer_131,1.0,
ex:coin_8809,nmo:hasPortrait,ex:person_33,1.0,
ex:coin_8810,nmo:hasIssuer,ex:issuer_131,1.0,
ex:coin_8810,nmo:hasPortrait,ex:person_33,1.0,
ex:coin_8811,nmo:hasIssuer,ex:issuer_131,1.0,
ex:coin_8811,nmo:hasPortrait,ex:person_33,1.0,
ex:coin_8812,nmo:hasIssuer,ex:issuer_131,1.0,
ex:coin_8812,nmo:hasPortrait,ex:person_33,1.0,
ex:coin_8813,nmo:hasIssuer,ex:issuer_131,1.0,
ex:coin_8813,nmo:hasPortrait,ex:person_33,1.0,
ex:coin_8814,nmo:hasIssuer,ex:issuer_131,1.0,
ex:coin_8814,nmo:hasPortrait,ex:person_33,1.0,
ex:coin_8815,nmo:hasIssuer,ex:issuer_131,1.0,
ex:coin_8815,nmo:hasPortrait,ex:person_33,1.0,
ex:coin_8816,nmo:hasIssuer,ex:issuer_131,1.0,
ex:coin_8816,nmo:hasPortrait,ex:person_33,1.0,
ex:coin_8817,nmo:hasIssuer,ex:issuer_131,1.0,
ex:coin_8817,nmo:hasPortrait,ex:person_33,1.0,
ex:coin_8818,nmo:hasIssuer,ex:issuer_131,1.0,
ex:coin_8818,nmo:hasPortrait,ex:person_33,1.0,
ex:coin_8819,nmo:hasIssuer,ex:issuer_131,1.0,
ex:coin_8819,nmo:hasPortrait,ex:person_34,1.0,
ex:coin_8820,nmo:hasIssuer,ex:issuer_131,1.0,
ex:coin_8820,nmo:hasPortrait,ex:person_34,1.0,
ex:coin_8821,nmo:hasIssuer,ex:issuer_131,1.0,
ex:coin_8821,nmo:hasPortrait,ex:person_34,1.0,
ex:coin_8822,nmo:hasIssuer,ex:issuer_131,1.0,
ex:coin_8822,nmo:hasPortrait,ex:person_34,1.0,
ex:coin_8823,nmo:hasIssuer,ex:issuer_131,1.0,
ex:coin_8823,nmo:hasPortrait,ex:person_34,1.0,
ex:coin_8824,nmo:hasIssuer,ex:issuer_131,1.0,
ex:coin_8824,nmo:hasPortrait,ex:person_34,1.0,
ex:coin_8825,nmo:hasIssuer,ex:issuer_131,1.0,
ex:coin_8825,nmo:hasPortrait,ex:person_36,1.0,
ex:coin_8940,nmo:hasIssuer,ex:issuer_131,1.0,
ex:coin_8940,nmo:hasPortrait,ex:person_33,1.0,
ex:coin_8941,nmo:hasIssuer,ex:issuer_131,1.0,
ex:coin_8941,nmo:hasPortrait,ex:person_41,1.0,
ex:coin_9050,nmo:hasIssuer,ex:issuer_131,1.0,
ex:coin_9050,nmo:hasPortrait,ex:person_30,1.0,
ex:coin_9140,nmo:hasIssuer,ex:issuer_131,1.0,
ex:coin_9140,nmo:hasPortrait,ex:person_33,1.0,
ex:coin_9141,nmo:hasIssuer,ex:issuer_131,1.0,
ex:coin_9141,nmo:hasPortrait,ex:person_33,1.0,
ex:coin_9180,nmo:hasIssuer,ex:issuer_131,1.0,
ex:coin_9180,nmo:hasPortrait,ex:person_33,1.0,
ex:coin_9241,nmo:hasIssuer,ex:issuer_131,1.0,
ex:coin_9241,nmo:hasPortrait,ex:person_40,1.0,
ex:coin_9353,nmo:hasIssuer,ex:issuer_131,1.0,
ex:coin_9353,nmo:hasPortrait,ex:person_34,1.0,
ex:coin_9354,nmo:hasIssuer,ex:issuer_131,1.0,
ex:coin_9354,nmo:hasPortrait,ex:person_34,1.0,
ex:coin_9355,nmo:hasIssuer,ex:issuer_131,1.0,
ex:coin_9355,nmo:hasPortrait,ex:person_33,1.0,
ex:coin_9734,nmo:hasIssuer,ex:issuer_131,1.0,
ex:coin_9734,nmo:hasPortrait,ex:person_41,1.0,
ex:coin_9736,nmo:hasIssuer,ex:issuer_131,1.0,
ex:coin_9736,nmo:hasPortrait,ex:person_41,1.0,
ex:coin_9737,nmo:hasIssuer,ex:issuer_131,1.0,
ex:coin_9737,nmo:hasPortrait,ex:person_41,1.0,
ex:coin_9738,nmo:hasIssuer,ex:issuer_131,1.0,
ex:coin_9738,nmo:hasPortrait,ex:person_41,1.0,
ex:coin_9753,nmo:hasIssuer,ex:issuer_131,1.0,
ex:coin_9753,nmo:hasPortrait,ex:person_40,1.0,
ex:coin_9754,nmo:hasIssuer,ex:issuer_131,1.0,
ex:coin_9754,nmo:hasPortrait,ex:person_40,1.0,
ex:coin_9777,nmo:hasIssuer,ex:issuer_131,1.0,
ex:coin_9777,nmo:hasPortrait,ex:person_33,1.0,
ex:coin_9825,nmo:hasIssuer,ex:issuer_131,1.0,
ex:coin_9825,nmo:hasPortrait,ex:person_30,1.0,
ex:coin_10190,nmo:hasIssuer,ex:issuer_131,1.0,
ex:coin_10190,nmo:hasPortrait,ex:person_33,1.0,
ex:coin_10197,nmo:hasIssuer,ex:issuer_131,1.0,
ex:coin_10197,nmo:hasPortrait,ex:person_40,1.0,
ex:coin_10419,nmo:hasIssuer,ex:issuer_131,1.0,
ex:coin_10419,nmo:hasPortrait,ex:person_33,1.0,
ex:coin_10448,nmo:hasIssuer,ex:issuer_131,1.0,
ex:coin_10448,nmo:hasPortrait,ex:person_34,1.0,
ex:coin_10501,nmo:hasIssuer,ex:issuer_131,1.0,
ex:coin_10501,nmo:hasPortrait,ex:person_33,1.0,
ex:coin_10946,nmo:hasIssuer,ex:issuer_131,1.0,
ex:coin_10946,nmo:hasPortrait,ex:person_41,1.0,
ex:coin_10954,nmo:hasIssuer,ex:issuer_131,1.0,
ex:coin_10954,nmo:hasPortrait,ex:person_41,1.0,
ex:coin_10976,nmo:hasIssuer,ex:issuer_131,1.0,
ex:coin_10976,nmo:hasPortrait,ex:person_34,1.0,
ex:coin_10984,nmo:hasIssuer,ex:issuer_131,1.0,
ex:coin_10984,nmo:hasPortrait,ex:person_41,1.0,
ex:coin_10985,nmo:hasIssuer,ex:issuer_131,1.0,
ex:coin_10985,nmo:hasPortrait,ex:person_41,1.0,
ex:coin_10988,nmo:hasIssuer,ex:issuer_131,1.0,
ex:coin_10988,nmo:hasPortrait,ex:person_40,1.0,
ex:coin_11016,nmo:hasIssuer,ex:issuer_131,1.0,
ex:coin_11016,nmo:hasPortrait,ex:person_34,1.0,
ex:coin_11493,nmo:hasIssuer,ex:issuer_131,1.0,
ex:coin_11493,nmo:hasPortrait,ex:person_40,1.0,
ex:coin_11505,nmo:hasIssuer,ex:issuer_131,1.0,
ex:coin_11505,nmo:hasPortrait,ex:person_33,1.0,
ex:coin_11595,nmo:hasIssuer,ex:issuer_131,1.0,
ex:coin_11595,nmo:hasPortrait,ex:person_40,1.0,
ex:coin_11616,nmo:hasIssuer,ex:issuer_131,1.0,
ex:coin_11616,nmo:hasPortrait,ex:person_40,1.0,
ex:coin_12114,nmo:hasIssuer,ex:issuer_131,1.0,
ex:coin_12114,nmo:hasPortrait,ex:person_33,1.0,
ex:coin_12129,nmo:hasIssuer,ex:issuer_131,1.0,
ex:coin_12129,nmo:hasPortrait,ex:person_34,1.0,
ex:coin_12130,nmo:hasIssuer,ex:issuer_131,1.0,
ex:coin_12130,nmo:hasPortrait,ex:person_33,1.0,
ex:coin_12172,nmo:hasIssuer,ex:issuer_131,1.0,
ex:coin_12172,nmo:hasPortrait,ex:person_33,1.0,
ex:coin_12270,nmo:hasIssuer,ex:issuer_131,1.0,
ex:coin_12270,nmo:hasPortrait,ex:person_34,1.0,
ex:coin_12419,nmo:hasIssuer,ex:issuer_131,1.0,
ex:coin_12419,nmo:hasPortrait,ex:person_34,1.0,
ex:coin_12421,nmo:hasIssuer,ex:issuer_131,1.0,
ex:coin_12421,nmo:hasPortrait,ex:person_33,1.0,
ex:coin_12423,nmo:hasIssuer,ex:issuer_131,1.0,
ex:coin_12423,nmo:hasPortrait,ex:person_41,1.0,
ex:coin_12477,nmo:hasIssuer,ex:issuer_131,1.0,
ex:coin_12477,nmo:hasPortrait,ex:person_41,1.0,
ex:coin_12478,nmo:hasIssuer,ex:issuer_131,1.0,
ex:coin_12478,nmo:hasPortrait,ex:person_41,1.0,
ex:coin_12504,nmo:hasIssuer,ex:issuer_131,1.0,
ex:coin_12504,nmo:hasPortrait,ex:person_34,1.0,
ex:coin_12857,nmo:hasIssuer,ex:issuer_131,1.0,
ex:coin_12857,nmo:hasPortrait,ex:person_40,1.0,
ex:coin_12859,nmo:hasIssuer,ex:issuer_131,1.0,
ex:coin_12859,nmo:hasPortrait,ex:person_33,1.0,
ex:coin_12860,nmo:hasIssuer,ex:issuer_131,1.0,
ex:coin_12860,nmo:hasPortrait,ex:person_33,1.0,
ex:coin_12898,nmo:hasIssuer,ex:issuer_131,1.0,
ex:coin_12898,nmo:hasPortrait,ex:person_33,1.0,
ex:coin_12920,nmo:hasIssuer,ex:issuer_131,1.0,
ex:coin_12920,nmo:hasPortrait,ex:person_34,1.0,
ex:coin_13204,nmo:hasIssuer,ex:issuer_131,1.0,
ex:coin_13204,nmo:hasPortrait,ex:person_30,1.0,
ex:coin_13205,nmo:hasIssuer,ex:issuer_131,1.0,
ex:coin_13205,nmo:hasPortrait,ex:person_40,1.0,
ex:coin_13239,nmo:hasIssuer,ex:issuer_131,1.0,
ex:coin_13239,nmo:hasPortrait,ex:person_40,1.0,
ex:coin_13240,nmo:hasIssuer,ex:issuer_131,1.0,
ex:coin_13240,nmo:hasPortrait,ex:person_33,1.0,
ex:coin_13456,nmo:hasIssuer,ex:issuer_131,1.0,
ex:coin_13456,nmo:hasPortrait,ex:person_34,1.0,
ex:coin_13477,nmo:hasIssuer,ex:issuer_131,1.0,
ex:coin_13477,nmo:hasPortrait,ex:person_34,1.0,
ex:coin_13511,nmo:hasIssuer,ex:issuer_131,1.0,
ex:coin_13511,nmo:hasPortrait,ex:person_40,1.0,
ex:coin_13540,nmo:hasIssuer,ex:issuer_131,1.0,
ex:coin_13540,nmo:hasPortrait,ex:person_41,1.0,
ex:coin_13693,nmo:hasIssuer,ex:issuer_131,1.0,
ex:coin_13693,nmo:hasPortrait,ex:person_33,1.0,
ex:coin_13700,nmo:hasIssuer,ex:issuer_131,1.0,
ex:coin_13700,nmo:hasPortrait,ex:person_33,1.0,
ex:coin_13702,nmo:hasIssuer,ex:issuer_131,1.0,
ex:coin_13702,nmo:hasPortrait,ex:person_33,1.0,
ex:coin_13892,nmo:hasIssuer,ex:issuer_131,1.0,
ex:coin_13892,nmo:hasPortrait,ex:person_41,1.0,
ex:coin_13922,nmo:hasIssuer,ex:issuer_131,1.0,
ex:coin_13922,nmo:hasPortrait,ex:person_40,1.0,
ex:coin_13923,nmo:hasIssuer,ex:issuer_131,1.0,
ex:coin_13923,nmo:hasPortrait,ex:person_40,1.0,
ex:coin_13925,nmo:hasIssuer,ex:issuer_131,1.0,
ex:coin_13925,nmo:hasPortrait,ex:person_40,1.0,
ex:coin_13926,nmo:hasIssuer,ex:issuer_131,1.0,
ex:coin_13926,nmo:hasPortrait,ex:person_40,1.0,
ex:coin_13927,nmo:hasIssuer,ex:issuer_131,1.0,
ex:coin_13927,nmo:hasPortrait,ex:person_40,1.0,
ex:coin_13929,nmo:hasIssuer,ex:issuer_131,1.0,
ex:coin_13929,nmo:hasPortrait,ex:person_33,1.0,
ex:coin_13934,nmo:hasIssuer,ex:issuer_131,1.0,
ex:coin_13934,nmo:hasPortrait,ex:person_41,1.0,
ex:coin_13935,nmo:hasIssuer,ex:issuer_131,1.0,
ex:coin_13935,nmo:hasPortrait,ex:person_41,1.0,
ex:coin_13936,nmo:hasIssuer,ex:issuer_131,1.0,
ex:coin_13936,nmo:hasPortrait,ex:person_41,1.0,
ex:coin_13937,nmo:hasIssuer,ex:issuer_131,1.0,
ex:coin_13937,nmo:hasPortrait,ex:person_41,1.0,
ex:coin_13938,nmo:hasIssuer,ex:issuer_131,1.0,
ex:coin_13938,nmo:hasPortrait,ex:person_41,1.0,
ex:coin_13940,nmo:hasIssuer,ex:issuer_131,1.0,
ex:coin_13940,nmo:hasPortrait,ex:person_41,1.0,
ex:coin_13951,nmo:hasIssuer,ex:issuer_131,1.0,
ex:coin_13951,nmo:hasPortrait,ex:person_34,1.0,
ex:coin_13954,nmo:hasIssuer,ex:issuer_131,1.0,
ex:coin_13954,nmo:hasPortrait,ex:person_33,1.0,
ex:coin_13963,nmo:hasIssuer,ex:issuer_131,1.0,
ex:coin_13963,nmo:hasPortrait,ex:person_41,1.0,
ex:coin_13976,nmo:hasIssuer,ex:issuer_131,1.0,
ex:coin_13976,nmo:hasPortrait,ex:person_39,1.0,
ex:coin_14004,nmo:hasIssuer,ex:issuer_131,1.0,
ex:coin_14004,nmo:hasPortrait,ex:person_33,1.0,
ex:coin_14043,nmo:hasIssuer,ex:issuer_131,1.0,
ex:coin_14043,nmo:hasPortrait,ex:person_33,1.0,
ex:coin_14049,nmo:hasIssuer,ex:issuer_131,1.0,
ex:coin_14049,nmo:hasPortrait,ex:person_41,1.0,
ex:coin_14119,nmo:hasIssuer,ex:issuer_131,1.0,
ex:coin_14119,nmo:hasPortrait,ex:person_33,1.0,
ex:coin_14122,nmo:hasIssuer,ex:issuer_131,1.0,
ex:coin_14122,nmo:hasPortrait,ex:person_33,1.0,
ex:coin_14128,nmo:hasIssuer,ex:issuer_131,1.0,
ex:coin_14128,nmo:hasPortrait,ex:person_33,1.0,
ex:coin_14133,nmo:hasIssuer,ex:issuer_131,1.0,
ex:coin_14133,nmo:hasPortrait,ex:person_41,1.0,
ex:coin_14134,nmo:hasIssuer,ex:issuer_131,1.0,
ex:coin_14134,nmo:hasPortrait,ex:person_40,1.0,
ex:coin_14135,nmo:hasIssuer,ex:issuer_131,1.0,
ex:coin_14135,nmo:hasPortrait,ex:person_40,1.0,
ex:coin_14138,nmo:hasIssuer,ex:issuer_131,1.0,
ex:coin_14138,nmo:hasPortrait,ex:person_41,1.0,
ex:coin_14211,nmo:hasIssuer,ex:issuer_131,1.0,
ex:coin_14211,nmo:hasPortrait,ex:person_41,1.0,
ex:coin_14230,nmo:hasIssuer,ex:issuer_131,1.0,
ex:coin_14230,nmo:hasPortrait,ex:person_40,1.0,
ex:coin_14231,nmo:hasIssuer,ex:issuer_131,1.0,
ex:coin_14231,nmo:hasPortrait,ex:person_39,1.0,
ex:coin_14234,nmo:hasIssuer,ex:issuer_131,1.0,
ex:coin_14234,nmo:hasPortrait,ex:person_40,1.0,
ex:coin_14242,nmo:hasIssuer,ex:issuer_131,1.0,
ex:coin_14242,nmo:hasPortrait,ex:person_41,1.0,
ex:coin_14354,nmo:hasIssuer,ex:issuer_131,1.0,
ex:coin_14354,nmo:hasPortrait,ex:person_41,1.0,
ex:coin_14496,nmo:hasIssuer,ex:issuer_131,1.0,
ex:coin_14496,nmo:hasPortrait,ex:person_33,1.0,
ex:coin_14497,nmo:hasIssuer,ex:issuer_131,1.0,
ex:coin_14497,nmo:hasPortrait,ex:person_33,1.0,
ex:coin_14500,nmo:hasIssuer,ex:issuer_131,1.0,
ex:coin_14500,nmo:hasPortrait,ex:person_33,1.0,
ex:coin_14501,nmo:hasIssuer,ex:issuer_131,1.0,
ex:coin_14501,nmo:hasPortrait,ex:person_33,1.0,
ex:coin_14504,nmo:hasIssuer,ex:issuer_131,1.0,
ex:coin_14504,nmo:hasPortrait,ex:person_33,1.0,
ex:coin_14505,nmo:hasIssuer,ex:issuer_131,1.0,
ex:coin_14505,nmo:hasPortrait,ex:person_33,1.0,
ex:coin_14506,nmo:hasIssuer,ex:issuer_131,1.0,
ex:coin_14506,nmo:hasPortrait,ex:person_33,1.0,
ex:coin_14507,nmo:hasIssuer,ex:issuer_131,1.0,
ex:coin_14507,nmo:hasPortrait,ex:person_33,1.0,
ex:coin_14508,nmo:hasIssuer,ex:issuer_131,1.0,
ex:coin_14508,nmo:hasPortrait,ex:person_33,1.0,
ex:coin_14509,nmo:hasIssuer,ex:issuer_131,1.0,
ex:coin_14509,nmo:hasPortrait,ex:person_33,1.0,
ex:coin_14511,nmo:hasIssuer,ex:issuer_131,1.0,
ex:coin_14511,nmo:hasPortrait,ex:person_33,1.0,
ex:coin_14512,nmo:hasIssuer,ex:issuer_131,1.0,
ex:coin_14512,nmo:hasPortrait,ex:person_33,1.0,
ex:coin_14513,nmo:hasIssuer,ex:issuer_131,1.0,
ex:coin_14513,nmo:hasPortrait,ex:person_33,1.0,
ex:coin_14514,nmo:hasIssuer,ex:issuer_131,1.0,
ex:coin_14514,nmo:hasPortrait,ex:person_33,1.0,
ex:coin_14515,nmo:hasIssuer,ex:issuer_131,1.0,
ex:coin_14515,nmo:hasPortrait,ex:person_33,1.0,
ex:coin_14516,nmo:hasIssuer,ex:issuer_131,1.0,
ex:coin_14516,nmo:hasPortrait,ex:person_34,1.0,
ex:coin_14517,nmo:hasIssuer,ex:issuer_131,1.0,
ex:coin_14517,nmo:hasPortrait,ex:person_34,1.0,
ex:coin_14518,nmo:hasIssuer,ex:issuer_131,1.0,
ex:coin_14518,nmo:hasPortrait,ex:person_34,1.0,
ex:coin_14519,nmo:hasIssuer,ex:issuer_131,1.0,
ex:coin_14519,nmo:hasPortrait,ex:person_34,1.0,
ex:coin_14520,nmo:hasIssuer,ex:issuer_131,1.0,
ex:coin_14520,nmo:hasPortrait,ex:person_36,1.0,
ex:coin_14521,nmo:hasIssuer,ex:issuer_131,1.0,
ex:coin_14521,nmo:hasPortrait,ex:person_36,1.0,
ex:coin_14522,nmo:hasIssuer,ex:issuer_131,1.0,
ex:coin_14522,nmo:hasPortrait,ex:person_36,1.0,
ex:coin_14636,nmo:hasIssuer,ex:issuer_131,1.0,
ex:coin_14636,nmo:hasPortrait,ex:person_33,1.0,
ex:coin_14925,nmo:hasIssuer,ex:issuer_131,1.0,
ex:coin_14925,nmo:hasPortrait,ex:person_40,1.0,
ex:coin_14929,nmo:hasIssuer,ex:issuer_131,1.0,
ex:coin_14929,nmo:hasPortrait,ex:person_41,1.0,
ex:coin_14947,nmo:hasIssuer,ex:issuer_131,1.0,
ex:coin_14947,nmo:hasPortrait,ex:person_40,1.0,
ex:coin_14958,nmo:hasIssuer,ex:issuer_131,1.0,
ex:coin_14958,nmo:hasPortrait,ex:person_40,1.0,
ex:coin_14962,nmo:hasIssuer,ex:issuer_131,1.0,
ex:coin_14962,nmo:hasPortrait,ex:person_34,1.0,
ex:coin_14963,nmo:hasIssuer,ex:issuer_131,1.0,
ex:coin_14963,nmo:hasPortrait,ex:person_40,1.0,
ex:coin_14990,nmo:hasIssuer,ex:issuer_131,1.0,
ex:coin_14990,nmo:hasPortrait,ex:person_34,1.0,
ex:coin_15028,nmo:hasIssuer,ex:issuer_131,1.0,
ex:coin_15028,nmo:hasPortrait,ex:person_33,1.0,
ex:coin_15029,nmo:hasIssuer,ex:issuer_131,1.0,
ex:coin_15029,nmo:hasPortrait,ex:person_36,1.0,
ex:coin_15030,nmo:hasIssuer,ex:issuer_131,1.0,
ex:coin_15030,nmo:hasPortrait,ex:person_34,1.0,
ex:coin_15031,nmo:hasIssuer,ex:issuer_131,1.0,
ex:coin_15031,nmo:hasPortrait,ex:person_34,1.0,
ex:coin_15032,nmo:hasIssuer,ex:issuer_131,1.0,
ex:coin_15032,nmo:hasPortrait,ex:person_43,1.0,
ex:coin_15033,nmo:hasIssuer,ex:issuer_131,1.0,
ex:coin_15033,nmo:hasPortrait,ex:person_41,1.0,
ex:coin_15034,nmo:hasIssuer,ex:issuer_131,1.0,
ex:coin_15034,nmo:hasPortrait,ex:person_40,1.0,
ex:coin_15136,nmo:hasIssuer,ex:issuer_131,1.0,
ex:coin_15136,nmo:hasPortrait,ex:person_40,1.0,
ex:coin_15162,nmo:hasIssuer,ex:issuer_131,1.0,
ex:coin_15162,nmo:hasPortrait,ex:person_40,1.0,
ex:coin_15163,nmo:hasIssuer,ex:issuer_131,1.0,
ex:coin_15163,nmo:hasPortrait,ex:person_40,1.0,
ex:coin_15178,nmo:hasIssuer,ex:issuer_131,1.0,
ex:coin_15178,nmo:hasPortrait,ex:person_33,1.0,
ex:coin_15180,nmo:hasIssuer,ex:issuer_131,1.0,
ex:coin_15180,nmo:hasPortrait,ex:person_33,1.0,
ex:coin_15183,nmo:hasIssuer,ex:issuer_131,1.0,
ex:coin_15183,nmo:hasPortrait,ex:person_41,1.0,
ex:coin_15186,nmo:hasIssuer,ex:issuer_131,1.0,
ex:coin_15186,nmo:hasPortrait,ex:person_41,1.0,
ex:coin_15230,nmo:hasIssuer,ex:issuer_131,1.0,
ex:coin_15230,nmo:hasPortrait,ex:person_33,1.0,
ex:coin_15231,nmo:hasIssuer,ex:issuer_131,1.0,
ex:coin_15231,nmo:hasPortrait,ex:person_34,1.0,
ex:coin_15265,nmo:hasIssuer,ex:issuer_131,1.0,
ex:coin_15265,nmo:hasPortrait,ex:person_33,1.0,
ex:coin_15266,nmo:hasIssuer,ex:issuer_131,1.0,
ex:coin_15266,nmo:hasPortrait,ex:person_41,1.0,
ex:coin_15413,nmo:hasIssuer,ex:issuer_131,1.0,
ex:coin_15413,nmo:hasPortrait,ex:person_34,1.0,
ex:coin_15416,nmo:hasIssuer,ex:issuer_131,1.0,
ex:coin_15416,nmo:hasPortrait,ex:person_40,1.0,
ex:coin_15417,nmo:hasIssuer,ex:issuer_131,1.0,
ex:coin_15417,nmo:hasPortrait,ex:person_40,1.0,
ex:coin_15418,nmo:hasIssuer,ex:issuer_131,1.0,
ex:coin_15418,nmo:hasPortrait,ex:person_36,1.0,
ex:coin_15500,nmo:hasIssuer,ex:issuer_131,1.0,
ex:coin_15500,nmo:hasPortrait,ex:person_34,1.0,
ex:coin_15600,nmo:hasIssuer,ex:issuer_131,1.0,
ex:coin_15600,nmo:hasPortrait,ex:person_41,1.0,
ex:coin_15601,nmo:hasIssuer,ex:issuer_131,1.0,
ex:coin_15601,nmo:hasPortrait,ex:person_40,1.0,
ex:coin_15604,nmo:hasIssuer,ex:issuer_131,1.0,
ex:coin_15604,nmo:hasPortrait,ex:person_34,1.0,
ex:coin_15619,nmo:hasIssuer,ex:issuer_131,1.0,
ex:coin_15619,nmo:hasPortrait,ex:person_40,1.0,
ex:coin_15620,nmo:hasIssuer,ex:issuer_131,1.0,
ex:coin_15620,nmo:hasPortrait,ex:person_41,1.0,
ex:coin_15639,nmo:hasIssuer,ex:issuer_131,1.0,
ex:coin_15639,nmo:hasPortrait,ex:person_34,1.0,
ex:coin_15643,nmo:hasIssuer,ex:issuer_131,1.0,
ex:coin_15643,nmo:hasPortrait,ex:person_33,1.0,
ex:coin_15657,nmo:hasIssuer,ex:issuer_131,1.0,
ex:coin_15657,nmo:hasPortrait,ex:person_33,1.0,
ex:coin_15658,nmo:hasIssuer,ex:issuer_131,1.0,
ex:coin_15658,nmo:hasPortrait,ex:person_41,1.0,
ex:coin_15815,nmo:hasIssuer,ex:issuer_131,1.0,
ex:coin_15815,nmo:hasPortrait,ex:person_33,1.0,
ex:coin_16134,nmo:hasIssuer,ex:issuer_131,1.0,
ex:coin_16134,nmo:hasPortrait,ex:person_34,1.0,
ex:coin_16322,nmo:hasIssuer,ex:issuer_131,1.0,
ex:coin_16322,nmo:hasPortrait,ex:person_41,1.0,
ex:coin_16375,nmo:hasIssuer,ex:issuer_131,1.0,
ex:coin_16375,nmo:hasPortrait,ex:person_33,1.0,
ex:coin_16438,nmo:hasIssuer,ex:issuer_131,1.0,
ex:coin_16438,nmo:hasPortrait,ex:person_41,1.0,
ex:coin_16449,nmo:hasIssuer,ex:issuer_131,1.0,
ex:coin_16449,nmo:hasPortrait,ex:person_34,1.0,
ex:coin_16468,nmo:hasIssuer,ex:issuer_131,1.0,
ex:coin_16468,nmo:hasPortrait,ex:person_33,1.0,
ex:coin_16470,nmo:hasIssuer,ex:issuer_131,1.0,
ex:coin_16470,nmo:hasPortrait,ex:person_41,1.0,
ex:coin_16608,nmo:hasIssuer,ex:issuer_131,1.0,
ex:coin_16608,nmo:hasPortrait,ex:person_33,1.0,
ex:coin_16610,nmo:hasIssuer,ex:issuer_131,1.0,
ex:coin_16610,nmo:hasPortrait,ex:person_34,1.0,
ex:coin_16753,nmo:hasIssuer,ex:issuer_131,1.0,
ex:coin_16753,nmo:hasPortrait,ex:person_33,1.0,
ex:coin_16783,nmo:hasIssuer,ex:issuer_131,1.0,
ex:coin_16783,nmo:hasPortrait,ex:person_41,1.0,
ex:coin_16784,nmo:hasIssuer,ex:issuer_131,1.0,
ex:coin_16784,nmo:hasPortrait,ex:person_41,1.0,
ex:coin_16786,nmo:hasIssuer,ex:issuer_131,1.0,
ex:coin_16786,nmo:hasPortrait,ex:person_34,1.0,
ex:coin_16790,nmo:hasIssuer,ex:issuer_131,1.0,
ex:coin_16790,nmo:hasPortrait,ex:person_40,1.0,
ex:coin_16792,nmo:hasIssuer,ex:issuer_131,1.0,
ex:coin_16792,nmo:hasPortrait,ex:person_41,1.0,
ex:coin_16793,nmo:hasIssuer,ex:issuer_131,1.0,
ex:coin_16793,nmo:hasPortrait,ex:person_41,1.0,
ex:coin_16804,nmo:hasIssuer,ex:issuer_131,1.0,
ex:coin_16804,nmo:hasPortrait,ex:person_41,1.0,
ex:coin_16807,nmo:hasIssuer,ex:issuer_131,1.0,
ex:coin_16807,nmo:hasPortrait,ex:person_40,1.0,
ex:coin_16810,nmo:hasIssuer,ex:issuer_131,1.0,
ex:coin_16810,nmo:hasPortrait,ex:person_40,1.0,
ex:coin_16827,nmo:hasIssuer,ex:issuer_131,1.0,
ex:coin_16827,nmo:hasPortrait,ex:person_41,1.0,
ex:coin_16832,nmo:hasIssuer,ex:issuer_131,1.0,
ex:coin_16832,nmo:hasPortrait,ex:person_40,1.0,
ex:coin_16838,nmo:hasIssuer,ex:issuer_131,1.0,
ex:coin_16838,nmo:hasPortrait,ex:person_34,1.0,
ex:coin_16839,nmo:hasIssuer,ex:issuer_131,1.0,
ex:coin_16839,nmo:hasPortrait,ex:person_34,1.0,
ex:coin_16841,nmo:hasIssuer,ex:issuer_131,1.0,
ex:coin_16841,nmo:hasPortrait,ex:person_34,1.0,
ex:coin_16847,nmo:hasIssuer,ex:issuer_131,1.0,
ex:coin_16847,nmo:hasPortrait,ex:person_33,1.0,
ex:coin_16849,nmo:hasIssuer,ex:issuer_131,1.0,
ex:coin_16849,nmo:hasPortrait,ex:person_41,1.0,
ex:coin_16868,nmo:hasIssuer,ex:issuer_131,1.0,
ex:coin_16868,nmo:hasPortrait,ex:person_34,1.0,
ex:coin_16869,nmo:hasIssuer,ex:issuer_131,1.0,
ex:coin_16869,nmo:hasPortrait,ex:person_33,1.0,
ex:coin_17256,nmo:hasIssuer,ex:issuer_131,1.0,
ex:coin_17256,nmo:hasPortrait,ex:person_33,1.0,
ex:coin_17262,nmo:hasIssuer,ex:issuer_131,1.0,
ex:coin_17262,nmo:hasPortrait,ex:person_34,1.0,
ex:coin_17267,nmo:hasIssuer,ex:issuer_131,1.0,
ex:coin_17267,nmo:hasPortrait,ex:person_34,1.0,
ex:coin_17271,nmo:hasIssuer,ex:issuer_131,1.0,
ex:coin_17271,nmo:hasPortrait,ex:person_40,1.0,
ex:coin_17281,nmo:hasIssuer,ex:issuer_131,1.0,
ex:coin_17281,nmo:hasPortrait,ex:person_33,1.0,
ex:coin_17295,nmo:hasIssuer,ex:issuer_131,1.0,
ex:coin_17295,nmo:hasPortrait,ex:person_34,1.0,
ex:coin_17325,nmo:hasIssuer,ex:issuer_131,1.0,
ex:coin_17325,nmo:hasPortrait,ex:person_33,1.0,
ex:coin_17333,nmo:hasIssuer,ex:issuer_131,1.0,
ex:coin_17333,nmo:hasPortrait,ex:person_33,1.0,
ex:coin_17335,nmo:hasIssuer,ex:issuer_131,1.0,
ex:coin_17335,nmo:hasPortrait,ex:person_33,1.0,
ex:coin_17345,nmo:hasIssuer,ex:issuer_131,1.0,
ex:coin_17345,nmo:hasPortrait,ex:person_41,1.0,
ex:coin_17361,nmo:hasIssuer,ex:issuer_131,1.0,
ex:coin_17361,nmo:hasPortrait,ex:person_33,1.0,
ex:coin_17364,nmo:hasIssuer,ex:issuer_131,1.0,
ex:coin_17364,nmo:hasPortrait,ex:person_33,1.0,
ex:coin_17388,nmo:hasIssuer,ex:issuer_131,1.0,
ex:coin_17388,nmo:hasPortrait,ex:person_41,1.0,
ex:coin_17405,nmo:hasIssuer,ex:issuer_131,1.0,
ex:coin_17405,nmo:hasPortrait,ex:person_33,1.0,
ex:coin_17413,nmo:hasIssuer,ex:issuer_131,1.0,
ex:coin_17413,nmo:hasPortrait,ex:person_40,1.0,
ex:coin_17415,nmo:hasIssuer,ex:issuer_131,1.0,
ex:coin_17415,nmo:hasPortrait,ex:person_33,1.0,
ex:coin_17458,nmo:hasIssuer,ex:issuer_131,1.0,
ex:coin_17458,nmo:hasPortrait,ex:person_34,1.0,
ex:coin_17476,nmo:hasIssuer,ex:issuer_131,1.0,
ex:coin_17476,nmo:hasPortrait,ex:person_41,1.0,
ex:coin_17481,nmo:hasIssuer,ex:issuer_131,1.0,
ex:coin_17481,nmo:hasPortrait,ex:person_34,1.0,
ex:coin_17514,nmo:hasIssuer,ex:issuer_131,1.0,
ex:coin_17514,nmo:hasPortrait,ex:person_34,1.0,
ex:coin_17527,nmo:hasIssuer,ex:issuer_131,1.0,
ex:coin_17527,nmo:hasPortrait,ex:person_41,1.0,
ex:coin_17528,nmo:hasIssuer,ex:issuer_131,1.0,
ex:coin_17528,nmo:hasPortrait,ex:person_34,1.0,
ex:coin_17543,nmo:hasIssuer,ex:issuer_131,1.0,
ex:coin_17543,nmo:hasPortrait,ex:person_40,1.0,
ex:coin_17544,nmo:hasIssuer,ex:issuer_131,1.0,
ex:coin_17544,nmo:hasPortrait,ex:person_40,1.0,
ex:coin_17566,nmo:hasIssuer,ex:issuer_131,1.0,
ex:coin_17566,nmo:hasPortrait,ex:person_34,1.0,
ex:coin_17569,nmo:hasIssuer,ex:issuer_131,1.0,
ex:coin_17569,nmo:hasPortrait,ex:person_40,1.0,
ex:coin_17580,nmo:hasIssuer,ex:issuer_131,1.0,
ex:coin_17580,nmo:hasPortrait,ex:person_41,1.0,
ex:coin_17620,nmo:hasIssuer,ex:issuer_131,1.0,
ex:coin_17620,nmo:hasPortrait,ex:person_33,1.0,
ex:coin_17628,nmo:hasIssuer,ex:issuer_131,1.0,
ex:coin_17628,nmo:hasPortrait,ex:person_40,1.0,
ex:coin_17629,nmo:hasIssuer,ex:issuer_131,1.0,
ex:coin_17629,nmo:hasPortrait,ex:person_33,1.0,
ex:coin_17630,nmo:hasIssuer,ex:issuer_131,1.0,
ex:coin_17630,nmo:hasPortrait,ex:person_33,1.0,
ex:coin_17631,nmo:hasIssuer,ex:issuer_131,1.0,
ex:coin_17631,nmo:hasPortrait,ex:person_33,1.0,
ex:coin_17634,nmo:hasIssuer,ex:issuer_131,1.0,
ex:coin_17634,nmo:hasPortrait,ex:person_41,1.0,
ex:coin_17639,nmo:hasIssuer,ex:issuer_131,1.0,
ex:coin_17639,nmo:hasPortrait,ex:person_34,1.0,
ex:coin_17641,nmo:hasIssuer,ex:issuer_131,1.0,
ex:coin_17641,nmo:hasPortrait,ex:person_34,1.0,
ex:coin_17644,nmo:hasIssuer,ex:issuer_131,1.0,
ex:coin_17644,nmo:hasPortrait,ex:person_40,1.0,
ex:coin_17646,nmo:hasIssuer,ex:issuer_131,1.0,
ex:coin_17646,nmo:hasPortrait,ex:person_41,1.0,
ex:coin_17647,nmo:hasIssuer,ex:issuer_131,1.0,
ex:coin_17647,nmo:hasPortrait,ex:person_33,1.0,
ex:coin_17648,nmo:hasIssuer,ex:issuer_131,1.0,
ex:coin_17648,nmo:hasPortrait,ex:person_33,1.0,
ex:coin_17651,nmo:hasIssuer,ex:issuer_131,1.0,
ex:coin_17651,nmo:hasPortrait,ex:person_33,1.0,
ex:coin_17661,nmo:hasIssuer,ex:issuer_131,1.0,
ex:coin_17661,nmo:hasPortrait,ex:person_33,1.0,
ex:coin_17662,nmo:hasIssuer,ex:issuer_131,1.0,
ex:coin_17662,nmo:hasPortrait,ex:person_34,1.0,
ex:coin_17663,nmo:hasIssuer,ex:issuer_131,1.0,
ex:coin_17663,nmo:hasPortrait,ex:person_33,1.0,
ex:coin_17665,nmo:hasIssuer,ex:issuer_131,1.0,
ex:coin_17665,nmo:hasPortrait,ex:person_34,1.0,
ex:coin_17666,nmo:hasIssuer,ex:issuer_131,1.0,
ex:coin_17666,nmo:hasPortrait,ex:person_34,1.0,
ex:coin_17667,nmo:hasIssuer,ex:issuer_131,1.0,
ex:coin_17667,nmo:hasPortrait,ex:person_34,1.0,
ex:coin_17669,nmo:hasIssuer,ex:issuer_131,1.0,
ex:coin_17669,nmo:hasPortrait,ex:person_33,1.0,
ex:coin_17679,nmo:hasIssuer,ex:issuer_131,1.0,
ex:coin_17679,nmo:hasPortrait,ex:person_40,1.0,
ex:coin_17721,nmo:hasIssuer,ex:issuer_131,1.0,
ex:coin_17721,nmo:hasPortrait,ex:person_41,1.0,
ex:coin_17722,nmo:hasIssuer,ex:issuer_131,1.0,
ex:coin_17722,nmo:hasPortrait,ex:person_41,1.0,
ex:coin_18002,nmo:hasIssuer,ex:issuer_131,1.0,
ex:coin_18002,nmo:hasPortrait,ex:person_40,1.0,
ex:coin_18010,nmo:hasIssuer,ex:issuer_131,1.0,
ex:coin_18010,nmo:hasPortrait,ex:person_41,1.0,
ex:coin_18011,nmo:hasIssuer,ex:issuer_131,1.0,
ex:coin_18011,nmo:hasPortrait,ex:person_33,1.0,
ex:coin_18012,nmo:hasIssuer,ex:issuer_131,1.0,
ex:coin_18012,nmo:hasPortrait,ex:person_33,1.0,
ex:coin_18203,nmo:hasIssuer,ex:issuer_131,1.0,
ex:coin_18203,nmo:hasPortrait,ex:person_142,1.0,
ex:coin_27445,nmo:hasIssuer,ex:issuer_131,1.0,
ex:coin_27445,nmo:hasPortrait,ex:person_33,1.0,
ex:coin_27998,nmo:hasIssuer,ex:issuer_131,1.0,
ex:coin_27998,nmo:hasPortrait,ex:person_33,1.0,
ex:coin_28003,nmo:hasIssuer,ex:issuer_131,1.0,
ex:coin_28003,nmo:hasPortrait,ex:person_33,1.0,
ex:coin_28005,nmo:hasIssuer,ex:issuer_131,1.0,
ex:coin_28005,nmo:hasPortrait,ex:person_33,1.0,
ex:coin_28008,nmo:hasIssuer,ex:issuer_131,1.0,
ex:coin_28008,nmo:hasPortrait,ex:person_36,1.0,
ex:coin_28080,nmo:hasIssuer,ex:issuer_131,1.0,
ex:coin_28080,nmo:hasPortrait,ex:person_40,1.0,
ex:coin_28083,nmo:hasIssuer,ex:issuer_131,1.0,
ex:coin_28083,nmo:hasPortrait,ex:person_36,1.0,
ex:coin_28086,nmo:hasIssuer,ex:issuer_131,1.0,
ex:coin_28086,nmo:hasPortrait,ex:person_33,1.0,
ex:coin_28087,nmo:hasIssuer,ex:issuer_131,1.0,
ex:coin_28087,nmo:hasPortrait,ex:person_33,1.0,
ex:coin_28352,nmo:hasIssuer,ex:issuer_131,1.0,
ex:coin_28352,nmo:hasPortrait,ex:person_36,1.0,
ex:coin_28401,nmo:hasIssuer,ex:issuer_131,1.0,
ex:coin_28401,nmo:hasPortrait,ex:person_33,1.0,
ex:coin_28402,nmo:hasIssuer,ex:issuer_131,1.0,
ex:coin_28402,nmo:hasPortrait,ex:person_33,1.0,
ex:coin_28406,nmo:hasIssuer,ex:issuer_131,1.0,
ex:coin_28406,nmo:hasPortrait,ex:person_33,1.0,
ex:coin_28407,nmo:hasIssuer,ex:issuer_131,1.0,
ex:coin_28407,nmo:hasPortrait,ex:person_33,1.0,
ex:coin_28446,nmo:hasIssuer,ex:issuer_131,1.0,
ex:coin_28446,nmo:hasPortrait,ex:person_36,1.0,
ex:coin_28451,nmo:hasIssuer,ex:issuer_131,1.0,
ex:coin_28451,nmo:hasPortrait,ex:person_33,1.0,
ex:coin_28461,nmo:hasIssuer,ex:issuer_131,1.0,
ex:coin_28461,nmo:hasPortrait,ex:person_33,1.0,
ex:coin_28493,nmo:hasIssuer,ex:issuer_131,1.0,
ex:coin_28493,nmo:hasPortrait,ex:person_33,1.0,
ex:coin_28845,nmo:hasIssuer,ex:issuer_131,1.0,
ex:coin_28845,nmo:hasPortrait,ex:person_41,1.0,
ex:coin_28876,nmo:hasIssuer,ex:issuer_131,1.0,
ex:coin_28876,nmo:hasPortrait,ex:person_33,1.0,
ex:coin_28887,nmo:hasIssuer,ex:issuer_131,1.0,
ex:coin_28887,nmo:hasPortrait,ex:person_36,1.0,
ex:coin_28888,nmo:hasIssuer,ex:issuer_131,1.0,
ex:coin_28888,nmo:hasPortrait,ex:person_33,1.0,
ex:coin_28988,nmo:hasIssuer,ex:issuer_131,1.0,
ex:coin_28988,nmo:hasPortrait,ex:person_40,1.0,
ex:coin_29160,nmo:hasIssuer,ex:issuer_131,1.0,
ex:coin_29160,nmo:hasPortrait,ex:person_41,1.0,
ex:coin_29215,nmo:hasIssuer,ex:issuer_131,1.0,
ex:coin_29215,nmo:hasPortrait,ex:person_33,1.0,
ex:coin_29402,nmo:hasIssuer,ex:issuer_131,1.0,
ex:coin_29402,nmo:hasPortrait,ex:person_33,1.0,
ex:coin_29405,nmo:hasIssuer,ex:issuer_131,1.0,
ex:coin_29405,nmo:hasPortrait,ex:person_33,1.0,
ex:coin_29425,nmo:hasIssuer,ex:issuer_131,1.0,
ex:coin_29425,nmo:hasPortrait,ex:person_33,1.0,
ex:coin_29553,nmo:hasIssuer,ex:issuer_131,1.0,
ex:coin_29553,nmo:hasPortrait,ex:person_33,1.0,
ex:coin_29726,nmo:hasIssuer,ex:issuer_131,1.0,
ex:coin_29726,nmo:hasPortrait,ex:person_33,1.0,
ex:coin_29738,nmo:hasIssuer,ex:issuer_131,1.0,
ex:coin_29738,nmo:hasPortrait,ex:person_33,1.0,
ex:coin_29780,nmo:hasIssuer,ex:issuer_131,1.0,
ex:coin_29780,nmo:hasPortrait,ex:person_33,1.0,
ex:coin_29781,nmo:hasIssuer,ex:issuer_131,1.0,
ex:coin_29781,nmo:hasPortrait,ex:person_33,1.0,
ex:coin_29957,nmo:hasIssuer,ex:issuer_131,1.0,
ex:coin_29957,nmo:hasPortrait,ex:person_33,1.0,
ex:coin_30036,nmo:hasIssuer,ex:issuer_131,1.0,
ex:coin_30036,nmo:hasPortrait,ex:person_33,1.0,
ex:coin_30068,nmo:hasIssuer,ex:issuer_131,1.0,
ex:coin_30068,nmo:hasPortrait,ex:person_36,1.0,
ex:coin_30141,nmo:hasIssuer,ex:issuer_131,1.0,
ex:coin_30141,nmo:hasPortrait,ex:person_33,1.0,
ex:coin_30214,nmo:hasIssuer,ex:issuer_131,1.0,
ex:coin_30214,nmo:hasPortrait,ex:person_36,1.0,
ex:coin_30332,nmo:hasIssuer,ex:issuer_131,1.0,
ex:coin_30332,nmo:hasPortrait,ex:person_33,1.0,
ex:coin_30339,nmo:hasIssuer,ex:issuer_131,1.0,
ex:coin_30339,nmo:hasPortrait,ex:person_33,1.0,
ex:coin_30415,nmo:hasIssuer,ex:issuer_131,1.0,
ex:coin_30415,nmo:hasPortrait,ex:person_33,1.0,
ex:coin_30447,nmo:hasIssuer,ex:issuer_131,1.0,
ex:coin_30447,nmo:hasPortrait,ex:person_33,1.0,
ex:coin_30585,nmo:hasIssuer,ex:issuer_131,1.0,
ex:coin_30585,nmo:hasPortrait,ex:person_33,1.0,
ex:coin_30619,nmo:hasIssuer,ex:issuer_131,1.0,
ex:coin_30619,nmo:hasPortrait,ex:person_33,1.0,
ex:coin_30728,nmo:hasIssuer,ex:issuer_131,1.0,
ex:coin_30728,nmo:hasPortrait,ex:person_39,1.0,
ex:coin_30949,nmo:hasIssuer,ex:issuer_131,1.0,
ex:coin_30949,nmo:hasPortrait,ex:person_33,1.0,
ex:coin_30993,nmo:hasIssuer,ex:issuer_131,1.0,
ex:coin_30993,nmo:hasPortrait,ex:person_33,1.0,
ex:coin_31015,nmo:hasIssuer,ex:issuer_131,1.0,
ex:coin_31015,nmo:hasPortrait,ex:person_40,1.0,
ex:coin_31031,nmo:hasIssuer,ex:issuer_131,1.0,
ex:coin_31031,nmo:hasPortrait,ex:person_41,1.0,
ex:coin_31039,nmo:hasIssuer,ex:issuer_131,1.0,
ex:coin_31039,nmo:hasPortrait,ex:person_33,1.0,
ex:coin_31077,nmo:hasIssuer,ex:issuer_131,1.0,
ex:coin_31077,nmo:hasPortrait,ex:person_33,1.0,
ex:coin_31140,nmo:hasIssuer,ex:issuer_131,1.0,
ex:coin_31140,nmo:hasPortrait,ex:person_33,1.0,
ex:coin_31184,nmo:hasIssuer,ex:issuer_131,1.0,
ex:coin_31184,nmo:hasPortrait,ex:person_33,1.0,
ex:coin_31349,nmo:hasIssuer,ex:issuer_131,1.0,
ex:coin_31349,nmo:hasPortrait,ex:person_33,1.0,
ex:coin_31416,nmo:hasIssuer,ex:issuer_131,1.0,
ex:coin_31416,nmo:hasPortrait,ex:person_33,1.0,
ex:coin_31420,nmo:hasIssuer,ex:issuer_131,1.0,
ex:coin_31420,nmo:hasPortrait,ex:person_33,1.0,
ex:coin_31514,nmo:hasIssuer,ex:issuer_131,1.0,
ex:coin_31514,nmo:hasPortrait,ex:person_33,1.0,
ex:coin_31547,nmo:hasIssuer,ex:issuer_131,1.0,
ex:coin_31547,nmo:hasPortrait,ex:person_33,1.0,
ex:coin_31583,nmo:hasIssuer,ex:issuer_131,1.0,
ex:coin_31583,nmo:hasPortrait,ex:person_33,1.0,
ex:coin_31661,nmo:hasIssuer,ex:issuer_131,1.0,
ex:coin_31661,nmo:hasPortrait,ex:person_33,1.0,
ex:coin_31700,nmo:hasIssuer,ex:issuer_131,1.0,
ex:coin_31700,nmo:hasPortrait,ex:person_33,1.0,
ex:coin_31831,nmo:hasIssuer,ex:issuer_131,1.0,
ex:coin_31831,nmo:hasPortrait,ex:person_40,1.0,
ex:coin_32026,nmo:hasIssuer,ex:issuer_131,1.0,
ex:coin_32026,nmo:hasPortrait,ex:person_33,1.0,
ex:coin_32240,nmo:hasIssuer,ex:issuer_131,1.0,
ex:coin_32240,nmo:hasPortrait,ex:person_33,1.0,
ex:coin_32299,nmo:hasIssuer,ex:issuer_131,1.0,
ex:coin_32299,nmo:hasPortrait,ex:person_33,1.0,
ex:coin_32388,nmo:hasIssuer,ex:issuer_131,1.0,
ex:coin_32388,nmo:hasPortrait,ex:person_39,1.0,
ex:coin_32403,nmo:hasIssuer,ex:issuer_131,1.0,
ex:coin_32403,nmo:hasPortrait,ex:person_39,1.0,
ex:coin_32408,nmo:hasIssuer,ex:issuer_131,1.0,
ex:coin_32408,nmo:hasPortrait,ex:person_41,1.0,
ex:coin_32473,nmo:hasIssuer,ex:issuer_131,1.0,
ex:coin_32473,nmo:hasPortrait,ex:person_33,1.0,
ex:coin_32510,nmo:hasIssuer,ex:issuer_131,1.0,
ex:coin_32510,nmo:hasPortrait,ex:person_33,1.0,
ex:coin_32534,nmo:hasIssuer,ex:issuer_131,1.0,
ex:coin_32534,nmo:hasPortrait,ex:person_33,1.0,
ex:coin_32597,nmo:hasIssuer,ex:issuer_131,1.0,
ex:coin_32597,nmo:hasPortrait,ex:person_33,1.0,
ex:coin_32641,nmo:hasIssuer,ex:issuer_131,1.0,
ex:coin_32641,nmo:hasPortrait,ex:person_33,1.0,
ex:coin_32677,nmo:hasIssuer,ex:issuer_131,1.0,
ex:coin_32677,nmo:hasPortrait,ex:person_33,1.0,
ex:coin_32710,nmo:hasIssuer,ex:issuer_131,1.0,
ex:coin_32710,nmo:hasPortrait,ex:person_40,1.0,
ex:coin_32823,nmo:hasIssuer,ex:issuer_131,1.0,
ex:coin_32823,nmo:hasPortrait,ex:person_33,1.0,
ex:coin_32912,nmo:hasIssuer,ex:issuer_131,1.0,
ex:coin_32912,nmo:hasPortrait,ex:person_33,1.0,
ex:coin_32961,nmo:hasIssuer,ex:issuer_131,1.0,
ex:coin_32961,nmo:hasPortrait,ex:person_33,1.0,
ex:coin_33197,nmo:hasIssuer,ex:issuer_131,1.0,
ex:coin_33197,nmo:hasPortrait,ex:person_33,1.0,
ex:coin_33425,nmo:hasIssuer,ex:issuer_131,1.0,
ex:coin_33425,nmo:hasPortrait,ex:person_33,1.0,
ex:coin_33514,nmo:hasIssuer,ex:issuer_131,1.0,
ex:coin_33514,nmo:hasPortrait,ex:person_41,1.0,
ex:coin_33551,nmo:hasIssuer,ex:issuer_131,1.0,
ex:coin_33551,nmo:hasPortrait,ex:person_40,1.0,
ex:coin_33579,nmo:hasIssuer,ex:issuer_131,1.0,
ex:coin_33579,nmo:hasPortrait,ex:person_41,1.0,
ex:coin_33581,nmo:hasIssuer,ex:issuer_131,1.0,
ex:coin_33581,nmo:hasPortrait,ex:person_33,1.0,
ex:coin_33604,nmo:hasIssuer,ex:issuer_131,1.0,
ex:coin_33604,nmo:hasPortrait,ex:person_40,1.0,
ex:coin_33609,nmo:hasIssuer,ex:issuer_131,1.0,
ex:coin_33609,nmo:hasPortrait,ex:person_33,1.0,
ex:coin_33615,nmo:hasIssuer,ex:issuer_131,1.0,
ex:coin_33615,nmo:hasPortrait,ex:person_33,1.0,
ex:coin_33637,nmo:hasIssuer,ex:issuer_131,1.0,
ex:coin_33637,nmo:hasPortrait,ex:person_33,1.0,
ex:coin_33714,nmo:hasIssuer,ex:issuer_131,1.0,
ex:coin_33714,nmo:hasPortrait,ex:person_33,1.0,
ex:coin_33757,nmo:hasIssuer,ex:issuer_131,1.0,
ex:coin_33757,nmo:hasPortrait,ex:person_33,1.0,
ex:coin_33758,nmo:hasIssuer,ex:issuer_131,1.0,
ex:coin_33758,nmo:hasPortrait,ex:person_41,1.0,
ex:coin_33767,nmo:hasIssuer,ex:issuer_131,1.0,
ex:coin_33767,nmo:hasPortrait,ex:person_33,1.0,
ex:coin_33796,nmo:hasIssuer,ex:issuer_131,1.0,
ex:coin_33796,nmo:hasPortrait,ex:person_41,1.0,
ex:coin_33798,nmo:hasIssuer,ex:issuer_131,1.0,
ex:coin_33798,nmo:hasPortrait,ex:person_41,1.0,
ex:coin_33814,nmo:hasIssuer,ex:issuer_131,1.0,
ex:coin_33814,nmo:hasPortrait,ex:person_33,1.0,
ex:coin_33829,nmo:hasIssuer,ex:issuer_131,1.0,
ex:coin_33829,nmo:hasPortrait,ex:person_40,1.0,
ex:coin_33849,nmo:hasIssuer,ex:issuer_131,1.0,
ex:coin_33849,nmo:hasPortrait,ex:person_33,1.0,
ex:coin_33869,nmo:hasIssuer,ex:issuer_131,1.0,
ex:coin_33869,nmo:hasPortrait,ex:person_33,1.0,
ex:coin_34367,nmo:hasIssuer,ex:issuer_131,1.0,
ex:coin_34367,nmo:hasPortrait,ex:person_34,1.0,
ex:coin_34588,nmo:hasIssuer,ex:issuer_131,1.0,
ex:coin_34588,nmo:hasPortrait,ex:person_41,1.0,
ex:coin_34809,nmo:hasIssuer,ex:issuer_131,1.0,
ex:coin_34809,nmo:hasPortrait,ex:person_33,1.0,
ex:coin_36442,nmo:hasIssuer,ex:issuer_131,1.0,
ex:coin_36442,nmo:hasPortrait,ex:person_33,1.0,
ex:coin_36825,nmo:hasIssuer,ex:issuer_131,1.0,
ex:coin_36825,nmo:hasPortrait,ex:person_33,1.0,
ex:coin_36904,nmo:hasIssuer,ex:issuer_131,1.0,
ex:coin_36904,nmo:hasPortrait,ex:person_41,1.0,
ex:coin_36905,nmo:hasIssuer,ex:issuer_131,1.0,
ex:coin_36905,nmo:hasPortrait,ex:person_33,1.0,
ex:coin_36941,nmo:hasIssuer,ex:issuer_131,1.0,
ex:coin_36941,nmo:hasPortrait,ex:person_36,1.0,
ex:coin_36950,nmo:hasIssuer,ex:issuer_131,1.0,
ex:coin_36950,nmo:hasPortrait,ex:person_41,1.0,
ex:coin_36953,nmo:hasIssuer,ex:issuer_131,1.0,
ex:coin_36953,nmo:hasPortrait,ex:person_41,1.0,
ex:coin_37289,nmo:hasIssuer,ex:issuer_131,1.0,
ex:coin_37289,nmo:hasPortrait,ex:person_41,1.0,
ex:coin_37290,nmo:hasIssuer,ex:issuer_131,1.0,
ex:coin_37290,nmo:hasPortrait,ex:person_40,1.0,
ex:coin_37291,nmo:hasIssuer,ex:issuer_131,1.0,
ex:coin_37291,nmo:hasPortrait,ex:person_41,1.0,
ex:coin_37292,nmo:hasIssuer,ex:issuer_131,1.0,
ex:coin_37292,nmo:hasPortrait,ex:person_33,1.0,
ex:coin_37293,nmo:hasIssuer,ex:issuer_131,1.0,
ex:coin_37293,nmo:hasPortrait,ex:person_33,1.0,
ex:coin_37294,nmo:hasIssuer,ex:issuer_131,1.0,
ex:coin_37294,nmo:hasPortrait,ex:person_41,1.0,
ex:coin_37295,nmo:hasIssuer,ex:issuer_131,1.0,
ex:coin_37295,nmo:hasPortrait,ex:person_33,1.0,
ex:coin_37297,nmo:hasIssuer,ex:issuer_131,1.0,
ex:coin_37297,nmo:hasPortrait,ex:person_41,1.0,
ex:coin_37299,nmo:hasIssuer,ex:issuer_131,1.0,
ex:coin_37299,nmo:hasPortrait,ex:person_33,1.0,
ex:coin_37300,nmo:hasIssuer,ex:issuer_131,1.0,
ex:coin_37300,nmo:hasPortrait,ex:person_40,1.0,
ex:coin_37301,nmo:hasIssuer,ex:issuer_131,1.0,
ex:coin_37301,nmo:hasPortrait,ex:person_41,1.0,
ex:coin_37302,nmo:hasIssuer,ex:issuer_131,1.0,
ex:coin_37302,nmo:hasPortrait,ex:person_33,1.0,
ex:coin_37303,nmo:hasIssuer,ex:issuer_131,1.0,
ex:coin_37303,nmo:hasPortrait,ex:person_33,1.0,
ex:coin_37304,nmo:hasIssuer,ex:issuer_131,1.0,
ex:coin_37304,nmo:hasPortrait,ex:person_33,1.0,
ex:coin_37305,nmo:hasIssuer,ex:issuer_131,1.0,
ex:coin_37305,nmo:hasPortrait,ex:person_40,1.0,
ex:coin_37306,nmo:hasIssuer,ex:issuer_131,1.0,
ex:coin_37306,nmo:hasPortrait,ex:person_40,1.0,
ex:coin_37307,nmo:hasIssuer,ex:issuer_131,1.0,
ex:coin_37307,nmo:hasPortrait,ex:person_33,1.0,
ex:coin_37308,nmo:hasIssuer,ex:issuer_131,1.0,
ex:coin_37308,nmo:hasPortrait,ex:person_41,1.0,
ex:coin_37309,nmo:hasIssuer,ex:issuer_131,1.0,
ex:coin_37309,nmo:hasPortrait,ex:person_33,1.0,
ex:coin_37311,nmo:hasIssuer,ex:issuer_131,1.0,
ex:coin_37311,nmo:hasPortrait,ex:person_40,1.0,
ex:coin_37312,nmo:hasIssuer,ex:issuer_131,1.0,
ex:coin_37312,nmo:hasPortrait,ex:person_33,1.0,
ex:coin_37313,nmo:hasIssuer,ex:issuer_131,1.0,
ex:coin_37313,nmo:hasPortrait,ex:person_40,1.0,
ex:coin_37314,nmo:hasIssuer,ex:issuer_131,1.0,
ex:coin_37314,nmo:hasPortrait,ex:person_40,1.0,
ex:coin_37316,nmo:hasIssuer,ex:issuer_131,1.0,
ex:coin_37316,nmo:hasPortrait,ex:person_33,1.0,
ex:coin_37317,nmo:hasIssuer,ex:issuer_131,1.0,
ex:coin_37317,nmo:hasPortrait,ex:person_41,1.0,
ex:coin_37318,nmo:hasIssuer,ex:issuer_131,1.0,
ex:coin_37318,nmo:hasPortrait,ex:person_40,1.0,
ex:coin_37319,nmo:hasIssuer,ex:issuer_131,1.0,
ex:coin_37319,nmo:hasPortrait,ex:person_33,1.0,
ex:coin_37320,nmo:hasIssuer,ex:issuer_131,1.0,
ex:coin_37320,nmo:hasPortrait,ex:person_36,1.0,
ex:coin_37321,nmo:hasIssuer,ex:issuer_131,1.0,
ex:coin_37321,nmo:hasPortrait,ex:person_40,1.0,
ex:coin_37323,nmo:hasIssuer,ex:issuer_131,1.0,
ex:coin_37323,nmo:hasPortrait,ex:person_41,1.0,
ex:coin_37324,nmo:hasIssuer,ex:issuer_131,1.0,
ex:coin_37324,nmo:hasPortrait,ex:person_41,1.0,
ex:coin_37326,nmo:hasIssuer,ex:issuer_131,1.0,
ex:coin_37326,nmo:hasPortrait,ex:person_41,1.0,
ex:coin_37327,nmo:hasIssuer,ex:issuer_131,1.0,
ex:coin_37327,nmo:hasPortrait,ex:person_41,1.0,
ex:coin_37328,nmo:hasIssuer,ex:issuer_131,1.0,
ex:coin_37328,nmo:hasPortrait,ex:person_41,1.0,
ex:coin_37329,nmo:hasIssuer,ex:issuer_131,1.0,
ex:coin_37329,nmo:hasPortrait,ex:person_40,1.0,
ex:coin_37332,nmo:hasIssuer,ex:issuer_131,1.0,
ex:coin_37332,nmo:hasPortrait,ex:person_41,1.0,
ex:coin_37333,nmo:hasIssuer,ex:issuer_131,1.0,
ex:coin_37333,nmo:hasPortrait,ex:person_41,1.0,
ex:coin_37334,nmo:hasIssuer,ex:issuer_131,1.0,
ex:coin_37334,nmo:hasPortrait,ex:person_40,1.0,
ex:coin_37337,nmo:hasIssuer,ex:issuer_131,1.0,
ex:coin_37337,nmo:hasPortrait,ex:person_41,1.0,
ex:coin_37339,nmo:hasIssuer,ex:issuer_131,1.0,
ex:coin_37339,nmo:hasPortrait,ex:person_41,1.0,
ex:coin_37340,nmo:hasIssuer,ex:issuer_131,1.0,
ex:coin_37340,nmo:hasPortrait,ex:person_41,1.0,
ex:coin_37342,nmo:hasIssuer,ex:issuer_131,1.0,
ex:coin_37342,nmo:hasPortrait,ex:person_41,1.0,
ex:coin_37343,nmo:hasIssuer,ex:issuer_131,1.0,
ex:coin_37343,nmo:hasPortrait,ex:person_33,1.0,
ex:coin_37344,nmo:hasIssuer,ex:issuer_131,1.0,
ex:coin_37344,nmo:hasPortrait,ex:person_33,1.0,
ex:coin_37346,nmo:hasIssuer,ex:issuer_131,1.0,
ex:coin_37346,nmo:hasPortrait,ex:person_40,1.0,
ex:coin_37347,nmo:hasIssuer,ex:issuer_131,1.0,
ex:coin_37347,nmo:hasPortrait,ex:person_41,1.0,
ex:coin_37349,nmo:hasIssuer,ex:issuer_131,1.0,
ex:coin_37349,nmo:hasPortrait,ex:person_41,1.0,
ex:coin_37350,nmo:hasIssuer,ex:issuer_131,1.0,
ex:coin_37350,nmo:hasPortrait,ex:person_33,1.0,
ex:coin_37351,nmo:hasIssuer,ex:issuer_131,1.0,
ex:coin_37351,nmo:hasPortrait,ex:person_41,1.0,
ex:coin_37352,nmo:hasIssuer,ex:issuer_131,1.0,
ex:coin_37352,nmo:hasPortrait,ex:person_33,1.0,
ex:coin_37354,nmo:hasIssuer,ex:issuer_131,1.0,
ex:coin_37354,nmo:hasPortrait,ex:person_40,1.0,
ex:coin_37355,nmo:hasIssuer,ex:issuer_131,1.0,
ex:coin_37355,nmo:hasPortrait,ex:person_41,1.0,
ex:coin_37357,nmo:hasIssuer,ex:issuer_131,1.0,
ex:coin_37357,nmo:hasPortrait,ex:person_33,1.0,
ex:coin_37358,nmo:hasIssuer,ex:issuer_131,1.0,
ex:coin_37358,nmo:hasPortrait,ex:person_33,1.0,
ex:coin_37359,nmo:hasIssuer,ex:issuer_131,1.0,
ex:coin_37359,nmo:hasPortrait,ex:person_39,1.0,
ex:coin_37361,nmo:hasIssuer,ex:issuer_131,1.0,
ex:coin_37361,nmo:hasPortrait,ex:person_40,1.0,
ex:coin_37362,nmo:hasIssuer,ex:issuer_131,1.0,
ex:coin_37362,nmo:hasPortrait,ex:person_41,1.0,
ex:coin_37363,nmo:hasIssuer,ex:issuer_131,1.0,
ex:coin_37363,nmo:hasPortrait,ex:person_41,1.0,
ex:coin_37364,nmo:hasIssuer,ex:issuer_131,1.0,
ex:coin_37364,nmo:hasPortrait,ex:person_40,1.0,
ex:coin_37366,nmo:hasIssuer,ex:issuer_131,1.0,
ex:coin_37366,nmo:hasPortrait,ex:person_33,1.0,
ex:coin_37367,nmo:hasIssuer,ex:issuer_131,1.0,
ex:coin_37367,nmo:hasPortrait,ex:person_41,1.0,
ex:coin_37368,nmo:hasIssuer,ex:issuer_131,1.0,
ex:coin_37368,nmo:hasPortrait,ex:person_33,1.0,
ex:coin_37369,nmo:hasIssuer,ex:issuer_131,1.0,
ex:coin_37369,nmo:hasPortrait,ex:person_41,1.0,
ex:coin_37370,nmo:hasIssuer,ex:issuer_131,1.0,
ex:coin_37370,nmo:hasPortrait,ex:person_40,1.0,
ex:coin_37371,nmo:hasIssuer,ex:issuer_131,1.0,
ex:coin_37371,nmo:hasPortrait,ex:person_33,1.0,
ex:coin_37372,nmo:hasIssuer,ex:issuer_131,1.0,
ex:coin_37372,nmo:hasPortrait,ex:person_41,1.0,
ex:coin_37373,nmo:hasIssuer,ex:issuer_131,1.0,
ex:coin_37373,nmo:hasPortrait,ex:person_33,1.0,
ex:coin_37374,nmo:hasIssuer,ex:issuer_131,1.0,
ex:coin_37374,nmo:hasPortrait,ex:person_41,1.0,
ex:coin_37375,nmo:hasIssuer,ex:issuer_131,1.0,
ex:coin_37375,nmo:hasPortrait,ex:person_41,1.0,
ex:coin_37376,nmo:hasIssuer,ex:issuer_131,1.0,
ex:coin_37376,nmo:hasPortrait,ex:person_41,1.0,
ex:coin_37377,nmo:hasIssuer,ex:issuer_131,1.0,
ex:coin_37377,nmo:hasPortrait,ex:person_33,1.0,
ex:coin_37378,nmo:hasIssuer,ex:issuer_131,1.0,
ex:coin_37378,nmo:hasPortrait,ex:person_33,1.0,
ex:coin_37380,nmo:hasIssuer,ex:issuer_131,1.0,
ex:coin_37380,nmo:hasPortrait,ex:person_40,1.0,
ex:coin_37382,nmo:hasIssuer,ex:issuer_131,1.0,
ex:coin_37382,nmo:hasPortrait,ex:person_33,1.0,
ex:coin_37386,nmo:hasIssuer,ex:issuer_131,1.0,
ex:coin_37386,nmo:hasPortrait,ex:person_40,1.0,
ex:coin_37387,nmo:hasIssuer,ex:issuer_131,1.0,
ex:coin_37387,nmo:hasPortrait,ex:person_33,1.0,
ex:coin_37388,nmo:hasIssuer,ex:issuer_131,1.0,
ex:coin_37388,nmo:hasPortrait,ex:person_40,1.0,
ex:coin_37391,nmo:hasIssuer,ex:issuer_131,1.0,
ex:coin_37391,nmo:hasPortrait,ex:person_40,1.0,
ex:coin_37392,nmo:hasIssuer,ex:issuer_131,1.0,
ex:coin_37392,nmo:hasPortrait,ex:person_33,1.0,
ex:coin_37393,nmo:hasIssuer,ex:issuer_131,1.0,
ex:coin_37393,nmo:hasPortrait,ex:person_40,1.0,
ex:coin_37394,nmo:hasIssuer,ex:issuer_131,1.0,
ex:coin_37394,nmo:hasPortrait,ex:person_33,1.0,
ex:coin_37395,nmo:hasIssuer,ex:issuer_131,1.0,
ex:coin_37395,nmo:hasPortrait,ex:person_40,1.0,
ex:coin_37396,nmo:hasIssuer,ex:issuer_131,1.0,
ex:coin_37396,nmo:hasPortrait,ex:person_40,1.0,
ex:coin_37397,nmo:hasIssuer,ex:issuer_131,1.0,
ex:coin_37397,nmo:hasPortrait,ex:person_40,1.0,
ex:coin_37398,nmo:hasIssuer,ex:issuer_131,1.0,
ex:coin_37398,nmo:hasPortrait,ex:person_41,1.0,
ex:coin_37400,nmo:hasIssuer,ex:issuer_131,1.0,
ex:coin_37400,nmo:hasPortrait,ex:person_33,1.0,
ex:coin_37401,nmo:hasIssuer,ex:issuer_131,1.0,
ex:coin_37401,nmo:hasPortrait,ex:person_33,1.0,
ex:coin_37402,nmo:hasIssuer,ex:issuer_131,1.0,
ex:coin_37402,nmo:hasPortrait,ex:person_40,1.0,
ex:coin_37403,nmo:hasIssuer,ex:issuer_131,1.0,
ex:coin_37403,nmo:hasPortrait,ex:person_33,1.0,
ex:coin_37404,nmo:hasIssuer,ex:issuer_131,1.0,
ex:coin_37404,nmo:hasPortrait,ex:person_40,1.0,
ex:coin_37406,nmo:hasIssuer,ex:issuer_131,1.0,
ex:coin_37406,nmo:hasPortrait,ex:person_33,1.0,
ex:coin_37407,nmo:hasIssuer,ex:issuer_131,1.0,
ex:coin_37407,nmo:hasPortrait,ex:person_33,1.0,
ex:coin_37408,nmo:hasIssuer,ex:issuer_131,1.0,
ex:coin_37408,nmo:hasPortrait,ex:person_33,1.0,
ex:coin_37409,nmo:hasIssuer,ex:issuer_131,1.0,
ex:coin_37409,nmo:hasPortrait,ex:person_33,1.0,
ex:coin_37410,nmo:hasIssuer,ex:issuer_131,1.0,
ex:coin_37410,nmo:hasPortrait,ex:person_33,1.0,
ex:coin_37411,nmo:hasIssuer,ex:issuer_131,1.0,
ex:coin_37411,nmo:hasPortrait,ex:person_40,1.0,
ex:coin_37412,nmo:hasIssuer,ex:issuer_131,1.0,
ex:coin_37412,nmo:hasPortrait,ex:person_36,1.0,
ex:coin_37414,nmo:hasIssuer,ex:issuer_131,1.0,
ex:coin_37414,nmo:hasPortrait,ex:person_33,1.0,
ex:coin_37415,nmo:hasIssuer,ex:issuer_131,1.0,
ex:coin_37415,nmo:hasPortrait,ex:person_41,1.0,
ex:coin_37416,nmo:hasIssuer,ex:issuer_131,1.0,
ex:coin_37416,nmo:hasPortrait,ex:person_33,1.0,
ex:coin_37417,nmo:hasIssuer,ex:issuer_131,1.0,
ex:coin_37417,nmo:hasPortrait,ex:person_41,1.0,
ex:coin_37418,nmo:hasIssuer,ex:issuer_131,1.0,
ex:coin_37418,nmo:hasPortrait,ex:person_36,1.0,
ex:coin_37419,nmo:hasIssuer,ex:issuer_131,1.0,
ex:coin_37419,nmo:hasPortrait,ex:person_40,1.0,
ex:coin_37421,nmo:hasIssuer,ex:issuer_131,1.0,
ex:coin_37421,nmo:hasPortrait,ex:person_40,1.0,
ex:coin_37423,nmo:hasIssuer,ex:issuer_131,1.0,
ex:coin_37423,nmo:hasPortrait,ex:person_41,1.0,
ex:coin_37424,nmo:hasIssuer,ex:issuer_131,1.0,
ex:coin_37424,nmo:hasPortrait,ex:person_41,1.0,
ex:coin_37425,nmo:hasIssuer,ex:issuer_131,1.0,
ex:coin_37425,nmo:hasPortrait,ex:person_40,1.0,
ex:coin_37426,nmo:hasIssuer,ex:issuer_131,1.0,
ex:coin_37426,nmo:hasPortrait,ex:person_41,1.0,
ex:coin_37427,nmo:hasIssuer,ex:issuer_131,1.0,
ex:coin_37427,nmo:hasPortrait,ex:person_33,1.0,
ex:coin_37428,nmo:hasIssuer,ex:issuer_131,1.0,
ex:coin_37428,nmo:hasPortrait,ex:person_41,1.0,
ex:coin_37430,nmo:hasIssuer,ex:issuer_131,1.0,
ex:coin_37430,nmo:hasPortrait,ex:person_33,1.0,
ex:coin_37431,nmo:hasIssuer,ex:issuer_131,1.0,
ex:coin_37431,nmo:hasPortrait,ex:person_40,1.0,
ex:coin_37432,nmo:hasIssuer,ex:issuer_131,1.0,
ex:coin_37432,nmo:hasPortrait,ex:person_40,1.0,
ex:coin_37433,nmo:hasIssuer,ex:issuer_131,1.0,
ex:coin_37433,nmo:hasPortrait,ex:person_33,1.0,
ex:coin_37434,nmo:hasIssuer,ex:issuer_131,1.0,
ex:coin_37434,nmo:hasPortrait,ex:person_41,1.0,
ex:coin_37437,nmo:hasIssuer,ex:issuer_131,1.0,
ex:coin_37437,nmo:hasPortrait,ex:person_40,1.0,
ex:coin_37438,nmo:hasIssuer,ex:issuer_131,1.0,
ex:coin_37438,nmo:hasPortrait,ex:person_33,1.0,
ex:coin_37441,nmo:hasIssuer,ex:issuer_131,1.0,
ex:coin_37441,nmo:hasPortrait,ex:person_33,1.0,
ex:coin_37442,nmo:hasIssuer,ex:issuer_131,1.0,
ex:coin_37442,nmo:hasPortrait,ex:person_40,1.0,
ex:coin_37443,nmo:hasIssuer,ex:issuer_131,1.0,
ex:coin_37443,nmo:hasPortrait,ex:person_33,1.0,
ex:coin_37444,nmo:hasIssuer,ex:issuer_131,1.0,
ex:coin_37444,nmo:hasPortrait,ex:person_33,1.0,
ex:coin_37445,nmo:hasIssuer,ex:issuer_131,1.0,
ex:coin_37445,nmo:hasPortrait,ex:person_33,1.0,
ex:coin_37446,nmo:hasIssuer,ex:issuer_131,1.0,
ex:coin_37446,nmo:hasPortrait,ex:person_33,1.0,
ex:coin_37463,nmo:hasIssuer,ex:issuer_131,1.0,
ex:coin_37463,nmo:hasPortrait,ex:person_33,1.0,
ex:coin_37468,nmo:hasIssuer,ex:issuer_131,1.0,
ex:coin_37468,nmo:hasPortrait,ex:person_33,1.0,
ex:coin_37469,nmo:hasIssuer,ex:issuer_131,1.0,
ex:coin_37469,nmo:hasPortrait,ex:person_40,1.0,
ex:coin_37470,nmo:hasIssuer,ex:issuer_131,1.0,
ex:coin_37470,nmo:hasPortrait,ex:person_40,1.0,
ex:coin_37471,nmo:hasIssuer,ex:issuer_131,1.0,
ex:coin_37471,nmo:hasPortrait,ex:person_41,1.0,
ex:coin_37472,nmo:hasIssuer,ex:issuer_131,1.0,
ex:coin_37472,nmo:hasPortrait,ex:person_33,1.0,
ex:coin_37473,nmo:hasIssuer,ex:issuer_131,1.0,
ex:coin_37473,nmo:hasPortrait,ex:person_40,1.0,
ex:coin_37474,nmo:hasIssuer,ex:issuer_131,1.0,
ex:coin_37474,nmo:hasPortrait,ex:person_41,1.0,
ex:coin_37475,nmo:hasIssuer,ex:issuer_131,1.0,
ex:coin_37475,nmo:hasPortrait,ex:person_40,1.0,
ex:coin_37476,nmo:hasIssuer,ex:issuer_131,1.0,
ex:coin_37476,nmo:hasPortrait,ex:person_40,1.0,
ex:coin_37477,nmo:hasIssuer,ex:issuer_131,1.0,
ex:coin_37477,nmo:hasPortrait,ex:person_40,1.0,
ex:coin_37478,nmo:hasIssuer,ex:issuer_131,1.0,
ex:coin_37478,nmo:hasPortrait,ex:person_40,1.0,
ex:coin_37479,nmo:hasIssuer,ex:issuer_131,1.0,
ex:coin_37479,nmo:hasPortrait,ex:person_33,1.0,
ex:coin_37480,nmo:hasIssuer,ex:issuer_131,1.0,
ex:coin_37480,nmo:hasPortrait,ex:person_33,1.0,
ex:coin_37481,nmo:hasIssuer,ex:issuer_131,1.0,
ex:coin_37481,nmo:hasPortrait,ex:person_33,1.0,
ex:coin_37482,nmo:hasIssuer,ex:issuer_131,1.0,
ex:coin_37482,nmo:hasPortrait,ex:person_33,1.0,
ex:coin_37483,nmo:hasIssuer,ex:issuer_131,1.0,
ex:coin_37483,nmo:hasPortrait,ex:person_40,1.0,
ex:coin_37484,nmo:hasIssuer,ex:issuer_131,1.0,
ex:coin_37484,nmo:hasPortrait,ex:person_40,1.0,
ex:coin_37485,nmo:hasIssuer,ex:issuer_131,1.0,
ex:coin_37485,nmo:hasPortrait,ex:person_41,1.0,
ex:coin_37487,nmo:hasIssuer,ex:issuer_131,1.0,
ex:coin_37487,nmo:hasPortrait,ex:person_40,1.0,
ex:coin_37488,nmo:hasIssuer,ex:issuer_131,1.0,
ex:coin_37488,nmo:hasPortrait,ex:person_40,1.0,
ex:coin_37489,nmo:hasIssuer,ex:issuer_131,1.0,
ex:coin_37489,nmo:hasPortrait,ex:person_33,1.0,
ex:coin_37491,nmo:hasIssuer,ex:issuer_131,1.0,
ex:coin_37491,nmo:hasPortrait,ex:person_33,1.0,
ex:coin_37492,nmo:hasIssuer,ex:issuer_131,1.0,
ex:coin_37492,nmo:hasPortrait,ex:person_41,1.0,
ex:coin_37493,nmo:hasIssuer,ex:issuer_131,1.0,
ex:coin_37493,nmo:hasPortrait,ex:person_41,1.0,
ex:coin_37494,nmo:hasIssuer,ex:issuer_131,1.0,
ex:coin_37494,nmo:hasPortrait,ex:person_41,1.0,
ex:coin_37495,nmo:hasIssuer,ex:issuer_131,1.0,
ex:coin_37495,nmo:hasPortrait,ex:person_41,1.0,
ex:coin_37496,nmo:hasIssuer,ex:issuer_131,1.0,
ex:coin_37496,nmo:hasPortrait,ex:person_33,1.0,
ex:coin_37500,nmo:hasIssuer,ex:issuer_131,1.0,
ex:coin_37500,nmo:hasPortrait,ex:person_41,1.0,
ex:coin_37501,nmo:hasIssuer,ex:issuer_131,1.0,
ex:coin_37501,nmo:hasPortrait,ex:person_40,1.0,
ex:coin_37502,nmo:hasIssuer,ex:issuer_131,1.0,
ex:coin_37502,nmo:hasPortrait,ex:person_41,1.0,
ex:coin_37503,nmo:hasIssuer,ex:issuer_131,1.0,
ex:coin_37503,nmo:hasPortrait,ex:person_40,1.0,
ex:coin_37505,nmo:hasIssuer,ex:issuer_131,1.0,
ex:coin_37505,nmo:hasPortrait,ex:person_33,1.0,
ex:coin_37506,nmo:hasIssuer,ex:issuer_131,1.0,
ex:coin_37506,nmo:hasPortrait,ex:person_33,1.0,
ex:coin_37508,nmo:hasIssuer,ex:issuer_131,1.0,
ex:coin_37508,nmo:hasPortrait,ex:person_40,1.0,
ex:coin_37509,nmo:hasIssuer,ex:issuer_131,1.0,
ex:coin_37509,nmo:hasPortrait,ex:person_36,1.0,
ex:coin_37510,nmo:hasIssuer,ex:issuer_131,1.0,
ex:coin_37510,nmo:hasPortrait,ex:person_36,1.0,
ex:coin_37518,nmo:hasIssuer,ex:issuer_131,1.0,
ex:coin_37518,nmo:hasPortrait,ex:person_40,1.0,
ex:coin_37519,nmo:hasIssuer,ex:issuer_131,1.0,
ex:coin_37519,nmo:hasPortrait,ex:person_40,1.0,
ex:coin_37521,nmo:hasIssuer,ex:issuer_131,1.0,
ex:coin_37521,nmo:hasPortrait,ex:person_33,1.0,
ex:coin_37522,nmo:hasIssuer,ex:issuer_131,1.0,
ex:coin_37522,nmo:hasPortrait,ex:person_36,1.0,
ex:coin_37525,nmo:hasIssuer,ex:issuer_131,1.0,
ex:coin_37525,nmo:hasPortrait,ex:person_40,1.0,
ex:coin_37533,nmo:hasIssuer,ex:issuer_131,1.0,
ex:coin_37533,nmo:hasPortrait,ex:person_33,1.0,
ex:coin_37534,nmo:hasIssuer,ex:issuer_131,1.0,
ex:coin_37534,nmo:hasPortrait,ex:person_33,1.0,
ex:coin_37537,nmo:hasIssuer,ex:issuer_131,1.0,
ex:coin_37537,nmo:hasPortrait,ex:person_33,1.0,
ex:coin_37539,nmo:hasIssuer,ex:issuer_131,1.0,
ex:coin_37539,nmo:hasPortrait,ex:person_33,1.0,
ex:coin_37540,nmo:hasIssuer,ex:issuer_131,1.0,
ex:coin_37540,nmo:hasPortrait,ex:person_41,1.0,
ex:coin_37541,nmo:hasIssuer,ex:issuer_131,1.0,
ex:coin_37541,nmo:hasPortrait,ex:person_41,1.0,
ex:coin_37542,nmo:hasIssuer,ex:issuer_131,1.0,
ex:coin_37542,nmo:hasPortrait,ex:person_36,1.0,
ex:coin_37546,nmo:hasIssuer,ex:issuer_131,1.0,
ex:coin_37546,nmo:hasPortrait,ex:person_41,1.0,
ex:coin_37551,nmo:hasIssuer,ex:issuer_131,1.0,
ex:coin_37551,nmo:hasPortrait,ex:person_33,1.0,
ex:coin_37556,nmo:hasIssuer,ex:issuer_131,1.0,
ex:coin_37556,nmo:hasPortrait,ex:person_41,1.0,
ex:coin_37557,nmo:hasIssuer,ex:issuer_131,1.0,
ex:coin_37557,nmo:hasPortrait,ex:person_40,1.0,
ex:coin_37558,nmo:hasIssuer,ex:issuer_131,1.0,
ex:coin_37558,nmo:hasPortrait,ex:person_33,1.0,
ex:coin_37560,nmo:hasIssuer,ex:issuer_131,1.0,
ex:coin_37560,nmo:hasPortrait,ex:person_40,1.0,
ex:coin_37564,nmo:hasIssuer,ex:issuer_131,1.0,
ex:coin_37564,nmo:hasPortrait,ex:person_40,1.0,
ex:coin_37565,nmo:hasIssuer,ex:issuer_131,1.0,
ex:coin_37565,nmo:hasPortrait,ex:person_40,1.0,
ex:coin_37567,nmo:hasIssuer,ex:issuer_131,1.0,
ex:coin_37567,nmo:hasPortrait,ex:person_40,1.0,
ex:coin_37568,nmo:hasIssuer,ex:issuer_131,1.0,
ex:coin_37568,nmo:hasPortrait,ex:person_33,1.0,
ex:coin_37569,nmo:hasIssuer,ex:issuer_131,1.0,
ex:coin_37569,nmo:hasPortrait,ex:person_33,1.0,
ex:coin_37571,nmo:hasIssuer,ex:issuer_131,1.0,
ex:coin_37571,nmo:hasPortrait,ex:person_39,1.0,
ex:coin_37573,nmo:hasIssuer,ex:issuer_131,1.0,
ex:coin_37573,nmo:hasPortrait,ex:person_33,1.0,
ex:coin_37574,nmo:hasIssuer,ex:issuer_131,1.0,
ex:coin_37574,nmo:hasPortrait,ex:person_33,1.0,
ex:coin_37580,nmo:hasIssuer,ex:issuer_131,1.0,
ex:coin_37580,nmo:hasPortrait,ex:person_41,1.0,
ex:coin_37582,nmo:hasIssuer,ex:issuer_131,1.0,
ex:coin_37582,nmo:hasPortrait,ex:person_33,1.0,
ex:coin_37583,nmo:hasIssuer,ex:issuer_131,1.0,
ex:coin_37583,nmo:hasPortrait,ex:person_41,1.0,
ex:coin_37586,nmo:hasIssuer,ex:issuer_131,1.0,
ex:coin_37586,nmo:hasPortrait,ex:person_33,1.0,
ex:coin_37590,nmo:hasIssuer,ex:issuer_131,1.0,
ex:coin_37590,nmo:hasPortrait,ex:person_33,1.0,
ex:coin_37591,nmo:hasIssuer,ex:issuer_131,1.0,
ex:coin_37591,nmo:hasPortrait,ex:person_33,1.0,
ex:coin_37596,nmo:hasIssuer,ex:issuer_131,1.0,
ex:coin_37596,nmo:hasPortrait,ex:person_33,1.0,
ex:coin_37604,nmo:hasIssuer,ex:issuer_131,1.0,
ex:coin_37604,nmo:hasPortrait,ex:person_33,1.0,
ex:coin_37605,nmo:hasIssuer,ex:issuer_131,1.0,
ex:coin_37605,nmo:hasPortrait,ex:person_33,1.0,
ex:coin_37606,nmo:hasIssuer,ex:issuer_131,1.0,
ex:coin_37606,nmo:hasPortrait,ex:person_40,1.0,
ex:coin_37607,nmo:hasIssuer,ex:issuer_131,1.0,
ex:coin_37607,nmo:hasPortrait,ex:person_40,1.0,
ex:coin_37608,nmo:hasIssuer,ex:issuer_131,1.0,
ex:coin_37608,nmo:hasPortrait,ex:person_33,1.0,
ex:coin_37612,nmo:hasIssuer,ex:issuer_131,1.0,
ex:coin_37612,nmo:hasPortrait,ex:person_40,1.0,
ex:coin_37616,nmo:hasIssuer,ex:issuer_131,1.0,
ex:coin_37616,nmo:hasPortrait,ex:person_33,1.0,
ex:coin_37618,nmo:hasIssuer,ex:issuer_131,1.0,
ex:coin_37618,nmo:hasPortrait,ex:person_33,1.0,
ex:coin_37621,nmo:hasIssuer,ex:issuer_131,1.0,
ex:coin_37621,nmo:hasPortrait,ex:person_33,1.0,
ex:coin_37627,nmo:hasIssuer,ex:issuer_131,1.0,
ex:coin_37627,nmo:hasPortrait,ex:person_40,1.0,
ex:coin_37630,nmo:hasIssuer,ex:issuer_131,1.0,
ex:coin_37630,nmo:hasPortrait,ex:person_40,1.0,
ex:coin_37631,nmo:hasIssuer,ex:issuer_131,1.0,
ex:coin_37631,nmo:hasPortrait,ex:person_33,1.0,
ex:coin_37636,nmo:hasIssuer,ex:issuer_131,1.0,
ex:coin_37636,nmo:hasPortrait,ex:person_40,1.0,
ex:coin_37637,nmo:hasIssuer,ex:issuer_131,1.0,
ex:coin_37637,nmo:hasPortrait,ex:person_41,1.0,
ex:coin_37639,nmo:hasIssuer,ex:issuer_131,1.0,
ex:coin_37639,nmo:hasPortrait,ex:person_40,1.0,
ex:coin_37640,nmo:hasIssuer,ex:issuer_131,1.0,
ex:coin_37640,nmo:hasPortrait,ex:person_40,1.0,
ex:coin_37641,nmo:hasIssuer,ex:issuer_131,1.0,
ex:coin_37641,nmo:hasPortrait,ex:person_33,1.0,
ex:coin_37642,nmo:hasIssuer,ex:issuer_131,1.0,
ex:coin_37642,nmo:hasPortrait,ex:person_33,1.0,
ex:coin_37643,nmo:hasIssuer,ex:issuer_131,1.0,
ex:coin_37643,nmo:hasPortrait,ex:person_41,1.0,
ex:coin_37645,nmo:hasIssuer,ex:issuer_131,1.0,
ex:coin_37645,nmo:hasPortrait,ex:person_40,1.0,
ex:coin_37647,nmo:hasIssuer,ex:issuer_131,1.0,
ex:coin_37647,nmo:hasPortrait,ex:person_40,1.0,
ex:coin_37649,nmo:hasIssuer,ex:issuer_131,1.0,
ex:coin_37649,nmo:hasPortrait,ex:person_40,1.0,
ex:coin_37655,nmo:hasIssuer,ex:issuer_131,1.0,
ex:coin_37655,nmo:hasPortrait,ex:person_33,1.0,
ex:coin_37659,nmo:hasIssuer,ex:issuer_131,1.0,
ex:coin_37659,nmo:hasPortrait,ex:person_40,1.0,
ex:coin_37661,nmo:hasIssuer,ex:issuer_131,1.0,
ex:coin_37661,nmo:hasPortrait,ex:person_41,1.0,
ex:coin_37662,nmo:hasIssuer,ex:issuer_131,1.0,
ex:coin_37662,nmo:hasPortrait,ex:person_33,1.0,
ex:coin_37663,nmo:hasIssuer,ex:issuer_131,1.0,
ex:coin_37663,nmo:hasPortrait,ex:person_41,1.0,
ex:coin_37667,nmo:hasIssuer,ex:issuer_131,1.0,
ex:coin_37667,nmo:hasPortrait,ex:person_33,1.0,
ex:coin_37669,nmo:hasIssuer,ex:issuer_131,1.0,
ex:coin_37669,nmo:hasPortrait,ex:person_41,1.0,
ex:coin_37670,nmo:hasIssuer,ex:issuer_131,1.0,
ex:coin_37670,nmo:hasPortrait,ex:person_40,1.0,
ex:coin_37671,nmo:hasIssuer,ex:issuer_131,1.0,
ex:coin_37671,nmo:hasPortrait,ex:person_41,1.0,
ex:coin_37673,nmo:hasIssuer,ex:issuer_131,1.0,
ex:coin_37673,nmo:hasPortrait,ex:person_33,1.0,
ex:coin_37675,nmo:hasIssuer,ex:issuer_131,1.0,
ex:coin_37675,nmo:hasPortrait,ex:person_33,1.0,
ex:coin_37680,nmo:hasIssuer,ex:issuer_131,1.0,
ex:coin_37680,nmo:hasPortrait,ex:person_33,1.0,
ex:coin_37681,nmo:hasIssuer,ex:issuer_131,1.0,
ex:coin_37681,nmo:hasPortrait,ex:person_40,1.0,
ex:coin_37682,nmo:hasIssuer,ex:issuer_131,1.0,
ex:coin_37682,nmo:hasPortrait,ex:person_33,1.0,
ex:coin_37686,nmo:hasIssuer,ex:issuer_131,1.0,
ex:coin_37686,nmo:hasPortrait,ex:person_33,1.0,
ex:coin_37688,nmo:hasIssuer,ex:issuer_131,1.0,
ex:coin_37688,nmo:hasPortrait,ex:person_40,1.0,
ex:coin_37691,nmo:hasIssuer,ex:issuer_131,1.0,
ex:coin_37691,nmo:hasPortrait,ex:person_41,1.0,
ex:coin_37692,nmo:hasIssuer,ex:issuer_131,1.0,
ex:coin_37692,nmo:hasPortrait,ex:person_33,1.0,
ex:coin_37693,nmo:hasIssuer,ex:issuer_131,1.0,
ex:coin_37693,nmo:hasPortrait,ex:person_33,1.0,
ex:coin_37697,nmo:hasIssuer,ex:issuer_131,1.0,
ex:coin_37697,nmo:hasPortrait,ex:person_33,1.0,
ex:coin_37710,nmo:hasIssuer,ex:issuer_131,1.0,
ex:coin_37710,nmo:hasPortrait,ex:person_41,1.0,
ex:coin_37722,nmo:hasIssuer,ex:issuer_131,1.0,
ex:coin_37722,nmo:hasPortrait,ex:person_41,1.0,
ex:coin_37723,nmo:hasIssuer,ex:issuer_131,1.0,
ex:coin_37723,nmo:hasPortrait,ex:person_33,1.0,
ex:coin_37726,nmo:hasIssuer,ex:issuer_131,1.0,
ex:coin_37726,nmo:hasPortrait,ex:person_41,1.0,
ex:coin_37734,nmo:hasIssuer,ex:issuer_131,1.0,
ex:coin_37734,nmo:hasPortrait,ex:person_33,1.0,
ex:coin_37745,nmo:hasIssuer,ex:issuer_131,1.0,
ex:coin_37745,nmo:hasPortrait,ex:person_33,1.0,
ex:coin_37746,nmo:hasIssuer,ex:issuer_131,1.0,
ex:coin_37746,nmo:hasPortrait,ex:person_33,1.0,
ex:coin_37751,nmo:hasIssuer,ex:issuer_131,1.0,
ex:coin_37751,nmo:hasPortrait,ex:person_33,1.0,
ex:coin_37756,nmo:hasIssuer,ex:issuer_131,1.0,
ex:coin_37756,nmo:hasPortrait,ex:person_41,1.0,
ex:coin_37757,nmo:hasIssuer,ex:issuer_131,1.0,
ex:coin_37757,nmo:hasPortrait,ex:person_33,1.0,
ex:coin_37765,nmo:hasIssuer,ex:issuer_131,1.0,
ex:coin_37765,nmo:hasPortrait,ex:person_41,1.0,
ex:coin_37767,nmo:hasIssuer,ex:issuer_131,1.0,
ex:coin_37767,nmo:hasPortrait,ex:person_33,1.0,
ex:coin_37772,nmo:hasIssuer,ex:issuer_131,1.0,
ex:coin_37772,nmo:hasPortrait,ex:person_33,1.0,
ex:coin_37777,nmo:hasIssuer,ex:issuer_131,1.0,
ex:coin_37777,nmo:hasPortrait,ex:person_41,1.0,
ex:coin_37784,nmo:hasIssuer,ex:issuer_131,1.0,
ex:coin_37784,nmo:hasPortrait,ex:person_33,1.0,
ex:coin_37785,nmo:hasIssuer,ex:issuer_131,1.0,
ex:coin_37785,nmo:hasPortrait,ex:person_33,1.0,
ex:coin_37789,nmo:hasIssuer,ex:issuer_131,1.0,
ex:coin_37789,nmo:hasPortrait,ex:person_33,1.0,
ex:coin_37791,nmo:hasIssuer,ex:issuer_131,1.0,
ex:coin_37791,nmo:hasPortrait,ex:person_33,1.0,
ex:coin_37793,nmo:hasIssuer,ex:issuer_131,1.0,
ex:coin_37793,nmo:hasPortrait,ex:person_41,1.0,
ex:coin_37794,nmo:hasIssuer,ex:issuer_131,1.0,
ex:coin_37794,nmo:hasPortrait,ex:person_41,1.0,
ex:coin_37796,nmo:hasIssuer,ex:issuer_131,1.0,
ex:coin_37796,nmo:hasPortrait,ex:person_33,1.0,
ex:coin_37797,nmo:hasIssuer,ex:issuer_131,1.0,
ex:coin_37797,nmo:hasPortrait,ex:person_40,1.0,
ex:coin_37798,nmo:hasIssuer,ex:issuer_131,1.0,
ex:coin_37798,nmo:hasPortrait,ex:person_33,1.0,
ex:coin_37800,nmo:hasIssuer,ex:issuer_131,1.0,
ex:coin_37800,nmo:hasPortrait,ex:person_40,1.0,
ex:coin_37803,nmo:hasIssuer,ex:issuer_131,1.0,
ex:coin_37803,nmo:hasPortrait,ex:person_41,1.0,
ex:coin_37804,nmo:hasIssuer,ex:issuer_131,1.0,
ex:coin_37804,nmo:hasPortrait,ex:person_41,1.0,
ex:coin_37805,nmo:hasIssuer,ex:issuer_131,1.0,
ex:coin_37805,nmo:hasPortrait,ex:person_40,1.0,
ex:coin_37806,nmo:hasIssuer,ex:issuer_131,1.0,
ex:coin_37806,nmo:hasPortrait,ex:person_41,1.0,
ex:coin_37809,nmo:hasIssuer,ex:issuer_131,1.0,
ex:coin_37809,nmo:hasPortrait,ex:person_33,1.0,
ex:coin_37812,nmo:hasIssuer,ex:issuer_131,1.0,
ex:coin_37812,nmo:hasPortrait,ex:person_33,1.0,
ex:coin_37813,nmo:hasIssuer,ex:issuer_131,1.0,
ex:coin_37813,nmo:hasPortrait,ex:person_33,1.0,
ex:coin_37814,nmo:hasIssuer,ex:issuer_131,1.0,
ex:coin_37814,nmo:hasPortrait,ex:person_40,1.0,
ex:coin_37817,nmo:hasIssuer,ex:issuer_131,1.0,
ex:coin_37817,nmo:hasPortrait,ex:person_33,1.0,
ex:coin_37819,nmo:hasIssuer,ex:issuer_131,1.0,
ex:coin_37819,nmo:hasPortrait,ex:person_33,1.0,
ex:coin_37822,nmo:hasIssuer,ex:issuer_131,1.0,
ex:coin_37822,nmo:hasPortrait,ex:person_33,1.0,
ex:coin_37823,nmo:hasIssuer,ex:issuer_131,1.0,
ex:coin_37823,nmo:hasPortrait,ex:person_41,1.0,
ex:coin_37829,nmo:hasIssuer,ex:issuer_131,1.0,
ex:coin_37829,nmo:hasPortrait,ex:person_33,1.0,
ex:coin_37830,nmo:hasIssuer,ex:issuer_131,1.0,
ex:coin_37830,nmo:hasPortrait,ex:person_33,1.0,
ex:coin_37831,nmo:hasIssuer,ex:issuer_131,1.0,
ex:coin_37831,nmo:hasPortrait,ex:person_33,1.0,
ex:coin_37832,nmo:hasIssuer,ex:issuer_131,1.0,
ex:coin_37832,nmo:hasPortrait,ex:person_40,1.0,
ex:coin_37833,nmo:hasIssuer,ex:issuer_131,1.0,
ex:coin_37833,nmo:hasPortrait,ex:person_33,1.0,
ex:coin_37834,nmo:hasIssuer,ex:issuer_131,1.0,
ex:coin_37834,nmo:hasPortrait,ex:person_40,1.0,
ex:coin_37836,nmo:hasIssuer,ex:issuer_131,1.0,
ex:coin_37836,nmo:hasPortrait,ex:person_40,1.0,
ex:coin_37837,nmo:hasIssuer,ex:issuer_131,1.0,
ex:coin_37837,nmo:hasPortrait,ex:person_40,1.0,
ex:coin_37838,nmo:hasIssuer,ex:issuer_131,1.0,
ex:coin_37838,nmo:hasPortrait,ex:person_33,1.0,
ex:coin_37841,nmo:hasIssuer,ex:issuer_131,1.0,
ex:coin_37841,nmo:hasPortrait,ex:person_41,1.0,
ex:coin_37842,nmo:hasIssuer,ex:issuer_131,1.0,
ex:coin_37842,nmo:hasPortrait,ex:person_40,1.0,
ex:coin_37843,nmo:hasIssuer,ex:issuer_131,1.0,
ex:coin_37843,nmo:hasPortrait,ex:person_33,1.0,
ex:coin_37847,nmo:hasIssuer,ex:issuer_131,1.0,
ex:coin_37847,nmo:hasPortrait,ex:person_41,1.0,
ex:coin_37848,nmo:hasIssuer,ex:issuer_131,1.0,
ex:coin_37848,nmo:hasPortrait,ex:person_33,1.0,
ex:coin_37851,nmo:hasIssuer,ex:issuer_131,1.0,
ex:coin_37851,nmo:hasPortrait,ex:person_41,1.0,
ex:coin_37857,nmo:hasIssuer,ex:issuer_131,1.0,
ex:coin_37857,nmo:hasPortrait,ex:person_33,1.0,
ex:coin_37860,nmo:hasIssuer,ex:issuer_131,1.0,
ex:coin_37860,nmo:hasPortrait,ex:person_33,1.0,
ex:coin_37865,nmo:hasIssuer,ex:issuer_131,1.0,
ex:coin_37865,nmo:hasPortrait,ex:person_33,1.0,
ex:coin_37868,nmo:hasIssuer,ex:issuer_131,1.0,
ex:coin_37868,nmo:hasPortrait,ex:person_40,1.0,
ex:coin_37871,nmo:hasIssuer,ex:issuer_131,1.0,
ex:coin_37871,nmo:hasPortrait,ex:person_33,1.0,
ex:coin_37872,nmo:hasIssuer,ex:issuer_131,1.0,
ex:coin_37872,nmo:hasPortrait,ex:person_40,1.0,
ex:coin_37873,nmo:hasIssuer,ex:issuer_131,1.0,
ex:coin_37873,nmo:hasPortrait,ex:person_33,1.0,
ex:coin_37874,nmo:hasIssuer,ex:issuer_131,1.0,
ex:coin_37874,nmo:hasPortrait,ex:person_33,1.0,
ex:coin_38947,nmo:hasIssuer,ex:issuer_131,1.0,
ex:coin_38947,nmo:hasPortrait,ex:person_40,1.0,
ex:coin_38948,nmo:hasIssuer,ex:issuer_131,1.0,
ex:coin_38948,nmo:hasPortrait,ex:person_40,1.0,
ex:coin_38955,nmo:hasIssuer,ex:issuer_131,1.0,
ex:coin_38955,nmo:hasPortrait,ex:person_40,1.0,
ex:coin_38956,nmo:hasIssuer,ex:issuer_131,1.0,
ex:coin_38956,nmo:hasPortrait,ex:person_40,1.0,
ex:coin_38963,nmo:hasIssuer,ex:issuer_131,1.0,
ex:coin_38963,nmo:hasPortrait,ex:person_33,1.0,
ex:coin_38965,nmo:hasIssuer,ex:issuer_131,1.0,
ex:coin_38965,nmo:hasPortrait,ex:person_40,1.0,
ex:coin_38972,nmo:hasIssuer,ex:issuer_131,1.0,
ex:coin_38972,nmo:hasPortrait,ex:person_40,1.0,
ex:coin_39439,nmo:hasIssuer,ex:issuer_131,1.0,
ex:coin_39439,nmo:hasPortrait,ex:person_41,1.0,
ex:coin_40099,nmo:hasIssuer,ex:issuer_131,1.0,
ex:coin_40099,nmo:hasPortrait,ex:person_40,1.0,
ex:coin_41481,nmo:hasIssuer,ex:issuer_131,1.0,
ex:coin_41481,nmo:hasPortrait,ex:person_40,1.0,
ex:coin_41494,nmo:hasIssuer,ex:issuer_131,1.0,
ex:coin_41494,nmo:hasPortrait,ex:person_40,1.0,
ex:coin_4756,nmo:hasIssuer,ex:issuer_150,1.0,
ex:coin_4756,nmo:hasPortrait,ex:person_31,1.0,
ex:issuer_150,ex:inPossibleIssuersOf,ex:person_33,1.0,
ex:coin_5282,nmo:hasIssuer,ex:issuer_151,1.0,
ex:coin_5282,nmo:hasPortrait,ex:person_120,1.0,
ex:person_120,ex:hasPossibleIssuers,ex:issuer_151,1.0,
ex:issuer_151,ex:inPossibleIssuersOf,ex:person_34,1.0,
ex:issuer_151,ex:inPossibleIssuersOf,ex:person_39,1.0,
ex:issuer_151,ex:inPossibleIssuersOf,ex:person_40,1.0,
ex:issuer_151,ex:inPossibleIssuersOf,ex:person_41,1.0,
ex:issuer_151,ex:inPossibleIssuersOf,ex:person_43,1.0,
ex:issuer_151,ex:inPossibleIssuersOf,ex:person_120,1.0,
ex:coin_5544,nmo:hasIssuer,ex:issuer_151,1.0,
ex:coin_5544,nmo:hasPortrait,ex:person_120,1.0,
ex:coin_5545,nmo:hasIssuer,ex:issuer_151,1.0,
ex:coin_5545,nmo:hasPortrait,ex:person_120,1.0,
ex:coin_5546,nmo:hasIssuer,ex:issuer_151,1.0,
ex:coin_5546,nmo:hasPortrait,ex:person_120,1.0,
ex:coin_6517,nmo:hasIssuer,ex:issuer_151,1.0,
ex:coin_6517,nmo:hasPortrait,ex:person_42,1.0,
ex:coin_9895,nmo:hasIssuer,ex:issuer_151,1.0,
ex:coin_9895,nmo:hasPortrait,ex:person_120,1.0,
ex:coin_12351,nmo:hasIssuer,ex:issuer_151,1.0,
ex:coin_12351,nmo:hasPortrait,ex:person_70,1.0,
ex:person_70,ex:hasPossibleIssuers,ex:issuer_59,1.0,
ex:coin_14453,nmo:hasIssuer,ex:issuer_151,1.0,
ex:coin_14453,nmo:hasPortrait,ex:person_120,1.0,
ex:coin_14752,nmo:hasIssuer,ex:issuer_151,1.0,
ex:coin_14752,nmo:hasPortrait,ex:person_120,1.0,
ex:coin_14753,nmo:hasIssuer,ex:issuer_151,1.0,
ex:coin_14753,nmo:hasPortrait,ex:person_120,1.0,
ex:coin_14754,nmo:hasIssuer,ex:issuer_151,1.0,
ex:coin_14754,nmo:hasPortrait,ex:person_120,1.0,
ex:coin_14756,nmo:hasIssuer,ex:issuer_151,1.0,
ex:coin_14756,nmo:hasPortrait,ex:person_70,1.0,
ex:coin_14757,nmo:hasIssuer,ex:issuer_151,1.0,
ex:coin_14757,nmo:hasPortrait,ex:person_70,1.0,
ex:coin_14758,nmo:hasIssuer,ex:issuer_151,1.0,
ex:coin_14758,nmo:hasPortrait,ex:person_70,1.0,
ex:coin_14759,nmo:hasIssuer,ex:issuer_151,1.0,
ex:coin_14759,nmo:hasPortrait,ex:person_70,1.0,
ex:coin_17656,nmo:hasIssuer,ex:issuer_151,1.0,
ex:coin_17656,nmo:hasPortrait,ex:person_120,1.0,
ex:coin_42321,nmo:hasIssuer,ex:issuer_151,1.0,
ex:coin_42321,nmo:hasPortrait,ex:person_70,1.0,
ex:coin_42669,nmo:hasIssuer,ex:issuer_151,1.0,
ex:coin_42669,nmo:hasPortrait,ex:person_70,1.0,
ex:coin_13652,nmo:hasIssuer,ex:issuer_152,1.0,
ex:coin_13652,nmo:hasPortrait,ex:person_39,1.0,
ex:issuer_152,ex:inPossibleIssuersOf,ex:person_36,1.0,
ex:issuer_152,ex:inPossibleIssuersOf,ex:person_39,1.0,
ex:issuer_152,ex:inPossibleIssuersOf,ex:person_40,1.0,
ex:issuer_152,ex:inPossibleIssuersOf,ex:person_41,1.0,
ex:issuer_152,ex:inPossibleIssuersOf,ex:person_43,1.0,
ex:coin_17080,nmo:hasIssuer,ex:issuer_152,1.0,
ex:coin_17080,nmo:hasPortrait,ex:person_34,1.0,
ex:coin_972,nmo:hasIssuer,ex:issuer_158,1.0,
ex:coin_972,nmo:hasPortrait,ex:person_56,1.0,
ex:person_56,ex:hasPossibleIssuers,ex:issuer_158,1.0,
ex:issuer_158,ex:inPossibleIssuersOf,ex:person_56,1.0,
ex:coin_1104,nmo:hasIssuer,ex:issuer_158,1.0,
ex:coin_1104,nmo:hasPortrait,ex:person_56,1.0,
ex:coin_1428,nmo:hasIssuer,ex:issuer_158,1.0,
ex:coin_1428,nmo:hasPortrait,ex:person_56,1.0,
ex:coin_1429,nmo:hasIssuer,ex:issuer_158,1.0,
ex:coin_1429,nmo:hasPortrait,ex:person_56,1.0,
ex:coin_1430,nmo:hasIssuer,ex:issuer_158,1.0,
ex:coin_1430,nmo:hasPortrait,ex:person_56,1.0,
ex:coin_1431,nmo:hasIssuer,ex:issuer_158,1.0,
ex:coin_1431,nmo:hasPortrait,ex:person_56,1.0,
ex:coin_1501,nmo:hasIssuer,ex:issuer_158,1.0,
ex:coin_1501,nmo:hasPortrait,ex:person_56,1.0,
ex:coin_1502,nmo:hasIssuer,ex:issuer_158,1.0,
ex:coin_1502,nmo:hasPortrait,ex:person_56,1.0,
ex:coin_1503,nmo:hasIssuer,ex:issuer_158,1.0,
ex:coin_1503,nmo:hasPortrait,ex:person_56,1.0,
ex:coin_1504,nmo:hasIssuer,ex:issuer_158,1.0,
ex:coin_1504,nmo:hasPortrait,ex:person_56,1.0,
ex:coin_1505,nmo:hasIssuer,ex:issuer_158,1.0,
ex:coin_1505,nmo:hasPortrait,ex:person_56,1.0,
ex:coin_1506,nmo:hasIssuer,ex:issuer_158,1.0,
ex:coin_1506,nmo:hasPortrait,ex:person_56,1.0,
ex:coin_5081,nmo:hasIssuer,ex:issuer_158,1.0,
ex:coin_5081,nmo:hasPortrait,ex:person_56,1.0,
ex:coin_5097,nmo:hasIssuer,ex:issuer_158,1.0,
ex:coin_5097,nmo:hasPortrait,ex:person_56,1.0,
ex:coin_5280,nmo:hasIssuer,ex:issuer_158,1.0,
ex:coin_5280,nmo:hasPortrait,ex:person_56,1.0,
ex:coin_5281,nmo:hasIssuer,ex:issuer_158,1.0,
ex:coin_5281,nmo:hasPortrait,ex:person_56,1.0,
ex:coin_5503,nmo:hasIssuer,ex:issuer_158,1.0,
ex:coin_5503,nmo:hasPortrait,ex:person_56,1.0,
ex:coin_5719,nmo:hasIssuer,ex:issuer_158,1.0,
ex:coin_5719,nmo:hasPortrait,ex:person_56,1.0,
ex:coin_5855,nmo:hasIssuer,ex:issuer_158,1.0,
ex:coin_5855,nmo:hasPortrait,ex:person_56,1.0,
ex:coin_6091,nmo:hasIssuer,ex:issuer_158,1.0,
ex:coin_6091,nmo:hasPortrait,ex:person_56,1.0,
ex:coin_6851,nmo:hasIssuer,ex:issuer_158,1.0,
ex:coin_6851,nmo:hasPortrait,ex:person_56,1.0,
ex:coin_6852,nmo:hasIssuer,ex:issuer_158,1.0,
ex:coin_6852,nmo:hasPortrait,ex:person_56,1.0,
ex:coin_7008,nmo:hasIssuer,ex:issuer_158,1.0,
ex:coin_7008,nmo:hasPortrait,ex:person_56,1.0,
ex:coin_7009,nmo:hasIssuer,ex:issuer_158,1.0,
ex:coin_7009,nmo:hasPortrait,ex:person_56,1.0,
ex:coin_7010,nmo:hasIssuer,ex:issuer_158,1.0,
ex:coin_7010,nmo:hasPortrait,ex:person_56,1.0,
ex:coin_7011,nmo:hasIssuer,ex:issuer_158,1.0,
ex:coin_7011,nmo:hasPortrait,ex:person_56,1.0,
ex:coin_7883,nmo:hasIssuer,ex:issuer_158,1.0,
ex:coin_7883,nmo:hasPortrait,ex:person_56,1.0,
ex:coin_7884,nmo:hasIssuer,ex:issuer_158,1.0,
ex:coin_7884,nmo:hasPortrait,ex:person_56,1.0,
ex:coin_7885,nmo:hasIssuer,ex:issuer_158,1.0,
ex:coin_7885,nmo:hasPortrait,ex:person_56,1.0,
ex:coin_7886,nmo:hasIssuer,ex:issuer_158,1.0,
ex:coin_7886,nmo:hasPortrait,ex:person_56,1.0,
ex:coin_7887,nmo:hasIssuer,ex:issuer_158,1.0,
ex:coin_7887,nmo:hasPortrait,ex:person_56,1.0,
ex:coin_7906,nmo:hasIssuer,ex:issuer_158,1.0,
ex:coin_7906,nmo:hasPortrait,ex:person_56,1.0,
ex:coin_8061,nmo:hasIssuer,ex:issuer_158,1.0,
ex:coin_8061,nmo:hasPortrait,ex:person_56,1.0,
ex:coin_8590,nmo:hasIssuer,ex:issuer_158,1.0,
ex:coin_8590,nmo:hasPortrait,ex:person_56,1.0,
ex:coin_10987,nmo:hasIssuer,ex:issuer_158,1.0,
ex:coin_10987,nmo:hasPortrait,ex:person_56,1.0,
ex:coin_11033,nmo:hasIssuer,ex:issuer_158,1.0,
ex:coin_11033,nmo:hasPortrait,ex:person_56,1.0,
ex:coin_12531,nmo:hasIssuer,ex:issuer_158,1.0,
ex:coin_12531,nmo:hasPortrait,ex:person_56,1.0,
ex:coin_12532,nmo:hasIssuer,ex:issuer_158,1.0,
ex:coin_12532,nmo:hasPortrait,ex:person_56,1.0,
ex:coin_13729,nmo:hasIssuer,ex:issuer_158,1.0,
ex:coin_13729,nmo:hasPortrait,ex:person_56,1.0,
ex:coin_14986,nmo:hasIssuer,ex:issuer_158,1.0,
ex:coin_14986,nmo:hasPortrait,ex:person_56,1.0,
ex:coin_15786,nmo:hasIssuer,ex:issuer_158,1.0,
ex:coin_15786,nmo:hasPortrait,ex:person_56,1.0,
ex:coin_15787,nmo:hasIssuer,ex:issuer_158,1.0,
ex:coin_15787,nmo:hasPortrait,ex:person_56,1.0,
ex:coin_16606,nmo:hasIssuer,ex:issuer_158,1.0,
ex:coin_16606,nmo:hasPortrait,ex:person_56,1.0,
ex:coin_16789,nmo:hasIssuer,ex:issuer_158,1.0,
ex:coin_16789,nmo:hasPortrait,ex:person_56,1.0,
ex:coin_32669,nmo:hasIssuer,ex:issuer_158,1.0,
ex:coin_32669,nmo:hasPortrait,ex:person_56,1.0,
ex:coin_33359,nmo:hasIssuer,ex:issuer_158,1.0,
ex:coin_33359,nmo:hasPortrait,ex:person_56,1.0,
ex:coin_33862,nmo:hasIssuer,ex:issuer_158,1.0,
ex:coin_33862,nmo:hasPortrait,ex:person_56,1.0,
ex:coin_34294,nmo:hasIssuer,ex:issuer_158,1.0,
ex:coin_34294,nmo:hasPortrait,ex:person_56,1.0,
ex:coin_34445,nmo:hasIssuer,ex:issuer_158,1.0,
ex:coin_34445,nmo:hasPortrait,ex:person_56,1.0,
ex:coin_37877,nmo:hasIssuer,ex:issuer_158,1.0,
ex:coin_37877,nmo:hasPortrait,ex:person_56,1.0,
ex:coin_37897,nmo:hasIssuer,ex:issuer_158,1.0,
ex:coin_37897,nmo:hasPortrait,ex:person_56,1.0,
ex:coin_38016,nmo:hasIssuer,ex:issuer_158,1.0,
ex:coin_38016,nmo:hasPortrait,ex:person_56,1.0,
ex:coin_38026,nmo:hasIssuer,ex:issuer_158,1.0,
ex:coin_38026,nmo:hasPortrait,ex:person_56,1.0,
ex:coin_38041,nmo:hasIssuer,ex:issuer_158,1.0,
ex:coin_38041,nmo:hasPortrait,ex:person_56,1.0,
ex:coin_38138,nmo:hasIssuer,ex:issuer_158,1.0,
ex:coin_38138,nmo:hasPortrait,ex:person_56,1.0,
ex:coin_38238,nmo:hasIssuer,ex:issuer_158,1.0,
ex:coin_38238,nmo:hasPortrait,ex:person_56,1.0,
ex:coin_38245,nmo:hasIssuer,ex:issuer_158,1.0,
ex:coin_38245,nmo:hasPortrait,ex:person_56,1.0,
ex:coin_38388,nmo:hasIssuer,ex:issuer_158,1.0,
ex:coin_38388,nmo:hasPortrait,ex:person_56,1.0,
ex:coin_38482,nmo:hasIssuer,ex:issuer_158,1.0,
ex:coin_38482,nmo:hasPortrait,ex:person_56,1.0,
ex:coin_30059,nmo:hasIssuer,ex:issuer_182,1.0,
ex:coin_30059,nmo:hasPortrait,ex:person_123,1.0,
ex:person_123,ex:hasPossibleIssuers,ex:issuer_182,1.0,
ex:issuer_182,ex:inPossibleIssuersOf,ex:person_123,1.0,
ex:coin_36467,nmo:hasIssuer,ex:issuer_182,1.0,
ex:coin_36467,nmo:hasPortrait,ex:person_123,1.0,
ex:coin_36481,nmo:hasIssuer,ex:issuer_182,1.0,
ex:coin_36481,nmo:hasPortrait,ex:person_123,1.0,
ex:coin_9925,nmo:hasIssuer,ex:issuer_216,1.0,
ex:coin_9925,nmo:hasPortrait,ex:person_186,1.0,
ex:person_186,ex:hasPossibleIssuers,ex:issuer_215,1.0,
ex:person_186,ex:hasPossibleIssuers,ex:issuer_261,1.0,
ex:issuer_216,ex:inPossibleIssuersOf,ex:person_115,1.0,
ex:issuer_216,ex:inPossibleIssuersOf,ex:person_137,1.0,
ex:person_115,ex:hasPossibleIssuers,ex:issuer_215,1.0,
ex:person_115,ex:hasPossibleIssuers,ex:issuer_216,1.0,
ex:person_137,ex:hasPossibleIssuers,ex:issuer_216,1.0,
ex:coin_38946,nmo:hasIssuer,ex:issuer_216,1.0,
ex:coin_38946,nmo:hasPortrait,ex:person_115,1.0,
ex:coin_6360,nmo:hasIssuer,ex:issuer_225,1.0,
ex:coin_6360,nmo:hasPortrait,ex:person_124,1.0,
ex:person_124,ex:hasPossibleIssuers,ex:issuer_225,1.0,
ex:issuer_225,ex:inPossibleIssuersOf,ex:person_124,1.0,
ex:issuer_225,ex:inPossibleIssuersOf,ex:person_178,1.0,
ex:person_178,ex:hasPossibleIssuers,ex:issuer_225,1.0,
ex:coin_11944,nmo:hasIssuer,ex:issuer_225,1.0,
ex:coin_11944,nmo:hasPortrait,ex:person_178,1.0,
ex:coin_36414,nmo:hasIssuer,ex:issuer_225,1.0,
ex:coin_36414,nmo:hasPortrait,ex:person_178,1.0,
ex:coin_7293,nmo:hasIssuer,ex:issuer_285,1.0,
ex:coin_7293,nmo:hasPortrait,ex:person_104,1.0,
ex:person_104,ex:hasPossibleIssuers,ex:issuer_285,1.0,
ex:issuer_285,ex:inPossibleIssuersOf,ex:person_104,1.0,
ex:coin_5554,nmo:hasIssuer,ex:issuer_288,1.0,
ex:coin_5554,nmo:hasPortrait,ex:person_167,1.0,
ex:person_167,ex:hasPossibleIssuers,ex:issuer_109,1.0,
ex:person_167,ex:hasPossibleIssuers,ex:issuer_288,1.0,
ex:person_167,ex:hasPossibleIssuers,ex:issuer_296,1.0,
ex:issuer_288,ex:inPossibleIssuersOf,ex:person_4,1.0,
ex:issuer_288,ex:inPossibleIssuersOf,ex:person_9,1.0,
ex:issuer_288,ex:inPossibleIssuersOf,ex:person_26,1.0,
ex:issuer_288,ex:inPossibleIssuersOf,ex:person_135,1.0,
ex:issuer_288,ex:inPossibleIssuersOf,ex:person_138,1.0,
ex:issuer_288,ex:inPossibleIssuersOf,ex:person_139,1.0,
ex:issuer_288,ex:inPossibleIssuersOf,ex:person_141,1.0,
ex:issuer_288,ex:inPossibleIssuersOf,ex:person_143,1.0,
ex:issuer_288,ex:inPossibleIssuersOf,ex:person_148,1.0,
ex:issuer_288,ex:inPossibleIssuersOf,ex:person_149,1.0,
ex:issuer_288,ex:inPossibleIssuersOf,ex:person_150,1.0,
ex:issuer_288,ex:inPossibleIssuersOf,ex:person_166,1.0,
ex:issuer_288,ex:inPossibleIssuersOf,ex:person_167,1.0,
ex:issuer_288,ex:inPossibleIssuersOf,ex:person_168,1.0,
ex:issuer_288,ex:inPossibleIssuersOf,ex:person_187,1.0,
ex:person_166,ex:hasPossibleIssuers,ex:issuer_288,1.0,
ex:person_168,ex:hasPossibleIssuers,ex:issuer_235,1.0,
ex:person_168,ex:hasPossibleIssuers,ex:issuer_288,1.0,
ex:coin_6607,nmo:hasIssuer,ex:issuer_288,1.0,
ex:coin_6607,nmo:hasPortrait,ex:person_168,1.0,
ex:coin_8586,nmo:hasIssuer,ex:issuer_288,1.0,
ex:coin_8586,nmo:hasPortrait,ex:person_166,1.0,
ex:coin_9258,nmo:hasIssuer,ex:issuer_288,1.0,
ex:coin_9258,nmo:hasPortrait,ex:person_166,1.0,
ex:coin_9976,nmo:hasIssuer,ex:issuer_288,1.0,
ex:coin_9976,nmo:hasPortrait,ex:person_166,1.0,
ex:coin_11553,nmo:hasIssuer,ex:issuer_288,1.0,
ex:coin_11553,nmo:hasPortrait,ex:person_167,1.0,
ex:coin_12055,nmo:hasIssuer,ex:issuer_288,1.0,
ex:coin_12055,nmo:hasPortrait,ex:person_166,1.0,
ex:coin_15860,nmo:hasIssuer,ex:issuer_288,1.0,
ex:coin_15860,nmo:hasPortrait,ex:person_166,1.0,
ex:coin_16115,nmo:hasIssuer,ex:issuer_288,1.0,
ex:coin_16115,nmo:hasPortrait,ex:person_166,1.0,
ex:coin_16671,nmo:hasIssuer,ex:issuer_288,1.0,
ex:coin_16671,nmo:hasPortrait,ex:person_166,1.0,
ex:coin_16750,nmo:hasIssuer,ex:issuer_288,1.0,
ex:coin_16750,nmo:hasPortrait,ex:person_166,1.0,
ex:coin_36556,nmo:hasIssuer,ex:issuer_288,1.0,
ex:coin_36556,nmo:hasPortrait,ex:person_166,1.0,
ex:coin_40587,nmo:hasIssuer,ex:issuer_288,1.0,
ex:coin_40587,nmo:hasPortrait,ex:person_4,1.0,
ex:coin_40588,nmo:hasIssuer,ex:issuer_288,1.0,
ex:coin_40588,nmo:hasPortrait,ex:person_9,1.0,
ex:coin_40589,nmo:hasIssuer,ex:issuer_288,1.0,
ex:coin_40589,nmo:hasPortrait,ex:person_167,1.0,
ex:coin_40590,nmo:hasIssuer,ex:issuer_288,1.0,
ex:coin_40590,nmo:hasPortrait,ex:person_167,1.0,
ex:coin_40591,nmo:hasIssuer,ex:issuer_288,1.0,
ex:coin_40591,nmo:hasPortrait,ex:person_168,1.0,
ex:coin_40592,nmo:hasIssuer,ex:issuer_288,1.0,
ex:coin_40592,nmo:hasPortrait,ex:person_168,1.0,
ex:coin_40593,nmo:hasIssuer,ex:issuer_288,1.0,
ex:coin_40593,nmo:hasPortrait,ex:person_166,1.0,
ex:coin_40594,nmo:hasIssuer,ex:issuer_288,1.0,
ex:coin_40594,nmo:hasPortrait,ex:person_166,1.0,
ex:coin_40595,nmo:hasIssuer,ex:issuer_288,1.0,
ex:coin_40595,nmo:hasPortrait,ex:person_166,1.0,
ex:coin_40596,nmo:hasIssuer,ex:issuer_288,1.0,
ex:coin_40596,nmo:hasPortrait,ex:person_166,1.0,
ex:coin_6159,nmo:hasIssuer,ex:issuer_289,1.0,
ex:coin_6159,nmo:hasPortrait,ex:person_198,1.0,
ex:person_198,ex:hasPossibleIssuers,ex:issuer_106,1.0,
ex:person_198,ex:hasPossibleIssuers,ex:issuer_289,1.0,
ex:person_198,ex:hasPossibleIssuers,ex:issuer_296,1.0,
ex:issuer_289,ex:inPossibleIssuersOf,ex:person_163,1.0,
ex:issuer_289,ex:inPossibleIssuersOf,ex:person_198,1.0,
ex:coin_13094,nmo:hasIssuer,ex:issuer_289,1.0,
ex:coin_13094,nmo:hasPortrait,ex:person_198,1.0,
ex:coin_40607,nmo:hasIssuer,ex:issuer_289,1.0,
ex:coin_40607,nmo:hasPortrait,ex:person_198,1.0,
ex:coin_40608,nmo:hasIssuer,ex:issuer_289,1.0,
ex:coin_40608,nmo:hasPortrait,ex:person_198,1.0,
ex:coin_40609,nmo:hasIssuer,ex:issuer_289,1.0,
ex:coin_40609,nmo:hasPortrait,ex:person_198,1.0,
ex:coin_40610,nmo:hasIssuer,ex:issuer_289,1.0,
ex:coin_40610,nmo:hasPortrait,ex:person_198,1.0,
ex:coin_40611,nmo:hasIssuer,ex:issuer_289,1.0,
ex:coin_40611,nmo:hasPortrait,ex:person_198,1.0,
ex:coin_40612,nmo:hasIssuer,ex:issuer_289,1.0,
ex:coin_40612,nmo:hasPortrait,ex:person_198,1.0,
ex:coin_40613,nmo:hasIssuer,ex:issuer_289,1.0,
ex:coin_40613,nmo:hasPortrait,ex:person_198,1.0,