s,o,p
ex:coin_34,ex:issuer_6,nmo:hasIssuer
ex:coin_34,ex:issuer_14,nmo:hasIssuer
ex:coin_34,ex:person_60,nmo:hasPortrait
ex:coin_126,ex:issuer_6,nmo:hasIssuer
ex:coin_126,ex:issuer_14,nmo:hasIssuer
ex:coin_126,ex:person_60,nmo:hasPortrait
ex:coin_166,ex:issuer_6,nmo:hasIssuer
ex:coin_166,ex:issuer_14,nmo:hasIssuer
ex:coin_166,ex:person_60,nmo:hasPortrait
ex:coin_1416,ex:issuer_6,nmo:hasIssuer
ex:coin_1416,ex:issuer_14,nmo:hasIssuer
ex:coin_1416,ex:person_60,nmo:hasPortrait
ex:coin_1417,ex:issuer_6,nmo:hasIssuer
ex:coin_1417,ex:issuer_14,nmo:hasIssuer
ex:coin_1417,ex:person_60,nmo:hasPortrait
ex:coin_5770,ex:issuer_33,nmo:hasIssuer
ex:coin_5770,ex:issuer_48,nmo:hasIssuer
ex:coin_5770,ex:person_107,nmo:hasPortrait
ex:person_107,ex:issuer_33,ex:hasPossibleIssuers
ex:person_107,ex:issuer_52,ex:hasPossibleIssuers
ex:issuer_33,ex:person_2,ex:inPossibleIssuersOf
ex:issuer_33,ex:person_107,ex:inPossibleIssuersOf
ex:issuer_33,ex:person_176,ex:inPossibleIssuersOf
ex:issuer_48,ex:person_2,ex:inPossibleIssuersOf
ex:issuer_48,ex:person_4,ex:inPossibleIssuersOf
ex:issuer_48,ex:person_129,ex:inPossibleIssuersOf
ex:issuer_48,ex:person_155,ex:inPossibleIssuersOf
ex:issuer_48,ex:person_156,ex:inPossibleIssuersOf
ex:coin_8562,ex:issuer_48,nmo:hasIssuer
ex:coin_8562,ex:issuer_52,nmo:hasIssuer
ex:coin_8562,ex:person_107,nmo:hasPortrait
ex:person_107,ex:issuer_33,ex:hasPossibleIssuers
ex:person_107,ex:issuer_52,ex:hasPossibleIssuers
ex:issuer_48,ex:person_2,ex:inPossibleIssuersOf
ex:issuer_48,ex:person_4,ex:inPossibleIssuersOf
ex:issuer_48,ex:person_129,ex:inPossibleIssuersOf
ex:issuer_48,ex:person_155,ex:inPossibleIssuersOf
ex:issuer_48,ex:person_156,ex:inPossibleIssuersOf
ex:issuer_52,ex:person_4,ex:inPossibleIssuersOf
ex:issuer_52,ex:person_5,ex:inPossibleIssuersOf
ex:issuer_52,ex:person_107,ex:inPossibleIssuersOf
ex:issuer_52,ex:person_108,ex:inPossibleIssuersOf
ex:issuer_52,ex:person_109,ex:inPossibleIssuersOf
ex:issuer_52,ex:person_153,ex:inPossibleIssuersOf
ex:issuer_52,ex:person_154,ex:inPossibleIssuersOf
ex:issuer_52,ex:person_169,ex:inPossibleIssuersOf
ex:issuer_52,ex:person_185,ex:inPossibleIssuersOf
ex:coin_6249,ex:issuer_52,nmo:hasIssuer
ex:coin_6249,ex:issuer_53,nmo:hasIssuer
ex:coin_6249,ex:person_5,nmo:hasPortrait
ex:person_5,ex:issuer_52,ex:hasPossibleIssuers
ex:person_5,ex:issuer_53,ex:hasPossibleIssuers
ex:issuer_52,ex:person_4,ex:inPossibleIssuersOf
ex:issuer_52,ex:person_5,ex:inPossibleIssuersOf
ex:issuer_52,ex:person_107,ex:inPossibleIssuersOf
ex:issuer_52,ex:person_108,ex:inPossibleIssuersOf
ex:issuer_52,ex:person_109,ex:inPossibleIssuersOf
ex:issuer_52,ex:person_153,ex:inPossibleIssuersOf
ex:issuer_52,ex:person_154,ex:inPossibleIssuersOf
ex:issuer_52,ex:person_169,ex:inPossibleIssuersOf
ex:issuer_52,ex:person_185,ex:inPossibleIssuersOf
ex:issuer_53,ex:person_4,ex:inPossibleIssuersOf
ex:issuer_53,ex:person_5,ex:inPossibleIssuersOf
ex:issuer_53,ex:person_108,ex:inPossibleIssuersOf
ex:issuer_53,ex:person_109,ex:inPossibleIssuersOf
ex:issuer_53,ex:person_112,ex:inPossibleIssuersOf
ex:issuer_53,ex:person_114,ex:inPossibleIssuersOf
ex:issuer_53,ex:person_116,ex:inPossibleIssuersOf
ex:issuer_53,ex:person_117,ex:inPossibleIssuersOf
ex:issuer_53,ex:person_129,ex:inPossibleIssuersOf
ex:issuer_53,ex:person_155,ex:inPossibleIssuersOf
ex:issuer_53,ex:person_183,ex:inPossibleIssuersOf
ex:issuer_53,ex:person_184,ex:inPossibleIssuersOf
ex:coin_987,ex:issuer_60,nmo:hasIssuer
ex:coin_987,ex:issuer_63,nmo:hasIssuer
ex:coin_987,ex:person_7,nmo:hasPortrait
ex:person_7,ex:issuer_60,ex:hasPossibleIssuers
ex:person_7,ex:issuer_63,ex:hasPossibleIssuers
ex:person_7,ex:issuer_70,ex:hasPossibleIssuers
ex:issuer_60,ex:person_6,ex:inPossibleIssuersOf
ex:issuer_60,ex:person_7,ex:inPossibleIssuersOf
ex:issuer_60,ex:person_9,ex:inPossibleIssuersOf
ex:issuer_63,ex:person_6,ex:inPossibleIssuersOf
ex:issuer_63,ex:person_7,ex:inPossibleIssuersOf
ex:issuer_63,ex:person_9,ex:inPossibleIssuersOf
ex:issuer_63,ex:person_125,ex:inPossibleIssuersOf
ex:issuer_63,ex:person_172,ex:inPossibleIssuersOf
ex:coin_12072,ex:issuer_60,nmo:hasIssuer
ex:coin_12072,ex:issuer_63,nmo:hasIssuer
ex:coin_12072,ex:issuer_70,nmo:hasIssuer
ex:coin_12072,ex:person_7,nmo:hasPortrait
ex:person_7,ex:issuer_60,ex:hasPossibleIssuers
ex:person_7,ex:issuer_63,ex:hasPossibleIssuers
ex:person_7,ex:issuer_70,ex:hasPossibleIssuers
ex:issuer_60,ex:person_6,ex:inPossibleIssuersOf
ex:issuer_60,ex:person_7,ex:inPossibleIssuersOf
ex:issuer_60,ex:person_9,ex:inPossibleIssuersOf
ex:issuer_63,ex:person_6,ex:inPossibleIssuersOf
ex:issuer_63,ex:person_7,ex:inPossibleIssuersOf
ex:issuer_63,ex:person_9,ex:inPossibleIssuersOf
ex:issuer_63,ex:person_125,ex:inPossibleIssuersOf
ex:issuer_63,ex:person_172,ex:inPossibleIssuersOf
ex:issuer_70,ex:person_7,ex:inPossibleIssuersOf
ex:issuer_70,ex:person_150,ex:inPossibleIssuersOf
ex:issuer_70,ex:person_152,ex:inPossibleIssuersOf
ex:issuer_70,ex:person_172,ex:inPossibleIssuersOf
ex:coin_13623,ex:issuer_60,nmo:hasIssuer
ex:coin_13623,ex:issuer_63,nmo:hasIssuer
ex:coin_13623,ex:person_7,nmo:hasPortrait
ex:person_7,ex:issuer_60,ex:hasPossibleIssuers
ex:person_7,ex:issuer_63,ex:hasPossibleIssuers
ex:person_7,ex:issuer_70,ex:hasPossibleIssuers
ex:issuer_60,ex:person_6,ex:inPossibleIssuersOf
ex:issuer_60,ex:person_7,ex:inPossibleIssuersOf
ex:issuer_60,ex:person_9,ex:inPossibleIssuersOf
ex:issuer_63,ex:person_6,ex:inPossibleIssuersOf
ex:issuer_63,ex:person_7,ex:inPossibleIssuersOf
ex:issuer_63,ex:person_9,ex:inPossibleIssuersOf
ex:issuer_63,ex:person_125,ex:inPossibleIssuersOf
ex:issuer_63,ex:person_172,ex:inPossibleIssuersOf
ex:coin_13826,ex:issuer_60,nmo:hasIssuer
ex:coin_13826,ex:issuer_63,nmo:hasIssuer
ex:coin_13826,ex:person_7,nmo:hasPortrait
ex:person_7,ex:issuer_60,ex:hasPossibleIssuers
ex:person_7,ex:issuer_63,ex:hasPossibleIssuers
ex:person_7,ex:issuer_70,ex:hasPossibleIssuers
ex:issuer_60,ex:person_6,ex:inPossibleIssuersOf
ex:issuer_60,ex:person_7,ex:inPossibleIssuersOf
ex:issuer_60,ex:person_9,ex:inPossibleIssuersOf
ex:issuer_63,ex:person_6,ex:inPossibleIssuersOf
ex:issuer_63,ex:person_7,ex:inPossibleIssuersOf
ex:issuer_63,ex:person_9,ex:inPossibleIssuersOf
ex:issuer_63,ex:person_125,ex:inPossibleIssuersOf
ex:issuer_63,ex:person_172,ex:inPossibleIssuersOf
ex:coin_15661,ex:issuer_60,nmo:hasIssuer
ex:coin_15661,ex:issuer_63,nmo:hasIssuer
ex:coin_15661,ex:person_6,nmo:hasPortrait
ex:person_6,ex:issuer_60,ex:hasPossibleIssuers
ex:person_6,ex:issuer_63,ex:hasPossibleIssuers
ex:issuer_60,ex:person_6,ex:inPossibleIssuersOf
ex:issuer_60,ex:person_7,ex:inPossibleIssuersOf
ex:issuer_60,ex:person_9,ex:inPossibleIssuersOf
ex:issuer_63,ex:person_6,ex:inPossibleIssuersOf
ex:issuer_63,ex:person_7,ex:inPossibleIssuersOf
ex:issuer_63,ex:person_9,ex:inPossibleIssuersOf
ex:issuer_63,ex:person_125,ex:inPossibleIssuersOf
ex:issuer_63,ex:person_172,ex:inPossibleIssuersOf
ex:coin_3302,ex:issuer_83,nmo:hasIssuer
ex:coin_3302,ex:issuer_88,nmo:hasIssuer
ex:coin_3302,ex:person_17,nmo:hasPortrait
ex:person_17,ex:issuer_83,ex:hasPossibleIssuers
ex:person_17,ex:issuer_88,ex:hasPossibleIssuers
ex:person_17,ex:issuer_269,ex:hasPossibleIssuers
ex:issuer_83,ex:person_11,ex:inPossibleIssuersOf
ex:issuer_83,ex:person_12,ex:inPossibleIssuersOf
ex:issuer_83,ex:person_14,ex:inPossibleIssuersOf
ex:issuer_83,ex:person_15,ex:inPossibleIssuersOf
ex:issuer_83,ex:person_16,ex:inPossibleIssuersOf
ex:issuer_83,ex:person_17,ex:inPossibleIssuersOf
ex:issuer_83,ex:person_135,ex:inPossibleIssuersOf
ex:issuer_88,ex:person_14,ex:inPossibleIssuersOf
ex:issuer_88,ex:person_16,ex:inPossibleIssuersOf
ex:issuer_88,ex:person_17,ex:inPossibleIssuersOf
ex:issuer_88,ex:person_19,ex:inPossibleIssuersOf
ex:issuer_88,ex:person_118,ex:inPossibleIssuersOf
ex:issuer_88,ex:person_126,ex:inPossibleIssuersOf
ex:issuer_88,ex:person_135,ex:inPossibleIssuersOf
ex:issuer_88,ex:person_140,ex:inPossibleIssuersOf
ex:issuer_88,ex:person_141,ex:inPossibleIssuersOf
ex:coin_4726,ex:issuer_83,nmo:hasIssuer
ex:coin_4726,ex:issuer_88,nmo:hasIssuer
ex:coin_4726,ex:person_17,nmo:hasPortrait
ex:person_17,ex:issuer_83,ex:hasPossibleIssuers
ex:person_17,ex:issuer_88,ex:hasPossibleIssuers
ex:person_17,ex:issuer_269,ex:hasPossibleIssuers
ex:issuer_83,ex:person_11,ex:inPossibleIssuersOf
ex:issuer_83,ex:person_12,ex:inPossibleIssuersOf
ex:issuer_83,ex:person_14,ex:inPossibleIssuersOf
ex:issuer_83,ex:person_15,ex:inPossibleIssuersOf
ex:issuer_83,ex:person_16,ex:inPossibleIssuersOf
ex:issuer_83,ex:person_17,ex:inPossibleIssuersOf
ex:issuer_83,ex:person_135,ex:inPossibleIssuersOf
ex:issuer_88,ex:person_14,ex:inPossibleIssuersOf
ex:issuer_88,ex:person_16,ex:inPossibleIssuersOf
ex:issuer_88,ex:person_17,ex:inPossibleIssuersOf
ex:issuer_88,ex:person_19,ex:inPossibleIssuersOf
ex:issuer_88,ex:person_118,ex:inPossibleIssuersOf
ex:issuer_88,ex:person_126,ex:inPossibleIssuersOf
ex:issuer_88,ex:person_135,ex:inPossibleIssuersOf
ex:issuer_88,ex:person_140,ex:inPossibleIssuersOf
ex:issuer_88,ex:person_141,ex:inPossibleIssuersOf
ex:coin_4738,ex:issuer_83,nmo:hasIssuer
ex:coin_4738,ex:issuer_88,nmo:hasIssuer
ex:coin_4738,ex:person_17,nmo:hasPortrait
ex:person_17,ex:issuer_83,ex:hasPossibleIssuers
ex:person_17,ex:issuer_88,ex:hasPossibleIssuers
ex:person_17,ex:issuer_269,ex:hasPossibleIssuers
ex:issuer_83,ex:person_11,ex:inPossibleIssuersOf
ex:issuer_83,ex:person_12,ex:inPossibleIssuersOf
ex:issuer_83,ex:person_14,ex:inPossibleIssuersOf
ex:issuer_83,ex:person_15,ex:inPossibleIssuersOf
ex:issuer_83,ex:person_16,ex:inPossibleIssuersOf
ex:issuer_83,ex:person_17,ex:inPossibleIssuersOf
ex:issuer_83,ex:person_135,ex:inPossibleIssuersOf
ex:issuer_88,ex:person_14,ex:inPossibleIssuersOf
ex:issuer_88,ex:person_16,ex:inPossibleIssuersOf
ex:issuer_88,ex:person_17,ex:inPossibleIssuersOf
ex:issuer_88,ex:person_19,ex:inPossibleIssuersOf
ex:issuer_88,ex:person_118,ex:inPossibleIssuersOf
ex:issuer_88,ex:person_126,ex:inPossibleIssuersOf
ex:issuer_88,ex:person_135,ex:inPossibleIssuersOf
ex:issuer_88,ex:person_140,ex:inPossibleIssuersOf
ex:issuer_88,ex:person_141,ex:inPossibleIssuersOf
ex:coin_6237,ex:issuer_83,nmo:hasIssuer
ex:coin_6237,ex:issuer_88,nmo:hasIssuer
ex:coin_6237,ex:person_17,nmo:hasPortrait
ex:person_17,ex:issuer_83,ex:hasPossibleIssuers
ex:person_17,ex:issuer_88,ex:hasPossibleIssuers
ex:person_17,ex:issuer_269,ex:hasPossibleIssuers
ex:issuer_83,ex:person_11,ex:inPossibleIssuersOf
ex:issuer_83,ex:person_12,ex:inPossibleIssuersOf
ex:issuer_83,ex:person_14,ex:inPossibleIssuersOf
ex:issuer_83,ex:person_15,ex:inPossibleIssuersOf
ex:issuer_83,ex:person_16,ex:inPossibleIssuersOf
ex:issuer_83,ex:person_17,ex:inPossibleIssuersOf
ex:issuer_83,ex:person_135,ex:inPossibleIssuersOf
ex:issuer_88,ex:person_14,ex:inPossibleIssuersOf
ex:issuer_88,ex:person_16,ex:inPossibleIssuersOf
ex:issuer_88,ex:person_17,ex:inPossibleIssuersOf
ex:issuer_88,ex:person_19,ex:inPossibleIssuersOf
ex:issuer_88,ex:person_118,ex:inPossibleIssuersOf
ex:issuer_88,ex:person_126,ex:inPossibleIssuersOf
ex:issuer_88,ex:person_135,ex:inPossibleIssuersOf
ex:issuer_88,ex:person_140,ex:inPossibleIssuersOf
ex:issuer_88,ex:person_141,ex:inPossibleIssuersOf
ex:coin_7959,ex:issuer_83,nmo:hasIssuer
ex:coin_7959,ex:issuer_88,nmo:hasIssuer
ex:coin_7959,ex:person_17,nmo:hasPortrait
ex:person_17,ex:issuer_83,ex:hasPossibleIssuers
ex:person_17,ex:issuer_88,ex:hasPossibleIssuers
ex:person_17,ex:issuer_269,ex:hasPossibleIssuers
ex:issuer_83,ex:person_11,ex:inPossibleIssuersOf
ex:issuer_83,ex:person_12,ex:inPossibleIssuersOf
ex:issuer_83,ex:person_14,ex:inPossibleIssuersOf
ex:issuer_83,ex:person_15,ex:inPossibleIssuersOf
ex:issuer_83,ex:person_16,ex:inPossibleIssuersOf
ex:issuer_83,ex:person_17,ex:inPossibleIssuersOf
ex:issuer_83,ex:person_135,ex:inPossibleIssuersOf
ex:issuer_88,ex:person_14,ex:inPossibleIssuersOf
ex:issuer_88,ex:person_16,ex:inPossibleIssuersOf
ex:issuer_88,ex:person_17,ex:inPossibleIssuersOf
ex:issuer_88,ex:person_19,ex:inPossibleIssuersOf
ex:issuer_88,ex:person_118,ex:inPossibleIssuersOf
ex:issuer_88,ex:person_126,ex:inPossibleIssuersOf
ex:issuer_88,ex:person_135,ex:inPossibleIssuersOf
ex:issuer_88,ex:person_140,ex:inPossibleIssuersOf
ex:issuer_88,ex:person_141,ex:inPossibleIssuersOf
ex:coin_8223,ex:issuer_83,nmo:hasIssuer
ex:coin_8223,ex:issuer_88,nmo:hasIssuer
ex:coin_8223,ex:person_17,nmo:hasPortrait
ex:person_17,ex:issuer_83,ex:hasPossibleIssuers
ex:person_17,ex:issuer_88,ex:hasPossibleIssuers
ex:person_17,ex:issuer_269,ex:hasPossibleIssuers
ex:issuer_83,ex:person_11,ex:inPossibleIssuersOf
ex:issuer_83,ex:person_12,ex:inPossibleIssuersOf
ex:issuer_83,ex:person_14,ex:inPossibleIssuersOf
ex:issuer_83,ex:person_15,ex:inPossibleIssuersOf
ex:issuer_83,ex:person_16,ex:inPossibleIssuersOf
ex:issuer_83,ex:person_17,ex:inPossibleIssuersOf
ex:issuer_83,ex:person_135,ex:inPossibleIssuersOf
ex:issuer_88,ex:person_14,ex:inPossibleIssuersOf
ex:issuer_88,ex:person_16,ex:inPossibleIssuersOf
ex:issuer_88,ex:person_17,ex:inPossibleIssuersOf
ex:issuer_88,ex:person_19,ex:inPossibleIssuersOf
ex:issuer_88,ex:person_118,ex:inPossibleIssuersOf
ex:issuer_88,ex:person_126,ex:inPossibleIssuersOf
ex:issuer_88,ex:person_135,ex:inPossibleIssuersOf
ex:issuer_88,ex:person_140,ex:inPossibleIssuersOf
ex:issuer_88,ex:person_141,ex:inPossibleIssuersOf
ex:coin_8318,ex:issuer_83,nmo:hasIssuer
ex:coin_8318,ex:issuer_88,nmo:hasIssuer
ex:coin_8318,ex:person_17,nmo:hasPortrait
ex:person_17,ex:issuer_83,ex:hasPossibleIssuers
ex:person_17,ex:issuer_88,ex:hasPossibleIssuers
ex:person_17,ex:issuer_269,ex:hasPossibleIssuers
ex:issuer_83,ex:person_11,ex:inPossibleIssuersOf
ex:issuer_83,ex:person_12,ex:inPossibleIssuersOf
ex:issuer_83,ex:person_14,ex:inPossibleIssuersOf
ex:issuer_83,ex:person_15,ex:inPossibleIssuersOf
ex:issuer_83,ex:person_16,ex:inPossibleIssuersOf
ex:issuer_83,ex:person_17,ex:inPossibleIssuersOf
ex:issuer_83,ex:person_135,ex:inPossibleIssuersOf
ex:issuer_88,ex:person_14,ex:inPossibleIssuersOf
ex:issuer_88,ex:person_16,ex:inPossibleIssuersOf
ex:issuer_88,ex:person_17,ex:inPossibleIssuersOf
ex:issuer_88,ex:person_19,ex:inPossibleIssuersOf
ex:issuer_88,ex:person_118,ex:inPossibleIssuersOf
ex:issuer_88,ex:person_126,ex:inPossibleIssuersOf
ex:issuer_88,ex:person_135,ex:inPossibleIssuersOf
ex:issuer_88,ex:person_140,ex:inPossibleIssuersOf
ex:issuer_88,ex:person_141,ex:inPossibleIssuersOf
ex:coin_8945,ex:issuer_83,nmo:hasIssuer
ex:coin_8945,ex:issuer_88,nmo:hasIssuer
ex:coin_8945,ex:person_17,nmo:hasPortrait
ex:person_17,ex:issuer_83,ex:hasPossibleIssuers
ex:person_17,ex:issuer_88,ex:hasPossibleIssuers
ex:person_17,ex:issuer_269,ex:hasPossibleIssuers
ex:issuer_83,ex:person_11,ex:inPossibleIssuersOf
ex:issuer_83,ex:person_12,ex:inPossibleIssuersOf
ex:issuer_83,ex:person_14,ex:inPossibleIssuersOf
ex:issuer_83,ex:person_15,ex:inPossibleIssuersOf
ex:issuer_83,ex:person_16,ex:inPossibleIssuersOf
ex:issuer_83,ex:person_17,ex:inPossibleIssuersOf
ex:issuer_83,ex:person_135,ex:inPossibleIssuersOf
ex:issuer_88,ex:person_14,ex:inPossibleIssuersOf
ex:issuer_88,ex:person_16,ex:inPossibleIssuersOf
ex:issuer_88,ex:person_17,ex:inPossibleIssuersOf
ex:issuer_88,ex:person_19,ex:inPossibleIssuersOf
ex:issuer_88,ex:person_118,ex:inPossibleIssuersOf
ex:issuer_88,ex:person_126,ex:inPossibleIssuersOf
ex:issuer_88,ex:person_135,ex:inPossibleIssuersOf
ex:issuer_88,ex:person_140,ex:inPossibleIssuersOf
ex:issuer_88,ex:person_141,ex:inPossibleIssuersOf
ex:coin_9200,ex:issuer_83,nmo:hasIssuer
ex:coin_9200,ex:issuer_88,nmo:hasIssuer
ex:coin_9200,ex:person_17,nmo:hasPortrait
ex:person_17,ex:issuer_83,ex:hasPossibleIssuers
ex:person_17,ex:issuer_88,ex:hasPossibleIssuers
ex:person_17,ex:issuer_269,ex:hasPossibleIssuers
ex:issuer_83,ex:person_11,ex:inPossibleIssuersOf
ex:issuer_83,ex:person_12,ex:inPossibleIssuersOf
ex:issuer_83,ex:person_14,ex:inPossibleIssuersOf
ex:issuer_83,ex:person_15,ex:inPossibleIssuersOf
ex:issuer_83,ex:person_16,ex:inPossibleIssuersOf
ex:issuer_83,ex:person_17,ex:inPossibleIssuersOf
ex:issuer_83,ex:person_135,ex:inPossibleIssuersOf
ex:issuer_88,ex:person_14,ex:inPossibleIssuersOf
ex:issuer_88,ex:person_16,ex:inPossibleIssuersOf
ex:issuer_88,ex:person_17,ex:inPossibleIssuersOf
ex:issuer_88,ex:person_19,ex:inPossibleIssuersOf
ex:issuer_88,ex:person_118,ex:inPossibleIssuersOf
ex:issuer_88,ex:person_126,ex:inPossibleIssuersOf
ex:issuer_88,ex:person_135,ex:inPossibleIssuersOf
ex:issuer_88,ex:person_140,ex:inPossibleIssuersOf
ex:issuer_88,ex:person_141,ex:inPossibleIssuersOf
ex:coin_9257,ex:issuer_83,nmo:hasIssuer
ex:coin_9257,ex:issuer_88,nmo:hasIssuer
ex:coin_9257,ex:person_17,nmo:hasPortrait
ex:person_17,ex:issuer_83,ex:hasPossibleIssuers
ex:person_17,ex:issuer_88,ex:hasPossibleIssuers
ex:person_17,ex:issuer_269,ex:hasPossibleIssuers
ex:issuer_83,ex:person_11,ex:inPossibleIssuersOf
ex:issuer_83,ex:person_12,ex:inPossibleIssuersOf
ex:issuer_83,ex:person_14,ex:inPossibleIssuersOf
ex:issuer_83,ex:person_15,ex:inPossibleIssuersOf
ex:issuer_83,ex:person_16,ex:inPossibleIssuersOf
ex:issuer_83,ex:person_17,ex:inPossibleIssuersOf
ex:issuer_83,ex:person_135,ex:inPossibleIssuersOf
ex:issuer_88,ex:person_14,ex:inPossibleIssuersOf
ex:issuer_88,ex:person_16,ex:inPossibleIssuersOf
ex:issuer_88,ex:person_17,ex:inPossibleIssuersOf
ex:issuer_88,ex:person_19,ex:inPossibleIssuersOf
ex:issuer_88,ex:person_118,ex:inPossibleIssuersOf
ex:issuer_88,ex:person_126,ex:inPossibleIssuersOf
ex:issuer_88,ex:person_135,ex:inPossibleIssuersOf
ex:issuer_88,ex:person_140,ex:inPossibleIssuersOf
ex:issuer_88,ex:person_141,ex:inPossibleIssuersOf
ex:coin_9297,ex:issuer_83,nmo:hasIssuer
ex:coin_9297,ex:issuer_88,nmo:hasIssuer
ex:coin_9297,ex:person_17,nmo:hasPortrait
ex:person_17,ex:issuer_83,ex:hasPossibleIssuers
ex:person_17,ex:issuer_88,ex:hasPossibleIssuers
ex:person_17,ex:issuer_269,ex:hasPossibleIssuers
ex:issuer_83,ex:person_11,ex:inPossibleIssuersOf
ex:issuer_83,ex:person_12,ex:inPossibleIssuersOf
ex:issuer_83,ex:person_14,ex:inPossibleIssuersOf
ex:issuer_83,ex:person_15,ex:inPossibleIssuersOf
ex:issuer_83,ex:person_16,ex:inPossibleIssuersOf
ex:issuer_83,ex:person_17,ex:inPossibleIssuersOf
ex:issuer_83,ex:person_135,ex:inPossibleIssuersOf
ex:issuer_88,ex:person_14,ex:inPossibleIssuersOf
ex:issuer_88,ex:person_16,ex:inPossibleIssuersOf
ex:issuer_88,ex:person_17,ex:inPossibleIssuersOf
ex:issuer_88,ex:person_19,ex:inPossibleIssuersOf
ex:issuer_88,ex:person_118,ex:inPossibleIssuersOf
ex:issuer_88,ex:person_126,ex:inPossibleIssuersOf
ex:issuer_88,ex:person_135,ex:inPossibleIssuersOf
ex:issuer_88,ex:person_140,ex:inPossibleIssuersOf
ex:issuer_88,ex:person_141,ex:inPossibleIssuersOf
ex:coin_9499,ex:issuer_83,nmo:hasIssuer
ex:coin_9499,ex:issuer_88,nmo:hasIssuer
ex:coin_9499,ex:person_17,nmo:hasPortrait
ex:person_17,ex:issuer_83,ex:hasPossibleIssuers
ex:person_17,ex:issuer_88,ex:hasPossibleIssuers
ex:person_17,ex:issuer_269,ex:hasPossibleIssuers
ex:issuer_83,ex:person_11,ex:inPossibleIssuersOf
ex:issuer_83,ex:person_12,ex:inPossibleIssuersOf
ex:issuer_83,ex:person_14,ex:inPossibleIssuersOf
ex:issuer_83,ex:person_15,ex:inPossibleIssuersOf
ex:issuer_83,ex:person_16,ex:inPossibleIssuersOf
ex:issuer_83,ex:person_17,ex:inPossibleIssuersOf
ex:issuer_83,ex:person_135,ex:inPossibleIssuersOf
ex:issuer_88,ex:person_14,ex:inPossibleIssuersOf
ex:issuer_88,ex:person_16,ex:inPossibleIssuersOf
ex:issuer_88,ex:person_17,ex:inPossibleIssuersOf
ex:issuer_88,ex:person_19,ex:inPossibleIssuersOf
ex:issuer_88,ex:person_118,ex:inPossibleIssuersOf
ex:issuer_88,ex:person_126,ex:inPossibleIssuersOf
ex:issuer_88,ex:person_135,ex:inPossibleIssuersOf
ex:issuer_88,ex:person_140,ex:inPossibleIssuersOf
ex:issuer_88,ex:person_141,ex:inPossibleIssuersOf
ex:coin_9864,ex:issuer_83,nmo:hasIssuer
ex:coin_9864,ex:issuer_88,nmo:hasIssuer
ex:coin_9864,ex:person_17,nmo:hasPortrait
ex:person_17,ex:issuer_83,ex:hasPossibleIssuers
ex:person_17,ex:issuer_88,ex:hasPossibleIssuers
ex:person_17,ex:issuer_269,ex:hasPossibleIssuers
ex:issuer_83,ex:person_11,ex:inPossibleIssuersOf
ex:issuer_83,ex:person_12,ex:inPossibleIssuersOf
ex:issuer_83,ex:person_14,ex:inPossibleIssuersOf
ex:issuer_83,ex:person_15,ex:inPossibleIssuersOf
ex:issuer_83,ex:person_16,ex:inPossibleIssuersOf
ex:issuer_83,ex:person_17,ex:inPossibleIssuersOf
ex:issuer_83,ex:person_135,ex:inPossibleIssuersOf
ex:issuer_88,ex:person_14,ex:inPossibleIssuersOf
ex:issuer_88,ex:person_16,ex:inPossibleIssuersOf
ex:issuer_88,ex:person_17,ex:inPossibleIssuersOf
ex:issuer_88,ex:person_19,ex:inPossibleIssuersOf
ex:issuer_88,ex:person_118,ex:inPossibleIssuersOf
ex:issuer_88,ex:person_126,ex:inPossibleIssuersOf
ex:issuer_88,ex:person_135,ex:inPossibleIssuersOf
ex:issuer_88,ex:person_140,ex:inPossibleIssuersOf
ex:issuer_88,ex:person_141,ex:inPossibleIssuersOf
ex:coin_9965,ex:issuer_83,nmo:hasIssuer
ex:coin_9965,ex:issuer_88,nmo:hasIssuer
ex:coin_9965,ex:person_17,nmo:hasPortrait
ex:person_17,ex:issuer_83,ex:hasPossibleIssuers
ex:person_17,ex:issuer_88,ex:hasPossibleIssuers
ex:person_17,ex:issuer_269,ex:hasPossibleIssuers
ex:issuer_83,ex:person_11,ex:inPossibleIssuersOf
ex:issuer_83,ex:person_12,ex:inPossibleIssuersOf
ex:issuer_83,ex:person_14,ex:inPossibleIssuersOf
ex:issuer_83,ex:person_15,ex:inPossibleIssuersOf
ex:issuer_83,ex:person_16,ex:inPossibleIssuersOf
ex:issuer_83,ex:person_17,ex:inPossibleIssuersOf
ex:issuer_83,ex:person_135,ex:inPossibleIssuersOf
ex:issuer_88,ex:person_14,ex:inPossibleIssuersOf
ex:issuer_88,ex:person_16,ex:inPossibleIssuersOf
ex:issuer_88,ex:person_17,ex:inPossibleIssuersOf
ex:issuer_88,ex:person_19,ex:inPossibleIssuersOf
ex:issuer_88,ex:person_118,ex:inPossibleIssuersOf
ex:issuer_88,ex:person_126,ex:inPossibleIssuersOf
ex:issuer_88,ex:person_135,ex:inPossibleIssuersOf
ex:issuer_88,ex:person_140,ex:inPossibleIssuersOf
ex:issuer_88,ex:person_141,ex:inPossibleIssuersOf
ex:coin_10143,ex:issuer_83,nmo:hasIssuer
ex:coin_10143,ex:issuer_88,nmo:hasIssuer
ex:coin_10143,ex:person_17,nmo:hasPortrait
ex:person_17,ex:issuer_83,ex:hasPossibleIssuers
ex:person_17,ex:issuer_88,ex:hasPossibleIssuers
ex:person_17,ex:issuer_269,ex:hasPossibleIssuers
ex:issuer_83,ex:person_11,ex:inPossibleIssuersOf
ex:issuer_83,ex:person_12,ex:inPossibleIssuersOf
ex:issuer_83,ex:person_14,ex:inPossibleIssuersOf
ex:issuer_83,ex:person_15,ex:inPossibleIssuersOf
ex:issuer_83,ex:person_16,ex:inPossibleIssuersOf
ex:issuer_83,ex:person_17,ex:inPossibleIssuersOf
ex:issuer_83,ex:person_135,ex:inPossibleIssuersOf
ex:issuer_88,ex:person_14,ex:inPossibleIssuersOf
ex:issuer_88,ex:person_16,ex:inPossibleIssuersOf
ex:issuer_88,ex:person_17,ex:inPossibleIssuersOf
ex:issuer_88,ex:person_19,ex:inPossibleIssuersOf
ex:issuer_88,ex:person_118,ex:inPossibleIssuersOf
ex:issuer_88,ex:person_126,ex:inPossibleIssuersOf
ex:issuer_88,ex:person_135,ex:inPossibleIssuersOf
ex:issuer_88,ex:person_140,ex:inPossibleIssuersOf
ex:issuer_88,ex:person_141,ex:inPossibleIssuersOf
ex:coin_10202,ex:issuer_83,nmo:hasIssuer
ex:coin_10202,ex:issuer_88,nmo:hasIssuer
ex:coin_10202,ex:person_17,nmo:hasPortrait
ex:person_17,ex:issuer_83,ex:hasPossibleIssuers
ex:person_17,ex:issuer_88,ex:hasPossibleIssuers
ex:person_17,ex:issuer_269,ex:hasPossibleIssuers
ex:issuer_83,ex:person_11,ex:inPossibleIssuersOf
ex:issuer_83,ex:person_12,ex:inPossibleIssuersOf
ex:issuer_83,ex:person_14,ex:inPossibleIssuersOf
ex:issuer_83,ex:person_15,ex:inPossibleIssuersOf
ex:issuer_83,ex:person_16,ex:inPossibleIssuersOf
ex:issuer_83,ex:person_17,ex:inPossibleIssuersOf
ex:issuer_83,ex:person_135,ex:inPossibleIssuersOf
ex:issuer_88,ex:person_14,ex:inPossibleIssuersOf
ex:issuer_88,ex:person_16,ex:inPossibleIssuersOf
ex:issuer_88,ex:person_17,ex:inPossibleIssuersOf
ex:issuer_88,ex:person_19,ex:inPossibleIssuersOf
ex:issuer_88,ex:person_118,ex:inPossibleIssuersOf
ex:issuer_88,ex:person_126,ex:inPossibleIssuersOf
ex:issuer_88,ex:person_135,ex:inPossibleIssuersOf
ex:issuer_88,ex:person_140,ex:inPossibleIssuersOf
ex:issuer_88,ex:person_141,ex:inPossibleIssuersOf
ex:coin_11692,ex:issuer_83,nmo:hasIssuer
ex:coin_11692,ex:issuer_88,nmo:hasIssuer
ex:coin_11692,ex:person_17,nmo:hasPortrait
ex:person_17,ex:issuer_83,ex:hasPossibleIssuers
ex:person_17,ex:issuer_88,ex:hasPossibleIssuers
ex:person_17,ex:issuer_269,ex:hasPossibleIssuers
ex:issuer_83,ex:person_11,ex:inPossibleIssuersOf
ex:issuer_83,ex:person_12,ex:inPossibleIssuersOf
ex:issuer_83,ex:person_14,ex:inPossibleIssuersOf
ex:issuer_83,ex:person_15,ex:inPossibleIssuersOf
ex:issuer_83,ex:person_16,ex:inPossibleIssuersOf
ex:issuer_83,ex:person_17,ex:inPossibleIssuersOf
ex:issuer_83,ex:person_135,ex:inPossibleIssuersOf
ex:issuer_88,ex:person_14,ex:inPossibleIssuersOf
ex:issuer_88,ex:person_16,ex:inPossibleIssuersOf
ex:issuer_88,ex:person_17,ex:inPossibleIssuersOf
ex:issuer_88,ex:person_19,ex:inPossibleIssuersOf
ex:issuer_88,ex:person_118,ex:inPossibleIssuersOf
ex:issuer_88,ex:person_126,ex:inPossibleIssuersOf
ex:issuer_88,ex:person_135,ex:inPossibleIssuersOf
ex:issuer_88,ex:person_140,ex:inPossibleIssuersOf
ex:issuer_88,ex:person_141,ex:inPossibleIssuersOf
ex:coin_12641,ex:issuer_83,nmo:hasIssuer
ex:coin_12641,ex:issuer_88,nmo:hasIssuer
ex:coin_12641,ex:person_17,nmo:hasPortrait
ex:person_17,ex:issuer_83,ex:hasPossibleIssuers
ex:person_17,ex:issuer_88,ex:hasPossibleIssuers
ex:person_17,ex:issuer_269,ex:hasPossibleIssuers
ex:issuer_83,ex:person_11,ex:inPossibleIssuersOf
ex:issuer_83,ex:person_12,ex:inPossibleIssuersOf
ex:issuer_83,ex:person_14,ex:inPossibleIssuersOf
ex:issuer_83,ex:person_15,ex:inPossibleIssuersOf
ex:issuer_83,ex:person_16,ex:inPossibleIssuersOf
ex:issuer_83,ex:person_17,ex:inPossibleIssuersOf
ex:issuer_83,ex:person_135,ex:inPossibleIssuersOf
ex:issuer_88,ex:person_14,ex:inPossibleIssuersOf
ex:issuer_88,ex:person_16,ex:inPossibleIssuersOf
ex:issuer_88,ex:person_17,ex:inPossibleIssuersOf
ex:issuer_88,ex:person_19,ex:inPossibleIssuersOf
ex:issuer_88,ex:person_118,ex:inPossibleIssuersOf
ex:issuer_88,ex:person_126,ex:inPossibleIssuersOf
ex:issuer_88,ex:person_135,ex:inPossibleIssuersOf
ex:issuer_88,ex:person_140,ex:inPossibleIssuersOf
ex:issuer_88,ex:person_141,ex:inPossibleIssuersOf
ex:coin_15091,ex:issuer_83,nmo:hasIssuer
ex:coin_15091,ex:issuer_88,nmo:hasIssuer
ex:coin_15091,ex:person_17,nmo:hasPortrait
ex:person_17,ex:issuer_83,ex:hasPossibleIssuers
ex:person_17,ex:issuer_88,ex:hasPossibleIssuers
ex:person_17,ex:issuer_269,ex:hasPossibleIssuers
ex:issuer_83,ex:person_11,ex:inPossibleIssuersOf
ex:issuer_83,ex:person_12,ex:inPossibleIssuersOf
ex:issuer_83,ex:person_14,ex:inPossibleIssuersOf
ex:issuer_83,ex:person_15,ex:inPossibleIssuersOf
ex:issuer_83,ex:person_16,ex:inPossibleIssuersOf
ex:issuer_83,ex:person_17,ex:inPossibleIssuersOf
ex:issuer_83,ex:person_135,ex:inPossibleIssuersOf
ex:issuer_88,ex:person_14,ex:inPossibleIssuersOf
ex:issuer_88,ex:person_16,ex:inPossibleIssuersOf
ex:issuer_88,ex:person_17,ex:inPossibleIssuersOf
ex:issuer_88,ex:person_19,ex:inPossibleIssuersOf
ex:issuer_88,ex:person_118,ex:inPossibleIssuersOf
ex:issuer_88,ex:person_126,ex:inPossibleIssuersOf
ex:issuer_88,ex:person_135,ex:inPossibleIssuersOf
ex:issuer_88,ex:person_140,ex:inPossibleIssuersOf
ex:issuer_88,ex:person_141,ex:inPossibleIssuersOf
ex:coin_28686,ex:issuer_83,nmo:hasIssuer
ex:coin_28686,ex:issuer_88,nmo:hasIssuer
ex:coin_28686,ex:person_17,nmo:hasPortrait
ex:person_17,ex:issuer_83,ex:hasPossibleIssuers
ex:person_17,ex:issuer_88,ex:hasPossibleIssuers
ex:person_17,ex:issuer_269,ex:hasPossibleIssuers
ex:issuer_83,ex:person_11,ex:inPossibleIssuersOf
ex:issuer_83,ex:person_12,ex:inPossibleIssuersOf
ex:issuer_83,ex:person_14,ex:inPossibleIssuersOf
ex:issuer_83,ex:person_15,ex:inPossibleIssuersOf
ex:issuer_83,ex:person_16,ex:inPossibleIssuersOf
ex:issuer_83,ex:person_17,ex:inPossibleIssuersOf
ex:issuer_83,ex:person_135,ex:inPossibleIssuersOf
ex:issuer_88,ex:person_14,ex:inPossibleIssuersOf
ex:issuer_88,ex:person_16,ex:inPossibleIssuersOf
ex:issuer_88,ex:person_17,ex:inPossibleIssuersOf
ex:issuer_88,ex:person_19,ex:inPossibleIssuersOf
ex:issuer_88,ex:person_118,ex:inPossibleIssuersOf
ex:issuer_88,ex:person_126,ex:inPossibleIssuersOf
ex:issuer_88,ex:person_135,ex:inPossibleIssuersOf
ex:issuer_88,ex:person_140,ex:inPossibleIssuersOf
ex:issuer_88,ex:person_141,ex:inPossibleIssuersOf
ex:coin_28771,ex:issuer_83,nmo:hasIssuer
ex:coin_28771,ex:issuer_88,nmo:hasIssuer
ex:coin_28771,ex:person_17,nmo:hasPortrait
ex:person_17,ex:issuer_83,ex:hasPossibleIssuers
ex:person_17,ex:issuer_88,ex:hasPossibleIssuers
ex:person_17,ex:issuer_269,ex:hasPossibleIssuers
ex:issuer_83,ex:person_11,ex:inPossibleIssuersOf
ex:issuer_83,ex:person_12,ex:inPossibleIssuersOf
ex:issuer_83,ex:person_14,ex:inPossibleIssuersOf
ex:issuer_83,ex:person_15,ex:inPossibleIssuersOf
ex:issuer_83,ex:person_16,ex:inPossibleIssuersOf
ex:issuer_83,ex:person_17,ex:inPossibleIssuersOf
ex:issuer_83,ex:person_135,ex:inPossibleIssuersOf
ex:issuer_88,ex:person_14,ex:inPossibleIssuersOf
ex:issuer_88,ex:person_16,ex:inPossibleIssuersOf
ex:issuer_88,ex:person_17,ex:inPossibleIssuersOf
ex:issuer_88,ex:person_19,ex:inPossibleIssuersOf
ex:issuer_88,ex:person_118,ex:inPossibleIssuersOf
ex:issuer_88,ex:person_126,ex:inPossibleIssuersOf
ex:issuer_88,ex:person_135,ex:inPossibleIssuersOf
ex:issuer_88,ex:person_140,ex:inPossibleIssuersOf
ex:issuer_88,ex:person_141,ex:inPossibleIssuersOf
ex:coin_28920,ex:issuer_83,nmo:hasIssuer
ex:coin_28920,ex:issuer_88,nmo:hasIssuer
ex:coin_28920,ex:person_17,nmo:hasPortrait
ex:person_17,ex:issuer_83,ex:hasPossibleIssuers
ex:person_17,ex:issuer_88,ex:hasPossibleIssuers
ex:person_17,ex:issuer_269,ex:hasPossibleIssuers
ex:issuer_83,ex:person_11,ex:inPossibleIssuersOf
ex:issuer_83,ex:person_12,ex:inPossibleIssuersOf
ex:issuer_83,ex:person_14,ex:inPossibleIssuersOf
ex:issuer_83,ex:person_15,ex:inPossibleIssuersOf
ex:issuer_83,ex:person_16,ex:inPossibleIssuersOf
ex:issuer_83,ex:person_17,ex:inPossibleIssuersOf
ex:issuer_83,ex:person_135,ex:inPossibleIssuersOf
ex:issuer_88,ex:person_14,ex:inPossibleIssuersOf
ex:issuer_88,ex:person_16,ex:inPossibleIssuersOf
ex:issuer_88,ex:person_17,ex:inPossibleIssuersOf
ex:issuer_88,ex:person_19,ex:inPossibleIssuersOf
ex:issuer_88,ex:person_118,ex:inPossibleIssuersOf
ex:issuer_88,ex:person_126,ex:inPossibleIssuersOf
ex:issuer_88,ex:person_135,ex:inPossibleIssuersOf
ex:issuer_88,ex:person_140,ex:inPossibleIssuersOf
ex:issuer_88,ex:person_141,ex:inPossibleIssuersOf
ex:coin_29336,ex:issuer_83,nmo:hasIssuer
ex:coin_29336,ex:issuer_88,nmo:hasIssuer
ex:coin_29336,ex:person_17,nmo:hasPortrait
ex:person_17,ex:issuer_83,ex:hasPossibleIssuers
ex:person_17,ex:issuer_88,ex:hasPossibleIssuers
ex:person_17,ex:issuer_269,ex:hasPossibleIssuers
ex:issuer_83,ex:person_11,ex:inPossibleIssuersOf
ex:issuer_83,ex:person_12,ex:inPossibleIssuersOf
ex:issuer_83,ex:person_14,ex:inPossibleIssuersOf
ex:issuer_83,ex:person_15,ex:inPossibleIssuersOf
ex:issuer_83,ex:person_16,ex:inPossibleIssuersOf
ex:issuer_83,ex:person_17,ex:inPossibleIssuersOf
ex:issuer_83,ex:person_135,ex:inPossibleIssuersOf
ex:issuer_88,ex:person_14,ex:inPossibleIssuersOf
ex:issuer_88,ex:person_16,ex:inPossibleIssuersOf
ex:issuer_88,ex:person_17,ex:inPossibleIssuersOf
ex:issuer_88,ex:person_19,ex:inPossibleIssuersOf
ex:issuer_88,ex:person_118,ex:inPossibleIssuersOf
ex:issuer_88,ex:person_126,ex:inPossibleIssuersOf
ex:issuer_88,ex:person_135,ex:inPossibleIssuersOf
ex:issuer_88,ex:person_140,ex:inPossibleIssuersOf
ex:issuer_88,ex:person_141,ex:inPossibleIssuersOf
ex:coin_29695,ex:issuer_83,nmo:hasIssuer
ex:coin_29695,ex:issuer_88,nmo:hasIssuer
ex:coin_29695,ex:person_17,nmo:hasPortrait
ex:person_17,ex:issuer_83,ex:hasPossibleIssuers
ex:person_17,ex:issuer_88,ex:hasPossibleIssuers
ex:person_17,ex:issuer_269,ex:hasPossibleIssuers
ex:issuer_83,ex:person_11,ex:inPossibleIssuersOf
ex:issuer_83,ex:person_12,ex:inPossibleIssuersOf
ex:issuer_83,ex:person_14,ex:inPossibleIssuersOf
ex:issuer_83,ex:person_15,ex:inPossibleIssuersOf
ex:issuer_83,ex:person_16,ex:inPossibleIssuersOf
ex:issuer_83,ex:person_17,ex:inPossibleIssuersOf
ex:issuer_83,ex:person_135,ex:inPossibleIssuersOf
ex:issuer_88,ex:person_14,ex:inPossibleIssuersOf
ex:issuer_88,ex:person_16,ex:inPossibleIssuersOf
ex:issuer_88,ex:person_17,ex:inPossibleIssuersOf
ex:issuer_88,ex:person_19,ex:inPossibleIssuersOf
ex:issuer_88,ex:person_118,ex:inPossibleIssuersOf
ex:issuer_88,ex:person_126,ex:inPossibleIssuersOf
ex:issuer_88,ex:person_135,ex:inPossibleIssuersOf
ex:issuer_88,ex:person_140,ex:inPossibleIssuersOf
ex:issuer_88,ex:person_141,ex:inPossibleIssuersOf
ex:coin_30160,ex:issuer_83,nmo:hasIssuer
ex:coin_30160,ex:issuer_88,nmo:hasIssuer
ex:coin_30160,ex:person_17,nmo:hasPortrait
ex:person_17,ex:issuer_83,ex:hasPossibleIssuers
ex:person_17,ex:issuer_88,ex:hasPossibleIssuers
ex:person_17,ex:issuer_269,ex:hasPossibleIssuers
ex:issuer_83,ex:person_11,ex:inPossibleIssuersOf
ex:issuer_83,ex:person_12,ex:inPossibleIssuersOf
ex:issuer_83,ex:person_14,ex:inPossibleIssuersOf
ex:issuer_83,ex:person_15,ex:inPossibleIssuersOf
ex:issuer_83,ex:person_16,ex:inPossibleIssuersOf
ex:issuer_83,ex:person_17,ex:inPossibleIssuersOf
ex:issuer_83,ex:person_135,ex:inPossibleIssuersOf
ex:issuer_88,ex:person_14,ex:inPossibleIssuersOf
ex:issuer_88,ex:person_16,ex:inPossibleIssuersOf
ex:issuer_88,ex:person_17,ex:inPossibleIssuersOf
ex:issuer_88,ex:person_19,ex:inPossibleIssuersOf
ex:issuer_88,ex:person_118,ex:inPossibleIssuersOf
ex:issuer_88,ex:person_126,ex:inPossibleIssuersOf
ex:issuer_88,ex:person_135,ex:inPossibleIssuersOf
ex:issuer_88,ex:person_140,ex:inPossibleIssuersOf
ex:issuer_88,ex:person_141,ex:inPossibleIssuersOf
ex:coin_31004,ex:issuer_83,nmo:hasIssuer
ex:coin_31004,ex:issuer_88,nmo:hasIssuer
ex:coin_31004,ex:person_17,nmo:hasPortrait
ex:person_17,ex:issuer_83,ex:hasPossibleIssuers
ex:person_17,ex:issuer_88,ex:hasPossibleIssuers
ex:person_17,ex:issuer_269,ex:hasPossibleIssuers
ex:issuer_83,ex:person_11,ex:inPossibleIssuersOf
ex:issuer_83,ex:person_12,ex:inPossibleIssuersOf
ex:issuer_83,ex:person_14,ex:inPossibleIssuersOf
ex:issuer_83,ex:person_15,ex:inPossibleIssuersOf
ex:issuer_83,ex:person_16,ex:inPossibleIssuersOf
ex:issuer_83,ex:person_17,ex:inPossibleIssuersOf
ex:issuer_83,ex:person_135,ex:inPossibleIssuersOf
ex:issuer_88,ex:person_14,ex:inPossibleIssuersOf
ex:issuer_88,ex:person_16,ex:inPossibleIssuersOf
ex:issuer_88,ex:person_17,ex:inPossibleIssuersOf
ex:issuer_88,ex:person_19,ex:inPossibleIssuersOf
ex:issuer_88,ex:person_118,ex:inPossibleIssuersOf
ex:issuer_88,ex:person_126,ex:inPossibleIssuersOf
ex:issuer_88,ex:person_135,ex:inPossibleIssuersOf
ex:issuer_88,ex:person_140,ex:inPossibleIssuersOf
ex:issuer_88,ex:person_141,ex:inPossibleIssuersOf
ex:coin_33141,ex:issuer_83,nmo:hasIssuer
ex:coin_33141,ex:issuer_88,nmo:hasIssuer
ex:coin_33141,ex:issuer_94,nmo:hasIssuer
ex:coin_33141,ex:person_203,nmo:hasPortrait
ex:issuer_83,ex:person_11,ex:inPossibleIssuersOf
ex:issuer_83,ex:person_12,ex:inPossibleIssuersOf
ex:issuer_83,ex:person_14,ex:inPossibleIssuersOf
ex:issuer_83,ex:person_15,ex:inPossibleIssuersOf
ex:issuer_83,ex:person_16,ex:inPossibleIssuersOf
ex:issuer_83,ex:person_17,ex:inPossibleIssuersOf
ex:issuer_83,ex:person_135,ex:inPossibleIssuersOf
ex:issuer_88,ex:person_14,ex:inPossibleIssuersOf
ex:issuer_88,ex:person_16,ex:inPossibleIssuersOf
ex:issuer_88,ex:person_17,ex:inPossibleIssuersOf
ex:issuer_88,ex:person_19,ex:inPossibleIssuersOf
ex:issuer_88,ex:person_118,ex:inPossibleIssuersOf
ex:issuer_88,ex:person_126,ex:inPossibleIssuersOf
ex:issuer_88,ex:person_135,ex:inPossibleIssuersOf
ex:issuer_88,ex:person_140,ex:inPossibleIssuersOf
ex:issuer_88,ex:person_141,ex:inPossibleIssuersOf
ex:issuer_94,ex:person_21,ex:inPossibleIssuersOf
ex:issuer_94,ex:person_138,ex:inPossibleIssuersOf
ex:issuer_94,ex:person_141,ex:inPossibleIssuersOf
ex:coin_33254,ex:issuer_83,nmo:hasIssuer
ex:coin_33254,ex:issuer_88,nmo:hasIssuer
ex:coin_33254,ex:issuer_94,nmo:hasIssuer
ex:coin_33254,ex:person_203,nmo:hasPortrait
ex:issuer_83,ex:person_11,ex:inPossibleIssuersOf
ex:issuer_83,ex:person_12,ex:inPossibleIssuersOf
ex:issuer_83,ex:person_14,ex:inPossibleIssuersOf
ex:issuer_83,ex:person_15,ex:inPossibleIssuersOf
ex:issuer_83,ex:person_16,ex:inPossibleIssuersOf
ex:issuer_83,ex:person_17,ex:inPossibleIssuersOf
ex:issuer_83,ex:person_135,ex:inPossibleIssuersOf
ex:issuer_88,ex:person_14,ex:inPossibleIssuersOf
ex:issuer_88,ex:person_16,ex:inPossibleIssuersOf
ex:issuer_88,ex:person_17,ex:inPossibleIssuersOf
ex:issuer_88,ex:person_19,ex:inPossibleIssuersOf
ex:issuer_88,ex:person_118,ex:inPossibleIssuersOf
ex:issuer_88,ex:person_126,ex:inPossibleIssuersOf
ex:issuer_88,ex:person_135,ex:inPossibleIssuersOf
ex:issuer_88,ex:person_140,ex:inPossibleIssuersOf
ex:issuer_88,ex:person_141,ex:inPossibleIssuersOf
ex:issuer_94,ex:person_21,ex:inPossibleIssuersOf
ex:issuer_94,ex:person_138,ex:inPossibleIssuersOf
ex:issuer_94,ex:person_141,ex:inPossibleIssuersOf
ex:coin_33447,ex:issuer_83,nmo:hasIssuer
ex:coin_33447,ex:issuer_88,nmo:hasIssuer
ex:coin_33447,ex:issuer_94,nmo:hasIssuer
ex:coin_33447,ex:person_203,nmo:hasPortrait
ex:issuer_83,ex:person_11,ex:inPossibleIssuersOf
ex:issuer_83,ex:person_12,ex:inPossibleIssuersOf
ex:issuer_83,ex:person_14,ex:inPossibleIssuersOf
ex:issuer_83,ex:person_15,ex:inPossibleIssuersOf
ex:issuer_83,ex:person_16,ex:inPossibleIssuersOf
ex:issuer_83,ex:person_17,ex:inPossibleIssuersOf
ex:issuer_83,ex:person_135,ex:inPossibleIssuersOf
ex:issuer_88,ex:person_14,ex:inPossibleIssuersOf
ex:issuer_88,ex:person_16,ex:inPossibleIssuersOf
ex:issuer_88,ex:person_17,ex:inPossibleIssuersOf
ex:issuer_88,ex:person_19,ex:inPossibleIssuersOf
ex:issuer_88,ex:person_118,ex:inPossibleIssuersOf
ex:issuer_88,ex:person_126,ex:inPossibleIssuersOf
ex:issuer_88,ex:person_135,ex:inPossibleIssuersOf
ex:issuer_88,ex:person_140,ex:inPossibleIssuersOf
ex:issuer_88,ex:person_141,ex:inPossibleIssuersOf
ex:issuer_94,ex:person_21,ex:inPossibleIssuersOf
ex:issuer_94,ex:person_138,ex:inPossibleIssuersOf
ex:issuer_94,ex:person_141,ex:inPossibleIssuersOf
ex:coin_33739,ex:issuer_83,nmo:hasIssuer
ex:coin_33739,ex:issuer_88,nmo:hasIssuer
ex:coin_33739,ex:person_17,nmo:hasPortrait
ex:person_17,ex:issuer_83,ex:hasPossibleIssuers
ex:person_17,ex:issuer_88,ex:hasPossibleIssuers
ex:person_17,ex:issuer_269,ex:hasPossibleIssuers
ex:issuer_83,ex:person_11,ex:inPossibleIssuersOf
ex:issuer_83,ex:person_12,ex:inPossibleIssuersOf
ex:issuer_83,ex:person_14,ex:inPossibleIssuersOf
ex:issuer_83,ex:person_15,ex:inPossibleIssuersOf
ex:issuer_83,ex:person_16,ex:inPossibleIssuersOf
ex:issuer_83,ex:person_17,ex:inPossibleIssuersOf
ex:issuer_83,ex:person_135,ex:inPossibleIssuersOf
ex:issuer_88,ex:person_14,ex:inPossibleIssuersOf
ex:issuer_88,ex:person_16,ex:inPossibleIssuersOf
ex:issuer_88,ex:person_17,ex:inPossibleIssuersOf
ex:issuer_88,ex:person_19,ex:inPossibleIssuersOf
ex:issuer_88,ex:person_118,ex:inPossibleIssuersOf
ex:issuer_88,ex:person_126,ex:inPossibleIssuersOf
ex:issuer_88,ex:person_135,ex:inPossibleIssuersOf
ex:issuer_88,ex:person_140,ex:inPossibleIssuersOf
ex:issuer_88,ex:person_141,ex:inPossibleIssuersOf
ex:coin_12853,ex:issuer_88,nmo:hasIssuer
ex:coin_12853,ex:issuer_94,nmo:hasIssuer
ex:coin_12853,ex:person_118,nmo:hasPortrait
ex:person_118,ex:issuer_88,ex:hasPossibleIssuers
ex:issuer_88,ex:person_14,ex:inPossibleIssuersOf
ex:issuer_88,ex:person_16,ex:inPossibleIssuersOf
ex:issuer_88,ex:person_17,ex:inPossibleIssuersOf
ex:issuer_88,ex:person_19,ex:inPossibleIssuersOf
ex:issuer_88,ex:person_118,ex:inPossibleIssuersOf
ex:issuer_88,ex:person_126,ex:inPossibleIssuersOf
ex:issuer_88,ex:person_135,ex:inPossibleIssuersOf
ex:issuer_88,ex:person_140,ex:inPossibleIssuersOf
ex:issuer_88,ex:person_141,ex:inPossibleIssuersOf
ex:issuer_94,ex:person_21,ex:inPossibleIssuersOf
ex:issuer_94,ex:person_138,ex:inPossibleIssuersOf
ex:issuer_94,ex:person_141,ex:inPossibleIssuersOf
ex:coin_13479,ex:issuer_93,nmo:hasIssuer
ex:coin_13479,ex:issuer_88,nmo:hasIssuer
ex:coin_13479,ex:person_14,nmo:hasPortrait
ex:person_14,ex:issuer_83,ex:hasPossibleIssuers
ex:person_14,ex:issuer_88,ex:hasPossibleIssuers
ex:issuer_93,ex:person_140,ex:inPossibleIssuersOf
ex:issuer_88,ex:person_14,ex:inPossibleIssuersOf
ex:issuer_88,ex:person_16,ex:inPossibleIssuersOf
ex:issuer_88,ex:person_17,ex:inPossibleIssuersOf
ex:issuer_88,ex:person_19,ex:inPossibleIssuersOf
ex:issuer_88,ex:person_118,ex:inPossibleIssuersOf
ex:issuer_88,ex:person_126,ex:inPossibleIssuersOf
ex:issuer_88,ex:person_135,ex:inPossibleIssuersOf
ex:issuer_88,ex:person_140,ex:inPossibleIssuersOf
ex:issuer_88,ex:person_141,ex:inPossibleIssuersOf
ex:coin_9495,ex:issuer_97,nmo:hasIssuer
ex:coin_9495,ex:issuer_100,nmo:hasIssuer
ex:coin_9495,ex:person_22,nmo:hasPortrait
ex:person_22,ex:issuer_100,ex:hasPossibleIssuers
ex:issuer_97,ex:person_148,ex:inPossibleIssuersOf
ex:issuer_100,ex:person_22,ex:inPossibleIssuersOf
ex:issuer_100,ex:person_23,ex:inPossibleIssuersOf
ex:issuer_100,ex:person_127,ex:inPossibleIssuersOf
ex:issuer_100,ex:person_136,ex:inPossibleIssuersOf
ex:issuer_100,ex:person_148,ex:inPossibleIssuersOf
ex:issuer_100,ex:person_162,ex:inPossibleIssuersOf
ex:issuer_100,ex:person_188,ex:inPossibleIssuersOf
ex:coin_9860,ex:issuer_97,nmo:hasIssuer
ex:coin_9860,ex:issuer_100,nmo:hasIssuer
ex:coin_9860,ex:person_22,nmo:hasPortrait
ex:person_22,ex:issuer_100,ex:hasPossibleIssuers
ex:issuer_97,ex:person_148,ex:inPossibleIssuersOf
ex:issuer_100,ex:person_22,ex:inPossibleIssuersOf
ex:issuer_100,ex:person_23,ex:inPossibleIssuersOf
ex:issuer_100,ex:person_127,ex:inPossibleIssuersOf
ex:issuer_100,ex:person_136,ex:inPossibleIssuersOf
ex:issuer_100,ex:person_148,ex:inPossibleIssuersOf
ex:issuer_100,ex:person_162,ex:inPossibleIssuersOf
ex:issuer_100,ex:person_188,ex:inPossibleIssuersOf
ex:coin_11467,ex:issuer_97,nmo:hasIssuer
ex:coin_11467,ex:issuer_100,nmo:hasIssuer
ex:coin_11467,ex:person_22,nmo:hasPortrait
ex:person_22,ex:issuer_100,ex:hasPossibleIssuers
ex:issuer_97,ex:person_148,ex:inPossibleIssuersOf
ex:issuer_100,ex:person_22,ex:inPossibleIssuersOf
ex:issuer_100,ex:person_23,ex:inPossibleIssuersOf
ex:issuer_100,ex:person_127,ex:inPossibleIssuersOf
ex:issuer_100,ex:person_136,ex:inPossibleIssuersOf
ex:issuer_100,ex:person_148,ex:inPossibleIssuersOf
ex:issuer_100,ex:person_162,ex:inPossibleIssuersOf
ex:issuer_100,ex:person_188,ex:inPossibleIssuersOf
ex:coin_36435,ex:issuer_97,nmo:hasIssuer
ex:coin_36435,ex:issuer_100,nmo:hasIssuer
ex:coin_36435,ex:person_22,nmo:hasPortrait
ex:person_22,ex:issuer_100,ex:hasPossibleIssuers
ex:issuer_97,ex:person_148,ex:inPossibleIssuersOf
ex:issuer_100,ex:person_22,ex:inPossibleIssuersOf
ex:issuer_100,ex:person_23,ex:inPossibleIssuersOf
ex:issuer_100,ex:person_127,ex:inPossibleIssuersOf
ex:issuer_100,ex:person_136,ex:inPossibleIssuersOf
ex:issuer_100,ex:person_148,ex:inPossibleIssuersOf
ex:issuer_100,ex:person_162,ex:inPossibleIssuersOf
ex:issuer_100,ex:person_188,ex:inPossibleIssuersOf
ex:coin_6252,ex:issuer_102,nmo:hasIssuer
ex:coin_6252,ex:issuer_103,nmo:hasIssuer
ex:coin_6252,ex:person_47,nmo:hasPortrait
ex:person_47,ex:issuer_102,ex:hasPossibleIssuers
ex:issuer_102,ex:person_47,ex:inPossibleIssuersOf
ex:issuer_102,ex:person_110,ex:inPossibleIssuersOf
ex:issuer_102,ex:person_113,ex:inPossibleIssuersOf
ex:issuer_102,ex:person_170,ex:inPossibleIssuersOf
ex:issuer_102,ex:person_171,ex:inPossibleIssuersOf
ex:issuer_102,ex:person_194,ex:inPossibleIssuersOf
ex:issuer_103,ex:person_25,ex:inPossibleIssuersOf
ex:issuer_103,ex:person_127,ex:inPossibleIssuersOf
ex:issuer_103,ex:person_128,ex:inPossibleIssuersOf
ex:issuer_103,ex:person_136,ex:inPossibleIssuersOf
ex:issuer_103,ex:person_149,ex:inPossibleIssuersOf
ex:issuer_103,ex:person_191,ex:inPossibleIssuersOf
ex:issuer_103,ex:person_194,ex:inPossibleIssuersOf
ex:coin_9324,ex:issuer_110,nmo:hasIssuer
ex:coin_9324,ex:issuer_111,nmo:hasIssuer
ex:coin_9324,ex:person_192,nmo:hasPortrait
ex:person_192,ex:issuer_111,ex:hasPossibleIssuers
ex:issuer_110,ex:person_131,ex:inPossibleIssuersOf
ex:issuer_111,ex:person_44,ex:inPossibleIssuersOf
ex:issuer_111,ex:person_45,ex:inPossibleIssuersOf
ex:issuer_111,ex:person_131,ex:inPossibleIssuersOf
ex:issuer_111,ex:person_192,ex:inPossibleIssuersOf
ex:issuer_111,ex:person_193,ex:inPossibleIssuersOf
ex:coin_16130,ex:issuer_110,nmo:hasIssuer
ex:coin_16130,ex:issuer_111,nmo:hasIssuer
ex:coin_16130,ex:person_193,nmo:hasPortrait
ex:person_193,ex:issuer_111,ex:hasPossibleIssuers
ex:issuer_110,ex:person_131,ex:inPossibleIssuersOf
ex:issuer_111,ex:person_44,ex:inPossibleIssuersOf
ex:issuer_111,ex:person_45,ex:inPossibleIssuersOf
ex:issuer_111,ex:person_131,ex:inPossibleIssuersOf
ex:issuer_111,ex:person_192,ex:inPossibleIssuersOf
ex:issuer_111,ex:person_193,ex:inPossibleIssuersOf
ex:coin_11454,ex:issuer_114,nmo:hasIssuer
ex:coin_11454,ex:issuer_116,nmo:hasIssuer
ex:coin_11454,ex:person_57,nmo:hasPortrait
ex:person_57,ex:issuer_113,ex:hasPossibleIssuers
ex:coin_976,ex:issuer_131,nmo:hasIssuer
ex:coin_976,ex:issuer_154,nmo:hasIssuer
ex:coin_976,ex:person_41,nmo:hasPortrait
ex:person_41,ex:issuer_151,ex:hasPossibleIssuers
ex:person_41,ex:issuer_152,ex:hasPossibleIssuers
ex:issuer_131,ex:person_31,ex:inPossibleIssuersOf
ex:issuer_131,ex:person_42,ex:inPossibleIssuersOf
ex:coin_981,ex:issuer_131,nmo:hasIssuer
ex:coin_981,ex:issuer_154,nmo:hasIssuer
ex:coin_981,ex:person_41,nmo:hasPortrait
ex:person_41,ex:issuer_151,ex:hasPossibleIssuers
ex:person_41,ex:issuer_152,ex:hasPossibleIssuers
ex:issuer_131,ex:person_31,ex:inPossibleIssuersOf
ex:issuer_131,ex:person_42,ex:inPossibleIssuersOf
ex:coin_1030,ex:issuer_131,nmo:hasIssuer
ex:coin_1030,ex:issuer_154,nmo:hasIssuer
ex:coin_1030,ex:person_40,nmo:hasPortrait
ex:person_40,ex:issuer_151,ex:hasPossibleIssuers
ex:person_40,ex:issuer_152,ex:hasPossibleIssuers
ex:issuer_131,ex:person_31,ex:inPossibleIssuersOf
ex:issuer_131,ex:person_42,ex:inPossibleIssuersOf
ex:coin_1036,ex:issuer_131,nmo:hasIssuer
ex:coin_1036,ex:issuer_154,nmo:hasIssuer
ex:coin_1036,ex:person_41,nmo:hasPortrait
ex:person_41,ex:issuer_151,ex:hasPossibleIssuers
ex:person_41,ex:issuer_152,ex:hasPossibleIssuers
ex:issuer_131,ex:person_31,ex:inPossibleIssuersOf
ex:issuer_131,ex:person_42,ex:inPossibleIssuersOf
ex:coin_1051,ex:issuer_131,nmo:hasIssuer
ex:coin_1051,ex:issuer_154,nmo:hasIssuer
ex:coin_1051,ex:person_40,nmo:hasPortrait
ex:person_40,ex:issuer_151,ex:hasPossibleIssuers
ex:person_40,ex:issuer_152,ex:hasPossibleIssuers
ex:issuer_131,ex:person_31,ex:inPossibleIssuersOf
ex:issuer_131,ex:person_42,ex:inPossibleIssuersOf
ex:coin_1054,ex:issuer_131,nmo:hasIssuer
ex:coin_1054,ex:issuer_154,nmo:hasIssuer
ex:coin_1054,ex:person_41,nmo:hasPortrait
ex:person_41,ex:issuer_151,ex:hasPossibleIssuers
ex:person_41,ex:issuer_152,ex:hasPossibleIssuers
ex:issuer_131,ex:person_31,ex:inPossibleIssuersOf
ex:issuer_131,ex:person_42,ex:inPossibleIssuersOf
ex:coin_1060,ex:issuer_131,nmo:hasIssuer
ex:coin_1060,ex:issuer_154,nmo:hasIssuer
ex:coin_1060,ex:person_41,nmo:hasPortrait
ex:person_41,ex:issuer_151,ex:hasPossibleIssuers
ex:person_41,ex:issuer_152,ex:hasPossibleIssuers
ex:issuer_131,ex:person_31,ex:inPossibleIssuersOf
ex:issuer_131,ex:person_42,ex:inPossibleIssuersOf
ex:coin_1061,ex:issuer_131,nmo:hasIssuer
ex:coin_1061,ex:issuer_154,nmo:hasIssuer
ex:coin_1061,ex:person_40,nmo:hasPortrait
ex:person_40,ex:issuer_151,ex:hasPossibleIssuers
ex:person_40,ex:issuer_152,ex:hasPossibleIssuers
ex:issuer_131,ex:person_31,ex:inPossibleIssuersOf
ex:issuer_131,ex:person_42,ex:inPossibleIssuersOf
ex:coin_1077,ex:issuer_131,nmo:hasIssuer
ex:coin_1077,ex:issuer_154,nmo:hasIssuer
ex:coin_1077,ex:person_41,nmo:hasPortrait
ex:person_41,ex:issuer_151,ex:hasPossibleIssuers
ex:person_41,ex:issuer_152,ex:hasPossibleIssuers
ex:issuer_131,ex:person_31,ex:inPossibleIssuersOf
ex:issuer_131,ex:person_42,ex:inPossibleIssuersOf
ex:coin_1083,ex:issuer_131,nmo:hasIssuer
ex:coin_1083,ex:issuer_154,nmo:hasIssuer
ex:coin_1083,ex:person_41,nmo:hasPortrait
ex:person_41,ex:issuer_151,ex:hasPossibleIssuers
ex:person_41,ex:issuer_152,ex:hasPossibleIssuers
ex:issuer_131,ex:person_31,ex:inPossibleIssuersOf
ex:issuer_131,ex:person_42,ex:inPossibleIssuersOf
ex:coin_1084,ex:issuer_154,nmo:hasIssuer
ex:coin_1084,ex:issuer_131,nmo:hasIssuer
ex:coin_1084,ex:person_41,nmo:hasPortrait
ex:person_41,ex:issuer_151,ex:hasPossibleIssuers
ex:person_41,ex:issuer_152,ex:hasPossibleIssuers
ex:issuer_131,ex:person_31,ex:inPossibleIssuersOf
ex:issuer_131,ex:person_42,ex:inPossibleIssuersOf
ex:coin_1090,ex:issuer_154,nmo:hasIssuer
ex:coin_1090,ex:issuer_131,nmo:hasIssuer
ex:coin_1090,ex:person_40,nmo:hasPortrait
ex:person_40,ex:issuer_151,ex:hasPossibleIssuers
ex:person_40,ex:issuer_152,ex:hasPossibleIssuers
ex:issuer_131,ex:person_31,ex:inPossibleIssuersOf
ex:issuer_131,ex:person_42,ex:inPossibleIssuersOf
ex:coin_1091,ex:issuer_131,nmo:hasIssuer
ex:coin_1091,ex:issuer_154,nmo:hasIssuer
ex:coin_1091,ex:person_41,nmo:hasPortrait
ex:person_41,ex:issuer_151,ex:hasPossibleIssuers
ex:person_41,ex:issuer_152,ex:hasPossibleIssuers
ex:issuer_131,ex:person_31,ex:inPossibleIssuersOf
ex:issuer_131,ex:person_42,ex:inPossibleIssuersOf
ex:coin_1100,ex:issuer_154,nmo:hasIssuer
ex:coin_1100,ex:issuer_131,nmo:hasIssuer
ex:coin_1100,ex:person_40,nmo:hasPortrait
ex:person_40,ex:issuer_151,ex:hasPossibleIssuers
ex:person_40,ex:issuer_152,ex:hasPossibleIssuers
ex:issuer_131,ex:person_31,ex:inPossibleIssuersOf
ex:issuer_131,ex:person_42,ex:inPossibleIssuersOf
ex:coin_1107,ex:issuer_131,nmo:hasIssuer
ex:coin_1107,ex:issuer_154,nmo:hasIssuer
ex:coin_1107,ex:person_41,nmo:hasPortrait
ex:person_41,ex:issuer_151,ex:hasPossibleIssuers
ex:person_41,ex:issuer_152,ex:hasPossibleIssuers
ex:issuer_131,ex:person_31,ex:inPossibleIssuersOf
ex:issuer_131,ex:person_42,ex:inPossibleIssuersOf
ex:coin_1110,ex:issuer_131,nmo:hasIssuer
ex:coin_1110,ex:issuer_154,nmo:hasIssuer
ex:coin_1110,ex:person_40,nmo:hasPortrait
ex:person_40,ex:issuer_151,ex:hasPossibleIssuers
ex:person_40,ex:issuer_152,ex:hasPossibleIssuers
ex:issuer_131,ex:person_31,ex:inPossibleIssuersOf
ex:issuer_131,ex:person_42,ex:inPossibleIssuersOf
ex:coin_1119,ex:issuer_131,nmo:hasIssuer
ex:coin_1119,ex:issuer_154,nmo:hasIssuer
ex:coin_1119,ex:person_40,nmo:hasPortrait
ex:person_40,ex:issuer_151,ex:hasPossibleIssuers
ex:person_40,ex:issuer_152,ex:hasPossibleIssuers
ex:issuer_131,ex:person_31,ex:inPossibleIssuersOf
ex:issuer_131,ex:person_42,ex:inPossibleIssuersOf
ex:coin_1137,ex:issuer_131,nmo:hasIssuer
ex:coin_1137,ex:issuer_154,nmo:hasIssuer
ex:coin_1137,ex:person_40,nmo:hasPortrait
ex:person_40,ex:issuer_151,ex:hasPossibleIssuers
ex:person_40,ex:issuer_152,ex:hasPossibleIssuers
ex:issuer_131,ex:person_31,ex:inPossibleIssuersOf
ex:issuer_131,ex:person_42,ex:inPossibleIssuersOf
ex:coin_1138,ex:issuer_154,nmo:hasIssuer
ex:coin_1138,ex:issuer_131,nmo:hasIssuer
ex:coin_1138,ex:person_40,nmo:hasPortrait
ex:person_40,ex:issuer_151,ex:hasPossibleIssuers
ex:person_40,ex:issuer_152,ex:hasPossibleIssuers
ex:issuer_131,ex:person_31,ex:inPossibleIssuersOf
ex:issuer_131,ex:person_42,ex:inPossibleIssuersOf
ex:coin_1433,ex:issuer_131,nmo:hasIssuer
ex:coin_1433,ex:issuer_154,nmo:hasIssuer
ex:coin_1433,ex:person_40,nmo:hasPortrait
ex:person_40,ex:issuer_151,ex:hasPossibleIssuers
ex:person_40,ex:issuer_152,ex:hasPossibleIssuers
ex:issuer_131,ex:person_31,ex:inPossibleIssuersOf
ex:issuer_131,ex:person_42,ex:inPossibleIssuersOf
ex:coin_1672,ex:issuer_131,nmo:hasIssuer
ex:coin_1672,ex:issuer_154,nmo:hasIssuer
ex:coin_1672,ex:person_40,nmo:hasPortrait
ex:person_40,ex:issuer_151,ex:hasPossibleIssuers
ex:person_40,ex:issuer_152,ex:hasPossibleIssuers
ex:issuer_131,ex:person_31,ex:inPossibleIssuersOf
ex:issuer_131,ex:person_42,ex:inPossibleIssuersOf
ex:coin_1713,ex:issuer_154,nmo:hasIssuer
ex:coin_1713,ex:issuer_131,nmo:hasIssuer
ex:coin_1713,ex:person_41,nmo:hasPortrait
ex:person_41,ex:issuer_151,ex:hasPossibleIssuers
ex:person_41,ex:issuer_152,ex:hasPossibleIssuers
ex:issuer_131,ex:person_31,ex:inPossibleIssuersOf
ex:issuer_131,ex:person_42,ex:inPossibleIssuersOf
ex:coin_1714,ex:issuer_131,nmo:hasIssuer
ex:coin_1714,ex:issuer_154,nmo:hasIssuer
ex:coin_1714,ex:person_41,nmo:hasPortrait
ex:person_41,ex:issuer_151,ex:hasPossibleIssuers
ex:person_41,ex:issuer_152,ex:hasPossibleIssuers
ex:issuer_131,ex:person_31,ex:inPossibleIssuersOf
ex:issuer_131,ex:person_42,ex:inPossibleIssuersOf
ex:coin_1843,ex:issuer_154,nmo:hasIssuer
ex:coin_1843,ex:issuer_131,nmo:hasIssuer
ex:coin_1843,ex:person_40,nmo:hasPortrait
ex:person_40,ex:issuer_151,ex:hasPossibleIssuers
ex:person_40,ex:issuer_152,ex:hasPossibleIssuers
ex:issuer_131,ex:person_31,ex:inPossibleIssuersOf
ex:issuer_131,ex:person_42,ex:inPossibleIssuersOf
ex:coin_2012,ex:issuer_131,nmo:hasIssuer
ex:coin_2012,ex:issuer_154,nmo:hasIssuer
ex:coin_2012,ex:person_40,nmo:hasPortrait
ex:person_40,ex:issuer_151,ex:hasPossibleIssuers
ex:person_40,ex:issuer_152,ex:hasPossibleIssuers
ex:issuer_131,ex:person_31,ex:inPossibleIssuersOf
ex:issuer_131,ex:person_42,ex:inPossibleIssuersOf
ex:coin_2013,ex:issuer_154,nmo:hasIssuer
ex:coin_2013,ex:issuer_131,nmo:hasIssuer
ex:coin_2013,ex:person_40,nmo:hasPortrait
ex:person_40,ex:issuer_151,ex:hasPossibleIssuers
ex:person_40,ex:issuer_152,ex:hasPossibleIssuers
ex:issuer_131,ex:person_31,ex:inPossibleIssuersOf
ex:issuer_131,ex:person_42,ex:inPossibleIssuersOf
ex:coin_2020,ex:issuer_131,nmo:hasIssuer
ex:coin_2020,ex:issuer_154,nmo:hasIssuer
ex:coin_2020,ex:person_41,nmo:hasPortrait
ex:person_41,ex:issuer_151,ex:hasPossibleIssuers
ex:person_41,ex:issuer_152,ex:hasPossibleIssuers
ex:issuer_131,ex:person_31,ex:inPossibleIssuersOf
ex:issuer_131,ex:person_42,ex:inPossibleIssuersOf
ex:coin_2021,ex:issuer_154,nmo:hasIssuer
ex:coin_2021,ex:issuer_131,nmo:hasIssuer
ex:coin_2021,ex:person_41,nmo:hasPortrait
ex:person_41,ex:issuer_151,ex:hasPossibleIssuers
ex:person_41,ex:issuer_152,ex:hasPossibleIssuers
ex:issuer_131,ex:person_31,ex:inPossibleIssuersOf
ex:issuer_131,ex:person_42,ex:inPossibleIssuersOf
ex:coin_2022,ex:issuer_131,nmo:hasIssuer
ex:coin_2022,ex:issuer_154,nmo:hasIssuer
ex:coin_2022,ex:person_41,nmo:hasPortrait
ex:person_41,ex:issuer_151,ex:hasPossibleIssuers
ex:person_41,ex:issuer_152,ex:hasPossibleIssuers
ex:issuer_131,ex:person_31,ex:inPossibleIssuersOf
ex:issuer_131,ex:person_42,ex:inPossibleIssuersOf
ex:coin_2023,ex:issuer_154,nmo:hasIssuer
ex:coin_2023,ex:issuer_131,nmo:hasIssuer
ex:coin_2023,ex:person_41,nmo:hasPortrait
ex:person_41,ex:issuer_151,ex:hasPossibleIssuers
ex:person_41,ex:issuer_152,ex:hasPossibleIssuers
ex:issuer_131,ex:person_31,ex:inPossibleIssuersOf
ex:issuer_131,ex:person_42,ex:inPossibleIssuersOf
ex:coin_2024,ex:issuer_131,nmo:hasIssuer
ex:coin_2024,ex:issuer_154,nmo:hasIssuer
ex:coin_2024,ex:person_41,nmo:hasPortrait
ex:person_41,ex:issuer_151,ex:hasPossibleIssuers
ex:person_41,ex:issuer_152,ex:hasPossibleIssuers
ex:issuer_131,ex:person_31,ex:inPossibleIssuersOf
ex:issuer_131,ex:person_42,ex:inPossibleIssuersOf
ex:coin_2064,ex:issuer_131,nmo:hasIssuer
ex:coin_2064,ex:issuer_154,nmo:hasIssuer
ex:coin_2064,ex:person_41,nmo:hasPortrait
ex:person_41,ex:issuer_151,ex:hasPossibleIssuers
ex:person_41,ex:issuer_152,ex:hasPossibleIssuers
ex:issuer_131,ex:person_31,ex:inPossibleIssuersOf
ex:issuer_131,ex:person_42,ex:inPossibleIssuersOf
ex:coin_2074,ex:issuer_154,nmo:hasIssuer
ex:coin_2074,ex:issuer_131,nmo:hasIssuer
ex:coin_2074,ex:person_40,nmo:hasPortrait
ex:person_40,ex:issuer_151,ex:hasPossibleIssuers
ex:person_40,ex:issuer_152,ex:hasPossibleIssuers
ex:issuer_131,ex:person_31,ex:inPossibleIssuersOf
ex:issuer_131,ex:person_42,ex:inPossibleIssuersOf
ex:coin_2084,ex:issuer_131,nmo:hasIssuer
ex:coin_2084,ex:issuer_152,nmo:hasIssuer
ex:coin_2084,ex:person_36,nmo:hasPortrait
ex:person_36,ex:issuer_152,ex:hasPossibleIssuers
ex:issuer_131,ex:person_31,ex:inPossibleIssuersOf
ex:issuer_131,ex:person_42,ex:inPossibleIssuersOf
ex:issuer_152,ex:person_36,ex:inPossibleIssuersOf
ex:issuer_152,ex:person_39,ex:inPossibleIssuersOf
ex:issuer_152,ex:person_40,ex:inPossibleIssuersOf
ex:issuer_152,ex:person_41,ex:inPossibleIssuersOf
ex:issuer_152,ex:person_43,ex:inPossibleIssuersOf
ex:coin_5093,ex:issuer_131,nmo:hasIssuer
ex:coin_5093,ex:issuer_154,nmo:hasIssuer
ex:coin_5093,ex:person_41,nmo:hasPortrait
ex:person_41,ex:issuer_151,ex:hasPossibleIssuers
ex:person_41,ex:issuer_152,ex:hasPossibleIssuers
ex:issuer_131,ex:person_31,ex:inPossibleIssuersOf
ex:issuer_131,ex:person_42,ex:inPossibleIssuersOf
ex:coin_5106,ex:issuer_131,nmo:hasIssuer
ex:coin_5106,ex:issuer_154,nmo:hasIssuer
ex:coin_5106,ex:person_40,nmo:hasPortrait
ex:person_40,ex:issuer_151,ex:hasPossibleIssuers
ex:person_40,ex:issuer_152,ex:hasPossibleIssuers
ex:issuer_131,ex:person_31,ex:inPossibleIssuersOf
ex:issuer_131,ex:person_42,ex:inPossibleIssuersOf
ex:coin_5306,ex:issuer_131,nmo:hasIssuer
ex:coin_5306,ex:issuer_154,nmo:hasIssuer
ex:coin_5306,ex:person_41,nmo:hasPortrait
ex:person_41,ex:issuer_151,ex:hasPossibleIssuers
ex:person_41,ex:issuer_152,ex:hasPossibleIssuers
ex:issuer_131,ex:person_31,ex:inPossibleIssuersOf
ex:issuer_131,ex:person_42,ex:inPossibleIssuersOf
ex:coin_5842,ex:issuer_131,nmo:hasIssuer
ex:coin_5842,ex:issuer_154,nmo:hasIssuer
ex:coin_5842,ex:person_41,nmo:hasPortrait
ex:person_41,ex:issuer_151,ex:hasPossibleIssuers
ex:person_41,ex:issuer_152,ex:hasPossibleIssuers
ex:issuer_131,ex:person_31,ex:inPossibleIssuersOf
ex:issuer_131,ex:person_42,ex:inPossibleIssuersOf
ex:coin_5843,ex:issuer_154,nmo:hasIssuer
ex:coin_5843,ex:issuer_131,nmo:hasIssuer
ex:coin_5843,ex:person_41,nmo:hasPortrait
ex:person_41,ex:issuer_151,ex:hasPossibleIssuers
ex:person_41,ex:issuer_152,ex:hasPossibleIssuers
ex:issuer_131,ex:person_31,ex:inPossibleIssuersOf
ex:issuer_131,ex:person_42,ex:inPossibleIssuersOf
ex:coin_6270,ex:issuer_131,nmo:hasIssuer
ex:coin_6270,ex:issuer_150,nmo:hasIssuer
ex:coin_6270,ex:person_32,nmo:hasPortrait
ex:issuer_131,ex:person_31,ex:inPossibleIssuersOf
ex:issuer_131,ex:person_42,ex:inPossibleIssuersOf
ex:issuer_150,ex:person_33,ex:inPossibleIssuersOf
ex:coin_6626,ex:issuer_131,nmo:hasIssuer
ex:coin_6626,ex:issuer_151,nmo:hasIssuer
ex:coin_6626,ex:person_34,nmo:hasPortrait
ex:person_34,ex:issuer_151,ex:hasPossibleIssuers
ex:person_34,ex:issuer_161,ex:hasPossibleIssuers
ex:issuer_131,ex:person_31,ex:inPossibleIssuersOf
ex:issuer_131,ex:person_42,ex:inPossibleIssuersOf
ex:issuer_151,ex:person_34,ex:inPossibleIssuersOf
ex:issuer_151,ex:person_39,ex:inPossibleIssuersOf
ex:issuer_151,ex:person_40,ex:inPossibleIssuersOf
ex:issuer_151,ex:person_41,ex:inPossibleIssuersOf
ex:issuer_151,ex:person_43,ex:inPossibleIssuersOf
ex:issuer_151,ex:person_120,ex:inPossibleIssuersOf
ex:coin_6892,ex:issuer_131,nmo:hasIssuer
ex:coin_6892,ex:issuer_150,nmo:hasIssuer
ex:coin_6892,ex:person_33,nmo:hasPortrait
ex:person_33,ex:issuer_150,ex:hasPossibleIssuers
ex:issuer_131,ex:person_31,ex:inPossibleIssuersOf
ex:issuer_131,ex:person_42,ex:inPossibleIssuersOf
ex:issuer_150,ex:person_33,ex:inPossibleIssuersOf
ex:coin_9142,ex:issuer_131,nmo:hasIssuer
ex:coin_9142,ex:issuer_154,nmo:hasIssuer
ex:coin_9142,ex:person_41,nmo:hasPortrait
ex:person_41,ex:issuer_151,ex:hasPossibleIssuers
ex:person_41,ex:issuer_152,ex:hasPossibleIssuers
ex:issuer_131,ex:person_31,ex:inPossibleIssuersOf
ex:issuer_131,ex:person_42,ex:inPossibleIssuersOf
ex:coin_9735,ex:issuer_131,nmo:hasIssuer
ex:coin_9735,ex:issuer_154,nmo:hasIssuer
ex:coin_9735,ex:person_41,nmo:hasPortrait
ex:person_41,ex:issuer_151,ex:hasPossibleIssuers
ex:person_41,ex:issuer_152,ex:hasPossibleIssuers
ex:issuer_131,ex:person_31,ex:inPossibleIssuersOf
ex:issuer_131,ex:person_42,ex:inPossibleIssuersOf
ex:coin_9755,ex:issuer_131,nmo:hasIssuer
ex:coin_9755,ex:issuer_154,nmo:hasIssuer
ex:coin_9755,ex:person_40,nmo:hasPortrait
ex:person_40,ex:issuer_151,ex:hasPossibleIssuers
ex:person_40,ex:issuer_152,ex:hasPossibleIssuers
ex:issuer_131,ex:person_31,ex:inPossibleIssuersOf
ex:issuer_131,ex:person_42,ex:inPossibleIssuersOf
ex:coin_9794,ex:issuer_154,nmo:hasIssuer
ex:coin_9794,ex:issuer_131,nmo:hasIssuer
ex:coin_9794,ex:person_41,nmo:hasPortrait
ex:person_41,ex:issuer_151,ex:hasPossibleIssuers
ex:person_41,ex:issuer_152,ex:hasPossibleIssuers
ex:issuer_131,ex:person_31,ex:inPossibleIssuersOf
ex:issuer_131,ex:person_42,ex:inPossibleIssuersOf
ex:coin_10421,ex:issuer_131,nmo:hasIssuer
ex:coin_10421,ex:issuer_154,nmo:hasIssuer
ex:coin_10421,ex:person_41,nmo:hasPortrait
ex:person_41,ex:issuer_151,ex:hasPossibleIssuers
ex:person_41,ex:issuer_152,ex:hasPossibleIssuers
ex:issuer_131,ex:person_31,ex:inPossibleIssuersOf
ex:issuer_131,ex:person_42,ex:inPossibleIssuersOf
ex:coin_10944,ex:issuer_131,nmo:hasIssuer
ex:coin_10944,ex:issuer_154,nmo:hasIssuer
ex:coin_10944,ex:person_40,nmo:hasPortrait
ex:person_40,ex:issuer_151,ex:hasPossibleIssuers
ex:person_40,ex:issuer_152,ex:hasPossibleIssuers
ex:issuer_131,ex:person_31,ex:inPossibleIssuersOf
ex:issuer_131,ex:person_42,ex:inPossibleIssuersOf
ex:coin_10947,ex:issuer_131,nmo:hasIssuer
ex:coin_10947,ex:issuer_154,nmo:hasIssuer
ex:coin_10947,ex:person_41,nmo:hasPortrait
ex:person_41,ex:issuer_151,ex:hasPossibleIssuers
ex:person_41,ex:issuer_152,ex:hasPossibleIssuers
ex:issuer_131,ex:person_31,ex:inPossibleIssuersOf
ex:issuer_131,ex:person_42,ex:inPossibleIssuersOf
ex:coin_10983,ex:issuer_154,nmo:hasIssuer
ex:coin_10983,ex:issuer_131,nmo:hasIssuer
ex:coin_10983,ex:person_41,nmo:hasPortrait
ex:person_41,ex:issuer_151,ex:hasPossibleIssuers
ex:person_41,ex:issuer_152,ex:hasPossibleIssuers
ex:issuer_131,ex:person_31,ex:inPossibleIssuersOf
ex:issuer_131,ex:person_42,ex:inPossibleIssuersOf
ex:coin_10989,ex:issuer_131,nmo:hasIssuer
ex:coin_10989,ex:issuer_154,nmo:hasIssuer
ex:coin_10989,ex:person_40,nmo:hasPortrait
ex:person_40,ex:issuer_151,ex:hasPossibleIssuers
ex:person_40,ex:issuer_152,ex:hasPossibleIssuers
ex:issuer_131,ex:person_31,ex:inPossibleIssuersOf
ex:issuer_131,ex:person_42,ex:inPossibleIssuersOf
ex:coin_10990,ex:issuer_154,nmo:hasIssuer
ex:coin_10990,ex:issuer_131,nmo:hasIssuer
ex:coin_10990,ex:person_40,nmo:hasPortrait
ex:person_40,ex:issuer_151,ex:hasPossibleIssuers
ex:person_40,ex:issuer_152,ex:hasPossibleIssuers
ex:issuer_131,ex:person_31,ex:inPossibleIssuersOf
ex:issuer_131,ex:person_42,ex:inPossibleIssuersOf
ex:coin_10991,ex:issuer_131,nmo:hasIssuer
ex:coin_10991,ex:issuer_154,nmo:hasIssuer
ex:coin_10991,ex:person_40,nmo:hasPortrait
ex:person_40,ex:issuer_151,ex:hasPossibleIssuers
ex:person_40,ex:issuer_152,ex:hasPossibleIssuers
ex:issuer_131,ex:person_31,ex:inPossibleIssuersOf
ex:issuer_131,ex:person_42,ex:inPossibleIssuersOf
ex:coin_10992,ex:issuer_154,nmo:hasIssuer
ex:coin_10992,ex:issuer_131,nmo:hasIssuer
ex:coin_10992,ex:person_40,nmo:hasPortrait
ex:person_40,ex:issuer_151,ex:hasPossibleIssuers
ex:person_40,ex:issuer_152,ex:hasPossibleIssuers
ex:issuer_131,ex:person_31,ex:inPossibleIssuersOf
ex:issuer_131,ex:person_42,ex:inPossibleIssuersOf
ex:coin_10993,ex:issuer_131,nmo:hasIssuer
ex:coin_10993,ex:issuer_154,nmo:hasIssuer
ex:coin_10993,ex:person_41,nmo:hasPortrait
ex:person_41,ex:issuer_151,ex:hasPossibleIssuers
ex:person_41,ex:issuer_152,ex:hasPossibleIssuers
ex:issuer_131,ex:person_31,ex:inPossibleIssuersOf
ex:issuer_131,ex:person_42,ex:inPossibleIssuersOf
ex:coin_11005,ex:issuer_131,nmo:hasIssuer
ex:coin_11005,ex:issuer_154,nmo:hasIssuer
ex:coin_11005,ex:person_41,nmo:hasPortrait
ex:person_41,ex:issuer_151,ex:hasPossibleIssuers
ex:person_41,ex:issuer_152,ex:hasPossibleIssuers
ex:issuer_131,ex:person_31,ex:inPossibleIssuersOf
ex:issuer_131,ex:person_42,ex:inPossibleIssuersOf
ex:coin_11006,ex:issuer_154,nmo:hasIssuer
ex:coin_11006,ex:issuer_131,nmo:hasIssuer
ex:coin_11006,ex:person_41,nmo:hasPortrait
ex:person_41,ex:issuer_151,ex:hasPossibleIssuers
ex:person_41,ex:issuer_152,ex:hasPossibleIssuers
ex:issuer_131,ex:person_31,ex:inPossibleIssuersOf
ex:issuer_131,ex:person_42,ex:inPossibleIssuersOf
ex:coin_11007,ex:issuer_131,nmo:hasIssuer
ex:coin_11007,ex:issuer_154,nmo:hasIssuer
ex:coin_11007,ex:person_41,nmo:hasPortrait
ex:person_41,ex:issuer_151,ex:hasPossibleIssuers
ex:person_41,ex:issuer_152,ex:hasPossibleIssuers
ex:issuer_131,ex:person_31,ex:inPossibleIssuersOf
ex:issuer_131,ex:person_42,ex:inPossibleIssuersOf
ex:coin_11008,ex:issuer_154,nmo:hasIssuer
ex:coin_11008,ex:issuer_131,nmo:hasIssuer
ex:coin_11008,ex:person_41,nmo:hasPortrait
ex:person_41,ex:issuer_151,ex:hasPossibleIssuers
ex:person_41,ex:issuer_152,ex:hasPossibleIssuers
ex:issuer_131,ex:person_31,ex:inPossibleIssuersOf
ex:issuer_131,ex:person_42,ex:inPossibleIssuersOf
ex:coin_11009,ex:issuer_131,nmo:hasIssuer
ex:coin_11009,ex:issuer_154,nmo:hasIssuer
ex:coin_11009,ex:person_41,nmo:hasPortrait
ex:person_41,ex:issuer_151,ex:hasPossibleIssuers
ex:person_41,ex:issuer_152,ex:hasPossibleIssuers
ex:issuer_131,ex:person_31,ex:inPossibleIssuersOf
ex:issuer_131,ex:person_42,ex:inPossibleIssuersOf
ex:coin_11010,ex:issuer_154,nmo:hasIssuer
ex:coin_11010,ex:issuer_131,nmo:hasIssuer
ex:coin_11010,ex:person_41,nmo:hasPortrait
ex:person_41,ex:issuer_151,ex:hasPossibleIssuers
ex:person_41,ex:issuer_152,ex:hasPossibleIssuers
ex:issuer_131,ex:person_31,ex:inPossibleIssuersOf
ex:issuer_131,ex:person_42,ex:inPossibleIssuersOf
ex:coin_11026,ex:issuer_131,nmo:hasIssuer
ex:coin_11026,ex:issuer_154,nmo:hasIssuer
ex:coin_11026,ex:person_41,nmo:hasPortrait
ex:person_41,ex:issuer_151,ex:hasPossibleIssuers
ex:person_41,ex:issuer_152,ex:hasPossibleIssuers
ex:issuer_131,ex:person_31,ex:inPossibleIssuersOf
ex:issuer_131,ex:person_42,ex:inPossibleIssuersOf
ex:coin_12117,ex:issuer_154,nmo:hasIssuer
ex:coin_12117,ex:issuer_131,nmo:hasIssuer
ex:coin_12117,ex:person_41,nmo:hasPortrait
ex:person_41,ex:issuer_151,ex:hasPossibleIssuers
ex:person_41,ex:issuer_152,ex:hasPossibleIssuers
ex:issuer_131,ex:person_31,ex:inPossibleIssuersOf
ex:issuer_131,ex:person_42,ex:inPossibleIssuersOf
ex:coin_12132,ex:issuer_131,nmo:hasIssuer
ex:coin_12132,ex:issuer_154,nmo:hasIssuer
ex:coin_12132,ex:person_40,nmo:hasPortrait
ex:person_40,ex:issuer_151,ex:hasPossibleIssuers
ex:person_40,ex:issuer_152,ex:hasPossibleIssuers
ex:issuer_131,ex:person_31,ex:inPossibleIssuersOf
ex:issuer_131,ex:person_42,ex:inPossibleIssuersOf
ex:coin_12133,ex:issuer_154,nmo:hasIssuer
ex:coin_12133,ex:issuer_131,nmo:hasIssuer
ex:coin_12133,ex:person_41,nmo:hasPortrait
ex:person_41,ex:issuer_151,ex:hasPossibleIssuers
ex:person_41,ex:issuer_152,ex:hasPossibleIssuers
ex:issuer_131,ex:person_31,ex:inPossibleIssuersOf
ex:issuer_131,ex:person_42,ex:inPossibleIssuersOf
ex:coin_12390,ex:issuer_154,nmo:hasIssuer
ex:coin_12390,ex:issuer_131,nmo:hasIssuer
ex:coin_12390,ex:person_40,nmo:hasPortrait
ex:person_40,ex:issuer_151,ex:hasPossibleIssuers
ex:person_40,ex:issuer_152,ex:hasPossibleIssuers
ex:issuer_131,ex:person_31,ex:inPossibleIssuersOf
ex:issuer_131,ex:person_42,ex:inPossibleIssuersOf
ex:coin_12391,ex:issuer_131,nmo:hasIssuer
ex:coin_12391,ex:issuer_154,nmo:hasIssuer
ex:coin_12391,ex:person_40,nmo:hasPortrait
ex:person_40,ex:issuer_151,ex:hasPossibleIssuers
ex:person_40,ex:issuer_152,ex:hasPossibleIssuers
ex:issuer_131,ex:person_31,ex:inPossibleIssuersOf
ex:issuer_131,ex:person_42,ex:inPossibleIssuersOf
ex:coin_12406,ex:issuer_154,nmo:hasIssuer
ex:coin_12406,ex:issuer_131,nmo:hasIssuer
ex:coin_12406,ex:person_40,nmo:hasPortrait
ex:person_40,ex:issuer_151,ex:hasPossibleIssuers
ex:person_40,ex:issuer_152,ex:hasPossibleIssuers
ex:issuer_131,ex:person_31,ex:inPossibleIssuersOf
ex:issuer_131,ex:person_42,ex:inPossibleIssuersOf
ex:coin_12407,ex:issuer_131,nmo:hasIssuer
ex:coin_12407,ex:issuer_154,nmo:hasIssuer
ex:coin_12407,ex:person_40,nmo:hasPortrait
ex:person_40,ex:issuer_151,ex:hasPossibleIssuers
ex:person_40,ex:issuer_152,ex:hasPossibleIssuers
ex:issuer_131,ex:person_31,ex:inPossibleIssuersOf
ex:issuer_131,ex:person_42,ex:inPossibleIssuersOf
ex:coin_12408,ex:issuer_154,nmo:hasIssuer
ex:coin_12408,ex:issuer_131,nmo:hasIssuer
ex:coin_12408,ex:person_41,nmo:hasPortrait
ex:person_41,ex:issuer_151,ex:hasPossibleIssuers
ex:person_41,ex:issuer_152,ex:hasPossibleIssuers
ex:issuer_131,ex:person_31,ex:inPossibleIssuersOf
ex:issuer_131,ex:person_42,ex:inPossibleIssuersOf
ex:coin_12409,ex:issuer_131,nmo:hasIssuer
ex:coin_12409,ex:issuer_154,nmo:hasIssuer
ex:coin_12409,ex:person_41,nmo:hasPortrait
ex:person_41,ex:issuer_151,ex:hasPossibleIssuers
ex:person_41,ex:issuer_152,ex:hasPossibleIssuers
ex:issuer_131,ex:person_31,ex:inPossibleIssuersOf
ex:issuer_131,ex:person_42,ex:inPossibleIssuersOf
ex:coin_12424,ex:issuer_131,nmo:hasIssuer
ex:coin_12424,ex:issuer_154,nmo:hasIssuer
ex:coin_12424,ex:person_40,nmo:hasPortrait
ex:person_40,ex:issuer_151,ex:hasPossibleIssuers
ex:person_40,ex:issuer_152,ex:hasPossibleIssuers
ex:issuer_131,ex:person_31,ex:inPossibleIssuersOf
ex:issuer_131,ex:person_42,ex:inPossibleIssuersOf
ex:coin_12475,ex:issuer_131,nmo:hasIssuer
ex:coin_12475,ex:issuer_154,nmo:hasIssuer
ex:coin_12475,ex:person_40,nmo:hasPortrait
ex:person_40,ex:issuer_151,ex:hasPossibleIssuers
ex:person_40,ex:issuer_152,ex:hasPossibleIssuers
ex:issuer_131,ex:person_31,ex:inPossibleIssuersOf
ex:issuer_131,ex:person_42,ex:inPossibleIssuersOf
ex:coin_12487,ex:issuer_131,nmo:hasIssuer
ex:coin_12487,ex:issuer_154,nmo:hasIssuer
ex:coin_12487,ex:person_41,nmo:hasPortrait
ex:person_41,ex:issuer_151,ex:hasPossibleIssuers
ex:person_41,ex:issuer_152,ex:hasPossibleIssuers
ex:issuer_131,ex:person_31,ex:inPossibleIssuersOf
ex:issuer_131,ex:person_42,ex:inPossibleIssuersOf
ex:coin_12488,ex:issuer_154,nmo:hasIssuer
ex:coin_12488,ex:issuer_131,nmo:hasIssuer
ex:coin_12488,ex:person_40,nmo:hasPortrait
ex:person_40,ex:issuer_151,ex:hasPossibleIssuers
ex:person_40,ex:issuer_152,ex:hasPossibleIssuers
ex:issuer_131,ex:person_31,ex:inPossibleIssuersOf
ex:issuer_131,ex:person_42,ex:inPossibleIssuersOf
ex:coin_13475,ex:issuer_131,nmo:hasIssuer
ex:coin_13475,ex:issuer_150,nmo:hasIssuer
ex:coin_13475,ex:person_33,nmo:hasPortrait
ex:person_33,ex:issuer_150,ex:hasPossibleIssuers
ex:issuer_131,ex:person_31,ex:inPossibleIssuersOf
ex:issuer_131,ex:person_42,ex:inPossibleIssuersOf
ex:issuer_150,ex:person_33,ex:inPossibleIssuersOf
ex:coin_13512,ex:issuer_131,nmo:hasIssuer
ex:coin_13512,ex:issuer_154,nmo:hasIssuer
ex:coin_13512,ex:person_40,nmo:hasPortrait
ex:person_40,ex:issuer_151,ex:hasPossibleIssuers
ex:person_40,ex:issuer_152,ex:hasPossibleIssuers
ex:issuer_131,ex:person_31,ex:inPossibleIssuersOf
ex:issuer_131,ex:person_42,ex:inPossibleIssuersOf
ex:coin_13724,ex:issuer_154,nmo:hasIssuer
ex:coin_13724,ex:issuer_131,nmo:hasIssuer
ex:coin_13724,ex:person_41,nmo:hasPortrait
ex:person_41,ex:issuer_151,ex:hasPossibleIssuers
ex:person_41,ex:issuer_152,ex:hasPossibleIssuers
ex:issuer_131,ex:person_31,ex:inPossibleIssuersOf
ex:issuer_131,ex:person_42,ex:inPossibleIssuersOf
ex:coin_13725,ex:issuer_131,nmo:hasIssuer
ex:coin_13725,ex:issuer_154,nmo:hasIssuer
ex:coin_13725,ex:person_41,nmo:hasPortrait
ex:person_41,ex:issuer_151,ex:hasPossibleIssuers
ex:person_41,ex:issuer_152,ex:hasPossibleIssuers
ex:issuer_131,ex:person_31,ex:inPossibleIssuersOf
ex:issuer_131,ex:person_42,ex:inPossibleIssuersOf
ex:coin_13726,ex:issuer_154,nmo:hasIssuer
ex:coin_13726,ex:issuer_131,nmo:hasIssuer
ex:coin_13726,ex:person_41,nmo:hasPortrait
ex:person_41,ex:issuer_151,ex:hasPossibleIssuers
ex:person_41,ex:issuer_152,ex:hasPossibleIssuers
ex:issuer_131,ex:person_31,ex:inPossibleIssuersOf
ex:issuer_131,ex:person_42,ex:inPossibleIssuersOf
ex:coin_13727,ex:issuer_131,nmo:hasIssuer
ex:coin_13727,ex:issuer_154,nmo:hasIssuer
ex:coin_13727,ex:person_40,nmo:hasPortrait
ex:person_40,ex:issuer_151,ex:hasPossibleIssuers
ex:person_40,ex:issuer_152,ex:hasPossibleIssuers
ex:issuer_131,ex:person_31,ex:inPossibleIssuersOf
ex:issuer_131,ex:person_42,ex:inPossibleIssuersOf
ex:coin_13901,ex:issuer_154,nmo:hasIssuer
ex:coin_13901,ex:issuer_131,nmo:hasIssuer
ex:coin_13901,ex:person_41,nmo:hasPortrait
ex:person_41,ex:issuer_151,ex:hasPossibleIssuers
ex:person_41,ex:issuer_152,ex:hasPossibleIssuers
ex:issuer_131,ex:person_31,ex:inPossibleIssuersOf
ex:issuer_131,ex:person_42,ex:inPossibleIssuersOf
ex:coin_13902,ex:issuer_131,nmo:hasIssuer
ex:coin_13902,ex:issuer_154,nmo:hasIssuer
ex:coin_13902,ex:person_41,nmo:hasPortrait
ex:person_41,ex:issuer_151,ex:hasPossibleIssuers
ex:person_41,ex:issuer_152,ex:hasPossibleIssuers
ex:issuer_131,ex:person_31,ex:inPossibleIssuersOf
ex:issuer_131,ex:person_42,ex:inPossibleIssuersOf
ex:coin_13903,ex:issuer_154,nmo:hasIssuer
ex:coin_13903,ex:issuer_131,nmo:hasIssuer
ex:coin_13903,ex:person_41,nmo:hasPortrait
ex:person_41,ex:issuer_151,ex:hasPossibleIssuers
ex:person_41,ex:issuer_152,ex:hasPossibleIssuers
ex:issuer_131,ex:person_31,ex:inPossibleIssuersOf
ex:issuer_131,ex:person_42,ex:inPossibleIssuersOf
ex:coin_13924,ex:issuer_131,nmo:hasIssuer
ex:coin_13924,ex:issuer_154,nmo:hasIssuer
ex:coin_13924,ex:person_40,nmo:hasPortrait
ex:person_40,ex:issuer_151,ex:hasPossibleIssuers
ex:person_40,ex:issuer_152,ex:hasPossibleIssuers
ex:issuer_131,ex:person_31,ex:inPossibleIssuersOf
ex:issuer_131,ex:person_42,ex:inPossibleIssuersOf
ex:coin_13939,ex:issuer_131,nmo:hasIssuer
ex:coin_13939,ex:issuer_154,nmo:hasIssuer
ex:coin_13939,ex:person_41,nmo:hasPortrait
ex:person_41,ex:issuer_151,ex:hasPossibleIssuers
ex:person_41,ex:issuer_152,ex:hasPossibleIssuers
ex:issuer_131,ex:person_31,ex:inPossibleIssuersOf
ex:issuer_131,ex:person_42,ex:inPossibleIssuersOf
ex:coin_13999,ex:issuer_154,nmo:hasIssuer
ex:coin_13999,ex:issuer_131,nmo:hasIssuer
ex:coin_13999,ex:person_40,nmo:hasPortrait
ex:person_40,ex:issuer_151,ex:hasPossibleIssuers
ex:person_40,ex:issuer_152,ex:hasPossibleIssuers
ex:issuer_131,ex:person_31,ex:inPossibleIssuersOf
ex:issuer_131,ex:person_42,ex:inPossibleIssuersOf
ex:coin_14000,ex:issuer_131,nmo:hasIssuer
ex:coin_14000,ex:issuer_154,nmo:hasIssuer
ex:coin_14000,ex:person_40,nmo:hasPortrait
ex:person_40,ex:issuer_151,ex:hasPossibleIssuers
ex:person_40,ex:issuer_152,ex:hasPossibleIssuers
ex:issuer_131,ex:person_31,ex:inPossibleIssuersOf
ex:issuer_131,ex:person_42,ex:inPossibleIssuersOf
ex:coin_14050,ex:issuer_131,nmo:hasIssuer
ex:coin_14050,ex:issuer_154,nmo:hasIssuer
ex:coin_14050,ex:person_40,nmo:hasPortrait
ex:person_40,ex:issuer_151,ex:hasPossibleIssuers
ex:person_40,ex:issuer_152,ex:hasPossibleIssuers
ex:issuer_131,ex:person_31,ex:inPossibleIssuersOf
ex:issuer_131,ex:person_42,ex:inPossibleIssuersOf
ex:coin_14052,ex:issuer_131,nmo:hasIssuer
ex:coin_14052,ex:issuer_154,nmo:hasIssuer
ex:coin_14052,ex:person_41,nmo:hasPortrait
ex:person_41,ex:issuer_151,ex:hasPossibleIssuers
ex:person_41,ex:issuer_152,ex:hasPossibleIssuers
ex:issuer_131,ex:person_31,ex:inPossibleIssuersOf
ex:issuer_131,ex:person_42,ex:inPossibleIssuersOf
ex:coin_14130,ex:issuer_131,nmo:hasIssuer
ex:coin_14130,ex:issuer_154,nmo:hasIssuer
ex:coin_14130,ex:person_41,nmo:hasPortrait
ex:person_41,ex:issuer_151,ex:hasPossibleIssuers
ex:person_41,ex:issuer_152,ex:hasPossibleIssuers
ex:issuer_131,ex:person_31,ex:inPossibleIssuersOf
ex:issuer_131,ex:person_42,ex:inPossibleIssuersOf
ex:coin_14131,ex:issuer_154,nmo:hasIssuer
ex:coin_14131,ex:issuer_131,nmo:hasIssuer
ex:coin_14131,ex:person_41,nmo:hasPortrait
ex:person_41,ex:issuer_151,ex:hasPossibleIssuers
ex:person_41,ex:issuer_152,ex:hasPossibleIssuers
ex:issuer_131,ex:person_31,ex:inPossibleIssuersOf
ex:issuer_131,ex:person_42,ex:inPossibleIssuersOf
ex:coin_14132,ex:issuer_131,nmo:hasIssuer
ex:coin_14132,ex:issuer_154,nmo:hasIssuer
ex:coin_14132,ex:person_41,nmo:hasPortrait
ex:person_41,ex:issuer_151,ex:hasPossibleIssuers
ex:person_41,ex:issuer_152,ex:hasPossibleIssuers
ex:issuer_131,ex:person_31,ex:inPossibleIssuersOf
ex:issuer_131,ex:person_42,ex:inPossibleIssuersOf
ex:coin_14137,ex:issuer_154,nmo:hasIssuer
ex:coin_14137,ex:issuer_131,nmo:hasIssuer
ex:coin_14137,ex:person_41,nmo:hasPortrait
ex:person_41,ex:issuer_151,ex:hasPossibleIssuers
ex:person_41,ex:issuer_152,ex:hasPossibleIssuers
ex:issuer_131,ex:person_31,ex:inPossibleIssuersOf
ex:issuer_131,ex:person_42,ex:inPossibleIssuersOf
ex:coin_14210,ex:issuer_154,nmo:hasIssuer
ex:coin_14210,ex:issuer_131,nmo:hasIssuer
ex:coin_14210,ex:person_41,nmo:hasPortrait
ex:person_41,ex:issuer_151,ex:hasPossibleIssuers
ex:person_41,ex:issuer_152,ex:hasPossibleIssuers
ex:issuer_131,ex:person_31,ex:inPossibleIssuersOf
ex:issuer_131,ex:person_42,ex:inPossibleIssuersOf
ex:coin_14341,ex:issuer_154,nmo:hasIssuer
ex:coin_14341,ex:issuer_131,nmo:hasIssuer
ex:coin_14341,ex:person_41,nmo:hasPortrait
ex:person_41,ex:issuer_151,ex:hasPossibleIssuers
ex:person_41,ex:issuer_152,ex:hasPossibleIssuers
ex:issuer_131,ex:person_31,ex:inPossibleIssuersOf
ex:issuer_131,ex:person_42,ex:inPossibleIssuersOf
ex:coin_14346,ex:issuer_131,nmo:hasIssuer
ex:coin_14346,ex:issuer_154,nmo:hasIssuer
ex:coin_14346,ex:person_40,nmo:hasPortrait
ex:person_40,ex:issuer_151,ex:hasPossibleIssuers
ex:person_40,ex:issuer_152,ex:hasPossibleIssuers
ex:issuer_131,ex:person_31,ex:inPossibleIssuersOf
ex:issuer_131,ex:person_42,ex:inPossibleIssuersOf
ex:coin_14347,ex:issuer_154,nmo:hasIssuer
ex:coin_14347,ex:issuer_131,nmo:hasIssuer
ex:coin_14347,ex:person_40,nmo:hasPortrait
ex:person_40,ex:issuer_151,ex:hasPossibleIssuers
ex:person_40,ex:issuer_152,ex:hasPossibleIssuers
ex:issuer_131,ex:person_31,ex:inPossibleIssuersOf
ex:issuer_131,ex:person_42,ex:inPossibleIssuersOf
ex:coin_14388,ex:issuer_154,nmo:hasIssuer
ex:coin_14388,ex:issuer_131,nmo:hasIssuer
ex:coin_14388,ex:person_41,nmo:hasPortrait
ex:person_41,ex:issuer_151,ex:hasPossibleIssuers
ex:person_41,ex:issuer_152,ex:hasPossibleIssuers
ex:issuer_131,ex:person_31,ex:inPossibleIssuersOf
ex:issuer_131,ex:person_42,ex:inPossibleIssuersOf
ex:coin_14392,ex:issuer_131,nmo:hasIssuer
ex:coin_14392,ex:issuer_154,nmo:hasIssuer
ex:coin_14392,ex:person_41,nmo:hasPortrait
ex:person_41,ex:issuer_151,ex:hasPossibleIssuers
ex:person_41,ex:issuer_152,ex:hasPossibleIssuers
ex:issuer_131,ex:person_31,ex:inPossibleIssuersOf
ex:issuer_131,ex:person_42,ex:inPossibleIssuersOf
ex:coin_14437,ex:issuer_131,nmo:hasIssuer
ex:coin_14437,ex:issuer_154,nmo:hasIssuer
ex:coin_14437,ex:person_41,nmo:hasPortrait
ex:person_41,ex:issuer_151,ex:hasPossibleIssuers
ex:person_41,ex:issuer_152,ex:hasPossibleIssuers
ex:issuer_131,ex:person_31,ex:inPossibleIssuersOf
ex:issuer_131,ex:person_42,ex:inPossibleIssuersOf
ex:coin_14926,ex:issuer_131,nmo:hasIssuer
ex:coin_14926,ex:issuer_154,nmo:hasIssuer
ex:coin_14926,ex:person_40,nmo:hasPortrait
ex:person_40,ex:issuer_151,ex:hasPossibleIssuers
ex:person_40,ex:issuer_152,ex:hasPossibleIssuers
ex:issuer_131,ex:person_31,ex:inPossibleIssuersOf
ex:issuer_131,ex:person_42,ex:inPossibleIssuersOf
ex:coin_14930,ex:issuer_131,nmo:hasIssuer
ex:coin_14930,ex:issuer_154,nmo:hasIssuer
ex:coin_14930,ex:person_41,nmo:hasPortrait
ex:person_41,ex:issuer_151,ex:hasPossibleIssuers
ex:person_41,ex:issuer_152,ex:hasPossibleIssuers
ex:issuer_131,ex:person_31,ex:inPossibleIssuersOf
ex:issuer_131,ex:person_42,ex:inPossibleIssuersOf
ex:coin_14959,ex:issuer_131,nmo:hasIssuer
ex:coin_14959,ex:issuer_154,nmo:hasIssuer
ex:coin_14959,ex:person_40,nmo:hasPortrait
ex:person_40,ex:issuer_151,ex:hasPossibleIssuers
ex:person_40,ex:issuer_152,ex:hasPossibleIssuers
ex:issuer_131,ex:person_31,ex:inPossibleIssuersOf
ex:issuer_131,ex:person_42,ex:inPossibleIssuersOf
ex:coin_14960,ex:issuer_154,nmo:hasIssuer
ex:coin_14960,ex:issuer_131,nmo:hasIssuer
ex:coin_14960,ex:person_40,nmo:hasPortrait
ex:person_40,ex:issuer_151,ex:hasPossibleIssuers
ex:person_40,ex:issuer_152,ex:hasPossibleIssuers
ex:issuer_131,ex:person_31,ex:inPossibleIssuersOf
ex:issuer_131,ex:person_42,ex:inPossibleIssuersOf
ex:coin_15161,ex:issuer_131,nmo:hasIssuer
ex:coin_15161,ex:issuer_154,nmo:hasIssuer
ex:coin_15161,ex:person_40,nmo:hasPortrait
ex:person_40,ex:issuer_151,ex:hasPossibleIssuers
ex:person_40,ex:issuer_152,ex:hasPossibleIssuers
ex:issuer_131,ex:person_31,ex:inPossibleIssuersOf
ex:issuer_131,ex:person_42,ex:inPossibleIssuersOf
ex:coin_15184,ex:issuer_131,nmo:hasIssuer
ex:coin_15184,ex:issuer_154,nmo:hasIssuer
ex:coin_15184,ex:person_41,nmo:hasPortrait
ex:person_41,ex:issuer_151,ex:hasPossibleIssuers
ex:person_41,ex:issuer_152,ex:hasPossibleIssuers
ex:issuer_131,ex:person_31,ex:inPossibleIssuersOf
ex:issuer_131,ex:person_42,ex:inPossibleIssuersOf
ex:coin_15185,ex:issuer_154,nmo:hasIssuer
ex:coin_15185,ex:issuer_131,nmo:hasIssuer
ex:coin_15185,ex:person_40,nmo:hasPortrait
ex:person_40,ex:issuer_151,ex:hasPossibleIssuers
ex:person_40,ex:issuer_152,ex:hasPossibleIssuers
ex:issuer_131,ex:person_31,ex:inPossibleIssuersOf
ex:issuer_131,ex:person_42,ex:inPossibleIssuersOf
ex:coin_15187,ex:issuer_131,nmo:hasIssuer
ex:coin_15187,ex:issuer_154,nmo:hasIssuer
ex:coin_15187,ex:person_41,nmo:hasPortrait
ex:person_41,ex:issuer_151,ex:hasPossibleIssuers
ex:person_41,ex:issuer_152,ex:hasPossibleIssuers
ex:issuer_131,ex:person_31,ex:inPossibleIssuersOf
ex:issuer_131,ex:person_42,ex:inPossibleIssuersOf
ex:coin_15202,ex:issuer_131,nmo:hasIssuer
ex:coin_15202,ex:issuer_154,nmo:hasIssuer
ex:coin_15202,ex:person_41,nmo:hasPortrait
ex:person_41,ex:issuer_151,ex:hasPossibleIssuers
ex:person_41,ex:issuer_152,ex:hasPossibleIssuers
ex:issuer_131,ex:person_31,ex:inPossibleIssuersOf
ex:issuer_131,ex:person_42,ex:inPossibleIssuersOf
ex:coin_15203,ex:issuer_154,nmo:hasIssuer
ex:coin_15203,ex:issuer_131,nmo:hasIssuer
ex:coin_15203,ex:person_41,nmo:hasPortrait
ex:person_41,ex:issuer_151,ex:hasPossibleIssuers
ex:person_41,ex:issuer_152,ex:hasPossibleIssuers
ex:issuer_131,ex:person_31,ex:inPossibleIssuersOf
ex:issuer_131,ex:person_42,ex:inPossibleIssuersOf
ex:coin_15205,ex:issuer_131,nmo:hasIssuer
ex:coin_15205,ex:issuer_154,nmo:hasIssuer
ex:coin_15205,ex:person_40,nmo:hasPortrait
ex:person_40,ex:issuer_151,ex:hasPossibleIssuers
ex:person_40,ex:issuer_152,ex:hasPossibleIssuers
ex:issuer_131,ex:person_31,ex:inPossibleIssuersOf
ex:issuer_131,ex:person_42,ex:inPossibleIssuersOf
ex:coin_15210,ex:issuer_154,nmo:hasIssuer
ex:coin_15210,ex:issuer_131,nmo:hasIssuer
ex:coin_15210,ex:person_41,nmo:hasPortrait
ex:person_41,ex:issuer_151,ex:hasPossibleIssuers
ex:person_41,ex:issuer_152,ex:hasPossibleIssuers
ex:issuer_131,ex:person_31,ex:inPossibleIssuersOf
ex:issuer_131,ex:person_42,ex:inPossibleIssuersOf
ex:coin_15261,ex:issuer_131,nmo:hasIssuer
ex:coin_15261,ex:issuer_154,nmo:hasIssuer
ex:coin_15261,ex:person_41,nmo:hasPortrait
ex:person_41,ex:issuer_151,ex:hasPossibleIssuers
ex:person_41,ex:issuer_152,ex:hasPossibleIssuers
ex:issuer_131,ex:person_31,ex:inPossibleIssuersOf
ex:issuer_131,ex:person_42,ex:inPossibleIssuersOf
ex:coin_15420,ex:issuer_131,nmo:hasIssuer
ex:coin_15420,ex:issuer_154,nmo:hasIssuer
ex:coin_15420,ex:person_41,nmo:hasPortrait
ex:person_41,ex:issuer_151,ex:hasPossibleIssuers
ex:person_41,ex:issuer_152,ex:hasPossibleIssuers
ex:issuer_131,ex:person_31,ex:inPossibleIssuersOf
ex:issuer_131,ex:person_42,ex:inPossibleIssuersOf
ex:coin_15469,ex:issuer_154,nmo:hasIssuer
ex:coin_15469,ex:issuer_131,nmo:hasIssuer
ex:coin_15469,ex:person_40,nmo:hasPortrait
ex:person_40,ex:issuer_151,ex:hasPossibleIssuers
ex:person_40,ex:issuer_152,ex:hasPossibleIssuers
ex:issuer_131,ex:person_31,ex:inPossibleIssuersOf
ex:issuer_131,ex:person_42,ex:inPossibleIssuersOf
ex:coin_15470,ex:issuer_131,nmo:hasIssuer
ex:coin_15470,ex:issuer_154,nmo:hasIssuer
ex:coin_15470,ex:person_40,nmo:hasPortrait
ex:person_40,ex:issuer_151,ex:hasPossibleIssuers
ex:person_40,ex:issuer_152,ex:hasPossibleIssuers
ex:issuer_131,ex:person_31,ex:inPossibleIssuersOf
ex:issuer_131,ex:person_42,ex:inPossibleIssuersOf
ex:coin_15471,ex:issuer_154,nmo:hasIssuer
ex:coin_15471,ex:issuer_131,nmo:hasIssuer
ex:coin_15471,ex:person_40,nmo:hasPortrait
ex:person_40,ex:issuer_151,ex:hasPossibleIssuers
ex:person_40,ex:issuer_152,ex:hasPossibleIssuers
ex:issuer_131,ex:person_31,ex:inPossibleIssuersOf
ex:issuer_131,ex:person_42,ex:inPossibleIssuersOf
ex:coin_15472,ex:issuer_131,nmo:hasIssuer
ex:coin_15472,ex:issuer_154,nmo:hasIssuer
ex:coin_15472,ex:person_40,nmo:hasPortrait
ex:person_40,ex:issuer_151,ex:hasPossibleIssuers
ex:person_40,ex:issuer_152,ex:hasPossibleIssuers
ex:issuer_131,ex:person_31,ex:inPossibleIssuersOf
ex:issuer_131,ex:person_42,ex:inPossibleIssuersOf
ex:coin_15473,ex:issuer_154,nmo:hasIssuer
ex:coin_15473,ex:issuer_131,nmo:hasIssuer
ex:coin_15473,ex:person_40,nmo:hasPortrait
ex:person_40,ex:issuer_151,ex:hasPossibleIssuers
ex:person_40,ex:issuer_152,ex:hasPossibleIssuers
ex:issuer_131,ex:person_31,ex:inPossibleIssuersOf
ex:issuer_131,ex:person_42,ex:inPossibleIssuersOf
ex:coin_15474,ex:issuer_131,nmo:hasIssuer
ex:coin_15474,ex:issuer_154,nmo:hasIssuer
ex:coin_15474,ex:person_40,nmo:hasPortrait
ex:person_40,ex:issuer_151,ex:hasPossibleIssuers
ex:person_40,ex:issuer_152,ex:hasPossibleIssuers
ex:issuer_131,ex:person_31,ex:inPossibleIssuersOf
ex:issuer_131,ex:person_42,ex:inPossibleIssuersOf
ex:coin_15475,ex:issuer_154,nmo:hasIssuer
ex:coin_15475,ex:issuer_131,nmo:hasIssuer
ex:coin_15475,ex:person_41,nmo:hasPortrait
ex:person_41,ex:issuer_151,ex:hasPossibleIssuers
ex:person_41,ex:issuer_152,ex:hasPossibleIssuers
ex:issuer_131,ex:person_31,ex:inPossibleIssuersOf
ex:issuer_131,ex:person_42,ex:inPossibleIssuersOf
ex:coin_15476,ex:issuer_131,nmo:hasIssuer
ex:coin_15476,ex:issuer_154,nmo:hasIssuer
ex:coin_15476,ex:person_41,nmo:hasPortrait
ex:person_41,ex:issuer_151,ex:hasPossibleIssuers
ex:person_41,ex:issuer_152,ex:hasPossibleIssuers
ex:issuer_131,ex:person_31,ex:inPossibleIssuersOf
ex:issuer_131,ex:person_42,ex:inPossibleIssuersOf
ex:coin_15477,ex:issuer_154,nmo:hasIssuer
ex:coin_15477,ex:issuer_131,nmo:hasIssuer
ex:coin_15477,ex:person_41,nmo:hasPortrait
ex:person_41,ex:issuer_151,ex:hasPossibleIssuers
ex:person_41,ex:issuer_152,ex:hasPossibleIssuers
ex:issuer_131,ex:person_31,ex:inPossibleIssuersOf
ex:issuer_131,ex:person_42,ex:inPossibleIssuersOf
ex:coin_15478,ex:issuer_131,nmo:hasIssuer
ex:coin_15478,ex:issuer_154,nmo:hasIssuer
ex:coin_15478,ex:person_41,nmo:hasPortrait
ex:person_41,ex:issuer_151,ex:hasPossibleIssuers
ex:person_41,ex:issuer_152,ex:hasPossibleIssuers
ex:issuer_131,ex:person_31,ex:inPossibleIssuersOf
ex:issuer_131,ex:person_42,ex:inPossibleIssuersOf
ex:coin_15479,ex:issuer_154,nmo:hasIssuer
ex:coin_15479,ex:issuer_131,nmo:hasIssuer
ex:coin_15479,ex:person_41,nmo:hasPortrait
ex:person_41,ex:issuer_151,ex:hasPossibleIssuers
ex:person_41,ex:issuer_152,ex:hasPossibleIssuers
ex:issuer_131,ex:person_31,ex:inPossibleIssuersOf
ex:issuer_131,ex:person_42,ex:inPossibleIssuersOf
ex:coin_15480,ex:issuer_131,nmo:hasIssuer
ex:coin_15480,ex:issuer_154,nmo:hasIssuer
ex:coin_15480,ex:person_41,nmo:hasPortrait
ex:person_41,ex:issuer_151,ex:hasPossibleIssuers
ex:person_41,ex:issuer_152,ex:hasPossibleIssuers
ex:issuer_131,ex:person_31,ex:inPossibleIssuersOf
ex:issuer_131,ex:person_42,ex:inPossibleIssuersOf
ex:coin_15540,ex:issuer_131,nmo:hasIssuer
ex:coin_15540,ex:issuer_154,nmo:hasIssuer
ex:coin_15540,ex:person_40,nmo:hasPortrait
ex:person_40,ex:issuer_151,ex:hasPossibleIssuers
ex:person_40,ex:issuer_152,ex:hasPossibleIssuers
ex:issuer_131,ex:person_31,ex:inPossibleIssuersOf
ex:issuer_131,ex:person_42,ex:inPossibleIssuersOf
ex:coin_15541,ex:issuer_154,nmo:hasIssuer
ex:coin_15541,ex:issuer_131,nmo:hasIssuer
ex:coin_15541,ex:person_40,nmo:hasPortrait
ex:person_40,ex:issuer_151,ex:hasPossibleIssuers
ex:person_40,ex:issuer_152,ex:hasPossibleIssuers
ex:issuer_131,ex:person_31,ex:inPossibleIssuersOf
ex:issuer_131,ex:person_42,ex:inPossibleIssuersOf
ex:coin_15542,ex:issuer_131,nmo:hasIssuer
ex:coin_15542,ex:issuer_154,nmo:hasIssuer
ex:coin_15542,ex:person_40,nmo:hasPortrait
ex:person_40,ex:issuer_151,ex:hasPossibleIssuers
ex:person_40,ex:issuer_152,ex:hasPossibleIssuers
ex:issuer_131,ex:person_31,ex:inPossibleIssuersOf
ex:issuer_131,ex:person_42,ex:inPossibleIssuersOf
ex:coin_15543,ex:issuer_154,nmo:hasIssuer
ex:coin_15543,ex:issuer_131,nmo:hasIssuer
ex:coin_15543,ex:person_40,nmo:hasPortrait
ex:person_40,ex:issuer_151,ex:hasPossibleIssuers
ex:person_40,ex:issuer_152,ex:hasPossibleIssuers
ex:issuer_131,ex:person_31,ex:inPossibleIssuersOf
ex:issuer_131,ex:person_42,ex:inPossibleIssuersOf
ex:coin_15544,ex:issuer_131,nmo:hasIssuer
ex:coin_15544,ex:issuer_154,nmo:hasIssuer
ex:coin_15544,ex:person_41,nmo:hasPortrait
ex:person_41,ex:issuer_151,ex:hasPossibleIssuers
ex:person_41,ex:issuer_152,ex:hasPossibleIssuers
ex:issuer_131,ex:person_31,ex:inPossibleIssuersOf
ex:issuer_131,ex:person_42,ex:inPossibleIssuersOf
ex:coin_15603,ex:issuer_131,nmo:hasIssuer
ex:coin_15603,ex:issuer_154,nmo:hasIssuer
ex:coin_15603,ex:person_40,nmo:hasPortrait
ex:person_40,ex:issuer_151,ex:hasPossibleIssuers
ex:person_40,ex:issuer_152,ex:hasPossibleIssuers
ex:issuer_131,ex:person_31,ex:inPossibleIssuersOf
ex:issuer_131,ex:person_42,ex:inPossibleIssuersOf
ex:coin_15611,ex:issuer_131,nmo:hasIssuer
ex:coin_15611,ex:issuer_154,nmo:hasIssuer
ex:coin_15611,ex:person_40,nmo:hasPortrait
ex:person_40,ex:issuer_151,ex:hasPossibleIssuers
ex:person_40,ex:issuer_152,ex:hasPossibleIssuers
ex:issuer_131,ex:person_31,ex:inPossibleIssuersOf
ex:issuer_131,ex:person_42,ex:inPossibleIssuersOf
ex:coin_15630,ex:issuer_154,nmo:hasIssuer
ex:coin_15630,ex:issuer_131,nmo:hasIssuer
ex:coin_15630,ex:person_41,nmo:hasPortrait
ex:person_41,ex:issuer_151,ex:hasPossibleIssuers
ex:person_41,ex:issuer_152,ex:hasPossibleIssuers
ex:issuer_131,ex:person_31,ex:inPossibleIssuersOf
ex:issuer_131,ex:person_42,ex:inPossibleIssuersOf
ex:coin_15633,ex:issuer_131,nmo:hasIssuer
ex:coin_15633,ex:issuer_154,nmo:hasIssuer
ex:coin_15633,ex:person_40,nmo:hasPortrait
ex:person_40,ex:issuer_151,ex:hasPossibleIssuers
ex:person_40,ex:issuer_152,ex:hasPossibleIssuers
ex:issuer_131,ex:person_31,ex:inPossibleIssuersOf
ex:issuer_131,ex:person_42,ex:inPossibleIssuersOf
ex:coin_15721,ex:issuer_154,nmo:hasIssuer
ex:coin_15721,ex:issuer_131,nmo:hasIssuer
ex:coin_15721,ex:person_40,nmo:hasPortrait
ex:person_40,ex:issuer_151,ex:hasPossibleIssuers
ex:person_40,ex:issuer_152,ex:hasPossibleIssuers
ex:issuer_131,ex:person_31,ex:inPossibleIssuersOf
ex:issuer_131,ex:person_42,ex:inPossibleIssuersOf
ex:coin_15792,ex:issuer_131,nmo:hasIssuer
ex:coin_15792,ex:issuer_154,nmo:hasIssuer
ex:coin_15792,ex:person_41,nmo:hasPortrait
ex:person_41,ex:issuer_151,ex:hasPossibleIssuers
ex:person_41,ex:issuer_152,ex:hasPossibleIssuers
ex:issuer_131,ex:person_31,ex:inPossibleIssuersOf
ex:issuer_131,ex:person_42,ex:inPossibleIssuersOf
ex:coin_15817,ex:issuer_154,nmo:hasIssuer
ex:coin_15817,ex:issuer_131,nmo:hasIssuer
ex:coin_15817,ex:person_41,nmo:hasPortrait
ex:person_41,ex:issuer_151,ex:hasPossibleIssuers
ex:person_41,ex:issuer_152,ex:hasPossibleIssuers
ex:issuer_131,ex:person_31,ex:inPossibleIssuersOf
ex:issuer_131,ex:person_42,ex:inPossibleIssuersOf
ex:coin_16321,ex:issuer_131,nmo:hasIssuer
ex:coin_16321,ex:issuer_154,nmo:hasIssuer
ex:coin_16321,ex:person_41,nmo:hasPortrait
ex:person_41,ex:issuer_151,ex:hasPossibleIssuers
ex:person_41,ex:issuer_152,ex:hasPossibleIssuers
ex:issuer_131,ex:person_31,ex:inPossibleIssuersOf
ex:issuer_131,ex:person_42,ex:inPossibleIssuersOf
ex:coin_16349,ex:issuer_154,nmo:hasIssuer
ex:coin_16349,ex:issuer_131,nmo:hasIssuer
ex:coin_16349,ex:person_41,nmo:hasPortrait
ex:person_41,ex:issuer_151,ex:hasPossibleIssuers
ex:person_41,ex:issuer_152,ex:hasPossibleIssuers
ex:issuer_131,ex:person_31,ex:inPossibleIssuersOf
ex:issuer_131,ex:person_42,ex:inPossibleIssuersOf
ex:coin_16378,ex:issuer_131,nmo:hasIssuer
ex:coin_16378,ex:issuer_154,nmo:hasIssuer
ex:coin_16378,ex:person_41,nmo:hasPortrait
ex:person_41,ex:issuer_151,ex:hasPossibleIssuers
ex:person_41,ex:issuer_152,ex:hasPossibleIssuers
ex:issuer_131,ex:person_31,ex:inPossibleIssuersOf
ex:issuer_131,ex:person_42,ex:inPossibleIssuersOf
ex:coin_16390,ex:issuer_131,nmo:hasIssuer
ex:coin_16390,ex:issuer_154,nmo:hasIssuer
ex:coin_16390,ex:person_40,nmo:hasPortrait
ex:person_40,ex:issuer_151,ex:hasPossibleIssuers
ex:person_40,ex:issuer_152,ex:hasPossibleIssuers
ex:issuer_131,ex:person_31,ex:inPossibleIssuersOf
ex:issuer_131,ex:person_42,ex:inPossibleIssuersOf
ex:coin_16403,ex:issuer_131,nmo:hasIssuer
ex:coin_16403,ex:issuer_154,nmo:hasIssuer
ex:coin_16403,ex:person_40,nmo:hasPortrait
ex:person_40,ex:issuer_151,ex:hasPossibleIssuers
ex:person_40,ex:issuer_152,ex:hasPossibleIssuers
ex:issuer_131,ex:person_31,ex:inPossibleIssuersOf
ex:issuer_131,ex:person_42,ex:inPossibleIssuersOf
ex:coin_16407,ex:issuer_131,nmo:hasIssuer
ex:coin_16407,ex:issuer_154,nmo:hasIssuer
ex:coin_16407,ex:person_40,nmo:hasPortrait
ex:person_40,ex:issuer_151,ex:hasPossibleIssuers
ex:person_40,ex:issuer_152,ex:hasPossibleIssuers
ex:issuer_131,ex:person_31,ex:inPossibleIssuersOf
ex:issuer_131,ex:person_42,ex:inPossibleIssuersOf
ex:coin_16607,ex:issuer_154,nmo:hasIssuer
ex:coin_16607,ex:issuer_131,nmo:hasIssuer
ex:coin_16607,ex:person_40,nmo:hasPortrait
ex:person_40,ex:issuer_151,ex:hasPossibleIssuers
ex:person_40,ex:issuer_152,ex:hasPossibleIssuers
ex:issuer_131,ex:person_31,ex:inPossibleIssuersOf
ex:issuer_131,ex:person_42,ex:inPossibleIssuersOf
ex:coin_16758,ex:issuer_131,nmo:hasIssuer
ex:coin_16758,ex:issuer_154,nmo:hasIssuer
ex:coin_16758,ex:person_41,nmo:hasPortrait
ex:person_41,ex:issuer_151,ex:hasPossibleIssuers
ex:person_41,ex:issuer_152,ex:hasPossibleIssuers
ex:issuer_131,ex:person_31,ex:inPossibleIssuersOf
ex:issuer_131,ex:person_42,ex:inPossibleIssuersOf
ex:coin_16781,ex:issuer_154,nmo:hasIssuer
ex:coin_16781,ex:issuer_131,nmo:hasIssuer
ex:coin_16781,ex:person_41,nmo:hasPortrait
ex:person_41,ex:issuer_151,ex:hasPossibleIssuers
ex:person_41,ex:issuer_152,ex:hasPossibleIssuers
ex:issuer_131,ex:person_31,ex:inPossibleIssuersOf
ex:issuer_131,ex:person_42,ex:inPossibleIssuersOf
ex:coin_16787,ex:issuer_131,nmo:hasIssuer
ex:coin_16787,ex:issuer_154,nmo:hasIssuer
ex:coin_16787,ex:person_41,nmo:hasPortrait
ex:person_41,ex:issuer_151,ex:hasPossibleIssuers
ex:person_41,ex:issuer_152,ex:hasPossibleIssuers
ex:issuer_131,ex:person_31,ex:inPossibleIssuersOf
ex:issuer_131,ex:person_42,ex:inPossibleIssuersOf
ex:coin_16808,ex:issuer_131,nmo:hasIssuer
ex:coin_16808,ex:issuer_154,nmo:hasIssuer
ex:coin_16808,ex:person_40,nmo:hasPortrait
ex:person_40,ex:issuer_151,ex:hasPossibleIssuers
ex:person_40,ex:issuer_152,ex:hasPossibleIssuers
ex:issuer_131,ex:person_31,ex:inPossibleIssuersOf
ex:issuer_131,ex:person_42,ex:inPossibleIssuersOf
ex:coin_16809,ex:issuer_154,nmo:hasIssuer
ex:coin_16809,ex:issuer_131,nmo:hasIssuer
ex:coin_16809,ex:person_41,nmo:hasPortrait
ex:person_41,ex:issuer_151,ex:hasPossibleIssuers
ex:person_41,ex:issuer_152,ex:hasPossibleIssuers
ex:issuer_131,ex:person_31,ex:inPossibleIssuersOf
ex:issuer_131,ex:person_42,ex:inPossibleIssuersOf
ex:coin_16813,ex:issuer_131,nmo:hasIssuer
ex:coin_16813,ex:issuer_154,nmo:hasIssuer
ex:coin_16813,ex:person_41,nmo:hasPortrait
ex:person_41,ex:issuer_151,ex:hasPossibleIssuers
ex:person_41,ex:issuer_152,ex:hasPossibleIssuers
ex:issuer_131,ex:person_31,ex:inPossibleIssuersOf
ex:issuer_131,ex:person_42,ex:inPossibleIssuersOf
ex:coin_16822,ex:issuer_154,nmo:hasIssuer
ex:coin_16822,ex:issuer_131,nmo:hasIssuer
ex:coin_16822,ex:person_40,nmo:hasPortrait
ex:person_40,ex:issuer_151,ex:hasPossibleIssuers
ex:person_40,ex:issuer_152,ex:hasPossibleIssuers
ex:issuer_131,ex:person_31,ex:inPossibleIssuersOf
ex:issuer_131,ex:person_42,ex:inPossibleIssuersOf
ex:coin_16824,ex:issuer_154,nmo:hasIssuer
ex:coin_16824,ex:issuer_131,nmo:hasIssuer
ex:coin_16824,ex:person_40,nmo:hasPortrait
ex:person_40,ex:issuer_151,ex:hasPossibleIssuers
ex:person_40,ex:issuer_152,ex:hasPossibleIssuers
ex:issuer_131,ex:person_31,ex:inPossibleIssuersOf
ex:issuer_131,ex:person_42,ex:inPossibleIssuersOf
ex:coin_16864,ex:issuer_154,nmo:hasIssuer
ex:coin_16864,ex:issuer_131,nmo:hasIssuer
ex:coin_16864,ex:person_40,nmo:hasPortrait
ex:person_40,ex:issuer_151,ex:hasPossibleIssuers
ex:person_40,ex:issuer_152,ex:hasPossibleIssuers
ex:issuer_131,ex:person_31,ex:inPossibleIssuersOf
ex:issuer_131,ex:person_42,ex:inPossibleIssuersOf
ex:coin_17209,ex:issuer_154,nmo:hasIssuer
ex:coin_17209,ex:issuer_131,nmo:hasIssuer
ex:coin_17209,ex:person_41,nmo:hasPortrait
ex:person_41,ex:issuer_151,ex:hasPossibleIssuers
ex:person_41,ex:issuer_152,ex:hasPossibleIssuers
ex:issuer_131,ex:person_31,ex:inPossibleIssuersOf
ex:issuer_131,ex:person_42,ex:inPossibleIssuersOf
ex:coin_17210,ex:issuer_131,nmo:hasIssuer
ex:coin_17210,ex:issuer_154,nmo:hasIssuer
ex:coin_17210,ex:person_41,nmo:hasPortrait
ex:person_41,ex:issuer_151,ex:hasPossibleIssuers
ex:person_41,ex:issuer_152,ex:hasPossibleIssuers
ex:issuer_131,ex:person_31,ex:inPossibleIssuersOf
ex:issuer_131,ex:person_42,ex:inPossibleIssuersOf
ex:coin_17257,ex:issuer_131,nmo:hasIssuer
ex:coin_17257,ex:issuer_154,nmo:hasIssuer
ex:coin_17257,ex:person_40,nmo:hasPortrait
ex:person_40,ex:issuer_151,ex:hasPossibleIssuers
ex:person_40,ex:issuer_152,ex:hasPossibleIssuers
ex:issuer_131,ex:person_31,ex:inPossibleIssuersOf
ex:issuer_131,ex:person_42,ex:inPossibleIssuersOf
ex:coin_17277,ex:issuer_154,nmo:hasIssuer
ex:coin_17277,ex:issuer_131,nmo:hasIssuer
ex:coin_17277,ex:person_41,nmo:hasPortrait
ex:person_41,ex:issuer_151,ex:hasPossibleIssuers
ex:person_41,ex:issuer_152,ex:hasPossibleIssuers
ex:issuer_131,ex:person_31,ex:inPossibleIssuersOf
ex:issuer_131,ex:person_42,ex:inPossibleIssuersOf
ex:coin_17289,ex:issuer_131,nmo:hasIssuer
ex:coin_17289,ex:issuer_154,nmo:hasIssuer
ex:coin_17289,ex:person_41,nmo:hasPortrait
ex:person_41,ex:issuer_151,ex:hasPossibleIssuers
ex:person_41,ex:issuer_152,ex:hasPossibleIssuers
ex:issuer_131,ex:person_31,ex:inPossibleIssuersOf
ex:issuer_131,ex:person_42,ex:inPossibleIssuersOf
ex:coin_17327,ex:issuer_131,nmo:hasIssuer
ex:coin_17327,ex:issuer_154,nmo:hasIssuer
ex:coin_17327,ex:person_40,nmo:hasPortrait
ex:person_40,ex:issuer_151,ex:hasPossibleIssuers
ex:person_40,ex:issuer_152,ex:hasPossibleIssuers
ex:issuer_131,ex:person_31,ex:inPossibleIssuersOf
ex:issuer_131,ex:person_42,ex:inPossibleIssuersOf
ex:coin_17350,ex:issuer_154,nmo:hasIssuer
ex:coin_17350,ex:issuer_131,nmo:hasIssuer
ex:coin_17350,ex:person_40,nmo:hasPortrait
ex:person_40,ex:issuer_151,ex:hasPossibleIssuers
ex:person_40,ex:issuer_152,ex:hasPossibleIssuers
ex:issuer_131,ex:person_31,ex:inPossibleIssuersOf
ex:issuer_131,ex:person_42,ex:inPossibleIssuersOf
ex:coin_17365,ex:issuer_131,nmo:hasIssuer
ex:coin_17365,ex:issuer_154,nmo:hasIssuer
ex:coin_17365,ex:person_41,nmo:hasPortrait
ex:person_41,ex:issuer_151,ex:hasPossibleIssuers
ex:person_41,ex:issuer_152,ex:hasPossibleIssuers
ex:issuer_131,ex:person_31,ex:inPossibleIssuersOf
ex:issuer_131,ex:person_42,ex:inPossibleIssuersOf
ex:coin_17372,ex:issuer_154,nmo:hasIssuer
ex:coin_17372,ex:issuer_131,nmo:hasIssuer
ex:coin_17372,ex:person_40,nmo:hasPortrait
ex:person_40,ex:issuer_151,ex:hasPossibleIssuers
ex:person_40,ex:issuer_152,ex:hasPossibleIssuers
ex:issuer_131,ex:person_31,ex:inPossibleIssuersOf
ex:issuer_131,ex:person_42,ex:inPossibleIssuersOf
ex:coin_17375,ex:issuer_131,nmo:hasIssuer
ex:coin_17375,ex:issuer_154,nmo:hasIssuer
ex:coin_17375,ex:person_40,nmo:hasPortrait
ex:person_40,ex:issuer_151,ex:hasPossibleIssuers
ex:person_40,ex:issuer_152,ex:hasPossibleIssuers
ex:issuer_131,ex:person_31,ex:inPossibleIssuersOf
ex:issuer_131,ex:person_42,ex:inPossibleIssuersOf
ex:coin_17389,ex:issuer_131,nmo:hasIssuer
ex:coin_17389,ex:issuer_154,nmo:hasIssuer
ex:coin_17389,ex:person_40,nmo:hasPortrait
ex:person_40,ex:issuer_151,ex:hasPossibleIssuers
ex:person_40,ex:issuer_152,ex:hasPossibleIssuers
ex:issuer_131,ex:person_31,ex:inPossibleIssuersOf
ex:issuer_131,ex:person_42,ex:inPossibleIssuersOf
ex:coin_17391,ex:issuer_154,nmo:hasIssuer
ex:coin_17391,ex:issuer_131,nmo:hasIssuer
ex:coin_17391,ex:person_40,nmo:hasPortrait
ex:person_40,ex:issuer_151,ex:hasPossibleIssuers
ex:person_40,ex:issuer_152,ex:hasPossibleIssuers
ex:issuer_131,ex:person_31,ex:inPossibleIssuersOf
ex:issuer_131,ex:person_42,ex:inPossibleIssuersOf
ex:coin_17420,ex:issuer_154,nmo:hasIssuer
ex:coin_17420,ex:issuer_131,nmo:hasIssuer
ex:coin_17420,ex:person_41,nmo:hasPortrait
ex:person_41,ex:issuer_151,ex:hasPossibleIssuers
ex:person_41,ex:issuer_152,ex:hasPossibleIssuers
ex:issuer_131,ex:person_31,ex:inPossibleIssuersOf
ex:issuer_131,ex:person_42,ex:inPossibleIssuersOf
ex:coin_17425,ex:issuer_154,nmo:hasIssuer
ex:coin_17425,ex:issuer_131,nmo:hasIssuer
ex:coin_17425,ex:person_40,nmo:hasPortrait
ex:person_40,ex:issuer_151,ex:hasPossibleIssuers
ex:person_40,ex:issuer_152,ex:hasPossibleIssuers
ex:issuer_131,ex:person_31,ex:inPossibleIssuersOf
ex:issuer_131,ex:person_42,ex:inPossibleIssuersOf
ex:coin_17427,ex:issuer_154,nmo:hasIssuer
ex:coin_17427,ex:issuer_131,nmo:hasIssuer
ex:coin_17427,ex:person_40,nmo:hasPortrait
ex:person_40,ex:issuer_151,ex:hasPossibleIssuers
ex:person_40,ex:issuer_152,ex:hasPossibleIssuers
ex:issuer_131,ex:person_31,ex:inPossibleIssuersOf
ex:issuer_131,ex:person_42,ex:inPossibleIssuersOf
ex:coin_17432,ex:issuer_131,nmo:hasIssuer
ex:coin_17432,ex:issuer_154,nmo:hasIssuer
ex:coin_17432,ex:person_41,nmo:hasPortrait
ex:person_41,ex:issuer_151,ex:hasPossibleIssuers
ex:person_41,ex:issuer_152,ex:hasPossibleIssuers
ex:issuer_131,ex:person_31,ex:inPossibleIssuersOf
ex:issuer_131,ex:person_42,ex:inPossibleIssuersOf
ex:coin_17453,ex:issuer_131,nmo:hasIssuer
ex:coin_17453,ex:issuer_154,nmo:hasIssuer
ex:coin_17453,ex:person_41,nmo:hasPortrait
ex:person_41,ex:issuer_151,ex:hasPossibleIssuers
ex:person_41,ex:issuer_152,ex:hasPossibleIssuers
ex:issuer_131,ex:person_31,ex:inPossibleIssuersOf
ex:issuer_131,ex:person_42,ex:inPossibleIssuersOf
ex:coin_17474,ex:issuer_154,nmo:hasIssuer
ex:coin_17474,ex:issuer_131,nmo:hasIssuer
ex:coin_17474,ex:person_40,nmo:hasPortrait
ex:person_40,ex:issuer_151,ex:hasPossibleIssuers
ex:person_40,ex:issuer_152,ex:hasPossibleIssuers
ex:issuer_131,ex:person_31,ex:inPossibleIssuersOf
ex:issuer_131,ex:person_42,ex:inPossibleIssuersOf
ex:coin_17475,ex:issuer_131,nmo:hasIssuer
ex:coin_17475,ex:issuer_154,nmo:hasIssuer
ex:coin_17475,ex:person_40,nmo:hasPortrait
ex:person_40,ex:issuer_151,ex:hasPossibleIssuers
ex:person_40,ex:issuer_152,ex:hasPossibleIssuers
ex:issuer_131,ex:person_31,ex:inPossibleIssuersOf
ex:issuer_131,ex:person_42,ex:inPossibleIssuersOf
ex:coin_17482,ex:issuer_131,nmo:hasIssuer
ex:coin_17482,ex:issuer_154,nmo:hasIssuer
ex:coin_17482,ex:person_40,nmo:hasPortrait
ex:person_40,ex:issuer_151,ex:hasPossibleIssuers
ex:person_40,ex:issuer_152,ex:hasPossibleIssuers
ex:issuer_131,ex:person_31,ex:inPossibleIssuersOf
ex:issuer_131,ex:person_42,ex:inPossibleIssuersOf
ex:coin_17488,ex:issuer_154,nmo:hasIssuer
ex:coin_17488,ex:issuer_131,nmo:hasIssuer
ex:coin_17488,ex:person_40,nmo:hasPortrait
ex:person_40,ex:issuer_151,ex:hasPossibleIssuers
ex:person_40,ex:issuer_152,ex:hasPossibleIssuers
ex:issuer_131,ex:person_31,ex:inPossibleIssuersOf
ex:issuer_131,ex:person_42,ex:inPossibleIssuersOf
ex:coin_17497,ex:issuer_131,nmo:hasIssuer
ex:coin_17497,ex:issuer_154,nmo:hasIssuer
ex:coin_17497,ex:person_41,nmo:hasPortrait
ex:person_41,ex:issuer_151,ex:hasPossibleIssuers
ex:person_41,ex:issuer_152,ex:hasPossibleIssuers
ex:issuer_131,ex:person_31,ex:inPossibleIssuersOf
ex:issuer_131,ex:person_42,ex:inPossibleIssuersOf
ex:coin_17498,ex:issuer_154,nmo:hasIssuer
ex:coin_17498,ex:issuer_131,nmo:hasIssuer
ex:coin_17498,ex:person_41,nmo:hasPortrait
ex:person_41,ex:issuer_151,ex:hasPossibleIssuers
ex:person_41,ex:issuer_152,ex:hasPossibleIssuers
ex:issuer_131,ex:person_31,ex:inPossibleIssuersOf
ex:issuer_131,ex:person_42,ex:inPossibleIssuersOf
ex:coin_17516,ex:issuer_131,nmo:hasIssuer
ex:coin_17516,ex:issuer_154,nmo:hasIssuer
ex:coin_17516,ex:person_41,nmo:hasPortrait
ex:person_41,ex:issuer_151,ex:hasPossibleIssuers
ex:person_41,ex:issuer_152,ex:hasPossibleIssuers
ex:issuer_131,ex:person_31,ex:inPossibleIssuersOf
ex:issuer_131,ex:person_42,ex:inPossibleIssuersOf
ex:coin_17529,ex:issuer_131,nmo:hasIssuer
ex:coin_17529,ex:issuer_154,nmo:hasIssuer
ex:coin_17529,ex:person_40,nmo:hasPortrait
ex:person_40,ex:issuer_151,ex:hasPossibleIssuers
ex:person_40,ex:issuer_152,ex:hasPossibleIssuers
ex:issuer_131,ex:person_31,ex:inPossibleIssuersOf
ex:issuer_131,ex:person_42,ex:inPossibleIssuersOf
ex:coin_17530,ex:issuer_154,nmo:hasIssuer
ex:coin_17530,ex:issuer_131,nmo:hasIssuer
ex:coin_17530,ex:person_40,nmo:hasPortrait
ex:person_40,ex:issuer_151,ex:hasPossibleIssuers
ex:person_40,ex:issuer_152,ex:hasPossibleIssuers
ex:issuer_131,ex:person_31,ex:inPossibleIssuersOf
ex:issuer_131,ex:person_42,ex:inPossibleIssuersOf
ex:coin_17536,ex:issuer_154,nmo:hasIssuer
ex:coin_17536,ex:issuer_131,nmo:hasIssuer
ex:coin_17536,ex:person_40,nmo:hasPortrait
ex:person_40,ex:issuer_151,ex:hasPossibleIssuers
ex:person_40,ex:issuer_152,ex:hasPossibleIssuers
ex:issuer_131,ex:person_31,ex:inPossibleIssuersOf
ex:issuer_131,ex:person_42,ex:inPossibleIssuersOf
ex:coin_17604,ex:issuer_131,nmo:hasIssuer
ex:coin_17604,ex:issuer_154,nmo:hasIssuer
ex:coin_17604,ex:person_41,nmo:hasPortrait
ex:person_41,ex:issuer_151,ex:hasPossibleIssuers
ex:person_41,ex:issuer_152,ex:hasPossibleIssuers
ex:issuer_131,ex:person_31,ex:inPossibleIssuersOf
ex:issuer_131,ex:person_42,ex:inPossibleIssuersOf
ex:coin_17635,ex:issuer_131,nmo:hasIssuer
ex:coin_17635,ex:issuer_154,nmo:hasIssuer
ex:coin_17635,ex:person_41,nmo:hasPortrait
ex:person_41,ex:issuer_151,ex:hasPossibleIssuers
ex:person_41,ex:issuer_152,ex:hasPossibleIssuers
ex:issuer_131,ex:person_31,ex:inPossibleIssuersOf
ex:issuer_131,ex:person_42,ex:inPossibleIssuersOf
ex:coin_17643,ex:issuer_154,nmo:hasIssuer
ex:coin_17643,ex:issuer_131,nmo:hasIssuer
ex:coin_17643,ex:person_41,nmo:hasPortrait
ex:person_41,ex:issuer_151,ex:hasPossibleIssuers
ex:person_41,ex:issuer_152,ex:hasPossibleIssuers
ex:issuer_131,ex:person_31,ex:inPossibleIssuersOf
ex:issuer_131,ex:person_42,ex:inPossibleIssuersOf
ex:coin_17652,ex:issuer_131,nmo:hasIssuer
ex:coin_17652,ex:issuer_154,nmo:hasIssuer
ex:coin_17652,ex:person_41,nmo:hasPortrait
ex:person_41,ex:issuer_151,ex:hasPossibleIssuers
ex:person_41,ex:issuer_152,ex:hasPossibleIssuers
ex:issuer_131,ex:person_31,ex:inPossibleIssuersOf
ex:issuer_131,ex:person_42,ex:inPossibleIssuersOf
ex:coin_17671,ex:issuer_154,nmo:hasIssuer
ex:coin_17671,ex:issuer_131,nmo:hasIssuer
ex:coin_17671,ex:person_40,nmo:hasPortrait
ex:person_40,ex:issuer_151,ex:hasPossibleIssuers
ex:person_40,ex:issuer_152,ex:hasPossibleIssuers
ex:issuer_131,ex:person_31,ex:inPossibleIssuersOf
ex:issuer_131,ex:person_42,ex:inPossibleIssuersOf
ex:coin_17672,ex:issuer_131,nmo:hasIssuer
ex:coin_17672,ex:issuer_154,nmo:hasIssuer
ex:coin_17672,ex:person_41,nmo:hasPortrait
ex:person_41,ex:issuer_151,ex:hasPossibleIssuers
ex:person_41,ex:issuer_152,ex:hasPossibleIssuers
ex:issuer_131,ex:person_31,ex:inPossibleIssuersOf
ex:issuer_131,ex:person_42,ex:inPossibleIssuersOf
ex:coin_17673,ex:issuer_154,nmo:hasIssuer
ex:coin_17673,ex:issuer_131,nmo:hasIssuer
ex:coin_17673,ex:person_41,nmo:hasPortrait
ex:person_41,ex:issuer_151,ex:hasPossibleIssuers
ex:person_41,ex:issuer_152,ex:hasPossibleIssuers
ex:issuer_131,ex:person_31,ex:inPossibleIssuersOf
ex:issuer_131,ex:person_42,ex:inPossibleIssuersOf
ex:coin_17674,ex:issuer_131,nmo:hasIssuer
ex:coin_17674,ex:issuer_154,nmo:hasIssuer
ex:coin_17674,ex:person_41,nmo:hasPortrait
ex:person_41,ex:issuer_151,ex:hasPossibleIssuers
ex:person_41,ex:issuer_152,ex:hasPossibleIssuers
ex:issuer_131,ex:person_31,ex:inPossibleIssuersOf
ex:issuer_131,ex:person_42,ex:inPossibleIssuersOf
ex:coin_17675,ex:issuer_154,nmo:hasIssuer
ex:coin_17675,ex:issuer_131,nmo:hasIssuer
ex:coin_17675,ex:person_41,nmo:hasPortrait
ex:person_41,ex:issuer_151,ex:hasPossibleIssuers
ex:person_41,ex:issuer_152,ex:hasPossibleIssuers
ex:issuer_131,ex:person_31,ex:inPossibleIssuersOf
ex:issuer_131,ex:person_42,ex:inPossibleIssuersOf
ex:coin_17676,ex:issuer_131,nmo:hasIssuer
ex:coin_17676,ex:issuer_154,nmo:hasIssuer
ex:coin_17676,ex:person_41,nmo:hasPortrait
ex:person_41,ex:issuer_151,ex:hasPossibleIssuers
ex:person_41,ex:issuer_152,ex:hasPossibleIssuers
ex:issuer_131,ex:person_31,ex:inPossibleIssuersOf
ex:issuer_131,ex:person_42,ex:inPossibleIssuersOf
ex:coin_17677,ex:issuer_154,nmo:hasIssuer
ex:coin_17677,ex:issuer_131,nmo:hasIssuer
ex:coin_17677,ex:person_41,nmo:hasPortrait
ex:person_41,ex:issuer_151,ex:hasPossibleIssuers
ex:person_41,ex:issuer_152,ex:hasPossibleIssuers
ex:issuer_131,ex:person_31,ex:inPossibleIssuersOf
ex:issuer_131,ex:person_42,ex:inPossibleIssuersOf
ex:coin_17678,ex:issuer_131,nmo:hasIssuer
ex:coin_17678,ex:issuer_154,nmo:hasIssuer
ex:coin_17678,ex:person_40,nmo:hasPortrait
ex:person_40,ex:issuer_151,ex:hasPossibleIssuers
ex:person_40,ex:issuer_152,ex:hasPossibleIssuers
ex:issuer_131,ex:person_31,ex:inPossibleIssuersOf
ex:issuer_131,ex:person_42,ex:inPossibleIssuersOf
ex:coin_17719,ex:issuer_131,nmo:hasIssuer
ex:coin_17719,ex:issuer_154,nmo:hasIssuer
ex:coin_17719,ex:person_40,nmo:hasPortrait
ex:person_40,ex:issuer_151,ex:hasPossibleIssuers
ex:person_40,ex:issuer_152,ex:hasPossibleIssuers
ex:issuer_131,ex:person_31,ex:inPossibleIssuersOf
ex:issuer_131,ex:person_42,ex:inPossibleIssuersOf
ex:coin_17720,ex:issuer_154,nmo:hasIssuer
ex:coin_17720,ex:issuer_131,nmo:hasIssuer
ex:coin_17720,ex:person_40,nmo:hasPortrait
ex:person_40,ex:issuer_151,ex:hasPossibleIssuers
ex:person_40,ex:issuer_152,ex:hasPossibleIssuers
ex:issuer_131,ex:person_31,ex:inPossibleIssuersOf
ex:issuer_131,ex:person_42,ex:inPossibleIssuersOf
ex:coin_17734,ex:issuer_154,nmo:hasIssuer
ex:coin_17734,ex:issuer_131,nmo:hasIssuer
ex:coin_17734,ex:person_40,nmo:hasPortrait
ex:person_40,ex:issuer_151,ex:hasPossibleIssuers
ex:person_40,ex:issuer_152,ex:hasPossibleIssuers
ex:issuer_131,ex:person_31,ex:inPossibleIssuersOf
ex:issuer_131,ex:person_42,ex:inPossibleIssuersOf
ex:coin_17746,ex:issuer_131,nmo:hasIssuer
ex:coin_17746,ex:issuer_154,nmo:hasIssuer
ex:coin_17746,ex:person_41,nmo:hasPortrait
ex:person_41,ex:issuer_151,ex:hasPossibleIssuers
ex:person_41,ex:issuer_152,ex:hasPossibleIssuers
ex:issuer_131,ex:person_31,ex:inPossibleIssuersOf
ex:issuer_131,ex:person_42,ex:inPossibleIssuersOf
ex:coin_18001,ex:issuer_154,nmo:hasIssuer
ex:coin_18001,ex:issuer_131,nmo:hasIssuer
ex:coin_18001,ex:person_41,nmo:hasPortrait
ex:person_41,ex:issuer_151,ex:hasPossibleIssuers
ex:person_41,ex:issuer_152,ex:hasPossibleIssuers
ex:issuer_131,ex:person_31,ex:inPossibleIssuersOf
ex:issuer_131,ex:person_42,ex:inPossibleIssuersOf
ex:coin_28371,ex:issuer_131,nmo:hasIssuer
ex:coin_28371,ex:issuer_154,nmo:hasIssuer
ex:coin_28371,ex:person_41,nmo:hasPortrait
ex:person_41,ex:issuer_151,ex:hasPossibleIssuers
ex:person_41,ex:issuer_152,ex:hasPossibleIssuers
ex:issuer_131,ex:person_31,ex:inPossibleIssuersOf
ex:issuer_131,ex:person_42,ex:inPossibleIssuersOf
ex:coin_28444,ex:issuer_154,nmo:hasIssuer
ex:coin_28444,ex:issuer_131,nmo:hasIssuer
ex:coin_28444,ex:person_40,nmo:hasPortrait
ex:person_40,ex:issuer_151,ex:hasPossibleIssuers
ex:person_40,ex:issuer_152,ex:hasPossibleIssuers
ex:issuer_131,ex:person_31,ex:inPossibleIssuersOf
ex:issuer_131,ex:person_42,ex:inPossibleIssuersOf
ex:coin_28485,ex:issuer_131,nmo:hasIssuer
ex:coin_28485,ex:issuer_154,nmo:hasIssuer
ex:coin_28485,ex:person_40,nmo:hasPortrait
ex:person_40,ex:issuer_151,ex:hasPossibleIssuers
ex:person_40,ex:issuer_152,ex:hasPossibleIssuers
ex:issuer_131,ex:person_31,ex:inPossibleIssuersOf
ex:issuer_131,ex:person_42,ex:inPossibleIssuersOf
ex:coin_28495,ex:issuer_131,nmo:hasIssuer
ex:coin_28495,ex:issuer_154,nmo:hasIssuer
ex:coin_28495,ex:person_41,nmo:hasPortrait
ex:person_41,ex:issuer_151,ex:hasPossibleIssuers
ex:person_41,ex:issuer_152,ex:hasPossibleIssuers
ex:issuer_131,ex:person_31,ex:inPossibleIssuersOf
ex:issuer_131,ex:person_42,ex:inPossibleIssuersOf
ex:coin_28496,ex:issuer_154,nmo:hasIssuer
ex:coin_28496,ex:issuer_131,nmo:hasIssuer
ex:coin_28496,ex:person_41,nmo:hasPortrait
ex:person_41,ex:issuer_151,ex:hasPossibleIssuers
ex:person_41,ex:issuer_152,ex:hasPossibleIssuers
ex:issuer_131,ex:person_31,ex:inPossibleIssuersOf
ex:issuer_131,ex:person_42,ex:inPossibleIssuersOf
ex:coin_28859,ex:issuer_154,nmo:hasIssuer
ex:coin_28859,ex:issuer_131,nmo:hasIssuer
ex:coin_28859,ex:person_40,nmo:hasPortrait
ex:person_40,ex:issuer_151,ex:hasPossibleIssuers
ex:person_40,ex:issuer_152,ex:hasPossibleIssuers
ex:issuer_131,ex:person_31,ex:inPossibleIssuersOf
ex:issuer_131,ex:person_42,ex:inPossibleIssuersOf
ex:coin_28879,ex:issuer_131,nmo:hasIssuer
ex:coin_28879,ex:issuer_154,nmo:hasIssuer
ex:coin_28879,ex:person_41,nmo:hasPortrait
ex:person_41,ex:issuer_151,ex:hasPossibleIssuers
ex:person_41,ex:issuer_152,ex:hasPossibleIssuers
ex:issuer_131,ex:person_31,ex:inPossibleIssuersOf
ex:issuer_131,ex:person_42,ex:inPossibleIssuersOf
ex:coin_28880,ex:issuer_154,nmo:hasIssuer
ex:coin_28880,ex:issuer_131,nmo:hasIssuer
ex:coin_28880,ex:person_41,nmo:hasPortrait
ex:person_41,ex:issuer_151,ex:hasPossibleIssuers
ex:person_41,ex:issuer_152,ex:hasPossibleIssuers
ex:issuer_131,ex:person_31,ex:inPossibleIssuersOf
ex:issuer_131,ex:person_42,ex:inPossibleIssuersOf
ex:coin_28898,ex:issuer_154,nmo:hasIssuer
ex:coin_28898,ex:issuer_131,nmo:hasIssuer
ex:coin_28898,ex:person_40,nmo:hasPortrait
ex:person_40,ex:issuer_151,ex:hasPossibleIssuers
ex:person_40,ex:issuer_152,ex:hasPossibleIssuers
ex:issuer_131,ex:person_31,ex:inPossibleIssuersOf
ex:issuer_131,ex:person_42,ex:inPossibleIssuersOf
ex:coin_28899,ex:issuer_131,nmo:hasIssuer
ex:coin_28899,ex:issuer_154,nmo:hasIssuer
ex:coin_28899,ex:person_41,nmo:hasPortrait
ex:person_41,ex:issuer_151,ex:hasPossibleIssuers
ex:person_41,ex:issuer_152,ex:hasPossibleIssuers
ex:issuer_131,ex:person_31,ex:inPossibleIssuersOf
ex:issuer_131,ex:person_42,ex:inPossibleIssuersOf
ex:coin_28900,ex:issuer_154,nmo:hasIssuer
ex:coin_28900,ex:issuer_131,nmo:hasIssuer
ex:coin_28900,ex:person_41,nmo:hasPortrait
ex:person_41,ex:issuer_151,ex:hasPossibleIssuers
ex:person_41,ex:issuer_152,ex:hasPossibleIssuers
ex:issuer_131,ex:person_31,ex:inPossibleIssuersOf
ex:issuer_131,ex:person_42,ex:inPossibleIssuersOf
ex:coin_28901,ex:issuer_131,nmo:hasIssuer
ex:coin_28901,ex:issuer_154,nmo:hasIssuer
ex:coin_28901,ex:person_41,nmo:hasPortrait
ex:person_41,ex:issuer_151,ex:hasPossibleIssuers
ex:person_41,ex:issuer_152,ex:hasPossibleIssuers
ex:issuer_131,ex:person_31,ex:inPossibleIssuersOf
ex:issuer_131,ex:person_42,ex:inPossibleIssuersOf
ex:coin_28989,ex:issuer_131,nmo:hasIssuer
ex:coin_28989,ex:issuer_154,nmo:hasIssuer
ex:coin_28989,ex:person_40,nmo:hasPortrait
ex:person_40,ex:issuer_151,ex:hasPossibleIssuers
ex:person_40,ex:issuer_152,ex:hasPossibleIssuers
ex:issuer_131,ex:person_31,ex:inPossibleIssuersOf
ex:issuer_131,ex:person_42,ex:inPossibleIssuersOf
ex:coin_28990,ex:issuer_154,nmo:hasIssuer
ex:coin_28990,ex:issuer_131,nmo:hasIssuer
ex:coin_28990,ex:person_40,nmo:hasPortrait
ex:person_40,ex:issuer_151,ex:hasPossibleIssuers
ex:person_40,ex:issuer_152,ex:hasPossibleIssuers
ex:issuer_131,ex:person_31,ex:inPossibleIssuersOf
ex:issuer_131,ex:person_42,ex:inPossibleIssuersOf
ex:coin_28991,ex:issuer_131,nmo:hasIssuer
ex:coin_28991,ex:issuer_154,nmo:hasIssuer
ex:coin_28991,ex:person_41,nmo:hasPortrait
ex:person_41,ex:issuer_151,ex:hasPossibleIssuers
ex:person_41,ex:issuer_152,ex:hasPossibleIssuers
ex:issuer_131,ex:person_31,ex:inPossibleIssuersOf
ex:issuer_131,ex:person_42,ex:inPossibleIssuersOf
ex:coin_29072,ex:issuer_154,nmo:hasIssuer
ex:coin_29072,ex:issuer_131,nmo:hasIssuer
ex:coin_29072,ex:person_40,nmo:hasPortrait
ex:person_40,ex:issuer_151,ex:hasPossibleIssuers
ex:person_40,ex:issuer_152,ex:hasPossibleIssuers
ex:issuer_131,ex:person_31,ex:inPossibleIssuersOf
ex:issuer_131,ex:person_42,ex:inPossibleIssuersOf
ex:coin_29216,ex:issuer_131,nmo:hasIssuer
ex:coin_29216,ex:issuer_154,nmo:hasIssuer
ex:coin_29216,ex:person_40,nmo:hasPortrait
ex:person_40,ex:issuer_151,ex:hasPossibleIssuers
ex:person_40,ex:issuer_152,ex:hasPossibleIssuers
ex:issuer_131,ex:person_31,ex:inPossibleIssuersOf
ex:issuer_131,ex:person_42,ex:inPossibleIssuersOf
ex:coin_29264,ex:issuer_131,nmo:hasIssuer
ex:coin_29264,ex:issuer_154,nmo:hasIssuer
ex:coin_29264,ex:person_40,nmo:hasPortrait
ex:person_40,ex:issuer_151,ex:hasPossibleIssuers
ex:person_40,ex:issuer_152,ex:hasPossibleIssuers
ex:issuer_131,ex:person_31,ex:inPossibleIssuersOf
ex:issuer_131,ex:person_42,ex:inPossibleIssuersOf
ex:coin_29304,ex:issuer_131,nmo:hasIssuer
ex:coin_29304,ex:issuer_152,nmo:hasIssuer
ex:coin_29304,ex:person_36,nmo:hasPortrait
ex:person_36,ex:issuer_152,ex:hasPossibleIssuers
ex:issuer_131,ex:person_31,ex:inPossibleIssuersOf
ex:issuer_131,ex:person_42,ex:inPossibleIssuersOf
ex:issuer_152,ex:person_36,ex:inPossibleIssuersOf
ex:issuer_152,ex:person_39,ex:inPossibleIssuersOf
ex:issuer_152,ex:person_40,ex:inPossibleIssuersOf
ex:issuer_152,ex:person_41,ex:inPossibleIssuersOf
ex:issuer_152,ex:person_43,ex:inPossibleIssuersOf
ex:coin_29532,ex:issuer_131,nmo:hasIssuer
ex:coin_29532,ex:issuer_154,nmo:hasIssuer
ex:coin_29532,ex:person_41,nmo:hasPortrait
ex:person_41,ex:issuer_151,ex:hasPossibleIssuers
ex:person_41,ex:issuer_152,ex:hasPossibleIssuers
ex:issuer_131,ex:person_31,ex:inPossibleIssuersOf
ex:issuer_131,ex:person_42,ex:inPossibleIssuersOf
ex:coin_29624,ex:issuer_131,nmo:hasIssuer
ex:coin_29624,ex:issuer_154,nmo:hasIssuer
ex:coin_29624,ex:person_41,nmo:hasPortrait
ex:person_41,ex:issuer_151,ex:hasPossibleIssuers
ex:person_41,ex:issuer_152,ex:hasPossibleIssuers
ex:issuer_131,ex:person_31,ex:inPossibleIssuersOf
ex:issuer_131,ex:person_42,ex:inPossibleIssuersOf
ex:coin_29681,ex:issuer_154,nmo:hasIssuer
ex:coin_29681,ex:issuer_131,nmo:hasIssuer
ex:coin_29681,ex:person_40,nmo:hasPortrait
ex:person_40,ex:issuer_151,ex:hasPossibleIssuers
ex:person_40,ex:issuer_152,ex:hasPossibleIssuers
ex:issuer_131,ex:person_31,ex:inPossibleIssuersOf
ex:issuer_131,ex:person_42,ex:inPossibleIssuersOf
ex:coin_29682,ex:issuer_131,nmo:hasIssuer
ex:coin_29682,ex:issuer_154,nmo:hasIssuer
ex:coin_29682,ex:person_41,nmo:hasPortrait
ex:person_41,ex:issuer_151,ex:hasPossibleIssuers
ex:person_41,ex:issuer_152,ex:hasPossibleIssuers
ex:issuer_131,ex:person_31,ex:inPossibleIssuersOf
ex:issuer_131,ex:person_42,ex:inPossibleIssuersOf
ex:coin_29831,ex:issuer_131,nmo:hasIssuer
ex:coin_29831,ex:issuer_154,nmo:hasIssuer
ex:coin_29831,ex:person_40,nmo:hasPortrait
ex:person_40,ex:issuer_151,ex:hasPossibleIssuers
ex:person_40,ex:issuer_152,ex:hasPossibleIssuers
ex:issuer_131,ex:person_31,ex:inPossibleIssuersOf
ex:issuer_131,ex:person_42,ex:inPossibleIssuersOf
ex:coin_29927,ex:issuer_131,nmo:hasIssuer
ex:coin_29927,ex:issuer_154,nmo:hasIssuer
ex:coin_29927,ex:person_41,nmo:hasPortrait
ex:person_41,ex:issuer_151,ex:hasPossibleIssuers
ex:person_41,ex:issuer_152,ex:hasPossibleIssuers
ex:issuer_131,ex:person_31,ex:inPossibleIssuersOf
ex:issuer_131,ex:person_42,ex:inPossibleIssuersOf
ex:coin_29997,ex:issuer_131,nmo:hasIssuer
ex:coin_29997,ex:issuer_154,nmo:hasIssuer
ex:coin_29997,ex:person_41,nmo:hasPortrait
ex:person_41,ex:issuer_151,ex:hasPossibleIssuers
ex:person_41,ex:issuer_152,ex:hasPossibleIssuers
ex:issuer_131,ex:person_31,ex:inPossibleIssuersOf
ex:issuer_131,ex:person_42,ex:inPossibleIssuersOf
ex:coin_30007,ex:issuer_154,nmo:hasIssuer
ex:coin_30007,ex:issuer_131,nmo:hasIssuer
ex:coin_30007,ex:person_40,nmo:hasPortrait
ex:person_40,ex:issuer_151,ex:hasPossibleIssuers
ex:person_40,ex:issuer_152,ex:hasPossibleIssuers
ex:issuer_131,ex:person_31,ex:inPossibleIssuersOf
ex:issuer_131,ex:person_42,ex:inPossibleIssuersOf
ex:coin_30010,ex:issuer_131,nmo:hasIssuer
ex:coin_30010,ex:issuer_154,nmo:hasIssuer
ex:coin_30010,ex:person_40,nmo:hasPortrait
ex:person_40,ex:issuer_151,ex:hasPossibleIssuers
ex:person_40,ex:issuer_152,ex:hasPossibleIssuers
ex:issuer_131,ex:person_31,ex:inPossibleIssuersOf
ex:issuer_131,ex:person_42,ex:inPossibleIssuersOf
ex:coin_30011,ex:issuer_154,nmo:hasIssuer
ex:coin_30011,ex:issuer_131,nmo:hasIssuer
ex:coin_30011,ex:person_40,nmo:hasPortrait
ex:person_40,ex:issuer_151,ex:hasPossibleIssuers
ex:person_40,ex:issuer_152,ex:hasPossibleIssuers
ex:issuer_131,ex:person_31,ex:inPossibleIssuersOf
ex:issuer_131,ex:person_42,ex:inPossibleIssuersOf
ex:coin_30014,ex:issuer_131,nmo:hasIssuer
ex:coin_30014,ex:issuer_154,nmo:hasIssuer
ex:coin_30014,ex:person_41,nmo:hasPortrait
ex:person_41,ex:issuer_151,ex:hasPossibleIssuers
ex:person_41,ex:issuer_152,ex:hasPossibleIssuers
ex:issuer_131,ex:person_31,ex:inPossibleIssuersOf
ex:issuer_131,ex:person_42,ex:inPossibleIssuersOf
ex:coin_30016,ex:issuer_154,nmo:hasIssuer
ex:coin_30016,ex:issuer_131,nmo:hasIssuer
ex:coin_30016,ex:person_41,nmo:hasPortrait
ex:person_41,ex:issuer_151,ex:hasPossibleIssuers
ex:person_41,ex:issuer_152,ex:hasPossibleIssuers
ex:issuer_131,ex:person_31,ex:inPossibleIssuersOf
ex:issuer_131,ex:person_42,ex:inPossibleIssuersOf
ex:coin_30017,ex:issuer_131,nmo:hasIssuer
ex:coin_30017,ex:issuer_154,nmo:hasIssuer
ex:coin_30017,ex:person_41,nmo:hasPortrait
ex:person_41,ex:issuer_151,ex:hasPossibleIssuers
ex:person_41,ex:issuer_152,ex:hasPossibleIssuers
ex:issuer_131,ex:person_31,ex:inPossibleIssuersOf
ex:issuer_131,ex:person_42,ex:inPossibleIssuersOf
ex:coin_30033,ex:issuer_131,nmo:hasIssuer
ex:coin_30033,ex:issuer_154,nmo:hasIssuer
ex:coin_30033,ex:person_40,nmo:hasPortrait
ex:person_40,ex:issuer_151,ex:hasPossibleIssuers
ex:person_40,ex:issuer_152,ex:hasPossibleIssuers
ex:issuer_131,ex:person_31,ex:inPossibleIssuersOf
ex:issuer_131,ex:person_42,ex:inPossibleIssuersOf
ex:coin_30034,ex:issuer_154,nmo:hasIssuer
ex:coin_30034,ex:issuer_131,nmo:hasIssuer
ex:coin_30034,ex:person_40,nmo:hasPortrait
ex:person_40,ex:issuer_151,ex:hasPossibleIssuers
ex:person_40,ex:issuer_152,ex:hasPossibleIssuers
ex:issuer_131,ex:person_31,ex:inPossibleIssuersOf
ex:issuer_131,ex:person_42,ex:inPossibleIssuersOf
ex:coin_30096,ex:issuer_154,nmo:hasIssuer
ex:coin_30096,ex:issuer_131,nmo:hasIssuer
ex:coin_30096,ex:person_40,nmo:hasPortrait
ex:person_40,ex:issuer_151,ex:hasPossibleIssuers
ex:person_40,ex:issuer_152,ex:hasPossibleIssuers
ex:issuer_131,ex:person_31,ex:inPossibleIssuersOf
ex:issuer_131,ex:person_42,ex:inPossibleIssuersOf
ex:coin_30107,ex:issuer_154,nmo:hasIssuer
ex:coin_30107,ex:issuer_131,nmo:hasIssuer
ex:coin_30107,ex:person_41,nmo:hasPortrait
ex:person_41,ex:issuer_151,ex:hasPossibleIssuers
ex:person_41,ex:issuer_152,ex:hasPossibleIssuers
ex:issuer_131,ex:person_31,ex:inPossibleIssuersOf
ex:issuer_131,ex:person_42,ex:inPossibleIssuersOf
ex:coin_30131,ex:issuer_131,nmo:hasIssuer
ex:coin_30131,ex:issuer_154,nmo:hasIssuer
ex:coin_30131,ex:person_40,nmo:hasPortrait
ex:person_40,ex:issuer_151,ex:hasPossibleIssuers
ex:person_40,ex:issuer_152,ex:hasPossibleIssuers
ex:issuer_131,ex:person_31,ex:inPossibleIssuersOf
ex:issuer_131,ex:person_42,ex:inPossibleIssuersOf
ex:coin_30143,ex:issuer_131,nmo:hasIssuer
ex:coin_30143,ex:issuer_154,nmo:hasIssuer
ex:coin_30143,ex:person_41,nmo:hasPortrait
ex:person_41,ex:issuer_151,ex:hasPossibleIssuers
ex:person_41,ex:issuer_152,ex:hasPossibleIssuers
ex:issuer_131,ex:person_31,ex:inPossibleIssuersOf
ex:issuer_131,ex:person_42,ex:inPossibleIssuersOf
ex:coin_30209,ex:issuer_154,nmo:hasIssuer
ex:coin_30209,ex:issuer_131,nmo:hasIssuer
ex:coin_30209,ex:person_41,nmo:hasPortrait
ex:person_41,ex:issuer_151,ex:hasPossibleIssuers
ex:person_41,ex:issuer_152,ex:hasPossibleIssuers
ex:issuer_131,ex:person_31,ex:inPossibleIssuersOf
ex:issuer_131,ex:person_42,ex:inPossibleIssuersOf
ex:coin_30255,ex:issuer_131,nmo:hasIssuer
ex:coin_30255,ex:issuer_154,nmo:hasIssuer
ex:coin_30255,ex:person_40,nmo:hasPortrait
ex:person_40,ex:issuer_151,ex:hasPossibleIssuers
ex:person_40,ex:issuer_152,ex:hasPossibleIssuers
ex:issuer_131,ex:person_31,ex:inPossibleIssuersOf
ex:issuer_131,ex:person_42,ex:inPossibleIssuersOf
ex:coin_30288,ex:issuer_131,nmo:hasIssuer
ex:coin_30288,ex:issuer_154,nmo:hasIssuer
ex:coin_30288,ex:person_41,nmo:hasPortrait
ex:person_41,ex:issuer_151,ex:hasPossibleIssuers
ex:person_41,ex:issuer_152,ex:hasPossibleIssuers
ex:issuer_131,ex:person_31,ex:inPossibleIssuersOf
ex:issuer_131,ex:person_42,ex:inPossibleIssuersOf
ex:coin_30294,ex:issuer_131,nmo:hasIssuer
ex:coin_30294,ex:issuer_154,nmo:hasIssuer
ex:coin_30294,ex:person_41,nmo:hasPortrait
ex:person_41,ex:issuer_151,ex:hasPossibleIssuers
ex:person_41,ex:issuer_152,ex:hasPossibleIssuers
ex:issuer_131,ex:person_31,ex:inPossibleIssuersOf
ex:issuer_131,ex:person_42,ex:inPossibleIssuersOf
ex:coin_30333,ex:issuer_131,nmo:hasIssuer
ex:coin_30333,ex:issuer_154,nmo:hasIssuer
ex:coin_30333,ex:person_40,nmo:hasPortrait
ex:person_40,ex:issuer_151,ex:hasPossibleIssuers
ex:person_40,ex:issuer_152,ex:hasPossibleIssuers
ex:issuer_131,ex:person_31,ex:inPossibleIssuersOf
ex:issuer_131,ex:person_42,ex:inPossibleIssuersOf
ex:coin_30341,ex:issuer_131,nmo:hasIssuer
ex:coin_30341,ex:issuer_154,nmo:hasIssuer
ex:coin_30341,ex:person_41,nmo:hasPortrait
ex:person_41,ex:issuer_151,ex:hasPossibleIssuers
ex:person_41,ex:issuer_152,ex:hasPossibleIssuers
ex:issuer_131,ex:person_31,ex:inPossibleIssuersOf
ex:issuer_131,ex:person_42,ex:inPossibleIssuersOf
ex:coin_30401,ex:issuer_154,nmo:hasIssuer
ex:coin_30401,ex:issuer_131,nmo:hasIssuer
ex:coin_30401,ex:person_40,nmo:hasPortrait
ex:person_40,ex:issuer_151,ex:hasPossibleIssuers
ex:person_40,ex:issuer_152,ex:hasPossibleIssuers
ex:issuer_131,ex:person_31,ex:inPossibleIssuersOf
ex:issuer_131,ex:person_42,ex:inPossibleIssuersOf
ex:coin_30436,ex:issuer_131,nmo:hasIssuer
ex:coin_30436,ex:issuer_154,nmo:hasIssuer
ex:coin_30436,ex:person_41,nmo:hasPortrait
ex:person_41,ex:issuer_151,ex:hasPossibleIssuers
ex:person_41,ex:issuer_152,ex:hasPossibleIssuers
ex:issuer_131,ex:person_31,ex:inPossibleIssuersOf
ex:issuer_131,ex:person_42,ex:inPossibleIssuersOf
ex:coin_30510,ex:issuer_131,nmo:hasIssuer
ex:coin_30510,ex:issuer_154,nmo:hasIssuer
ex:coin_30510,ex:person_41,nmo:hasPortrait
ex:person_41,ex:issuer_151,ex:hasPossibleIssuers
ex:person_41,ex:issuer_152,ex:hasPossibleIssuers
ex:issuer_131,ex:person_31,ex:inPossibleIssuersOf
ex:issuer_131,ex:person_42,ex:inPossibleIssuersOf
ex:coin_30567,ex:issuer_131,nmo:hasIssuer
ex:coin_30567,ex:issuer_152,nmo:hasIssuer
ex:coin_30567,ex:person_36,nmo:hasPortrait
ex:person_36,ex:issuer_152,ex:hasPossibleIssuers
ex:issuer_131,ex:person_31,ex:inPossibleIssuersOf
ex:issuer_131,ex:person_42,ex:inPossibleIssuersOf
ex:issuer_152,ex:person_36,ex:inPossibleIssuersOf
ex:issuer_152,ex:person_39,ex:inPossibleIssuersOf
ex:issuer_152,ex:person_40,ex:inPossibleIssuersOf
ex:issuer_152,ex:person_41,ex:inPossibleIssuersOf
ex:issuer_152,ex:person_43,ex:inPossibleIssuersOf
ex:coin_30723,ex:issuer_131,nmo:hasIssuer
ex:coin_30723,ex:issuer_154,nmo:hasIssuer
ex:coin_30723,ex:person_40,nmo:hasPortrait
ex:person_40,ex:issuer_151,ex:hasPossibleIssuers
ex:person_40,ex:issuer_152,ex:hasPossibleIssuers
ex:issuer_131,ex:person_31,ex:inPossibleIssuersOf
ex:issuer_131,ex:person_42,ex:inPossibleIssuersOf
ex:coin_30758,ex:issuer_154,nmo:hasIssuer
ex:coin_30758,ex:issuer_131,nmo:hasIssuer
ex:coin_30758,ex:person_40,nmo:hasPortrait
ex:person_40,ex:issuer_151,ex:hasPossibleIssuers
ex:person_40,ex:issuer_152,ex:hasPossibleIssuers
ex:issuer_131,ex:person_31,ex:inPossibleIssuersOf
ex:issuer_131,ex:person_42,ex:inPossibleIssuersOf
ex:coin_30866,ex:issuer_131,nmo:hasIssuer
ex:coin_30866,ex:issuer_154,nmo:hasIssuer
ex:coin_30866,ex:person_41,nmo:hasPortrait
ex:person_41,ex:issuer_151,ex:hasPossibleIssuers
ex:person_41,ex:issuer_152,ex:hasPossibleIssuers
ex:issuer_131,ex:person_31,ex:inPossibleIssuersOf
ex:issuer_131,ex:person_42,ex:inPossibleIssuersOf
ex:coin_30939,ex:issuer_154,nmo:hasIssuer
ex:coin_30939,ex:issuer_131,nmo:hasIssuer
ex:coin_30939,ex:person_40,nmo:hasPortrait
ex:person_40,ex:issuer_151,ex:hasPossibleIssuers
ex:person_40,ex:issuer_152,ex:hasPossibleIssuers
ex:issuer_131,ex:person_31,ex:inPossibleIssuersOf
ex:issuer_131,ex:person_42,ex:inPossibleIssuersOf
ex:coin_30959,ex:issuer_154,nmo:hasIssuer
ex:coin_30959,ex:issuer_131,nmo:hasIssuer
ex:coin_30959,ex:person_41,nmo:hasPortrait
ex:person_41,ex:issuer_151,ex:hasPossibleIssuers
ex:person_41,ex:issuer_152,ex:hasPossibleIssuers
ex:issuer_131,ex:person_31,ex:inPossibleIssuersOf
ex:issuer_131,ex:person_42,ex:inPossibleIssuersOf
ex:coin_31177,ex:issuer_131,nmo:hasIssuer
ex:coin_31177,ex:issuer_154,nmo:hasIssuer
ex:coin_31177,ex:person_40,nmo:hasPortrait
ex:person_40,ex:issuer_151,ex:hasPossibleIssuers
ex:person_40,ex:issuer_152,ex:hasPossibleIssuers
ex:issuer_131,ex:person_31,ex:inPossibleIssuersOf
ex:issuer_131,ex:person_42,ex:inPossibleIssuersOf
ex:coin_31181,ex:issuer_131,nmo:hasIssuer
ex:coin_31181,ex:issuer_154,nmo:hasIssuer
ex:coin_31181,ex:person_40,nmo:hasPortrait
ex:person_40,ex:issuer_151,ex:hasPossibleIssuers
ex:person_40,ex:issuer_152,ex:hasPossibleIssuers
ex:issuer_131,ex:person_31,ex:inPossibleIssuersOf
ex:issuer_131,ex:person_42,ex:inPossibleIssuersOf
ex:coin_31189,ex:issuer_154,nmo:hasIssuer
ex:coin_31189,ex:issuer_131,nmo:hasIssuer
ex:coin_31189,ex:person_40,nmo:hasPortrait
ex:person_40,ex:issuer_151,ex:hasPossibleIssuers
ex:person_40,ex:issuer_152,ex:hasPossibleIssuers
ex:issuer_131,ex:person_31,ex:inPossibleIssuersOf
ex:issuer_131,ex:person_42,ex:inPossibleIssuersOf
ex:coin_31190,ex:issuer_131,nmo:hasIssuer
ex:coin_31190,ex:issuer_154,nmo:hasIssuer
ex:coin_31190,ex:person_41,nmo:hasPortrait
ex:person_41,ex:issuer_151,ex:hasPossibleIssuers
ex:person_41,ex:issuer_152,ex:hasPossibleIssuers
ex:issuer_131,ex:person_31,ex:inPossibleIssuersOf
ex:issuer_131,ex:person_42,ex:inPossibleIssuersOf
ex:coin_31206,ex:issuer_154,nmo:hasIssuer
ex:coin_31206,ex:issuer_131,nmo:hasIssuer
ex:coin_31206,ex:person_40,nmo:hasPortrait
ex:person_40,ex:issuer_151,ex:hasPossibleIssuers
ex:person_40,ex:issuer_152,ex:hasPossibleIssuers
ex:issuer_131,ex:person_31,ex:inPossibleIssuersOf
ex:issuer_131,ex:person_42,ex:inPossibleIssuersOf
ex:coin_31207,ex:issuer_131,nmo:hasIssuer
ex:coin_31207,ex:issuer_154,nmo:hasIssuer
ex:coin_31207,ex:person_40,nmo:hasPortrait
ex:person_40,ex:issuer_151,ex:hasPossibleIssuers
ex:person_40,ex:issuer_152,ex:hasPossibleIssuers
ex:issuer_131,ex:person_31,ex:inPossibleIssuersOf
ex:issuer_131,ex:person_42,ex:inPossibleIssuersOf
ex:coin_31208,ex:issuer_154,nmo:hasIssuer
ex:coin_31208,ex:issuer_131,nmo:hasIssuer
ex:coin_31208,ex:person_40,nmo:hasPortrait
ex:person_40,ex:issuer_151,ex:hasPossibleIssuers
ex:person_40,ex:issuer_152,ex:hasPossibleIssuers
ex:issuer_131,ex:person_31,ex:inPossibleIssuersOf
ex:issuer_131,ex:person_42,ex:inPossibleIssuersOf
ex:coin_31223,ex:issuer_131,nmo:hasIssuer
ex:coin_31223,ex:issuer_154,nmo:hasIssuer
ex:coin_31223,ex:person_40,nmo:hasPortrait
ex:person_40,ex:issuer_151,ex:hasPossibleIssuers
ex:person_40,ex:issuer_152,ex:hasPossibleIssuers
ex:issuer_131,ex:person_31,ex:inPossibleIssuersOf
ex:issuer_131,ex:person_42,ex:inPossibleIssuersOf
ex:coin_31226,ex:issuer_131,nmo:hasIssuer
ex:coin_31226,ex:issuer_154,nmo:hasIssuer
ex:coin_31226,ex:person_41,nmo:hasPortrait
ex:person_41,ex:issuer_151,ex:hasPossibleIssuers
ex:person_41,ex:issuer_152,ex:hasPossibleIssuers
ex:issuer_131,ex:person_31,ex:inPossibleIssuersOf
ex:issuer_131,ex:person_42,ex:inPossibleIssuersOf
ex:coin_31227,ex:issuer_131,nmo:hasIssuer
ex:coin_31227,ex:issuer_152,nmo:hasIssuer
ex:coin_31227,ex:person_36,nmo:hasPortrait
ex:person_36,ex:issuer_152,ex:hasPossibleIssuers
ex:issuer_131,ex:person_31,ex:inPossibleIssuersOf
ex:issuer_131,ex:person_42,ex:inPossibleIssuersOf
ex:issuer_152,ex:person_36,ex:inPossibleIssuersOf
ex:issuer_152,ex:person_39,ex:inPossibleIssuersOf
ex:issuer_152,ex:person_40,ex:inPossibleIssuersOf
ex:issuer_152,ex:person_41,ex:inPossibleIssuersOf
ex:issuer_152,ex:person_43,ex:inPossibleIssuersOf
ex:coin_31229,ex:issuer_154,nmo:hasIssuer
ex:coin_31229,ex:issuer_131,nmo:hasIssuer
ex:coin_31229,ex:person_40,nmo:hasPortrait
ex:person_40,ex:issuer_151,ex:hasPossibleIssuers
ex:person_40,ex:issuer_152,ex:hasPossibleIssuers
ex:issuer_131,ex:person_31,ex:inPossibleIssuersOf
ex:issuer_131,ex:person_42,ex:inPossibleIssuersOf
ex:coin_31249,ex:issuer_131,nmo:hasIssuer
ex:coin_31249,ex:issuer_154,nmo:hasIssuer
ex:coin_31249,ex:person_41,nmo:hasPortrait
ex:person_41,ex:issuer_151,ex:hasPossibleIssuers
ex:person_41,ex:issuer_152,ex:hasPossibleIssuers
ex:issuer_131,ex:person_31,ex:inPossibleIssuersOf
ex:issuer_131,ex:person_42,ex:inPossibleIssuersOf
ex:coin_31269,ex:issuer_131,nmo:hasIssuer
ex:coin_31269,ex:issuer_154,nmo:hasIssuer
ex:coin_31269,ex:person_41,nmo:hasPortrait
ex:person_41,ex:issuer_151,ex:hasPossibleIssuers
ex:person_41,ex:issuer_152,ex:hasPossibleIssuers
ex:issuer_131,ex:person_31,ex:inPossibleIssuersOf
ex:issuer_131,ex:person_42,ex:inPossibleIssuersOf
ex:coin_31299,ex:issuer_131,nmo:hasIssuer
ex:coin_31299,ex:issuer_154,nmo:hasIssuer
ex:coin_31299,ex:person_41,nmo:hasPortrait
ex:person_41,ex:issuer_151,ex:hasPossibleIssuers
ex:person_41,ex:issuer_152,ex:hasPossibleIssuers
ex:issuer_131,ex:person_31,ex:inPossibleIssuersOf
ex:issuer_131,ex:person_42,ex:inPossibleIssuersOf
ex:coin_31354,ex:issuer_154,nmo:hasIssuer
ex:coin_31354,ex:issuer_131,nmo:hasIssuer
ex:coin_31354,ex:person_41,nmo:hasPortrait
ex:person_41,ex:issuer_151,ex:hasPossibleIssuers
ex:person_41,ex:issuer_152,ex:hasPossibleIssuers
ex:issuer_131,ex:person_31,ex:inPossibleIssuersOf
ex:issuer_131,ex:person_42,ex:inPossibleIssuersOf
ex:coin_31372,ex:issuer_131,nmo:hasIssuer
ex:coin_31372,ex:issuer_154,nmo:hasIssuer
ex:coin_31372,ex:person_40,nmo:hasPortrait
ex:person_40,ex:issuer_151,ex:hasPossibleIssuers
ex:person_40,ex:issuer_152,ex:hasPossibleIssuers
ex:issuer_131,ex:person_31,ex:inPossibleIssuersOf
ex:issuer_131,ex:person_42,ex:inPossibleIssuersOf
ex:coin_31395,ex:issuer_131,nmo:hasIssuer
ex:coin_31395,ex:issuer_154,nmo:hasIssuer
ex:coin_31395,ex:person_41,nmo:hasPortrait
ex:person_41,ex:issuer_151,ex:hasPossibleIssuers
ex:person_41,ex:issuer_152,ex:hasPossibleIssuers
ex:issuer_131,ex:person_31,ex:inPossibleIssuersOf
ex:issuer_131,ex:person_42,ex:inPossibleIssuersOf
ex:coin_31405,ex:issuer_131,nmo:hasIssuer
ex:coin_31405,ex:issuer_154,nmo:hasIssuer
ex:coin_31405,ex:person_40,nmo:hasPortrait
ex:person_40,ex:issuer_151,ex:hasPossibleIssuers
ex:person_40,ex:issuer_152,ex:hasPossibleIssuers
ex:issuer_131,ex:person_31,ex:inPossibleIssuersOf
ex:issuer_131,ex:person_42,ex:inPossibleIssuersOf
ex:coin_31427,ex:issuer_154,nmo:hasIssuer
ex:coin_31427,ex:issuer_131,nmo:hasIssuer
ex:coin_31427,ex:person_41,nmo:hasPortrait
ex:person_41,ex:issuer_151,ex:hasPossibleIssuers
ex:person_41,ex:issuer_152,ex:hasPossibleIssuers
ex:issuer_131,ex:person_31,ex:inPossibleIssuersOf
ex:issuer_131,ex:person_42,ex:inPossibleIssuersOf
ex:coin_31438,ex:issuer_154,nmo:hasIssuer
ex:coin_31438,ex:issuer_131,nmo:hasIssuer
ex:coin_31438,ex:person_40,nmo:hasPortrait
ex:person_40,ex:issuer_151,ex:hasPossibleIssuers
ex:person_40,ex:issuer_152,ex:hasPossibleIssuers
ex:issuer_131,ex:person_31,ex:inPossibleIssuersOf
ex:issuer_131,ex:person_42,ex:inPossibleIssuersOf
ex:coin_31445,ex:issuer_131,nmo:hasIssuer
ex:coin_31445,ex:issuer_154,nmo:hasIssuer
ex:coin_31445,ex:person_41,nmo:hasPortrait
ex:person_41,ex:issuer_151,ex:hasPossibleIssuers
ex:person_41,ex:issuer_152,ex:hasPossibleIssuers
ex:issuer_131,ex:person_31,ex:inPossibleIssuersOf
ex:issuer_131,ex:person_42,ex:inPossibleIssuersOf
ex:coin_31449,ex:issuer_154,nmo:hasIssuer
ex:coin_31449,ex:issuer_131,nmo:hasIssuer
ex:coin_31449,ex:person_40,nmo:hasPortrait
ex:person_40,ex:issuer_151,ex:hasPossibleIssuers
ex:person_40,ex:issuer_152,ex:hasPossibleIssuers
ex:issuer_131,ex:person_31,ex:inPossibleIssuersOf
ex:issuer_131,ex:person_42,ex:inPossibleIssuersOf
ex:coin_31491,ex:issuer_131,nmo:hasIssuer
ex:coin_31491,ex:issuer_154,nmo:hasIssuer
ex:coin_31491,ex:person_40,nmo:hasPortrait
ex:person_40,ex:issuer_151,ex:hasPossibleIssuers
ex:person_40,ex:issuer_152,ex:hasPossibleIssuers
ex:issuer_131,ex:person_31,ex:inPossibleIssuersOf
ex:issuer_131,ex:person_42,ex:inPossibleIssuersOf
ex:coin_31529,ex:issuer_131,nmo:hasIssuer
ex:coin_31529,ex:issuer_154,nmo:hasIssuer
ex:coin_31529,ex:person_41,nmo:hasPortrait
ex:person_41,ex:issuer_151,ex:hasPossibleIssuers
ex:person_41,ex:issuer_152,ex:hasPossibleIssuers
ex:issuer_131,ex:person_31,ex:inPossibleIssuersOf
ex:issuer_131,ex:person_42,ex:inPossibleIssuersOf
ex:coin_31534,ex:issuer_154,nmo:hasIssuer
ex:coin_31534,ex:issuer_131,nmo:hasIssuer
ex:coin_31534,ex:person_40,nmo:hasPortrait
ex:person_40,ex:issuer_151,ex:hasPossibleIssuers
ex:person_40,ex:issuer_152,ex:hasPossibleIssuers
ex:issuer_131,ex:person_31,ex:inPossibleIssuersOf
ex:issuer_131,ex:person_42,ex:inPossibleIssuersOf
ex:coin_31536,ex:issuer_131,nmo:hasIssuer
ex:coin_31536,ex:issuer_154,nmo:hasIssuer
ex:coin_31536,ex:person_40,nmo:hasPortrait
ex:person_40,ex:issuer_151,ex:hasPossibleIssuers
ex:person_40,ex:issuer_152,ex:hasPossibleIssuers
ex:issuer_131,ex:person_31,ex:inPossibleIssuersOf
ex:issuer_131,ex:person_42,ex:inPossibleIssuersOf
ex:coin_31579,ex:issuer_154,nmo:hasIssuer
ex:coin_31579,ex:issuer_131,nmo:hasIssuer
ex:coin_31579,ex:person_40,nmo:hasPortrait
ex:person_40,ex:issuer_151,ex:hasPossibleIssuers
ex:person_40,ex:issuer_152,ex:hasPossibleIssuers
ex:issuer_131,ex:person_31,ex:inPossibleIssuersOf
ex:issuer_131,ex:person_42,ex:inPossibleIssuersOf
ex:coin_31596,ex:issuer_154,nmo:hasIssuer
ex:coin_31596,ex:issuer_131,nmo:hasIssuer
ex:coin_31596,ex:person_41,nmo:hasPortrait
ex:person_41,ex:issuer_151,ex:hasPossibleIssuers
ex:person_41,ex:issuer_152,ex:hasPossibleIssuers
ex:issuer_131,ex:person_31,ex:inPossibleIssuersOf
ex:issuer_131,ex:person_42,ex:inPossibleIssuersOf
ex:coin_31609,ex:issuer_131,nmo:hasIssuer
ex:coin_31609,ex:issuer_154,nmo:hasIssuer
ex:coin_31609,ex:person_40,nmo:hasPortrait
ex:person_40,ex:issuer_151,ex:hasPossibleIssuers
ex:person_40,ex:issuer_152,ex:hasPossibleIssuers
ex:issuer_131,ex:person_31,ex:inPossibleIssuersOf
ex:issuer_131,ex:person_42,ex:inPossibleIssuersOf
ex:coin_31612,ex:issuer_154,nmo:hasIssuer
ex:coin_31612,ex:issuer_131,nmo:hasIssuer
ex:coin_31612,ex:person_40,nmo:hasPortrait
ex:person_40,ex:issuer_151,ex:hasPossibleIssuers
ex:person_40,ex:issuer_152,ex:hasPossibleIssuers
ex:issuer_131,ex:person_31,ex:inPossibleIssuersOf
ex:issuer_131,ex:person_42,ex:inPossibleIssuersOf
ex:coin_31655,ex:issuer_131,nmo:hasIssuer
ex:coin_31655,ex:issuer_154,nmo:hasIssuer
ex:coin_31655,ex:person_41,nmo:hasPortrait
ex:person_41,ex:issuer_151,ex:hasPossibleIssuers
ex:person_41,ex:issuer_152,ex:hasPossibleIssuers
ex:issuer_131,ex:person_31,ex:inPossibleIssuersOf
ex:issuer_131,ex:person_42,ex:inPossibleIssuersOf
ex:coin_31673,ex:issuer_154,nmo:hasIssuer
ex:coin_31673,ex:issuer_131,nmo:hasIssuer
ex:coin_31673,ex:person_40,nmo:hasPortrait
ex:person_40,ex:issuer_151,ex:hasPossibleIssuers
ex:person_40,ex:issuer_152,ex:hasPossibleIssuers
ex:issuer_131,ex:person_31,ex:inPossibleIssuersOf
ex:issuer_131,ex:person_42,ex:inPossibleIssuersOf
ex:coin_31743,ex:issuer_131,nmo:hasIssuer
ex:coin_31743,ex:issuer_152,nmo:hasIssuer
ex:coin_31743,ex:person_36,nmo:hasPortrait
ex:person_36,ex:issuer_152,ex:hasPossibleIssuers
ex:issuer_131,ex:person_31,ex:inPossibleIssuersOf
ex:issuer_131,ex:person_42,ex:inPossibleIssuersOf
ex:issuer_152,ex:person_36,ex:inPossibleIssuersOf
ex:issuer_152,ex:person_39,ex:inPossibleIssuersOf
ex:issuer_152,ex:person_40,ex:inPossibleIssuersOf
ex:issuer_152,ex:person_41,ex:inPossibleIssuersOf
ex:issuer_152,ex:person_43,ex:inPossibleIssuersOf
ex:coin_31815,ex:issuer_131,nmo:hasIssuer
ex:coin_31815,ex:issuer_154,nmo:hasIssuer
ex:coin_31815,ex:person_41,nmo:hasPortrait
ex:person_41,ex:issuer_151,ex:hasPossibleIssuers
ex:person_41,ex:issuer_152,ex:hasPossibleIssuers
ex:issuer_131,ex:person_31,ex:inPossibleIssuersOf
ex:issuer_131,ex:person_42,ex:inPossibleIssuersOf
ex:coin_31830,ex:issuer_131,nmo:hasIssuer
ex:coin_31830,ex:issuer_154,nmo:hasIssuer
ex:coin_31830,ex:person_40,nmo:hasPortrait
ex:person_40,ex:issuer_151,ex:hasPossibleIssuers
ex:person_40,ex:issuer_152,ex:hasPossibleIssuers
ex:issuer_131,ex:person_31,ex:inPossibleIssuersOf
ex:issuer_131,ex:person_42,ex:inPossibleIssuersOf
ex:coin_31867,ex:issuer_131,nmo:hasIssuer
ex:coin_31867,ex:issuer_154,nmo:hasIssuer
ex:coin_31867,ex:person_41,nmo:hasPortrait
ex:person_41,ex:issuer_151,ex:hasPossibleIssuers
ex:person_41,ex:issuer_152,ex:hasPossibleIssuers
ex:issuer_131,ex:person_31,ex:inPossibleIssuersOf
ex:issuer_131,ex:person_42,ex:inPossibleIssuersOf
ex:coin_31872,ex:issuer_154,nmo:hasIssuer
ex:coin_31872,ex:issuer_131,nmo:hasIssuer
ex:coin_31872,ex:person_40,nmo:hasPortrait
ex:person_40,ex:issuer_151,ex:hasPossibleIssuers
ex:person_40,ex:issuer_152,ex:hasPossibleIssuers
ex:issuer_131,ex:person_31,ex:inPossibleIssuersOf
ex:issuer_131,ex:person_42,ex:inPossibleIssuersOf
ex:coin_31884,ex:issuer_131,nmo:hasIssuer
ex:coin_31884,ex:issuer_154,nmo:hasIssuer
ex:coin_31884,ex:person_41,nmo:hasPortrait
ex:person_41,ex:issuer_151,ex:hasPossibleIssuers
ex:person_41,ex:issuer_152,ex:hasPossibleIssuers
ex:issuer_131,ex:person_31,ex:inPossibleIssuersOf
ex:issuer_131,ex:person_42,ex:inPossibleIssuersOf
ex:coin_31941,ex:issuer_154,nmo:hasIssuer
ex:coin_31941,ex:issuer_131,nmo:hasIssuer
ex:coin_31941,ex:person_40,nmo:hasPortrait
ex:person_40,ex:issuer_151,ex:hasPossibleIssuers
ex:person_40,ex:issuer_152,ex:hasPossibleIssuers
ex:issuer_131,ex:person_31,ex:inPossibleIssuersOf
ex:issuer_131,ex:person_42,ex:inPossibleIssuersOf
ex:coin_31979,ex:issuer_131,nmo:hasIssuer
ex:coin_31979,ex:issuer_154,nmo:hasIssuer
ex:coin_31979,ex:person_41,nmo:hasPortrait
ex:person_41,ex:issuer_151,ex:hasPossibleIssuers
ex:person_41,ex:issuer_152,ex:hasPossibleIssuers
ex:issuer_131,ex:person_31,ex:inPossibleIssuersOf
ex:issuer_131,ex:person_42,ex:inPossibleIssuersOf
ex:coin_31984,ex:issuer_131,nmo:hasIssuer
ex:coin_31984,ex:issuer_154,nmo:hasIssuer
ex:coin_31984,ex:person_40,nmo:hasPortrait
ex:person_40,ex:issuer_151,ex:hasPossibleIssuers
ex:person_40,ex:issuer_152,ex:hasPossibleIssuers
ex:issuer_131,ex:person_31,ex:inPossibleIssuersOf
ex:issuer_131,ex:person_42,ex:inPossibleIssuersOf
ex:coin_31985,ex:issuer_154,nmo:hasIssuer
ex:coin_31985,ex:issuer_131,nmo:hasIssuer
ex:coin_31985,ex:person_41,nmo:hasPortrait
ex:person_41,ex:issuer_151,ex:hasPossibleIssuers
ex:person_41,ex:issuer_152,ex:hasPossibleIssuers
ex:issuer_131,ex:person_31,ex:inPossibleIssuersOf
ex:issuer_131,ex:person_42,ex:inPossibleIssuersOf
ex:coin_32014,ex:issuer_154,nmo:hasIssuer
ex:coin_32014,ex:issuer_131,nmo:hasIssuer
ex:coin_32014,ex:person_40,nmo:hasPortrait
ex:person_40,ex:issuer_151,ex:hasPossibleIssuers
ex:person_40,ex:issuer_152,ex:hasPossibleIssuers
ex:issuer_131,ex:person_31,ex:inPossibleIssuersOf
ex:issuer_131,ex:person_42,ex:inPossibleIssuersOf
ex:coin_32073,ex:issuer_131,nmo:hasIssuer
ex:coin_32073,ex:issuer_154,nmo:hasIssuer
ex:coin_32073,ex:person_41,nmo:hasPortrait
ex:person_41,ex:issuer_151,ex:hasPossibleIssuers
ex:person_41,ex:issuer_152,ex:hasPossibleIssuers
ex:issuer_131,ex:person_31,ex:inPossibleIssuersOf
ex:issuer_131,ex:person_42,ex:inPossibleIssuersOf
ex:coin_32217,ex:issuer_131,nmo:hasIssuer
ex:coin_32217,ex:issuer_154,nmo:hasIssuer
ex:coin_32217,ex:person_40,nmo:hasPortrait
ex:person_40,ex:issuer_151,ex:hasPossibleIssuers
ex:person_40,ex:issuer_152,ex:hasPossibleIssuers
ex:issuer_131,ex:person_31,ex:inPossibleIssuersOf
ex:issuer_131,ex:person_42,ex:inPossibleIssuersOf
ex:coin_32344,ex:issuer_131,nmo:hasIssuer
ex:coin_32344,ex:issuer_154,nmo:hasIssuer
ex:coin_32344,ex:person_41,nmo:hasPortrait
ex:person_41,ex:issuer_151,ex:hasPossibleIssuers
ex:person_41,ex:issuer_152,ex:hasPossibleIssuers
ex:issuer_131,ex:person_31,ex:inPossibleIssuersOf
ex:issuer_131,ex:person_42,ex:inPossibleIssuersOf
ex:coin_32376,ex:issuer_131,nmo:hasIssuer
ex:coin_32376,ex:issuer_154,nmo:hasIssuer
ex:coin_32376,ex:person_40,nmo:hasPortrait
ex:person_40,ex:issuer_151,ex:hasPossibleIssuers
ex:person_40,ex:issuer_152,ex:hasPossibleIssuers
ex:issuer_131,ex:person_31,ex:inPossibleIssuersOf
ex:issuer_131,ex:person_42,ex:inPossibleIssuersOf
ex:coin_32402,ex:issuer_154,nmo:hasIssuer
ex:coin_32402,ex:issuer_131,nmo:hasIssuer
ex:coin_32402,ex:person_41,nmo:hasPortrait
ex:person_41,ex:issuer_151,ex:hasPossibleIssuers
ex:person_41,ex:issuer_152,ex:hasPossibleIssuers
ex:issuer_131,ex:person_31,ex:inPossibleIssuersOf
ex:issuer_131,ex:person_42,ex:inPossibleIssuersOf
ex:coin_32410,ex:issuer_131,nmo:hasIssuer
ex:coin_32410,ex:issuer_154,nmo:hasIssuer
ex:coin_32410,ex:person_40,nmo:hasPortrait
ex:person_40,ex:issuer_151,ex:hasPossibleIssuers
ex:person_40,ex:issuer_152,ex:hasPossibleIssuers
ex:issuer_131,ex:person_31,ex:inPossibleIssuersOf
ex:issuer_131,ex:person_42,ex:inPossibleIssuersOf
ex:coin_32445,ex:issuer_131,nmo:hasIssuer
ex:coin_32445,ex:issuer_154,nmo:hasIssuer
ex:coin_32445,ex:person_40,nmo:hasPortrait
ex:person_40,ex:issuer_151,ex:hasPossibleIssuers
ex:person_40,ex:issuer_152,ex:hasPossibleIssuers
ex:issuer_131,ex:person_31,ex:inPossibleIssuersOf
ex:issuer_131,ex:person_42,ex:inPossibleIssuersOf
ex:coin_32505,ex:issuer_131,nmo:hasIssuer
ex:coin_32505,ex:issuer_154,nmo:hasIssuer
ex:coin_32505,ex:person_41,nmo:hasPortrait
ex:person_41,ex:issuer_151,ex:hasPossibleIssuers
ex:person_41,ex:issuer_152,ex:hasPossibleIssuers
ex:issuer_131,ex:person_31,ex:inPossibleIssuersOf
ex:issuer_131,ex:person_42,ex:inPossibleIssuersOf
ex:coin_32553,ex:issuer_154,nmo:hasIssuer
ex:coin_32553,ex:issuer_131,nmo:hasIssuer
ex:coin_32553,ex:person_41,nmo:hasPortrait
ex:person_41,ex:issuer_151,ex:hasPossibleIssuers
ex:person_41,ex:issuer_152,ex:hasPossibleIssuers
ex:issuer_131,ex:person_31,ex:inPossibleIssuersOf
ex:issuer_131,ex:person_42,ex:inPossibleIssuersOf
ex:coin_32580,ex:issuer_154,nmo:hasIssuer
ex:coin_32580,ex:issuer_131,nmo:hasIssuer
ex:coin_32580,ex:person_40,nmo:hasPortrait
ex:person_40,ex:issuer_151,ex:hasPossibleIssuers
ex:person_40,ex:issuer_152,ex:hasPossibleIssuers
ex:issuer_131,ex:person_31,ex:inPossibleIssuersOf
ex:issuer_131,ex:person_42,ex:inPossibleIssuersOf
ex:coin_32655,ex:issuer_154,nmo:hasIssuer
ex:coin_32655,ex:issuer_131,nmo:hasIssuer
ex:coin_32655,ex:person_40,nmo:hasPortrait
ex:person_40,ex:issuer_151,ex:hasPossibleIssuers
ex:person_40,ex:issuer_152,ex:hasPossibleIssuers
ex:issuer_131,ex:person_31,ex:inPossibleIssuersOf
ex:issuer_131,ex:person_42,ex:inPossibleIssuersOf
ex:coin_32688,ex:issuer_131,nmo:hasIssuer
ex:coin_32688,ex:issuer_154,nmo:hasIssuer
ex:coin_32688,ex:person_40,nmo:hasPortrait
ex:person_40,ex:issuer_151,ex:hasPossibleIssuers
ex:person_40,ex:issuer_152,ex:hasPossibleIssuers
ex:issuer_131,ex:person_31,ex:inPossibleIssuersOf
ex:issuer_131,ex:person_42,ex:inPossibleIssuersOf
ex:coin_32743,ex:issuer_154,nmo:hasIssuer
ex:coin_32743,ex:issuer_131,nmo:hasIssuer
ex:coin_32743,ex:person_40,nmo:hasPortrait
ex:person_40,ex:issuer_151,ex:hasPossibleIssuers
ex:person_40,ex:issuer_152,ex:hasPossibleIssuers
ex:issuer_131,ex:person_31,ex:inPossibleIssuersOf
ex:issuer_131,ex:person_42,ex:inPossibleIssuersOf
ex:coin_32748,ex:issuer_131,nmo:hasIssuer
ex:coin_32748,ex:issuer_154,nmo:hasIssuer
ex:coin_32748,ex:person_41,nmo:hasPortrait
ex:person_41,ex:issuer_151,ex:hasPossibleIssuers
ex:person_41,ex:issuer_152,ex:hasPossibleIssuers
ex:issuer_131,ex:person_31,ex:inPossibleIssuersOf
ex:issuer_131,ex:person_42,ex:inPossibleIssuersOf
ex:coin_32753,ex:issuer_154,nmo:hasIssuer
ex:coin_32753,ex:issuer_131,nmo:hasIssuer
ex:coin_32753,ex:person_41,nmo:hasPortrait
ex:person_41,ex:issuer_151,ex:hasPossibleIssuers
ex:person_41,ex:issuer_152,ex:hasPossibleIssuers
ex:issuer_131,ex:person_31,ex:inPossibleIssuersOf
ex:issuer_131,ex:person_42,ex:inPossibleIssuersOf
ex:coin_32788,ex:issuer_131,nmo:hasIssuer
ex:coin_32788,ex:issuer_154,nmo:hasIssuer
ex:coin_32788,ex:person_41,nmo:hasPortrait
ex:person_41,ex:issuer_151,ex:hasPossibleIssuers
ex:person_41,ex:issuer_152,ex:hasPossibleIssuers
ex:issuer_131,ex:person_31,ex:inPossibleIssuersOf
ex:issuer_131,ex:person_42,ex:inPossibleIssuersOf
ex:coin_32799,ex:issuer_131,nmo:hasIssuer
ex:coin_32799,ex:issuer_154,nmo:hasIssuer
ex:coin_32799,ex:person_41,nmo:hasPortrait
ex:person_41,ex:issuer_151,ex:hasPossibleIssuers
ex:person_41,ex:issuer_152,ex:hasPossibleIssuers
ex:issuer_131,ex:person_31,ex:inPossibleIssuersOf
ex:issuer_131,ex:person_42,ex:inPossibleIssuersOf
ex:coin_32875,ex:issuer_154,nmo:hasIssuer
ex:coin_32875,ex:issuer_131,nmo:hasIssuer
ex:coin_32875,ex:person_41,nmo:hasPortrait
ex:person_41,ex:issuer_151,ex:hasPossibleIssuers
ex:person_41,ex:issuer_152,ex:hasPossibleIssuers
ex:issuer_131,ex:person_31,ex:inPossibleIssuersOf
ex:issuer_131,ex:person_42,ex:inPossibleIssuersOf
ex:coin_32886,ex:issuer_131,nmo:hasIssuer
ex:coin_32886,ex:issuer_154,nmo:hasIssuer
ex:coin_32886,ex:person_40,nmo:hasPortrait
ex:person_40,ex:issuer_151,ex:hasPossibleIssuers
ex:person_40,ex:issuer_152,ex:hasPossibleIssuers
ex:issuer_131,ex:person_31,ex:inPossibleIssuersOf
ex:issuer_131,ex:person_42,ex:inPossibleIssuersOf
ex:coin_32950,ex:issuer_131,nmo:hasIssuer
ex:coin_32950,ex:issuer_154,nmo:hasIssuer
ex:coin_32950,ex:person_41,nmo:hasPortrait
ex:person_41,ex:issuer_151,ex:hasPossibleIssuers
ex:person_41,ex:issuer_152,ex:hasPossibleIssuers
ex:issuer_131,ex:person_31,ex:inPossibleIssuersOf
ex:issuer_131,ex:person_42,ex:inPossibleIssuersOf
ex:coin_32951,ex:issuer_154,nmo:hasIssuer
ex:coin_32951,ex:issuer_131,nmo:hasIssuer
ex:coin_32951,ex:person_40,nmo:hasPortrait
ex:person_40,ex:issuer_151,ex:hasPossibleIssuers
ex:person_40,ex:issuer_152,ex:hasPossibleIssuers
ex:issuer_131,ex:person_31,ex:inPossibleIssuersOf
ex:issuer_131,ex:person_42,ex:inPossibleIssuersOf
ex:coin_33005,ex:issuer_131,nmo:hasIssuer
ex:coin_33005,ex:issuer_154,nmo:hasIssuer
ex:coin_33005,ex:person_41,nmo:hasPortrait
ex:person_41,ex:issuer_151,ex:hasPossibleIssuers
ex:person_41,ex:issuer_152,ex:hasPossibleIssuers
ex:issuer_131,ex:person_31,ex:inPossibleIssuersOf
ex:issuer_131,ex:person_42,ex:inPossibleIssuersOf
ex:coin_33015,ex:issuer_154,nmo:hasIssuer
ex:coin_33015,ex:issuer_131,nmo:hasIssuer
ex:coin_33015,ex:person_40,nmo:hasPortrait
ex:person_40,ex:issuer_151,ex:hasPossibleIssuers
ex:person_40,ex:issuer_152,ex:hasPossibleIssuers
ex:issuer_131,ex:person_31,ex:inPossibleIssuersOf
ex:issuer_131,ex:person_42,ex:inPossibleIssuersOf
ex:coin_33042,ex:issuer_131,nmo:hasIssuer
ex:coin_33042,ex:issuer_154,nmo:hasIssuer
ex:coin_33042,ex:person_40,nmo:hasPortrait
ex:person_40,ex:issuer_151,ex:hasPossibleIssuers
ex:person_40,ex:issuer_152,ex:hasPossibleIssuers
ex:issuer_131,ex:person_31,ex:inPossibleIssuersOf
ex:issuer_131,ex:person_42,ex:inPossibleIssuersOf
ex:coin_33076,ex:issuer_154,nmo:hasIssuer
ex:coin_33076,ex:issuer_131,nmo:hasIssuer
ex:coin_33076,ex:person_40,nmo:hasPortrait
ex:person_40,ex:issuer_151,ex:hasPossibleIssuers
ex:person_40,ex:issuer_152,ex:hasPossibleIssuers
ex:issuer_131,ex:person_31,ex:inPossibleIssuersOf
ex:issuer_131,ex:person_42,ex:inPossibleIssuersOf
ex:coin_33119,ex:issuer_154,nmo:hasIssuer
ex:coin_33119,ex:issuer_131,nmo:hasIssuer
ex:coin_33119,ex:person_40,nmo:hasPortrait
ex:person_40,ex:issuer_151,ex:hasPossibleIssuers
ex:person_40,ex:issuer_152,ex:hasPossibleIssuers
ex:issuer_131,ex:person_31,ex:inPossibleIssuersOf
ex:issuer_131,ex:person_42,ex:inPossibleIssuersOf
ex:coin_33157,ex:issuer_154,nmo:hasIssuer
ex:coin_33157,ex:issuer_131,nmo:hasIssuer
ex:coin_33157,ex:person_40,nmo:hasPortrait
ex:person_40,ex:issuer_151,ex:hasPossibleIssuers
ex:person_40,ex:issuer_152,ex:hasPossibleIssuers
ex:issuer_131,ex:person_31,ex:inPossibleIssuersOf
ex:issuer_131,ex:person_42,ex:inPossibleIssuersOf
ex:coin_33231,ex:issuer_131,nmo:hasIssuer
ex:coin_33231,ex:issuer_154,nmo:hasIssuer
ex:coin_33231,ex:person_41,nmo:hasPortrait
ex:person_41,ex:issuer_151,ex:hasPossibleIssuers
ex:person_41,ex:issuer_152,ex:hasPossibleIssuers
ex:issuer_131,ex:person_31,ex:inPossibleIssuersOf
ex:issuer_131,ex:person_42,ex:inPossibleIssuersOf
ex:coin_33252,ex:issuer_154,nmo:hasIssuer
ex:coin_33252,ex:issuer_131,nmo:hasIssuer
ex:coin_33252,ex:person_41,nmo:hasPortrait
ex:person_41,ex:issuer_151,ex:hasPossibleIssuers
ex:person_41,ex:issuer_152,ex:hasPossibleIssuers
ex:issuer_131,ex:person_31,ex:inPossibleIssuersOf
ex:issuer_131,ex:person_42,ex:inPossibleIssuersOf
ex:coin_33259,ex:issuer_131,nmo:hasIssuer
ex:coin_33259,ex:issuer_154,nmo:hasIssuer
ex:coin_33259,ex:person_41,nmo:hasPortrait
ex:person_41,ex:issuer_151,ex:hasPossibleIssuers
ex:person_41,ex:issuer_152,ex:hasPossibleIssuers
ex:issuer_131,ex:person_31,ex:inPossibleIssuersOf
ex:issuer_131,ex:person_42,ex:inPossibleIssuersOf
ex:coin_33386,ex:issuer_131,nmo:hasIssuer
ex:coin_33386,ex:issuer_154,nmo:hasIssuer
ex:coin_33386,ex:person_41,nmo:hasPortrait
ex:person_41,ex:issuer_151,ex:hasPossibleIssuers
ex:person_41,ex:issuer_152,ex:hasPossibleIssuers
ex:issuer_131,ex:person_31,ex:inPossibleIssuersOf
ex:issuer_131,ex:person_42,ex:inPossibleIssuersOf
ex:coin_33438,ex:issuer_154,nmo:hasIssuer
ex:coin_33438,ex:issuer_131,nmo:hasIssuer
ex:coin_33438,ex:person_40,nmo:hasPortrait
ex:person_40,ex:issuer_151,ex:hasPossibleIssuers
ex:person_40,ex:issuer_152,ex:hasPossibleIssuers
ex:issuer_131,ex:person_31,ex:inPossibleIssuersOf
ex:issuer_131,ex:person_42,ex:inPossibleIssuersOf
ex:coin_33456,ex:issuer_154,nmo:hasIssuer
ex:coin_33456,ex:issuer_131,nmo:hasIssuer
ex:coin_33456,ex:person_41,nmo:hasPortrait
ex:person_41,ex:issuer_151,ex:hasPossibleIssuers
ex:person_41,ex:issuer_152,ex:hasPossibleIssuers
ex:issuer_131,ex:person_31,ex:inPossibleIssuersOf
ex:issuer_131,ex:person_42,ex:inPossibleIssuersOf
ex:coin_33460,ex:issuer_131,nmo:hasIssuer
ex:coin_33460,ex:issuer_154,nmo:hasIssuer
ex:coin_33460,ex:person_41,nmo:hasPortrait
ex:person_41,ex:issuer_151,ex:hasPossibleIssuers
ex:person_41,ex:issuer_152,ex:hasPossibleIssuers
ex:issuer_131,ex:person_31,ex:inPossibleIssuersOf
ex:issuer_131,ex:person_42,ex:inPossibleIssuersOf
ex:coin_33517,ex:issuer_154,nmo:hasIssuer
ex:coin_33517,ex:issuer_131,nmo:hasIssuer
ex:coin_33517,ex:person_40,nmo:hasPortrait
ex:person_40,ex:issuer_151,ex:hasPossibleIssuers
ex:person_40,ex:issuer_152,ex:hasPossibleIssuers
ex:issuer_131,ex:person_31,ex:inPossibleIssuersOf
ex:issuer_131,ex:person_42,ex:inPossibleIssuersOf
ex:coin_33875,ex:issuer_154,nmo:hasIssuer
ex:coin_33875,ex:issuer_131,nmo:hasIssuer
ex:coin_33875,ex:person_40,nmo:hasPortrait
ex:person_40,ex:issuer_151,ex:hasPossibleIssuers
ex:person_40,ex:issuer_152,ex:hasPossibleIssuers
ex:issuer_131,ex:person_31,ex:inPossibleIssuersOf
ex:issuer_131,ex:person_42,ex:inPossibleIssuersOf
ex:coin_34385,ex:issuer_154,nmo:hasIssuer
ex:coin_34385,ex:issuer_131,nmo:hasIssuer
ex:coin_34385,ex:person_40,nmo:hasPortrait
ex:person_40,ex:issuer_151,ex:hasPossibleIssuers
ex:person_40,ex:issuer_152,ex:hasPossibleIssuers
ex:issuer_131,ex:person_31,ex:inPossibleIssuersOf
ex:issuer_131,ex:person_42,ex:inPossibleIssuersOf
ex:coin_34387,ex:issuer_154,nmo:hasIssuer
ex:coin_34387,ex:issuer_131,nmo:hasIssuer
ex:coin_34387,ex:person_40,nmo:hasPortrait
ex:person_40,ex:issuer_151,ex:hasPossibleIssuers
ex:person_40,ex:issuer_152,ex:hasPossibleIssuers
ex:issuer_131,ex:person_31,ex:inPossibleIssuersOf
ex:issuer_131,ex:person_42,ex:inPossibleIssuersOf
ex:coin_34388,ex:issuer_131,nmo:hasIssuer
ex:coin_34388,ex:issuer_154,nmo:hasIssuer
ex:coin_34388,ex:person_41,nmo:hasPortrait
ex:person_41,ex:issuer_151,ex:hasPossibleIssuers
ex:person_41,ex:issuer_152,ex:hasPossibleIssuers
ex:issuer_131,ex:person_31,ex:inPossibleIssuersOf
ex:issuer_131,ex:person_42,ex:inPossibleIssuersOf
ex:coin_34390,ex:issuer_154,nmo:hasIssuer
ex:coin_34390,ex:issuer_131,nmo:hasIssuer
ex:coin_34390,ex:person_41,nmo:hasPortrait
ex:person_41,ex:issuer_151,ex:hasPossibleIssuers
ex:person_41,ex:issuer_152,ex:hasPossibleIssuers
ex:issuer_131,ex:person_31,ex:inPossibleIssuersOf
ex:issuer_131,ex:person_42,ex:inPossibleIssuersOf
ex:coin_34391,ex:issuer_131,nmo:hasIssuer
ex:coin_34391,ex:issuer_154,nmo:hasIssuer
ex:coin_34391,ex:person_41,nmo:hasPortrait
ex:person_41,ex:issuer_151,ex:hasPossibleIssuers
ex:person_41,ex:issuer_152,ex:hasPossibleIssuers
ex:issuer_131,ex:person_31,ex:inPossibleIssuersOf
ex:issuer_131,ex:person_42,ex:inPossibleIssuersOf
ex:coin_34392,ex:issuer_154,nmo:hasIssuer
ex:coin_34392,ex:issuer_131,nmo:hasIssuer
ex:coin_34392,ex:person_41,nmo:hasPortrait
ex:person_41,ex:issuer_151,ex:hasPossibleIssuers
ex:person_41,ex:issuer_152,ex:hasPossibleIssuers
ex:issuer_131,ex:person_31,ex:inPossibleIssuersOf
ex:issuer_131,ex:person_42,ex:inPossibleIssuersOf
ex:coin_34393,ex:issuer_131,nmo:hasIssuer
ex:coin_34393,ex:issuer_154,nmo:hasIssuer
ex:coin_34393,ex:person_41,nmo:hasPortrait
ex:person_41,ex:issuer_151,ex:hasPossibleIssuers
ex:person_41,ex:issuer_152,ex:hasPossibleIssuers
ex:issuer_131,ex:person_31,ex:inPossibleIssuersOf
ex:issuer_131,ex:person_42,ex:inPossibleIssuersOf
ex:coin_34395,ex:issuer_131,nmo:hasIssuer
ex:coin_34395,ex:issuer_154,nmo:hasIssuer
ex:coin_34395,ex:person_41,nmo:hasPortrait
ex:person_41,ex:issuer_151,ex:hasPossibleIssuers
ex:person_41,ex:issuer_152,ex:hasPossibleIssuers
ex:issuer_131,ex:person_31,ex:inPossibleIssuersOf
ex:issuer_131,ex:person_42,ex:inPossibleIssuersOf
ex:coin_34412,ex:issuer_154,nmo:hasIssuer
ex:coin_34412,ex:issuer_131,nmo:hasIssuer
ex:coin_34412,ex:person_40,nmo:hasPortrait
ex:person_40,ex:issuer_151,ex:hasPossibleIssuers
ex:person_40,ex:issuer_152,ex:hasPossibleIssuers
ex:issuer_131,ex:person_31,ex:inPossibleIssuersOf
ex:issuer_131,ex:person_42,ex:inPossibleIssuersOf
ex:coin_34437,ex:issuer_131,nmo:hasIssuer
ex:coin_34437,ex:issuer_154,nmo:hasIssuer
ex:coin_34437,ex:person_40,nmo:hasPortrait
ex:person_40,ex:issuer_151,ex:hasPossibleIssuers
ex:person_40,ex:issuer_152,ex:hasPossibleIssuers
ex:issuer_131,ex:person_31,ex:inPossibleIssuersOf
ex:issuer_131,ex:person_42,ex:inPossibleIssuersOf
ex:coin_34696,ex:issuer_154,nmo:hasIssuer
ex:coin_34696,ex:issuer_131,nmo:hasIssuer
ex:coin_34696,ex:person_41,nmo:hasPortrait
ex:person_41,ex:issuer_151,ex:hasPossibleIssuers
ex:person_41,ex:issuer_152,ex:hasPossibleIssuers
ex:issuer_131,ex:person_31,ex:inPossibleIssuersOf
ex:issuer_131,ex:person_42,ex:inPossibleIssuersOf
ex:coin_34732,ex:issuer_154,nmo:hasIssuer
ex:coin_34732,ex:issuer_131,nmo:hasIssuer
ex:coin_34732,ex:person_40,nmo:hasPortrait
ex:person_40,ex:issuer_151,ex:hasPossibleIssuers
ex:person_40,ex:issuer_152,ex:hasPossibleIssuers
ex:issuer_131,ex:person_31,ex:inPossibleIssuersOf
ex:issuer_131,ex:person_42,ex:inPossibleIssuersOf
ex:coin_34733,ex:issuer_131,nmo:hasIssuer
ex:coin_34733,ex:issuer_154,nmo:hasIssuer
ex:coin_34733,ex:person_41,nmo:hasPortrait
ex:person_41,ex:issuer_151,ex:hasPossibleIssuers
ex:person_41,ex:issuer_152,ex:hasPossibleIssuers
ex:issuer_131,ex:person_31,ex:inPossibleIssuersOf
ex:issuer_131,ex:person_42,ex:inPossibleIssuersOf
ex:coin_34795,ex:issuer_131,nmo:hasIssuer
ex:coin_34795,ex:issuer_154,nmo:hasIssuer
ex:coin_34795,ex:person_40,nmo:hasPortrait
ex:person_40,ex:issuer_151,ex:hasPossibleIssuers
ex:person_40,ex:issuer_152,ex:hasPossibleIssuers
ex:issuer_131,ex:person_31,ex:inPossibleIssuersOf
ex:issuer_131,ex:person_42,ex:inPossibleIssuersOf
ex:coin_34850,ex:issuer_131,nmo:hasIssuer
ex:coin_34850,ex:issuer_154,nmo:hasIssuer
ex:coin_34850,ex:person_40,nmo:hasPortrait
ex:person_40,ex:issuer_151,ex:hasPossibleIssuers
ex:person_40,ex:issuer_152,ex:hasPossibleIssuers
ex:issuer_131,ex:person_31,ex:inPossibleIssuersOf
ex:issuer_131,ex:person_42,ex:inPossibleIssuersOf
ex:coin_34860,ex:issuer_154,nmo:hasIssuer
ex:coin_34860,ex:issuer_131,nmo:hasIssuer
ex:coin_34860,ex:person_40,nmo:hasPortrait
ex:person_40,ex:issuer_151,ex:hasPossibleIssuers
ex:person_40,ex:issuer_152,ex:hasPossibleIssuers
ex:issuer_131,ex:person_31,ex:inPossibleIssuersOf
ex:issuer_131,ex:person_42,ex:inPossibleIssuersOf
ex:coin_34862,ex:issuer_154,nmo:hasIssuer
ex:coin_34862,ex:issuer_131,nmo:hasIssuer
ex:coin_34862,ex:person_41,nmo:hasPortrait
ex:person_41,ex:issuer_151,ex:hasPossibleIssuers
ex:person_41,ex:issuer_152,ex:hasPossibleIssuers
ex:issuer_131,ex:person_31,ex:inPossibleIssuersOf
ex:issuer_131,ex:person_42,ex:inPossibleIssuersOf
ex:coin_34889,ex:issuer_131,nmo:hasIssuer
ex:coin_34889,ex:issuer_154,nmo:hasIssuer
ex:coin_34889,ex:person_41,nmo:hasPortrait
ex:person_41,ex:issuer_151,ex:hasPossibleIssuers
ex:person_41,ex:issuer_152,ex:hasPossibleIssuers
ex:issuer_131,ex:person_31,ex:inPossibleIssuersOf
ex:issuer_131,ex:person_42,ex:inPossibleIssuersOf
ex:coin_34907,ex:issuer_154,nmo:hasIssuer
ex:coin_34907,ex:issuer_131,nmo:hasIssuer
ex:coin_34907,ex:person_41,nmo:hasPortrait
ex:person_41,ex:issuer_151,ex:hasPossibleIssuers
ex:person_41,ex:issuer_152,ex:hasPossibleIssuers
ex:issuer_131,ex:person_31,ex:inPossibleIssuersOf
ex:issuer_131,ex:person_42,ex:inPossibleIssuersOf
ex:coin_34914,ex:issuer_131,nmo:hasIssuer
ex:coin_34914,ex:issuer_154,nmo:hasIssuer
ex:coin_34914,ex:person_41,nmo:hasPortrait
ex:person_41,ex:issuer_151,ex:hasPossibleIssuers
ex:person_41,ex:issuer_152,ex:hasPossibleIssuers
ex:issuer_131,ex:person_31,ex:inPossibleIssuersOf
ex:issuer_131,ex:person_42,ex:inPossibleIssuersOf
ex:coin_34920,ex:issuer_131,nmo:hasIssuer
ex:coin_34920,ex:issuer_154,nmo:hasIssuer
ex:coin_34920,ex:person_41,nmo:hasPortrait
ex:person_41,ex:issuer_151,ex:hasPossibleIssuers
ex:person_41,ex:issuer_152,ex:hasPossibleIssuers
ex:issuer_131,ex:person_31,ex:inPossibleIssuersOf
ex:issuer_131,ex:person_42,ex:inPossibleIssuersOf
ex:coin_34922,ex:issuer_154,nmo:hasIssuer
ex:coin_34922,ex:issuer_131,nmo:hasIssuer
ex:coin_34922,ex:person_40,nmo:hasPortrait
ex:person_40,ex:issuer_151,ex:hasPossibleIssuers
ex:person_40,ex:issuer_152,ex:hasPossibleIssuers
ex:issuer_131,ex:person_31,ex:inPossibleIssuersOf
ex:issuer_131,ex:person_42,ex:inPossibleIssuersOf
ex:coin_34939,ex:issuer_131,nmo:hasIssuer
ex:coin_34939,ex:issuer_154,nmo:hasIssuer
ex:coin_34939,ex:person_40,nmo:hasPortrait
ex:person_40,ex:issuer_151,ex:hasPossibleIssuers
ex:person_40,ex:issuer_152,ex:hasPossibleIssuers
ex:issuer_131,ex:person_31,ex:inPossibleIssuersOf
ex:issuer_131,ex:person_42,ex:inPossibleIssuersOf
ex:coin_34942,ex:issuer_154,nmo:hasIssuer
ex:coin_34942,ex:issuer_131,nmo:hasIssuer
ex:coin_34942,ex:person_41,nmo:hasPortrait
ex:person_41,ex:issuer_151,ex:hasPossibleIssuers
ex:person_41,ex:issuer_152,ex:hasPossibleIssuers
ex:issuer_131,ex:person_31,ex:inPossibleIssuersOf
ex:issuer_131,ex:person_42,ex:inPossibleIssuersOf
ex:coin_34955,ex:issuer_131,nmo:hasIssuer
ex:coin_34955,ex:issuer_154,nmo:hasIssuer
ex:coin_34955,ex:person_40,nmo:hasPortrait
ex:person_40,ex:issuer_151,ex:hasPossibleIssuers
ex:person_40,ex:issuer_152,ex:hasPossibleIssuers
ex:issuer_131,ex:person_31,ex:inPossibleIssuersOf
ex:issuer_131,ex:person_42,ex:inPossibleIssuersOf
ex:coin_34964,ex:issuer_131,nmo:hasIssuer
ex:coin_34964,ex:issuer_154,nmo:hasIssuer
ex:coin_34964,ex:person_41,nmo:hasPortrait
ex:person_41,ex:issuer_151,ex:hasPossibleIssuers
ex:person_41,ex:issuer_152,ex:hasPossibleIssuers
ex:issuer_131,ex:person_31,ex:inPossibleIssuersOf
ex:issuer_131,ex:person_42,ex:inPossibleIssuersOf
ex:coin_34965,ex:issuer_154,nmo:hasIssuer
ex:coin_34965,ex:issuer_131,nmo:hasIssuer
ex:coin_34965,ex:person_40,nmo:hasPortrait
ex:person_40,ex:issuer_151,ex:hasPossibleIssuers
ex:person_40,ex:issuer_152,ex:hasPossibleIssuers
ex:issuer_131,ex:person_31,ex:inPossibleIssuersOf
ex:issuer_131,ex:person_42,ex:inPossibleIssuersOf
ex:coin_34967,ex:issuer_131,nmo:hasIssuer
ex:coin_34967,ex:issuer_154,nmo:hasIssuer
ex:coin_34967,ex:person_41,nmo:hasPortrait
ex:person_41,ex:issuer_151,ex:hasPossibleIssuers
ex:person_41,ex:issuer_152,ex:hasPossibleIssuers
ex:issuer_131,ex:person_31,ex:inPossibleIssuersOf
ex:issuer_131,ex:person_42,ex:inPossibleIssuersOf
ex:coin_34971,ex:issuer_131,nmo:hasIssuer
ex:coin_34971,ex:issuer_154,nmo:hasIssuer
ex:coin_34971,ex:person_40,nmo:hasPortrait
ex:person_40,ex:issuer_151,ex:hasPossibleIssuers
ex:person_40,ex:issuer_152,ex:hasPossibleIssuers
ex:issuer_131,ex:person_31,ex:inPossibleIssuersOf
ex:issuer_131,ex:person_42,ex:inPossibleIssuersOf
ex:coin_34973,ex:issuer_154,nmo:hasIssuer
ex:coin_34973,ex:issuer_131,nmo:hasIssuer
ex:coin_34973,ex:person_40,nmo:hasPortrait
ex:person_40,ex:issuer_151,ex:hasPossibleIssuers
ex:person_40,ex:issuer_152,ex:hasPossibleIssuers
ex:issuer_131,ex:person_31,ex:inPossibleIssuersOf
ex:issuer_131,ex:person_42,ex:inPossibleIssuersOf
ex:coin_35047,ex:issuer_131,nmo:hasIssuer
ex:coin_35047,ex:issuer_154,nmo:hasIssuer
ex:coin_35047,ex:person_40,nmo:hasPortrait
ex:person_40,ex:issuer_151,ex:hasPossibleIssuers
ex:person_40,ex:issuer_152,ex:hasPossibleIssuers
ex:issuer_131,ex:person_31,ex:inPossibleIssuersOf
ex:issuer_131,ex:person_42,ex:inPossibleIssuersOf
ex:coin_35075,ex:issuer_131,nmo:hasIssuer
ex:coin_35075,ex:issuer_154,nmo:hasIssuer
ex:coin_35075,ex:person_41,nmo:hasPortrait
ex:person_41,ex:issuer_151,ex:hasPossibleIssuers
ex:person_41,ex:issuer_152,ex:hasPossibleIssuers
ex:issuer_131,ex:person_31,ex:inPossibleIssuersOf
ex:issuer_131,ex:person_42,ex:inPossibleIssuersOf
ex:coin_35163,ex:issuer_131,nmo:hasIssuer
ex:coin_35163,ex:issuer_154,nmo:hasIssuer
ex:coin_35163,ex:person_41,nmo:hasPortrait
ex:person_41,ex:issuer_151,ex:hasPossibleIssuers
ex:person_41,ex:issuer_152,ex:hasPossibleIssuers
ex:issuer_131,ex:person_31,ex:inPossibleIssuersOf
ex:issuer_131,ex:person_42,ex:inPossibleIssuersOf
ex:coin_35170,ex:issuer_154,nmo:hasIssuer
ex:coin_35170,ex:issuer_131,nmo:hasIssuer
ex:coin_35170,ex:person_41,nmo:hasPortrait
ex:person_41,ex:issuer_151,ex:hasPossibleIssuers
ex:person_41,ex:issuer_152,ex:hasPossibleIssuers
ex:issuer_131,ex:person_31,ex:inPossibleIssuersOf
ex:issuer_131,ex:person_42,ex:inPossibleIssuersOf
ex:coin_35180,ex:issuer_131,nmo:hasIssuer
ex:coin_35180,ex:issuer_154,nmo:hasIssuer
ex:coin_35180,ex:person_41,nmo:hasPortrait
ex:person_41,ex:issuer_151,ex:hasPossibleIssuers
ex:person_41,ex:issuer_152,ex:hasPossibleIssuers
ex:issuer_131,ex:person_31,ex:inPossibleIssuersOf
ex:issuer_131,ex:person_42,ex:inPossibleIssuersOf
ex:coin_36353,ex:issuer_154,nmo:hasIssuer
ex:coin_36353,ex:issuer_131,nmo:hasIssuer
ex:coin_36353,ex:person_40,nmo:hasPortrait
ex:person_40,ex:issuer_151,ex:hasPossibleIssuers
ex:person_40,ex:issuer_152,ex:hasPossibleIssuers
ex:issuer_131,ex:person_31,ex:inPossibleIssuersOf
ex:issuer_131,ex:person_42,ex:inPossibleIssuersOf
ex:coin_36354,ex:issuer_131,nmo:hasIssuer
ex:coin_36354,ex:issuer_154,nmo:hasIssuer
ex:coin_36354,ex:person_40,nmo:hasPortrait
ex:person_40,ex:issuer_151,ex:hasPossibleIssuers
ex:person_40,ex:issuer_152,ex:hasPossibleIssuers
ex:issuer_131,ex:person_31,ex:inPossibleIssuersOf
ex:issuer_131,ex:person_42,ex:inPossibleIssuersOf
ex:coin_36359,ex:issuer_154,nmo:hasIssuer
ex:coin_36359,ex:issuer_131,nmo:hasIssuer
ex:coin_36359,ex:person_41,nmo:hasPortrait
ex:person_41,ex:issuer_151,ex:hasPossibleIssuers
ex:person_41,ex:issuer_152,ex:hasPossibleIssuers
ex:issuer_131,ex:person_31,ex:inPossibleIssuersOf
ex:issuer_131,ex:person_42,ex:inPossibleIssuersOf
ex:coin_36360,ex:issuer_131,nmo:hasIssuer
ex:coin_36360,ex:issuer_154,nmo:hasIssuer
ex:coin_36360,ex:person_40,nmo:hasPortrait
ex:person_40,ex:issuer_151,ex:hasPossibleIssuers
ex:person_40,ex:issuer_152,ex:hasPossibleIssuers
ex:issuer_131,ex:person_31,ex:inPossibleIssuersOf
ex:issuer_131,ex:person_42,ex:inPossibleIssuersOf
ex:coin_36377,ex:issuer_131,nmo:hasIssuer
ex:coin_36377,ex:issuer_154,nmo:hasIssuer
ex:coin_36377,ex:person_41,nmo:hasPortrait
ex:person_41,ex:issuer_151,ex:hasPossibleIssuers
ex:person_41,ex:issuer_152,ex:hasPossibleIssuers
ex:issuer_131,ex:person_31,ex:inPossibleIssuersOf
ex:issuer_131,ex:person_42,ex:inPossibleIssuersOf
ex:coin_36385,ex:issuer_154,nmo:hasIssuer
ex:coin_36385,ex:issuer_131,nmo:hasIssuer
ex:coin_36385,ex:person_40,nmo:hasPortrait
ex:person_40,ex:issuer_151,ex:hasPossibleIssuers
ex:person_40,ex:issuer_152,ex:hasPossibleIssuers
ex:issuer_131,ex:person_31,ex:inPossibleIssuersOf
ex:issuer_131,ex:person_42,ex:inPossibleIssuersOf
ex:coin_36816,ex:issuer_131,nmo:hasIssuer
ex:coin_36816,ex:issuer_154,nmo:hasIssuer
ex:coin_36816,ex:person_41,nmo:hasPortrait
ex:person_41,ex:issuer_151,ex:hasPossibleIssuers
ex:person_41,ex:issuer_152,ex:hasPossibleIssuers
ex:issuer_131,ex:person_31,ex:inPossibleIssuersOf
ex:issuer_131,ex:person_42,ex:inPossibleIssuersOf
ex:coin_36841,ex:issuer_154,nmo:hasIssuer
ex:coin_36841,ex:issuer_131,nmo:hasIssuer
ex:coin_36841,ex:person_41,nmo:hasPortrait
ex:person_41,ex:issuer_151,ex:hasPossibleIssuers
ex:person_41,ex:issuer_152,ex:hasPossibleIssuers
ex:issuer_131,ex:person_31,ex:inPossibleIssuersOf
ex:issuer_131,ex:person_42,ex:inPossibleIssuersOf
ex:coin_36844,ex:issuer_131,nmo:hasIssuer
ex:coin_36844,ex:issuer_154,nmo:hasIssuer
ex:coin_36844,ex:person_41,nmo:hasPortrait
ex:person_41,ex:issuer_151,ex:hasPossibleIssuers
ex:person_41,ex:issuer_152,ex:hasPossibleIssuers
ex:issuer_131,ex:person_31,ex:inPossibleIssuersOf
ex:issuer_131,ex:person_42,ex:inPossibleIssuersOf
ex:coin_36850,ex:issuer_154,nmo:hasIssuer
ex:coin_36850,ex:issuer_131,nmo:hasIssuer
ex:coin_36850,ex:person_41,nmo:hasPortrait
ex:person_41,ex:issuer_151,ex:hasPossibleIssuers
ex:person_41,ex:issuer_152,ex:hasPossibleIssuers
ex:issuer_131,ex:person_31,ex:inPossibleIssuersOf
ex:issuer_131,ex:person_42,ex:inPossibleIssuersOf
ex:coin_36853,ex:issuer_131,nmo:hasIssuer
ex:coin_36853,ex:issuer_154,nmo:hasIssuer
ex:coin_36853,ex:person_41,nmo:hasPortrait
ex:person_41,ex:issuer_151,ex:hasPossibleIssuers
ex:person_41,ex:issuer_152,ex:hasPossibleIssuers
ex:issuer_131,ex:person_31,ex:inPossibleIssuersOf
ex:issuer_131,ex:person_42,ex:inPossibleIssuersOf
ex:coin_36867,ex:issuer_131,nmo:hasIssuer
ex:coin_36867,ex:issuer_154,nmo:hasIssuer
ex:coin_36867,ex:person_41,nmo:hasPortrait
ex:person_41,ex:issuer_151,ex:hasPossibleIssuers
ex:person_41,ex:issuer_152,ex:hasPossibleIssuers
ex:issuer_131,ex:person_31,ex:inPossibleIssuersOf
ex:issuer_131,ex:person_42,ex:inPossibleIssuersOf
ex:coin_36876,ex:issuer_131,nmo:hasIssuer
ex:coin_36876,ex:issuer_154,nmo:hasIssuer
ex:coin_36876,ex:person_41,nmo:hasPortrait
ex:person_41,ex:issuer_151,ex:hasPossibleIssuers
ex:person_41,ex:issuer_152,ex:hasPossibleIssuers
ex:issuer_131,ex:person_31,ex:inPossibleIssuersOf
ex:issuer_131,ex:person_42,ex:inPossibleIssuersOf
ex:coin_36883,ex:issuer_154,nmo:hasIssuer
ex:coin_36883,ex:issuer_131,nmo:hasIssuer
ex:coin_36883,ex:person_41,nmo:hasPortrait
ex:person_41,ex:issuer_151,ex:hasPossibleIssuers
ex:person_41,ex:issuer_152,ex:hasPossibleIssuers
ex:issuer_131,ex:person_31,ex:inPossibleIssuersOf
ex:issuer_131,ex:person_42,ex:inPossibleIssuersOf
ex:coin_36915,ex:issuer_131,nmo:hasIssuer
ex:coin_36915,ex:issuer_154,nmo:hasIssuer
ex:coin_36915,ex:person_41,nmo:hasPortrait
ex:person_41,ex:issuer_151,ex:hasPossibleIssuers
ex:person_41,ex:issuer_152,ex:hasPossibleIssuers
ex:issuer_131,ex:person_31,ex:inPossibleIssuersOf
ex:issuer_131,ex:person_42,ex:inPossibleIssuersOf
ex:coin_36916,ex:issuer_154,nmo:hasIssuer
ex:coin_36916,ex:issuer_131,nmo:hasIssuer
ex:coin_36916,ex:person_40,nmo:hasPortrait
ex:person_40,ex:issuer_151,ex:hasPossibleIssuers
ex:person_40,ex:issuer_152,ex:hasPossibleIssuers
ex:issuer_131,ex:person_31,ex:inPossibleIssuersOf
ex:issuer_131,ex:person_42,ex:inPossibleIssuersOf
ex:coin_36919,ex:issuer_154,nmo:hasIssuer
ex:coin_36919,ex:issuer_131,nmo:hasIssuer
ex:coin_36919,ex:person_41,nmo:hasPortrait
ex:person_41,ex:issuer_151,ex:hasPossibleIssuers
ex:person_41,ex:issuer_152,ex:hasPossibleIssuers
ex:issuer_131,ex:person_31,ex:inPossibleIssuersOf
ex:issuer_131,ex:person_42,ex:inPossibleIssuersOf
ex:coin_36920,ex:issuer_131,nmo:hasIssuer
ex:coin_36920,ex:issuer_154,nmo:hasIssuer
ex:coin_36920,ex:person_41,nmo:hasPortrait
ex:person_41,ex:issuer_151,ex:hasPossibleIssuers
ex:person_41,ex:issuer_152,ex:hasPossibleIssuers
ex:issuer_131,ex:person_31,ex:inPossibleIssuersOf
ex:issuer_131,ex:person_42,ex:inPossibleIssuersOf
ex:coin_36927,ex:issuer_131,nmo:hasIssuer
ex:coin_36927,ex:issuer_154,nmo:hasIssuer
ex:coin_36927,ex:person_40,nmo:hasPortrait
ex:person_40,ex:issuer_151,ex:hasPossibleIssuers
ex:person_40,ex:issuer_152,ex:hasPossibleIssuers
ex:issuer_131,ex:person_31,ex:inPossibleIssuersOf
ex:issuer_131,ex:person_42,ex:inPossibleIssuersOf
ex:coin_36934,ex:issuer_131,nmo:hasIssuer
ex:coin_36934,ex:issuer_154,nmo:hasIssuer
ex:coin_36934,ex:person_40,nmo:hasPortrait
ex:person_40,ex:issuer_151,ex:hasPossibleIssuers
ex:person_40,ex:issuer_152,ex:hasPossibleIssuers
ex:issuer_131,ex:person_31,ex:inPossibleIssuersOf
ex:issuer_131,ex:person_42,ex:inPossibleIssuersOf
ex:coin_36962,ex:issuer_131,nmo:hasIssuer
ex:coin_36962,ex:issuer_154,nmo:hasIssuer
ex:coin_36962,ex:person_41,nmo:hasPortrait
ex:person_41,ex:issuer_151,ex:hasPossibleIssuers
ex:person_41,ex:issuer_152,ex:hasPossibleIssuers
ex:issuer_131,ex:person_31,ex:inPossibleIssuersOf
ex:issuer_131,ex:person_42,ex:inPossibleIssuersOf
ex:coin_36965,ex:issuer_154,nmo:hasIssuer
ex:coin_36965,ex:issuer_131,nmo:hasIssuer
ex:coin_36965,ex:person_41,nmo:hasPortrait
ex:person_41,ex:issuer_151,ex:hasPossibleIssuers
ex:person_41,ex:issuer_152,ex:hasPossibleIssuers
ex:issuer_131,ex:person_31,ex:inPossibleIssuersOf
ex:issuer_131,ex:person_42,ex:inPossibleIssuersOf
ex:coin_37356,ex:issuer_131,nmo:hasIssuer
ex:coin_37356,ex:issuer_154,nmo:hasIssuer
ex:coin_37356,ex:person_40,nmo:hasPortrait
ex:person_40,ex:issuer_151,ex:hasPossibleIssuers
ex:person_40,ex:issuer_152,ex:hasPossibleIssuers
ex:issuer_131,ex:person_31,ex:inPossibleIssuersOf
ex:issuer_131,ex:person_42,ex:inPossibleIssuersOf
ex:coin_37365,ex:issuer_131,nmo:hasIssuer
ex:coin_37365,ex:issuer_154,nmo:hasIssuer
ex:coin_37365,ex:person_40,nmo:hasPortrait
ex:person_40,ex:issuer_151,ex:hasPossibleIssuers
ex:person_40,ex:issuer_152,ex:hasPossibleIssuers
ex:issuer_131,ex:person_31,ex:inPossibleIssuersOf
ex:issuer_131,ex:person_42,ex:inPossibleIssuersOf
ex:coin_37385,ex:issuer_131,nmo:hasIssuer
ex:coin_37385,ex:issuer_154,nmo:hasIssuer
ex:coin_37385,ex:person_40,nmo:hasPortrait
ex:person_40,ex:issuer_151,ex:hasPossibleIssuers
ex:person_40,ex:issuer_152,ex:hasPossibleIssuers
ex:issuer_131,ex:person_31,ex:inPossibleIssuersOf
ex:issuer_131,ex:person_42,ex:inPossibleIssuersOf
ex:coin_39169,ex:issuer_154,nmo:hasIssuer
ex:coin_39169,ex:issuer_131,nmo:hasIssuer
ex:coin_39169,ex:person_41,nmo:hasPortrait
ex:person_41,ex:issuer_151,ex:hasPossibleIssuers
ex:person_41,ex:issuer_152,ex:hasPossibleIssuers
ex:issuer_131,ex:person_31,ex:inPossibleIssuersOf
ex:issuer_131,ex:person_42,ex:inPossibleIssuersOf
ex:coin_40083,ex:issuer_154,nmo:hasIssuer
ex:coin_40083,ex:issuer_131,nmo:hasIssuer
ex:coin_40083,ex:person_41,nmo:hasPortrait
ex:person_41,ex:issuer_151,ex:hasPossibleIssuers
ex:person_41,ex:issuer_152,ex:hasPossibleIssuers
ex:issuer_131,ex:person_31,ex:inPossibleIssuersOf
ex:issuer_131,ex:person_42,ex:inPossibleIssuersOf
ex:coin_40112,ex:issuer_131,nmo:hasIssuer
ex:coin_40112,ex:issuer_154,nmo:hasIssuer
ex:coin_40112,ex:person_41,nmo:hasPortrait
ex:person_41,ex:issuer_151,ex:hasPossibleIssuers
ex:person_41,ex:issuer_152,ex:hasPossibleIssuers
ex:issuer_131,ex:person_31,ex:inPossibleIssuersOf
ex:issuer_131,ex:person_42,ex:inPossibleIssuersOf
ex:coin_40122,ex:issuer_154,nmo:hasIssuer
ex:coin_40122,ex:issuer_131,nmo:hasIssuer
ex:coin_40122,ex:person_41,nmo:hasPortrait
ex:person_41,ex:issuer_151,ex:hasPossibleIssuers
ex:person_41,ex:issuer_152,ex:hasPossibleIssuers
ex:issuer_131,ex:person_31,ex:inPossibleIssuersOf
ex:issuer_131,ex:person_42,ex:inPossibleIssuersOf
ex:coin_40128,ex:issuer_131,nmo:hasIssuer
ex:coin_40128,ex:issuer_154,nmo:hasIssuer
ex:coin_40128,ex:person_40,nmo:hasPortrait
ex:person_40,ex:issuer_151,ex:hasPossibleIssuers
ex:person_40,ex:issuer_152,ex:hasPossibleIssuers
ex:issuer_131,ex:person_31,ex:inPossibleIssuersOf
ex:issuer_131,ex:person_42,ex:inPossibleIssuersOf
ex:coin_41430,ex:issuer_154,nmo:hasIssuer
ex:coin_41430,ex:issuer_131,nmo:hasIssuer
ex:coin_41430,ex:person_40,nmo:hasPortrait
ex:person_40,ex:issuer_151,ex:hasPossibleIssuers
ex:person_40,ex:issuer_152,ex:hasPossibleIssuers
ex:issuer_131,ex:person_31,ex:inPossibleIssuersOf
ex:issuer_131,ex:person_42,ex:inPossibleIssuersOf
ex:coin_41916,ex:issuer_154,nmo:hasIssuer
ex:coin_41916,ex:issuer_131,nmo:hasIssuer
ex:coin_41916,ex:person_40,nmo:hasPortrait
ex:person_40,ex:issuer_151,ex:hasPossibleIssuers
ex:person_40,ex:issuer_152,ex:hasPossibleIssuers
ex:issuer_131,ex:person_31,ex:inPossibleIssuersOf
ex:issuer_131,ex:person_42,ex:inPossibleIssuersOf
ex:coin_1056,ex:issuer_161,nmo:hasIssuer
ex:coin_1056,ex:issuer_151,nmo:hasIssuer
ex:coin_1056,ex:person_70,nmo:hasPortrait
ex:person_70,ex:issuer_59,ex:hasPossibleIssuers
ex:issuer_161,ex:person_34,ex:inPossibleIssuersOf
ex:issuer_151,ex:person_34,ex:inPossibleIssuersOf
ex:issuer_151,ex:person_39,ex:inPossibleIssuersOf
ex:issuer_151,ex:person_40,ex:inPossibleIssuersOf
ex:issuer_151,ex:person_41,ex:inPossibleIssuersOf
ex:issuer_151,ex:person_43,ex:inPossibleIssuersOf
ex:issuer_151,ex:person_120,ex:inPossibleIssuersOf
ex:coin_14572,ex:issuer_151,nmo:hasIssuer
ex:coin_14572,ex:issuer_152,nmo:hasIssuer
ex:coin_14572,ex:person_34,nmo:hasPortrait
ex:person_34,ex:issuer_151,ex:hasPossibleIssuers
ex:person_34,ex:issuer_161,ex:hasPossibleIssuers
ex:issuer_151,ex:person_34,ex:inPossibleIssuersOf
ex:issuer_151,ex:person_39,ex:inPossibleIssuersOf
ex:issuer_151,ex:person_40,ex:inPossibleIssuersOf
ex:issuer_151,ex:person_41,ex:inPossibleIssuersOf
ex:issuer_151,ex:person_43,ex:inPossibleIssuersOf
ex:issuer_151,ex:person_120,ex:inPossibleIssuersOf
ex:issuer_152,ex:person_36,ex:inPossibleIssuersOf
ex:issuer_152,ex:person_39,ex:inPossibleIssuersOf
ex:issuer_152,ex:person_40,ex:inPossibleIssuersOf
ex:issuer_152,ex:person_41,ex:inPossibleIssuersOf
ex:issuer_152,ex:person_43,ex:inPossibleIssuersOf
ex:coin_10055,ex:issuer_288,nmo:hasIssuer
ex:coin_10055,ex:issuer_289,nmo:hasIssuer
ex:coin_10055,ex:person_143,nmo:hasPortrait
ex:person_143,ex:issuer_74,ex:hasPossibleIssuers
ex:person_143,ex:issuer_288,ex:hasPossibleIssuers
ex:issuer_288,ex:person_4,ex:inPossibleIssuersOf
ex:issuer_288,ex:person_9,ex:inPossibleIssuersOf
ex:issuer_288,ex:person_26,ex:inPossibleIssuersOf
ex:issuer_288,ex:person_135,ex:inPossibleIssuersOf
ex:issuer_288,ex:person_138,ex:inPossibleIssuersOf
ex:issuer_288,ex:person_139,ex:inPossibleIssuersOf
ex:issuer_288,ex:person_141,ex:inPossibleIssuersOf
ex:issuer_288,ex:person_143,ex:inPossibleIssuersOf
ex:issuer_288,ex:person_148,ex:inPossibleIssuersOf
ex:issuer_288,ex:person_149,ex:inPossibleIssuersOf
ex:issuer_288,ex:person_150,ex:inPossibleIssuersOf
ex:issuer_288,ex:person_166,ex:inPossibleIssuersOf
ex:issuer_288,ex:person_167,ex:inPossibleIssuersOf
ex:issuer_288,ex:person_168,ex:inPossibleIssuersOf
ex:issuer_288,ex:person_187,ex:inPossibleIssuersOf
ex:issuer_289,ex:person_163,ex:inPossibleIssuersOf
ex:issuer_289,ex:person_198,ex:inPossibleIssuersOf
